Year,Series,øki,kyn,aldur,Units,Value
2009,"Partur av fólkinum, ið livir av minni enn fátækamarkinum í landinum",,,,%,3.9
2010,"Partur av fólkinum, ið livir av minni enn fátækamarkinum í landinum",,,,%,4.0
2011,"Partur av fólkinum, ið livir av minni enn fátækamarkinum í landinum",,,,%,4.4
2012,"Partur av fólkinum, ið livir av minni enn fátækamarkinum í landinum",,,,%,4.7
2013,"Partur av fólkinum, ið livir av minni enn fátækamarkinum í landinum",,,,%,3.7
2014,"Partur av fólkinum, ið livir av minni enn fátækamarkinum í landinum",,,,%,3.5
2015,"Partur av fólkinum, ið livir av minni enn fátækamarkinum í landinum",,,,%,3.4
2016,"Partur av fólkinum, ið livir av minni enn fátækamarkinum í landinum",,,,%,3.2
2017,"Partur av fólkinum, ið livir av minni enn fátækamarkinum í landinum",,,,%,3.0
2018,"Partur av fólkinum, ið livir av minni enn fátækamarkinum í landinum",,,,%,2.9
2019,"Partur av fólkinum, ið livir av minni enn fátækamarkinum í landinum",,,,%,2.6
2020,"Partur av fólkinum, ið livir av minni enn fátækamarkinum í landinum",,,,%,2.4
2021,"Partur av fólkinum, ið livir av minni enn fátækamarkinum í landinum",,,,%,2.6
2022,"Partur av fólkinum, ið livir av minni enn fátækamarkinum í landinum",,,,%,2.5
2023,"Partur av fólkinum, ið livir av minni enn fátækamarkinum í landinum",,,,%,2.5
2024,"Partur av fólkinum, ið livir av minni enn fátækamarkinum í landinum",,,,%,2.9
2009,"Partur av fólkinum, ið livir av minni enn fátækamarkinum í landinum",,,Aldur 0 - 17,%,5.1
2010,"Partur av fólkinum, ið livir av minni enn fátækamarkinum í landinum",,,Aldur 0 - 17,%,5.2
2011,"Partur av fólkinum, ið livir av minni enn fátækamarkinum í landinum",,,Aldur 0 - 17,%,5.7
2012,"Partur av fólkinum, ið livir av minni enn fátækamarkinum í landinum",,,Aldur 0 - 17,%,6.2
2013,"Partur av fólkinum, ið livir av minni enn fátækamarkinum í landinum",,,Aldur 0 - 17,%,5.1
2014,"Partur av fólkinum, ið livir av minni enn fátækamarkinum í landinum",,,Aldur 0 - 17,%,4.8
2015,"Partur av fólkinum, ið livir av minni enn fátækamarkinum í landinum",,,Aldur 0 - 17,%,4.4
2016,"Partur av fólkinum, ið livir av minni enn fátækamarkinum í landinum",,,Aldur 0 - 17,%,4.3
2017,"Partur av fólkinum, ið livir av minni enn fátækamarkinum í landinum",,,Aldur 0 - 17,%,3.8
2018,"Partur av fólkinum, ið livir av minni enn fátækamarkinum í landinum",,,Aldur 0 - 17,%,3.5
2019,"Partur av fólkinum, ið livir av minni enn fátækamarkinum í landinum",,,Aldur 0 - 17,%,3.4
2020,"Partur av fólkinum, ið livir av minni enn fátækamarkinum í landinum",,,Aldur 0 - 17,%,3.2
2021,"Partur av fólkinum, ið livir av minni enn fátækamarkinum í landinum",,,Aldur 0 - 17,%,3.4
2022,"Partur av fólkinum, ið livir av minni enn fátækamarkinum í landinum",,,Aldur 0 - 17,%,3.2
2023,"Partur av fólkinum, ið livir av minni enn fátækamarkinum í landinum",,,Aldur 0 - 17,%,3.0
2024,"Partur av fólkinum, ið livir av minni enn fátækamarkinum í landinum",,,Aldur 0 - 17,%,3.6
2009,"Partur av fólkinum, ið livir av minni enn fátækamarkinum í landinum",,,Aldur 18 - 24,%,3.7
2010,"Partur av fólkinum, ið livir av minni enn fátækamarkinum í landinum",,,Aldur 18 - 24,%,4.3
2011,"Partur av fólkinum, ið livir av minni enn fátækamarkinum í landinum",,,Aldur 18 - 24,%,5.4
2012,"Partur av fólkinum, ið livir av minni enn fátækamarkinum í landinum",,,Aldur 18 - 24,%,6.1
2013,"Partur av fólkinum, ið livir av minni enn fátækamarkinum í landinum",,,Aldur 18 - 24,%,4.3
2014,"Partur av fólkinum, ið livir av minni enn fátækamarkinum í landinum",,,Aldur 18 - 24,%,4.6
2015,"Partur av fólkinum, ið livir av minni enn fátækamarkinum í landinum",,,Aldur 18 - 24,%,4.1
2016,"Partur av fólkinum, ið livir av minni enn fátækamarkinum í landinum",,,Aldur 18 - 24,%,3.6
2017,"Partur av fólkinum, ið livir av minni enn fátækamarkinum í landinum",,,Aldur 18 - 24,%,3.0
2018,"Partur av fólkinum, ið livir av minni enn fátækamarkinum í landinum",,,Aldur 18 - 24,%,3.4
2019,"Partur av fólkinum, ið livir av minni enn fátækamarkinum í landinum",,,Aldur 18 - 24,%,3.1
2020,"Partur av fólkinum, ið livir av minni enn fátækamarkinum í landinum",,,Aldur 18 - 24,%,2.6
2021,"Partur av fólkinum, ið livir av minni enn fátækamarkinum í landinum",,,Aldur 18 - 24,%,3.3
2022,"Partur av fólkinum, ið livir av minni enn fátækamarkinum í landinum",,,Aldur 18 - 24,%,3.1
2023,"Partur av fólkinum, ið livir av minni enn fátækamarkinum í landinum",,,Aldur 18 - 24,%,3.3
2024,"Partur av fólkinum, ið livir av minni enn fátækamarkinum í landinum",,,Aldur 18 - 24,%,3.5
2009,"Partur av fólkinum, ið livir av minni enn fátækamarkinum í landinum",,,Aldur 25 - 54,%,3.5
2010,"Partur av fólkinum, ið livir av minni enn fátækamarkinum í landinum",,,Aldur 25 - 54,%,3.8
2011,"Partur av fólkinum, ið livir av minni enn fátækamarkinum í landinum",,,Aldur 25 - 54,%,4.1
2012,"Partur av fólkinum, ið livir av minni enn fátækamarkinum í landinum",,,Aldur 25 - 54,%,4.4
2013,"Partur av fólkinum, ið livir av minni enn fátækamarkinum í landinum",,,Aldur 25 - 54,%,3.4
2014,"Partur av fólkinum, ið livir av minni enn fátækamarkinum í landinum",,,Aldur 25 - 54,%,3.1
2015,"Partur av fólkinum, ið livir av minni enn fátækamarkinum í landinum",,,Aldur 25 - 54,%,3.2
2016,"Partur av fólkinum, ið livir av minni enn fátækamarkinum í landinum",,,Aldur 25 - 54,%,3.1
2017,"Partur av fólkinum, ið livir av minni enn fátækamarkinum í landinum",,,Aldur 25 - 54,%,2.9
2018,"Partur av fólkinum, ið livir av minni enn fátækamarkinum í landinum",,,Aldur 25 - 54,%,2.8
2019,"Partur av fólkinum, ið livir av minni enn fátækamarkinum í landinum",,,Aldur 25 - 54,%,2.6
2020,"Partur av fólkinum, ið livir av minni enn fátækamarkinum í landinum",,,Aldur 25 - 54,%,2.3
2021,"Partur av fólkinum, ið livir av minni enn fátækamarkinum í landinum",,,Aldur 25 - 54,%,2.8
2022,"Partur av fólkinum, ið livir av minni enn fátækamarkinum í landinum",,,Aldur 25 - 54,%,2.7
2023,"Partur av fólkinum, ið livir av minni enn fátækamarkinum í landinum",,,Aldur 25 - 54,%,2.6
2024,"Partur av fólkinum, ið livir av minni enn fátækamarkinum í landinum",,,Aldur 25 - 54,%,3.1
2009,"Partur av fólkinum, ið livir av minni enn fátækamarkinum í landinum",,,Aldur 55 - 66,%,3.7
2010,"Partur av fólkinum, ið livir av minni enn fátækamarkinum í landinum",,,Aldur 55 - 66,%,3.5
2011,"Partur av fólkinum, ið livir av minni enn fátækamarkinum í landinum",,,Aldur 55 - 66,%,3.5
2012,"Partur av fólkinum, ið livir av minni enn fátækamarkinum í landinum",,,Aldur 55 - 66,%,3.8
2013,"Partur av fólkinum, ið livir av minni enn fátækamarkinum í landinum",,,Aldur 55 - 66,%,3.2
2014,"Partur av fólkinum, ið livir av minni enn fátækamarkinum í landinum",,,Aldur 55 - 66,%,3.2
2015,"Partur av fólkinum, ið livir av minni enn fátækamarkinum í landinum",,,Aldur 55 - 66,%,2.7
2016,"Partur av fólkinum, ið livir av minni enn fátækamarkinum í landinum",,,Aldur 55 - 66,%,2.8
2017,"Partur av fólkinum, ið livir av minni enn fátækamarkinum í landinum",,,Aldur 55 - 66,%,2.7
2018,"Partur av fólkinum, ið livir av minni enn fátækamarkinum í landinum",,,Aldur 55 - 66,%,2.3
2019,"Partur av fólkinum, ið livir av minni enn fátækamarkinum í landinum",,,Aldur 55 - 66,%,2.2
2020,"Partur av fólkinum, ið livir av minni enn fátækamarkinum í landinum",,,Aldur 55 - 66,%,2.0
2021,"Partur av fólkinum, ið livir av minni enn fátækamarkinum í landinum",,,Aldur 55 - 66,%,2.1
2022,"Partur av fólkinum, ið livir av minni enn fátækamarkinum í landinum",,,Aldur 55 - 66,%,2.0
2023,"Partur av fólkinum, ið livir av minni enn fátækamarkinum í landinum",,,Aldur 55 - 66,%,2.0
2024,"Partur av fólkinum, ið livir av minni enn fátækamarkinum í landinum",,,Aldur 55 - 66,%,2.2
2009,"Partur av fólkinum, ið livir av minni enn fátækamarkinum í landinum",,,Aldur 67 + ,%,3.0
2010,"Partur av fólkinum, ið livir av minni enn fátækamarkinum í landinum",,,Aldur 67 + ,%,2.6
2011,"Partur av fólkinum, ið livir av minni enn fátækamarkinum í landinum",,,Aldur 67 + ,%,2.8
2012,"Partur av fólkinum, ið livir av minni enn fátækamarkinum í landinum",,,Aldur 67 + ,%,2.4
2013,"Partur av fólkinum, ið livir av minni enn fátækamarkinum í landinum",,,Aldur 67 + ,%,1.8
2014,"Partur av fólkinum, ið livir av minni enn fátækamarkinum í landinum",,,Aldur 67 + ,%,2.0
2015,"Partur av fólkinum, ið livir av minni enn fátækamarkinum í landinum",,,Aldur 67 + ,%,2.0
2016,"Partur av fólkinum, ið livir av minni enn fátækamarkinum í landinum",,,Aldur 67 + ,%,1.9
2017,"Partur av fólkinum, ið livir av minni enn fátækamarkinum í landinum",,,Aldur 67 + ,%,2.5
2018,"Partur av fólkinum, ið livir av minni enn fátækamarkinum í landinum",,,Aldur 67 + ,%,2.4
2019,"Partur av fólkinum, ið livir av minni enn fátækamarkinum í landinum",,,Aldur 67 + ,%,1.5
2020,"Partur av fólkinum, ið livir av minni enn fátækamarkinum í landinum",,,Aldur 67 + ,%,1.3
2021,"Partur av fólkinum, ið livir av minni enn fátækamarkinum í landinum",,,Aldur 67 + ,%,1.0
2022,"Partur av fólkinum, ið livir av minni enn fátækamarkinum í landinum",,,Aldur 67 + ,%,0.9
2023,"Partur av fólkinum, ið livir av minni enn fátækamarkinum í landinum",,,Aldur 67 + ,%,1.4
2024,"Partur av fólkinum, ið livir av minni enn fátækamarkinum í landinum",,,Aldur 67 + ,%,1.4
2009,"Partur av fólkinum, ið livir av minni enn fátækamarkinum í landinum",,Kvinnur,,%,4.1
2010,"Partur av fólkinum, ið livir av minni enn fátækamarkinum í landinum",,Kvinnur,,%,4.2
2011,"Partur av fólkinum, ið livir av minni enn fátækamarkinum í landinum",,Kvinnur,,%,4.7
2012,"Partur av fólkinum, ið livir av minni enn fátækamarkinum í landinum",,Kvinnur,,%,4.8
2013,"Partur av fólkinum, ið livir av minni enn fátækamarkinum í landinum",,Kvinnur,,%,3.9
2014,"Partur av fólkinum, ið livir av minni enn fátækamarkinum í landinum",,Kvinnur,,%,3.8
2015,"Partur av fólkinum, ið livir av minni enn fátækamarkinum í landinum",,Kvinnur,,%,3.6
2016,"Partur av fólkinum, ið livir av minni enn fátækamarkinum í landinum",,Kvinnur,,%,3.4
2017,"Partur av fólkinum, ið livir av minni enn fátækamarkinum í landinum",,Kvinnur,,%,3.1
2018,"Partur av fólkinum, ið livir av minni enn fátækamarkinum í landinum",,Kvinnur,,%,3.0
2019,"Partur av fólkinum, ið livir av minni enn fátækamarkinum í landinum",,Kvinnur,,%,2.9
2020,"Partur av fólkinum, ið livir av minni enn fátækamarkinum í landinum",,Kvinnur,,%,2.6
2021,"Partur av fólkinum, ið livir av minni enn fátækamarkinum í landinum",,Kvinnur,,%,2.7
2022,"Partur av fólkinum, ið livir av minni enn fátækamarkinum í landinum",,Kvinnur,,%,2.6
2023,"Partur av fólkinum, ið livir av minni enn fátækamarkinum í landinum",,Kvinnur,,%,2.6
2024,"Partur av fólkinum, ið livir av minni enn fátækamarkinum í landinum",,Kvinnur,,%,2.9
2009,"Partur av fólkinum, ið livir av minni enn fátækamarkinum í landinum",,Kvinnur,Aldur 0 - 17,%,5.2
2010,"Partur av fólkinum, ið livir av minni enn fátækamarkinum í landinum",,Kvinnur,Aldur 0 - 17,%,5.5
2011,"Partur av fólkinum, ið livir av minni enn fátækamarkinum í landinum",,Kvinnur,Aldur 0 - 17,%,6.1
2012,"Partur av fólkinum, ið livir av minni enn fátækamarkinum í landinum",,Kvinnur,Aldur 0 - 17,%,6.0
2013,"Partur av fólkinum, ið livir av minni enn fátækamarkinum í landinum",,Kvinnur,Aldur 0 - 17,%,5.3
2014,"Partur av fólkinum, ið livir av minni enn fátækamarkinum í landinum",,Kvinnur,Aldur 0 - 17,%,5.0
2015,"Partur av fólkinum, ið livir av minni enn fátækamarkinum í landinum",,Kvinnur,Aldur 0 - 17,%,4.9
2016,"Partur av fólkinum, ið livir av minni enn fátækamarkinum í landinum",,Kvinnur,Aldur 0 - 17,%,4.4
2017,"Partur av fólkinum, ið livir av minni enn fátækamarkinum í landinum",,Kvinnur,Aldur 0 - 17,%,3.8
2018,"Partur av fólkinum, ið livir av minni enn fátækamarkinum í landinum",,Kvinnur,Aldur 0 - 17,%,3.4
2019,"Partur av fólkinum, ið livir av minni enn fátækamarkinum í landinum",,Kvinnur,Aldur 0 - 17,%,3.8
2020,"Partur av fólkinum, ið livir av minni enn fátækamarkinum í landinum",,Kvinnur,Aldur 0 - 17,%,3.5
2021,"Partur av fólkinum, ið livir av minni enn fátækamarkinum í landinum",,Kvinnur,Aldur 0 - 17,%,3.5
2022,"Partur av fólkinum, ið livir av minni enn fátækamarkinum í landinum",,Kvinnur,Aldur 0 - 17,%,3.1
2023,"Partur av fólkinum, ið livir av minni enn fátækamarkinum í landinum",,Kvinnur,Aldur 0 - 17,%,3.3
2024,"Partur av fólkinum, ið livir av minni enn fátækamarkinum í landinum",,Kvinnur,Aldur 0 - 17,%,3.9
2009,"Partur av fólkinum, ið livir av minni enn fátækamarkinum í landinum",,Kvinnur,Aldur 18 - 24,%,4.8
2010,"Partur av fólkinum, ið livir av minni enn fátækamarkinum í landinum",,Kvinnur,Aldur 18 - 24,%,5.8
2011,"Partur av fólkinum, ið livir av minni enn fátækamarkinum í landinum",,Kvinnur,Aldur 18 - 24,%,7.4
2012,"Partur av fólkinum, ið livir av minni enn fátækamarkinum í landinum",,Kvinnur,Aldur 18 - 24,%,8.2
2013,"Partur av fólkinum, ið livir av minni enn fátækamarkinum í landinum",,Kvinnur,Aldur 18 - 24,%,5.9
2014,"Partur av fólkinum, ið livir av minni enn fátækamarkinum í landinum",,Kvinnur,Aldur 18 - 24,%,5.9
2015,"Partur av fólkinum, ið livir av minni enn fátækamarkinum í landinum",,Kvinnur,Aldur 18 - 24,%,5.3
2016,"Partur av fólkinum, ið livir av minni enn fátækamarkinum í landinum",,Kvinnur,Aldur 18 - 24,%,4.8
2017,"Partur av fólkinum, ið livir av minni enn fátækamarkinum í landinum",,Kvinnur,Aldur 18 - 24,%,4.0
2018,"Partur av fólkinum, ið livir av minni enn fátækamarkinum í landinum",,Kvinnur,Aldur 18 - 24,%,4.2
2019,"Partur av fólkinum, ið livir av minni enn fátækamarkinum í landinum",,Kvinnur,Aldur 18 - 24,%,3.9
2020,"Partur av fólkinum, ið livir av minni enn fátækamarkinum í landinum",,Kvinnur,Aldur 18 - 24,%,3.7
2021,"Partur av fólkinum, ið livir av minni enn fátækamarkinum í landinum",,Kvinnur,Aldur 18 - 24,%,4.1
2022,"Partur av fólkinum, ið livir av minni enn fátækamarkinum í landinum",,Kvinnur,Aldur 18 - 24,%,4.7
2023,"Partur av fólkinum, ið livir av minni enn fátækamarkinum í landinum",,Kvinnur,Aldur 18 - 24,%,4.5
2024,"Partur av fólkinum, ið livir av minni enn fátækamarkinum í landinum",,Kvinnur,Aldur 18 - 24,%,4.1
2009,"Partur av fólkinum, ið livir av minni enn fátækamarkinum í landinum",,Kvinnur,Aldur 25 - 54,%,3.9
2010,"Partur av fólkinum, ið livir av minni enn fátækamarkinum í landinum",,Kvinnur,Aldur 25 - 54,%,4.0
2011,"Partur av fólkinum, ið livir av minni enn fátækamarkinum í landinum",,Kvinnur,Aldur 25 - 54,%,4.3
2012,"Partur av fólkinum, ið livir av minni enn fátækamarkinum í landinum",,Kvinnur,Aldur 25 - 54,%,4.8
2013,"Partur av fólkinum, ið livir av minni enn fátækamarkinum í landinum",,Kvinnur,Aldur 25 - 54,%,3.8
2014,"Partur av fólkinum, ið livir av minni enn fátækamarkinum í landinum",,Kvinnur,Aldur 25 - 54,%,3.6
2015,"Partur av fólkinum, ið livir av minni enn fátækamarkinum í landinum",,Kvinnur,Aldur 25 - 54,%,3.5
2016,"Partur av fólkinum, ið livir av minni enn fátækamarkinum í landinum",,Kvinnur,Aldur 25 - 54,%,3.4
2017,"Partur av fólkinum, ið livir av minni enn fátækamarkinum í landinum",,Kvinnur,Aldur 25 - 54,%,3.0
2018,"Partur av fólkinum, ið livir av minni enn fátækamarkinum í landinum",,Kvinnur,Aldur 25 - 54,%,3.0
2019,"Partur av fólkinum, ið livir av minni enn fátækamarkinum í landinum",,Kvinnur,Aldur 25 - 54,%,3.0
2020,"Partur av fólkinum, ið livir av minni enn fátækamarkinum í landinum",,Kvinnur,Aldur 25 - 54,%,2.6
2021,"Partur av fólkinum, ið livir av minni enn fátækamarkinum í landinum",,Kvinnur,Aldur 25 - 54,%,2.9
2022,"Partur av fólkinum, ið livir av minni enn fátækamarkinum í landinum",,Kvinnur,Aldur 25 - 54,%,2.8
2023,"Partur av fólkinum, ið livir av minni enn fátækamarkinum í landinum",,Kvinnur,Aldur 25 - 54,%,2.6
2024,"Partur av fólkinum, ið livir av minni enn fátækamarkinum í landinum",,Kvinnur,Aldur 25 - 54,%,3.1
2009,"Partur av fólkinum, ið livir av minni enn fátækamarkinum í landinum",,Kvinnur,Aldur 55 - 66,%,3.0
2010,"Partur av fólkinum, ið livir av minni enn fátækamarkinum í landinum",,Kvinnur,Aldur 55 - 66,%,2.8
2011,"Partur av fólkinum, ið livir av minni enn fátækamarkinum í landinum",,Kvinnur,Aldur 55 - 66,%,2.8
2012,"Partur av fólkinum, ið livir av minni enn fátækamarkinum í landinum",,Kvinnur,Aldur 55 - 66,%,3.1
2013,"Partur av fólkinum, ið livir av minni enn fátækamarkinum í landinum",,Kvinnur,Aldur 55 - 66,%,2.6
2014,"Partur av fólkinum, ið livir av minni enn fátækamarkinum í landinum",,Kvinnur,Aldur 55 - 66,%,2.7
2015,"Partur av fólkinum, ið livir av minni enn fátækamarkinum í landinum",,Kvinnur,Aldur 55 - 66,%,2.1
2016,"Partur av fólkinum, ið livir av minni enn fátækamarkinum í landinum",,Kvinnur,Aldur 55 - 66,%,2.4
2017,"Partur av fólkinum, ið livir av minni enn fátækamarkinum í landinum",,Kvinnur,Aldur 55 - 66,%,2.3
2018,"Partur av fólkinum, ið livir av minni enn fátækamarkinum í landinum",,Kvinnur,Aldur 55 - 66,%,2.1
2019,"Partur av fólkinum, ið livir av minni enn fátækamarkinum í landinum",,Kvinnur,Aldur 55 - 66,%,1.9
2020,"Partur av fólkinum, ið livir av minni enn fátækamarkinum í landinum",,Kvinnur,Aldur 55 - 66,%,1.7
2021,"Partur av fólkinum, ið livir av minni enn fátækamarkinum í landinum",,Kvinnur,Aldur 55 - 66,%,1.6
2022,"Partur av fólkinum, ið livir av minni enn fátækamarkinum í landinum",,Kvinnur,Aldur 55 - 66,%,1.5
2023,"Partur av fólkinum, ið livir av minni enn fátækamarkinum í landinum",,Kvinnur,Aldur 55 - 66,%,1.7
2024,"Partur av fólkinum, ið livir av minni enn fátækamarkinum í landinum",,Kvinnur,Aldur 55 - 66,%,1.7
2009,"Partur av fólkinum, ið livir av minni enn fátækamarkinum í landinum",,Kvinnur,Aldur 67 + ,%,3.0
2010,"Partur av fólkinum, ið livir av minni enn fátækamarkinum í landinum",,Kvinnur,Aldur 67 + ,%,2.6
2011,"Partur av fólkinum, ið livir av minni enn fátækamarkinum í landinum",,Kvinnur,Aldur 67 + ,%,3.0
2012,"Partur av fólkinum, ið livir av minni enn fátækamarkinum í landinum",,Kvinnur,Aldur 67 + ,%,2.2
2013,"Partur av fólkinum, ið livir av minni enn fátækamarkinum í landinum",,Kvinnur,Aldur 67 + ,%,1.9
2014,"Partur av fólkinum, ið livir av minni enn fátækamarkinum í landinum",,Kvinnur,Aldur 67 + ,%,2.0
2015,"Partur av fólkinum, ið livir av minni enn fátækamarkinum í landinum",,Kvinnur,Aldur 67 + ,%,1.9
2016,"Partur av fólkinum, ið livir av minni enn fátækamarkinum í landinum",,Kvinnur,Aldur 67 + ,%,1.9
2017,"Partur av fólkinum, ið livir av minni enn fátækamarkinum í landinum",,Kvinnur,Aldur 67 + ,%,2.9
2018,"Partur av fólkinum, ið livir av minni enn fátækamarkinum í landinum",,Kvinnur,Aldur 67 + ,%,2.6
2019,"Partur av fólkinum, ið livir av minni enn fátækamarkinum í landinum",,Kvinnur,Aldur 67 + ,%,1.7
2020,"Partur av fólkinum, ið livir av minni enn fátækamarkinum í landinum",,Kvinnur,Aldur 67 + ,%,1.6
2021,"Partur av fólkinum, ið livir av minni enn fátækamarkinum í landinum",,Kvinnur,Aldur 67 + ,%,1.1
2022,"Partur av fólkinum, ið livir av minni enn fátækamarkinum í landinum",,Kvinnur,Aldur 67 + ,%,1.2
2023,"Partur av fólkinum, ið livir av minni enn fátækamarkinum í landinum",,Kvinnur,Aldur 67 + ,%,1.5
2024,"Partur av fólkinum, ið livir av minni enn fátækamarkinum í landinum",,Kvinnur,Aldur 67 + ,%,1.6
2009,"Partur av fólkinum, ið livir av minni enn fátækamarkinum í landinum",,Menn,,%,3.7
2010,"Partur av fólkinum, ið livir av minni enn fátækamarkinum í landinum",,Menn,,%,3.8
2011,"Partur av fólkinum, ið livir av minni enn fátækamarkinum í landinum",,Menn,,%,4.2
2012,"Partur av fólkinum, ið livir av minni enn fátækamarkinum í landinum",,Menn,,%,4.5
2013,"Partur av fólkinum, ið livir av minni enn fátækamarkinum í landinum",,Menn,,%,3.4
2014,"Partur av fólkinum, ið livir av minni enn fátækamarkinum í landinum",,Menn,,%,3.3
2015,"Partur av fólkinum, ið livir av minni enn fátækamarkinum í landinum",,Menn,,%,3.2
2016,"Partur av fólkinum, ið livir av minni enn fátækamarkinum í landinum",,Menn,,%,3.1
2017,"Partur av fólkinum, ið livir av minni enn fátækamarkinum í landinum",,Menn,,%,2.9
2018,"Partur av fólkinum, ið livir av minni enn fátækamarkinum í landinum",,Menn,,%,2.8
2019,"Partur av fólkinum, ið livir av minni enn fátækamarkinum í landinum",,Menn,,%,2.4
2020,"Partur av fólkinum, ið livir av minni enn fátækamarkinum í landinum",,Menn,,%,2.1
2021,"Partur av fólkinum, ið livir av minni enn fátækamarkinum í landinum",,Menn,,%,2.5
2022,"Partur av fólkinum, ið livir av minni enn fátækamarkinum í landinum",,Menn,,%,2.4
2023,"Partur av fólkinum, ið livir av minni enn fátækamarkinum í landinum",,Menn,,%,2.3
2024,"Partur av fólkinum, ið livir av minni enn fátækamarkinum í landinum",,Menn,,%,2.8
2009,"Partur av fólkinum, ið livir av minni enn fátækamarkinum í landinum",,Menn,Aldur 0 - 17,%,4.9
2010,"Partur av fólkinum, ið livir av minni enn fátækamarkinum í landinum",,Menn,Aldur 0 - 17,%,4.8
2011,"Partur av fólkinum, ið livir av minni enn fátækamarkinum í landinum",,Menn,Aldur 0 - 17,%,5.3
2012,"Partur av fólkinum, ið livir av minni enn fátækamarkinum í landinum",,Menn,Aldur 0 - 17,%,6.4
2013,"Partur av fólkinum, ið livir av minni enn fátækamarkinum í landinum",,Menn,Aldur 0 - 17,%,4.9
2014,"Partur av fólkinum, ið livir av minni enn fátækamarkinum í landinum",,Menn,Aldur 0 - 17,%,4.7
2015,"Partur av fólkinum, ið livir av minni enn fátækamarkinum í landinum",,Menn,Aldur 0 - 17,%,4.0
2016,"Partur av fólkinum, ið livir av minni enn fátækamarkinum í landinum",,Menn,Aldur 0 - 17,%,4.1
2017,"Partur av fólkinum, ið livir av minni enn fátækamarkinum í landinum",,Menn,Aldur 0 - 17,%,3.8
2018,"Partur av fólkinum, ið livir av minni enn fátækamarkinum í landinum",,Menn,Aldur 0 - 17,%,3.6
2019,"Partur av fólkinum, ið livir av minni enn fátækamarkinum í landinum",,Menn,Aldur 0 - 17,%,3.0
2020,"Partur av fólkinum, ið livir av minni enn fátækamarkinum í landinum",,Menn,Aldur 0 - 17,%,3.0
2021,"Partur av fólkinum, ið livir av minni enn fátækamarkinum í landinum",,Menn,Aldur 0 - 17,%,3.2
2022,"Partur av fólkinum, ið livir av minni enn fátækamarkinum í landinum",,Menn,Aldur 0 - 17,%,3.4
2023,"Partur av fólkinum, ið livir av minni enn fátækamarkinum í landinum",,Menn,Aldur 0 - 17,%,2.7
2024,"Partur av fólkinum, ið livir av minni enn fátækamarkinum í landinum",,Menn,Aldur 0 - 17,%,3.3
2009,"Partur av fólkinum, ið livir av minni enn fátækamarkinum í landinum",,Menn,Aldur 18 - 24,%,2.8
2010,"Partur av fólkinum, ið livir av minni enn fátækamarkinum í landinum",,Menn,Aldur 18 - 24,%,3.1
2011,"Partur av fólkinum, ið livir av minni enn fátækamarkinum í landinum",,Menn,Aldur 18 - 24,%,3.8
2012,"Partur av fólkinum, ið livir av minni enn fátækamarkinum í landinum",,Menn,Aldur 18 - 24,%,4.3
2013,"Partur av fólkinum, ið livir av minni enn fátækamarkinum í landinum",,Menn,Aldur 18 - 24,%,3.1
2014,"Partur av fólkinum, ið livir av minni enn fátækamarkinum í landinum",,Menn,Aldur 18 - 24,%,3.4
2015,"Partur av fólkinum, ið livir av minni enn fátækamarkinum í landinum",,Menn,Aldur 18 - 24,%,3.1
2016,"Partur av fólkinum, ið livir av minni enn fátækamarkinum í landinum",,Menn,Aldur 18 - 24,%,2.7
2017,"Partur av fólkinum, ið livir av minni enn fátækamarkinum í landinum",,Menn,Aldur 18 - 24,%,2.2
2018,"Partur av fólkinum, ið livir av minni enn fátækamarkinum í landinum",,Menn,Aldur 18 - 24,%,2.7
2019,"Partur av fólkinum, ið livir av minni enn fátækamarkinum í landinum",,Menn,Aldur 18 - 24,%,2.4
2020,"Partur av fólkinum, ið livir av minni enn fátækamarkinum í landinum",,Menn,Aldur 18 - 24,%,1.7
2021,"Partur av fólkinum, ið livir av minni enn fátækamarkinum í landinum",,Menn,Aldur 18 - 24,%,2.6
2022,"Partur av fólkinum, ið livir av minni enn fátækamarkinum í landinum",,Menn,Aldur 18 - 24,%,1.8
2023,"Partur av fólkinum, ið livir av minni enn fátækamarkinum í landinum",,Menn,Aldur 18 - 24,%,2.3
2024,"Partur av fólkinum, ið livir av minni enn fátækamarkinum í landinum",,Menn,Aldur 18 - 24,%,3.0
2009,"Partur av fólkinum, ið livir av minni enn fátækamarkinum í landinum",,Menn,Aldur 25 - 54,%,3.1
2010,"Partur av fólkinum, ið livir av minni enn fátækamarkinum í landinum",,Menn,Aldur 25 - 54,%,3.6
2011,"Partur av fólkinum, ið livir av minni enn fátækamarkinum í landinum",,Menn,Aldur 25 - 54,%,3.9
2012,"Partur av fólkinum, ið livir av minni enn fátækamarkinum í landinum",,Menn,Aldur 25 - 54,%,4.0
2013,"Partur av fólkinum, ið livir av minni enn fátækamarkinum í landinum",,Menn,Aldur 25 - 54,%,2.9
2014,"Partur av fólkinum, ið livir av minni enn fátækamarkinum í landinum",,Menn,Aldur 25 - 54,%,2.7
2015,"Partur av fólkinum, ið livir av minni enn fátækamarkinum í landinum",,Menn,Aldur 25 - 54,%,3.0
2016,"Partur av fólkinum, ið livir av minni enn fátækamarkinum í landinum",,Menn,Aldur 25 - 54,%,2.8
2017,"Partur av fólkinum, ið livir av minni enn fátækamarkinum í landinum",,Menn,Aldur 25 - 54,%,2.8
2018,"Partur av fólkinum, ið livir av minni enn fátækamarkinum í landinum",,Menn,Aldur 25 - 54,%,2.6
2019,"Partur av fólkinum, ið livir av minni enn fátækamarkinum í landinum",,Menn,Aldur 25 - 54,%,2.3
2020,"Partur av fólkinum, ið livir av minni enn fátækamarkinum í landinum",,Menn,Aldur 25 - 54,%,2.0
2021,"Partur av fólkinum, ið livir av minni enn fátækamarkinum í landinum",,Menn,Aldur 25 - 54,%,2.6
2022,"Partur av fólkinum, ið livir av minni enn fátækamarkinum í landinum",,Menn,Aldur 25 - 54,%,2.6
2023,"Partur av fólkinum, ið livir av minni enn fátækamarkinum í landinum",,Menn,Aldur 25 - 54,%,2.6
2024,"Partur av fólkinum, ið livir av minni enn fátækamarkinum í landinum",,Menn,Aldur 25 - 54,%,3.1
2009,"Partur av fólkinum, ið livir av minni enn fátækamarkinum í landinum",,Menn,Aldur 55 - 66,%,4.3
2010,"Partur av fólkinum, ið livir av minni enn fátækamarkinum í landinum",,Menn,Aldur 55 - 66,%,4.1
2011,"Partur av fólkinum, ið livir av minni enn fátækamarkinum í landinum",,Menn,Aldur 55 - 66,%,4.2
2012,"Partur av fólkinum, ið livir av minni enn fátækamarkinum í landinum",,Menn,Aldur 55 - 66,%,4.4
2013,"Partur av fólkinum, ið livir av minni enn fátækamarkinum í landinum",,Menn,Aldur 55 - 66,%,3.7
2014,"Partur av fólkinum, ið livir av minni enn fátækamarkinum í landinum",,Menn,Aldur 55 - 66,%,3.6
2015,"Partur av fólkinum, ið livir av minni enn fátækamarkinum í landinum",,Menn,Aldur 55 - 66,%,3.3
2016,"Partur av fólkinum, ið livir av minni enn fátækamarkinum í landinum",,Menn,Aldur 55 - 66,%,3.3
2017,"Partur av fólkinum, ið livir av minni enn fátækamarkinum í landinum",,Menn,Aldur 55 - 66,%,3.1
2018,"Partur av fólkinum, ið livir av minni enn fátækamarkinum í landinum",,Menn,Aldur 55 - 66,%,2.6
2019,"Partur av fólkinum, ið livir av minni enn fátækamarkinum í landinum",,Menn,Aldur 55 - 66,%,2.5
2020,"Partur av fólkinum, ið livir av minni enn fátækamarkinum í landinum",,Menn,Aldur 55 - 66,%,2.3
2021,"Partur av fólkinum, ið livir av minni enn fátækamarkinum í landinum",,Menn,Aldur 55 - 66,%,2.6
2022,"Partur av fólkinum, ið livir av minni enn fátækamarkinum í landinum",,Menn,Aldur 55 - 66,%,2.4
2023,"Partur av fólkinum, ið livir av minni enn fátækamarkinum í landinum",,Menn,Aldur 55 - 66,%,2.3
2024,"Partur av fólkinum, ið livir av minni enn fátækamarkinum í landinum",,Menn,Aldur 55 - 66,%,2.6
2009,"Partur av fólkinum, ið livir av minni enn fátækamarkinum í landinum",,Menn,Aldur 67 + ,%,3.0
2010,"Partur av fólkinum, ið livir av minni enn fátækamarkinum í landinum",,Menn,Aldur 67 + ,%,2.6
2011,"Partur av fólkinum, ið livir av minni enn fátækamarkinum í landinum",,Menn,Aldur 67 + ,%,2.6
2012,"Partur av fólkinum, ið livir av minni enn fátækamarkinum í landinum",,Menn,Aldur 67 + ,%,2.6
2013,"Partur av fólkinum, ið livir av minni enn fátækamarkinum í landinum",,Menn,Aldur 67 + ,%,1.7
2014,"Partur av fólkinum, ið livir av minni enn fátækamarkinum í landinum",,Menn,Aldur 67 + ,%,1.9
2015,"Partur av fólkinum, ið livir av minni enn fátækamarkinum í landinum",,Menn,Aldur 67 + ,%,2.0
2016,"Partur av fólkinum, ið livir av minni enn fátækamarkinum í landinum",,Menn,Aldur 67 + ,%,1.9
2017,"Partur av fólkinum, ið livir av minni enn fátækamarkinum í landinum",,Menn,Aldur 67 + ,%,2.2
2018,"Partur av fólkinum, ið livir av minni enn fátækamarkinum í landinum",,Menn,Aldur 67 + ,%,2.1
2019,"Partur av fólkinum, ið livir av minni enn fátækamarkinum í landinum",,Menn,Aldur 67 + ,%,1.2
2020,"Partur av fólkinum, ið livir av minni enn fátækamarkinum í landinum",,Menn,Aldur 67 + ,%,1.1
2021,"Partur av fólkinum, ið livir av minni enn fátækamarkinum í landinum",,Menn,Aldur 67 + ,%,0.8
2022,"Partur av fólkinum, ið livir av minni enn fátækamarkinum í landinum",,Menn,Aldur 67 + ,%,0.7
2023,"Partur av fólkinum, ið livir av minni enn fátækamarkinum í landinum",,Menn,Aldur 67 + ,%,1.2
2024,"Partur av fólkinum, ið livir av minni enn fátækamarkinum í landinum",,Menn,Aldur 67 + ,%,1.3
2009,"Partur av fólkinum, ið livir av minni enn fátækamarkinum í landinum",Eysturoyar øki,,,%,3.3
2010,"Partur av fólkinum, ið livir av minni enn fátækamarkinum í landinum",Eysturoyar øki,,,%,3.7
2011,"Partur av fólkinum, ið livir av minni enn fátækamarkinum í landinum",Eysturoyar øki,,,%,3.1
2012,"Partur av fólkinum, ið livir av minni enn fátækamarkinum í landinum",Eysturoyar øki,,,%,3.7
2013,"Partur av fólkinum, ið livir av minni enn fátækamarkinum í landinum",Eysturoyar øki,,,%,3.1
2014,"Partur av fólkinum, ið livir av minni enn fátækamarkinum í landinum",Eysturoyar øki,,,%,2.6
2015,"Partur av fólkinum, ið livir av minni enn fátækamarkinum í landinum",Eysturoyar øki,,,%,2.7
2016,"Partur av fólkinum, ið livir av minni enn fátækamarkinum í landinum",Eysturoyar øki,,,%,2.5
2017,"Partur av fólkinum, ið livir av minni enn fátækamarkinum í landinum",Eysturoyar øki,,,%,2.7
2018,"Partur av fólkinum, ið livir av minni enn fátækamarkinum í landinum",Eysturoyar øki,,,%,2.6
2019,"Partur av fólkinum, ið livir av minni enn fátækamarkinum í landinum",Eysturoyar øki,,,%,2.1
2020,"Partur av fólkinum, ið livir av minni enn fátækamarkinum í landinum",Eysturoyar øki,,,%,2.0
2021,"Partur av fólkinum, ið livir av minni enn fátækamarkinum í landinum",Eysturoyar øki,,,%,2.1
2022,"Partur av fólkinum, ið livir av minni enn fátækamarkinum í landinum",Eysturoyar øki,,,%,1.7
2023,"Partur av fólkinum, ið livir av minni enn fátækamarkinum í landinum",Eysturoyar øki,,,%,1.9
2024,"Partur av fólkinum, ið livir av minni enn fátækamarkinum í landinum",Eysturoyar øki,,,%,2.4
2009,"Partur av fólkinum, ið livir av minni enn fátækamarkinum í landinum",Eysturoyar øki,,Aldur 0 - 17,%,3.6
2010,"Partur av fólkinum, ið livir av minni enn fátækamarkinum í landinum",Eysturoyar øki,,Aldur 0 - 17,%,4.6
2011,"Partur av fólkinum, ið livir av minni enn fátækamarkinum í landinum",Eysturoyar øki,,Aldur 0 - 17,%,3.7
2012,"Partur av fólkinum, ið livir av minni enn fátækamarkinum í landinum",Eysturoyar øki,,Aldur 0 - 17,%,5.0
2013,"Partur av fólkinum, ið livir av minni enn fátækamarkinum í landinum",Eysturoyar øki,,Aldur 0 - 17,%,4.6
2014,"Partur av fólkinum, ið livir av minni enn fátækamarkinum í landinum",Eysturoyar øki,,Aldur 0 - 17,%,3.7
2015,"Partur av fólkinum, ið livir av minni enn fátækamarkinum í landinum",Eysturoyar øki,,Aldur 0 - 17,%,3.8
2016,"Partur av fólkinum, ið livir av minni enn fátækamarkinum í landinum",Eysturoyar øki,,Aldur 0 - 17,%,3.8
2017,"Partur av fólkinum, ið livir av minni enn fátækamarkinum í landinum",Eysturoyar øki,,Aldur 0 - 17,%,4.2
2018,"Partur av fólkinum, ið livir av minni enn fátækamarkinum í landinum",Eysturoyar øki,,Aldur 0 - 17,%,3.5
2019,"Partur av fólkinum, ið livir av minni enn fátækamarkinum í landinum",Eysturoyar øki,,Aldur 0 - 17,%,3.1
2020,"Partur av fólkinum, ið livir av minni enn fátækamarkinum í landinum",Eysturoyar øki,,Aldur 0 - 17,%,3.0
2021,"Partur av fólkinum, ið livir av minni enn fátækamarkinum í landinum",Eysturoyar øki,,Aldur 0 - 17,%,2.5
2022,"Partur av fólkinum, ið livir av minni enn fátækamarkinum í landinum",Eysturoyar øki,,Aldur 0 - 17,%,2.4
2023,"Partur av fólkinum, ið livir av minni enn fátækamarkinum í landinum",Eysturoyar øki,,Aldur 0 - 17,%,2.8
2024,"Partur av fólkinum, ið livir av minni enn fátækamarkinum í landinum",Eysturoyar øki,,Aldur 0 - 17,%,3.3
2009,"Partur av fólkinum, ið livir av minni enn fátækamarkinum í landinum",Eysturoyar øki,,Aldur 18 - 24,%,3.2
2010,"Partur av fólkinum, ið livir av minni enn fátækamarkinum í landinum",Eysturoyar øki,,Aldur 18 - 24,%,4.2
2011,"Partur av fólkinum, ið livir av minni enn fátækamarkinum í landinum",Eysturoyar øki,,Aldur 18 - 24,%,3.3
2012,"Partur av fólkinum, ið livir av minni enn fátækamarkinum í landinum",Eysturoyar øki,,Aldur 18 - 24,%,3.4
2013,"Partur av fólkinum, ið livir av minni enn fátækamarkinum í landinum",Eysturoyar øki,,Aldur 18 - 24,%,3.1
2014,"Partur av fólkinum, ið livir av minni enn fátækamarkinum í landinum",Eysturoyar øki,,Aldur 18 - 24,%,2.3
2015,"Partur av fólkinum, ið livir av minni enn fátækamarkinum í landinum",Eysturoyar øki,,Aldur 18 - 24,%,3.6
2016,"Partur av fólkinum, ið livir av minni enn fátækamarkinum í landinum",Eysturoyar øki,,Aldur 18 - 24,%,2.8
2017,"Partur av fólkinum, ið livir av minni enn fátækamarkinum í landinum",Eysturoyar øki,,Aldur 18 - 24,%,1.9
2018,"Partur av fólkinum, ið livir av minni enn fátækamarkinum í landinum",Eysturoyar øki,,Aldur 18 - 24,%,3.1
2019,"Partur av fólkinum, ið livir av minni enn fátækamarkinum í landinum",Eysturoyar øki,,Aldur 18 - 24,%,2.5
2020,"Partur av fólkinum, ið livir av minni enn fátækamarkinum í landinum",Eysturoyar øki,,Aldur 18 - 24,%,1.4
2021,"Partur av fólkinum, ið livir av minni enn fátækamarkinum í landinum",Eysturoyar øki,,Aldur 18 - 24,%,2.5
2022,"Partur av fólkinum, ið livir av minni enn fátækamarkinum í landinum",Eysturoyar øki,,Aldur 18 - 24,%,0.8
2023,"Partur av fólkinum, ið livir av minni enn fátækamarkinum í landinum",Eysturoyar øki,,Aldur 18 - 24,%,1.2
2024,"Partur av fólkinum, ið livir av minni enn fátækamarkinum í landinum",Eysturoyar øki,,Aldur 18 - 24,%,2.1
2009,"Partur av fólkinum, ið livir av minni enn fátækamarkinum í landinum",Eysturoyar øki,,Aldur 25 - 54,%,2.8
2010,"Partur av fólkinum, ið livir av minni enn fátækamarkinum í landinum",Eysturoyar øki,,Aldur 25 - 54,%,3.4
2011,"Partur av fólkinum, ið livir av minni enn fátækamarkinum í landinum",Eysturoyar øki,,Aldur 25 - 54,%,2.9
2012,"Partur av fólkinum, ið livir av minni enn fátækamarkinum í landinum",Eysturoyar øki,,Aldur 25 - 54,%,3.7
2013,"Partur av fólkinum, ið livir av minni enn fátækamarkinum í landinum",Eysturoyar øki,,Aldur 25 - 54,%,3.0
2014,"Partur av fólkinum, ið livir av minni enn fátækamarkinum í landinum",Eysturoyar øki,,Aldur 25 - 54,%,2.2
2015,"Partur av fólkinum, ið livir av minni enn fátækamarkinum í landinum",Eysturoyar øki,,Aldur 25 - 54,%,2.4
2016,"Partur av fólkinum, ið livir av minni enn fátækamarkinum í landinum",Eysturoyar øki,,Aldur 25 - 54,%,2.3
2017,"Partur av fólkinum, ið livir av minni enn fátækamarkinum í landinum",Eysturoyar øki,,Aldur 25 - 54,%,2.6
2018,"Partur av fólkinum, ið livir av minni enn fátækamarkinum í landinum",Eysturoyar øki,,Aldur 25 - 54,%,2.4
2019,"Partur av fólkinum, ið livir av minni enn fátækamarkinum í landinum",Eysturoyar øki,,Aldur 25 - 54,%,1.8
2020,"Partur av fólkinum, ið livir av minni enn fátækamarkinum í landinum",Eysturoyar øki,,Aldur 25 - 54,%,1.9
2021,"Partur av fólkinum, ið livir av minni enn fátækamarkinum í landinum",Eysturoyar øki,,Aldur 25 - 54,%,2.3
2022,"Partur av fólkinum, ið livir av minni enn fátækamarkinum í landinum",Eysturoyar øki,,Aldur 25 - 54,%,2.1
2023,"Partur av fólkinum, ið livir av minni enn fátækamarkinum í landinum",Eysturoyar øki,,Aldur 25 - 54,%,2.0
2024,"Partur av fólkinum, ið livir av minni enn fátækamarkinum í landinum",Eysturoyar øki,,Aldur 25 - 54,%,2.7
2009,"Partur av fólkinum, ið livir av minni enn fátækamarkinum í landinum",Eysturoyar øki,,Aldur 55 - 66,%,3.6
2010,"Partur av fólkinum, ið livir av minni enn fátækamarkinum í landinum",Eysturoyar øki,,Aldur 55 - 66,%,3.2
2011,"Partur av fólkinum, ið livir av minni enn fátækamarkinum í landinum",Eysturoyar øki,,Aldur 55 - 66,%,3.2
2012,"Partur av fólkinum, ið livir av minni enn fátækamarkinum í landinum",Eysturoyar øki,,Aldur 55 - 66,%,3.1
2013,"Partur av fólkinum, ið livir av minni enn fátækamarkinum í landinum",Eysturoyar øki,,Aldur 55 - 66,%,2.5
2014,"Partur av fólkinum, ið livir av minni enn fátækamarkinum í landinum",Eysturoyar øki,,Aldur 55 - 66,%,2.1
2015,"Partur av fólkinum, ið livir av minni enn fátækamarkinum í landinum",Eysturoyar øki,,Aldur 55 - 66,%,1.7
2016,"Partur av fólkinum, ið livir av minni enn fátækamarkinum í landinum",Eysturoyar øki,,Aldur 55 - 66,%,1.9
2017,"Partur av fólkinum, ið livir av minni enn fátækamarkinum í landinum",Eysturoyar øki,,Aldur 55 - 66,%,1.6
2018,"Partur av fólkinum, ið livir av minni enn fátækamarkinum í landinum",Eysturoyar øki,,Aldur 55 - 66,%,1.7
2019,"Partur av fólkinum, ið livir av minni enn fátækamarkinum í landinum",Eysturoyar øki,,Aldur 55 - 66,%,1.3
2020,"Partur av fólkinum, ið livir av minni enn fátækamarkinum í landinum",Eysturoyar øki,,Aldur 55 - 66,%,1.6
2021,"Partur av fólkinum, ið livir av minni enn fátækamarkinum í landinum",Eysturoyar øki,,Aldur 55 - 66,%,1.7
2022,"Partur av fólkinum, ið livir av minni enn fátækamarkinum í landinum",Eysturoyar øki,,Aldur 55 - 66,%,1.3
2023,"Partur av fólkinum, ið livir av minni enn fátækamarkinum í landinum",Eysturoyar øki,,Aldur 55 - 66,%,1.4
2024,"Partur av fólkinum, ið livir av minni enn fátækamarkinum í landinum",Eysturoyar øki,,Aldur 55 - 66,%,1.6
2009,"Partur av fólkinum, ið livir av minni enn fátækamarkinum í landinum",Eysturoyar øki,,Aldur 67 + ,%,3.6
2010,"Partur av fólkinum, ið livir av minni enn fátækamarkinum í landinum",Eysturoyar øki,,Aldur 67 + ,%,2.7
2011,"Partur av fólkinum, ið livir av minni enn fátækamarkinum í landinum",Eysturoyar øki,,Aldur 67 + ,%,2.1
2012,"Partur av fólkinum, ið livir av minni enn fátækamarkinum í landinum",Eysturoyar øki,,Aldur 67 + ,%,1.8
2013,"Partur av fólkinum, ið livir av minni enn fátækamarkinum í landinum",Eysturoyar øki,,Aldur 67 + ,%,1.3
2014,"Partur av fólkinum, ið livir av minni enn fátækamarkinum í landinum",Eysturoyar øki,,Aldur 67 + ,%,2.2
2015,"Partur av fólkinum, ið livir av minni enn fátækamarkinum í landinum",Eysturoyar øki,,Aldur 67 + ,%,2.0
2016,"Partur av fólkinum, ið livir av minni enn fátækamarkinum í landinum",Eysturoyar øki,,Aldur 67 + ,%,1.0
2017,"Partur av fólkinum, ið livir av minni enn fátækamarkinum í landinum",Eysturoyar øki,,Aldur 67 + ,%,2.2
2018,"Partur av fólkinum, ið livir av minni enn fátækamarkinum í landinum",Eysturoyar øki,,Aldur 67 + ,%,2.4
2019,"Partur av fólkinum, ið livir av minni enn fátækamarkinum í landinum",Eysturoyar øki,,Aldur 67 + ,%,1.2
2020,"Partur av fólkinum, ið livir av minni enn fátækamarkinum í landinum",Eysturoyar øki,,Aldur 67 + ,%,1.1
2021,"Partur av fólkinum, ið livir av minni enn fátækamarkinum í landinum",Eysturoyar øki,,Aldur 67 + ,%,0.8
2022,"Partur av fólkinum, ið livir av minni enn fátækamarkinum í landinum",Eysturoyar øki,,Aldur 67 + ,%,0.6
2023,"Partur av fólkinum, ið livir av minni enn fátækamarkinum í landinum",Eysturoyar øki,,Aldur 67 + ,%,0.8
2024,"Partur av fólkinum, ið livir av minni enn fátækamarkinum í landinum",Eysturoyar øki,,Aldur 67 + ,%,1.4
2009,"Partur av fólkinum, ið livir av minni enn fátækamarkinum í landinum",Eysturoyar øki,Kvinnur,,%,3.4
2010,"Partur av fólkinum, ið livir av minni enn fátækamarkinum í landinum",Eysturoyar øki,Kvinnur,,%,3.8
2011,"Partur av fólkinum, ið livir av minni enn fátækamarkinum í landinum",Eysturoyar øki,Kvinnur,,%,3.3
2012,"Partur av fólkinum, ið livir av minni enn fátækamarkinum í landinum",Eysturoyar øki,Kvinnur,,%,3.6
2013,"Partur av fólkinum, ið livir av minni enn fátækamarkinum í landinum",Eysturoyar øki,Kvinnur,,%,3.3
2014,"Partur av fólkinum, ið livir av minni enn fátækamarkinum í landinum",Eysturoyar øki,Kvinnur,,%,2.9
2015,"Partur av fólkinum, ið livir av minni enn fátækamarkinum í landinum",Eysturoyar øki,Kvinnur,,%,3.2
2016,"Partur av fólkinum, ið livir av minni enn fátækamarkinum í landinum",Eysturoyar øki,Kvinnur,,%,2.8
2017,"Partur av fólkinum, ið livir av minni enn fátækamarkinum í landinum",Eysturoyar øki,Kvinnur,,%,3.1
2018,"Partur av fólkinum, ið livir av minni enn fátækamarkinum í landinum",Eysturoyar øki,Kvinnur,,%,3.0
2019,"Partur av fólkinum, ið livir av minni enn fátækamarkinum í landinum",Eysturoyar øki,Kvinnur,,%,2.4
2020,"Partur av fólkinum, ið livir av minni enn fátækamarkinum í landinum",Eysturoyar øki,Kvinnur,,%,2.1
2021,"Partur av fólkinum, ið livir av minni enn fátækamarkinum í landinum",Eysturoyar øki,Kvinnur,,%,2.1
2022,"Partur av fólkinum, ið livir av minni enn fátækamarkinum í landinum",Eysturoyar øki,Kvinnur,,%,1.7
2023,"Partur av fólkinum, ið livir av minni enn fátækamarkinum í landinum",Eysturoyar øki,Kvinnur,,%,2.0
2024,"Partur av fólkinum, ið livir av minni enn fátækamarkinum í landinum",Eysturoyar øki,Kvinnur,,%,2.2
2009,"Partur av fólkinum, ið livir av minni enn fátækamarkinum í landinum",Eysturoyar øki,Kvinnur,Aldur 0 - 17,%,3.5
2010,"Partur av fólkinum, ið livir av minni enn fátækamarkinum í landinum",Eysturoyar øki,Kvinnur,Aldur 0 - 17,%,4.9
2011,"Partur av fólkinum, ið livir av minni enn fátækamarkinum í landinum",Eysturoyar øki,Kvinnur,Aldur 0 - 17,%,4.3
2012,"Partur av fólkinum, ið livir av minni enn fátækamarkinum í landinum",Eysturoyar øki,Kvinnur,Aldur 0 - 17,%,4.7
2013,"Partur av fólkinum, ið livir av minni enn fátækamarkinum í landinum",Eysturoyar øki,Kvinnur,Aldur 0 - 17,%,4.4
2014,"Partur av fólkinum, ið livir av minni enn fátækamarkinum í landinum",Eysturoyar øki,Kvinnur,Aldur 0 - 17,%,4.7
2015,"Partur av fólkinum, ið livir av minni enn fátækamarkinum í landinum",Eysturoyar øki,Kvinnur,Aldur 0 - 17,%,4.4
2016,"Partur av fólkinum, ið livir av minni enn fátækamarkinum í landinum",Eysturoyar øki,Kvinnur,Aldur 0 - 17,%,4.2
2017,"Partur av fólkinum, ið livir av minni enn fátækamarkinum í landinum",Eysturoyar øki,Kvinnur,Aldur 0 - 17,%,4.8
2018,"Partur av fólkinum, ið livir av minni enn fátækamarkinum í landinum",Eysturoyar øki,Kvinnur,Aldur 0 - 17,%,4.1
2019,"Partur av fólkinum, ið livir av minni enn fátækamarkinum í landinum",Eysturoyar øki,Kvinnur,Aldur 0 - 17,%,3.6
2020,"Partur av fólkinum, ið livir av minni enn fátækamarkinum í landinum",Eysturoyar øki,Kvinnur,Aldur 0 - 17,%,3.0
2021,"Partur av fólkinum, ið livir av minni enn fátækamarkinum í landinum",Eysturoyar øki,Kvinnur,Aldur 0 - 17,%,2.7
2022,"Partur av fólkinum, ið livir av minni enn fátækamarkinum í landinum",Eysturoyar øki,Kvinnur,Aldur 0 - 17,%,2.2
2023,"Partur av fólkinum, ið livir av minni enn fátækamarkinum í landinum",Eysturoyar øki,Kvinnur,Aldur 0 - 17,%,3.1
2024,"Partur av fólkinum, ið livir av minni enn fátækamarkinum í landinum",Eysturoyar øki,Kvinnur,Aldur 0 - 17,%,3.2
2009,"Partur av fólkinum, ið livir av minni enn fátækamarkinum í landinum",Eysturoyar øki,Kvinnur,Aldur 18 - 24,%,3.9
2010,"Partur av fólkinum, ið livir av minni enn fátækamarkinum í landinum",Eysturoyar øki,Kvinnur,Aldur 18 - 24,%,5.8
2011,"Partur av fólkinum, ið livir av minni enn fátækamarkinum í landinum",Eysturoyar øki,Kvinnur,Aldur 18 - 24,%,4.2
2012,"Partur av fólkinum, ið livir av minni enn fátækamarkinum í landinum",Eysturoyar øki,Kvinnur,Aldur 18 - 24,%,4.5
2013,"Partur av fólkinum, ið livir av minni enn fátækamarkinum í landinum",Eysturoyar øki,Kvinnur,Aldur 18 - 24,%,4.5
2014,"Partur av fólkinum, ið livir av minni enn fátækamarkinum í landinum",Eysturoyar øki,Kvinnur,Aldur 18 - 24,%,2.4
2015,"Partur av fólkinum, ið livir av minni enn fátækamarkinum í landinum",Eysturoyar øki,Kvinnur,Aldur 18 - 24,%,5.0
2016,"Partur av fólkinum, ið livir av minni enn fátækamarkinum í landinum",Eysturoyar øki,Kvinnur,Aldur 18 - 24,%,4.1
2017,"Partur av fólkinum, ið livir av minni enn fátækamarkinum í landinum",Eysturoyar øki,Kvinnur,Aldur 18 - 24,%,3.1
2018,"Partur av fólkinum, ið livir av minni enn fátækamarkinum í landinum",Eysturoyar øki,Kvinnur,Aldur 18 - 24,%,4.9
2019,"Partur av fólkinum, ið livir av minni enn fátækamarkinum í landinum",Eysturoyar øki,Kvinnur,Aldur 18 - 24,%,4.3
2020,"Partur av fólkinum, ið livir av minni enn fátækamarkinum í landinum",Eysturoyar øki,Kvinnur,Aldur 18 - 24,%,2.2
2021,"Partur av fólkinum, ið livir av minni enn fátækamarkinum í landinum",Eysturoyar øki,Kvinnur,Aldur 18 - 24,%,3.9
2022,"Partur av fólkinum, ið livir av minni enn fátækamarkinum í landinum",Eysturoyar øki,Kvinnur,Aldur 18 - 24,%,1.4
2023,"Partur av fólkinum, ið livir av minni enn fátækamarkinum í landinum",Eysturoyar øki,Kvinnur,Aldur 18 - 24,%,1.6
2024,"Partur av fólkinum, ið livir av minni enn fátækamarkinum í landinum",Eysturoyar øki,Kvinnur,Aldur 18 - 24,%,2.2
2009,"Partur av fólkinum, ið livir av minni enn fátækamarkinum í landinum",Eysturoyar øki,Kvinnur,Aldur 25 - 54,%,3.1
2010,"Partur av fólkinum, ið livir av minni enn fátækamarkinum í landinum",Eysturoyar øki,Kvinnur,Aldur 25 - 54,%,3.5
2011,"Partur av fólkinum, ið livir av minni enn fátækamarkinum í landinum",Eysturoyar øki,Kvinnur,Aldur 25 - 54,%,3.0
2012,"Partur av fólkinum, ið livir av minni enn fátækamarkinum í landinum",Eysturoyar øki,Kvinnur,Aldur 25 - 54,%,4.0
2013,"Partur av fólkinum, ið livir av minni enn fátækamarkinum í landinum",Eysturoyar øki,Kvinnur,Aldur 25 - 54,%,3.3
2014,"Partur av fólkinum, ið livir av minni enn fátækamarkinum í landinum",Eysturoyar øki,Kvinnur,Aldur 25 - 54,%,2.4
2015,"Partur av fólkinum, ið livir av minni enn fátækamarkinum í landinum",Eysturoyar øki,Kvinnur,Aldur 25 - 54,%,2.7
2016,"Partur av fólkinum, ið livir av minni enn fátækamarkinum í landinum",Eysturoyar øki,Kvinnur,Aldur 25 - 54,%,2.7
2017,"Partur av fólkinum, ið livir av minni enn fátækamarkinum í landinum",Eysturoyar øki,Kvinnur,Aldur 25 - 54,%,2.7
2018,"Partur av fólkinum, ið livir av minni enn fátækamarkinum í landinum",Eysturoyar øki,Kvinnur,Aldur 25 - 54,%,2.6
2019,"Partur av fólkinum, ið livir av minni enn fátækamarkinum í landinum",Eysturoyar øki,Kvinnur,Aldur 25 - 54,%,2.2
2020,"Partur av fólkinum, ið livir av minni enn fátækamarkinum í landinum",Eysturoyar øki,Kvinnur,Aldur 25 - 54,%,2.1
2021,"Partur av fólkinum, ið livir av minni enn fátækamarkinum í landinum",Eysturoyar øki,Kvinnur,Aldur 25 - 54,%,2.2
2022,"Partur av fólkinum, ið livir av minni enn fátækamarkinum í landinum",Eysturoyar øki,Kvinnur,Aldur 25 - 54,%,2.2
2023,"Partur av fólkinum, ið livir av minni enn fátækamarkinum í landinum",Eysturoyar øki,Kvinnur,Aldur 25 - 54,%,2.1
2024,"Partur av fólkinum, ið livir av minni enn fátækamarkinum í landinum",Eysturoyar øki,Kvinnur,Aldur 25 - 54,%,2.3
2009,"Partur av fólkinum, ið livir av minni enn fátækamarkinum í landinum",Eysturoyar øki,Kvinnur,Aldur 55 - 66,%,3.3
2010,"Partur av fólkinum, ið livir av minni enn fátækamarkinum í landinum",Eysturoyar øki,Kvinnur,Aldur 55 - 66,%,2.5
2011,"Partur av fólkinum, ið livir av minni enn fátækamarkinum í landinum",Eysturoyar øki,Kvinnur,Aldur 55 - 66,%,2.4
2012,"Partur av fólkinum, ið livir av minni enn fátækamarkinum í landinum",Eysturoyar øki,Kvinnur,Aldur 55 - 66,%,1.9
2013,"Partur av fólkinum, ið livir av minni enn fátækamarkinum í landinum",Eysturoyar øki,Kvinnur,Aldur 55 - 66,%,2.1
2014,"Partur av fólkinum, ið livir av minni enn fátækamarkinum í landinum",Eysturoyar øki,Kvinnur,Aldur 55 - 66,%,2.1
2015,"Partur av fólkinum, ið livir av minni enn fátækamarkinum í landinum",Eysturoyar øki,Kvinnur,Aldur 55 - 66,%,1.9
2016,"Partur av fólkinum, ið livir av minni enn fátækamarkinum í landinum",Eysturoyar øki,Kvinnur,Aldur 55 - 66,%,1.9
2017,"Partur av fólkinum, ið livir av minni enn fátækamarkinum í landinum",Eysturoyar øki,Kvinnur,Aldur 55 - 66,%,1.9
2018,"Partur av fólkinum, ið livir av minni enn fátækamarkinum í landinum",Eysturoyar øki,Kvinnur,Aldur 55 - 66,%,1.6
2019,"Partur av fólkinum, ið livir av minni enn fátækamarkinum í landinum",Eysturoyar øki,Kvinnur,Aldur 55 - 66,%,0.8
2020,"Partur av fólkinum, ið livir av minni enn fátækamarkinum í landinum",Eysturoyar øki,Kvinnur,Aldur 55 - 66,%,1.3
2021,"Partur av fólkinum, ið livir av minni enn fátækamarkinum í landinum",Eysturoyar øki,Kvinnur,Aldur 55 - 66,%,0.9
2022,"Partur av fólkinum, ið livir av minni enn fátækamarkinum í landinum",Eysturoyar øki,Kvinnur,Aldur 55 - 66,%,0.9
2023,"Partur av fólkinum, ið livir av minni enn fátækamarkinum í landinum",Eysturoyar øki,Kvinnur,Aldur 55 - 66,%,1.2
2024,"Partur av fólkinum, ið livir av minni enn fátækamarkinum í landinum",Eysturoyar øki,Kvinnur,Aldur 55 - 66,%,1.0
2009,"Partur av fólkinum, ið livir av minni enn fátækamarkinum í landinum",Eysturoyar øki,Kvinnur,Aldur 67 + ,%,3.6
2010,"Partur av fólkinum, ið livir av minni enn fátækamarkinum í landinum",Eysturoyar øki,Kvinnur,Aldur 67 + ,%,2.4
2011,"Partur av fólkinum, ið livir av minni enn fátækamarkinum í landinum",Eysturoyar øki,Kvinnur,Aldur 67 + ,%,2.2
2012,"Partur av fólkinum, ið livir av minni enn fátækamarkinum í landinum",Eysturoyar øki,Kvinnur,Aldur 67 + ,%,1.5
2013,"Partur av fólkinum, ið livir av minni enn fátækamarkinum í landinum",Eysturoyar øki,Kvinnur,Aldur 67 + ,%,1.5
2014,"Partur av fólkinum, ið livir av minni enn fátækamarkinum í landinum",Eysturoyar øki,Kvinnur,Aldur 67 + ,%,2.1
2015,"Partur av fólkinum, ið livir av minni enn fátækamarkinum í landinum",Eysturoyar øki,Kvinnur,Aldur 67 + ,%,2.1
2016,"Partur av fólkinum, ið livir av minni enn fátækamarkinum í landinum",Eysturoyar øki,Kvinnur,Aldur 67 + ,%,0.9
2017,"Partur av fólkinum, ið livir av minni enn fátækamarkinum í landinum",Eysturoyar øki,Kvinnur,Aldur 67 + ,%,2.5
2018,"Partur av fólkinum, ið livir av minni enn fátækamarkinum í landinum",Eysturoyar øki,Kvinnur,Aldur 67 + ,%,2.6
2019,"Partur av fólkinum, ið livir av minni enn fátækamarkinum í landinum",Eysturoyar øki,Kvinnur,Aldur 67 + ,%,1.2
2020,"Partur av fólkinum, ið livir av minni enn fátækamarkinum í landinum",Eysturoyar øki,Kvinnur,Aldur 67 + ,%,1.3
2021,"Partur av fólkinum, ið livir av minni enn fátækamarkinum í landinum",Eysturoyar øki,Kvinnur,Aldur 67 + ,%,0.8
2022,"Partur av fólkinum, ið livir av minni enn fátækamarkinum í landinum",Eysturoyar øki,Kvinnur,Aldur 67 + ,%,0.7
2023,"Partur av fólkinum, ið livir av minni enn fátækamarkinum í landinum",Eysturoyar øki,Kvinnur,Aldur 67 + ,%,0.8
2024,"Partur av fólkinum, ið livir av minni enn fátækamarkinum í landinum",Eysturoyar øki,Kvinnur,Aldur 67 + ,%,1.1
2009,"Partur av fólkinum, ið livir av minni enn fátækamarkinum í landinum",Eysturoyar øki,Menn,,%,3.2
2010,"Partur av fólkinum, ið livir av minni enn fátækamarkinum í landinum",Eysturoyar øki,Menn,,%,3.5
2011,"Partur av fólkinum, ið livir av minni enn fátækamarkinum í landinum",Eysturoyar øki,Menn,,%,2.9
2012,"Partur av fólkinum, ið livir av minni enn fátækamarkinum í landinum",Eysturoyar øki,Menn,,%,3.8
2013,"Partur av fólkinum, ið livir av minni enn fátækamarkinum í landinum",Eysturoyar øki,Menn,,%,3.0
2014,"Partur av fólkinum, ið livir av minni enn fátækamarkinum í landinum",Eysturoyar øki,Menn,,%,2.3
2015,"Partur av fólkinum, ið livir av minni enn fátækamarkinum í landinum",Eysturoyar øki,Menn,,%,2.3
2016,"Partur av fólkinum, ið livir av minni enn fátækamarkinum í landinum",Eysturoyar øki,Menn,,%,2.3
2017,"Partur av fólkinum, ið livir av minni enn fátækamarkinum í landinum",Eysturoyar øki,Menn,,%,2.4
2018,"Partur av fólkinum, ið livir av minni enn fátækamarkinum í landinum",Eysturoyar øki,Menn,,%,2.3
2019,"Partur av fólkinum, ið livir av minni enn fátækamarkinum í landinum",Eysturoyar øki,Menn,,%,1.8
2020,"Partur av fólkinum, ið livir av minni enn fátækamarkinum í landinum",Eysturoyar øki,Menn,,%,1.9
2021,"Partur av fólkinum, ið livir av minni enn fátækamarkinum í landinum",Eysturoyar øki,Menn,,%,2.1
2022,"Partur av fólkinum, ið livir av minni enn fátækamarkinum í landinum",Eysturoyar øki,Menn,,%,1.8
2023,"Partur av fólkinum, ið livir av minni enn fátækamarkinum í landinum",Eysturoyar øki,Menn,,%,1.8
2024,"Partur av fólkinum, ið livir av minni enn fátækamarkinum í landinum",Eysturoyar øki,Menn,,%,2.7
2009,"Partur av fólkinum, ið livir av minni enn fátækamarkinum í landinum",Eysturoyar øki,Menn,Aldur 0 - 17,%,3.8
2010,"Partur av fólkinum, ið livir av minni enn fátækamarkinum í landinum",Eysturoyar øki,Menn,Aldur 0 - 17,%,4.3
2011,"Partur av fólkinum, ið livir av minni enn fátækamarkinum í landinum",Eysturoyar øki,Menn,Aldur 0 - 17,%,3.1
2012,"Partur av fólkinum, ið livir av minni enn fátækamarkinum í landinum",Eysturoyar øki,Menn,Aldur 0 - 17,%,5.4
2013,"Partur av fólkinum, ið livir av minni enn fátækamarkinum í landinum",Eysturoyar øki,Menn,Aldur 0 - 17,%,4.8
2014,"Partur av fólkinum, ið livir av minni enn fátækamarkinum í landinum",Eysturoyar øki,Menn,Aldur 0 - 17,%,2.9
2015,"Partur av fólkinum, ið livir av minni enn fátækamarkinum í landinum",Eysturoyar øki,Menn,Aldur 0 - 17,%,3.2
2016,"Partur av fólkinum, ið livir av minni enn fátækamarkinum í landinum",Eysturoyar øki,Menn,Aldur 0 - 17,%,3.5
2017,"Partur av fólkinum, ið livir av minni enn fátækamarkinum í landinum",Eysturoyar øki,Menn,Aldur 0 - 17,%,3.6
2018,"Partur av fólkinum, ið livir av minni enn fátækamarkinum í landinum",Eysturoyar øki,Menn,Aldur 0 - 17,%,3.0
2019,"Partur av fólkinum, ið livir av minni enn fátækamarkinum í landinum",Eysturoyar øki,Menn,Aldur 0 - 17,%,2.7
2020,"Partur av fólkinum, ið livir av minni enn fátækamarkinum í landinum",Eysturoyar øki,Menn,Aldur 0 - 17,%,3.1
2021,"Partur av fólkinum, ið livir av minni enn fátækamarkinum í landinum",Eysturoyar øki,Menn,Aldur 0 - 17,%,2.3
2022,"Partur av fólkinum, ið livir av minni enn fátækamarkinum í landinum",Eysturoyar øki,Menn,Aldur 0 - 17,%,2.5
2023,"Partur av fólkinum, ið livir av minni enn fátækamarkinum í landinum",Eysturoyar øki,Menn,Aldur 0 - 17,%,2.5
2024,"Partur av fólkinum, ið livir av minni enn fátækamarkinum í landinum",Eysturoyar øki,Menn,Aldur 0 - 17,%,3.4
2009,"Partur av fólkinum, ið livir av minni enn fátækamarkinum í landinum",Eysturoyar øki,Menn,Aldur 18 - 24,%,2.7
2010,"Partur av fólkinum, ið livir av minni enn fátækamarkinum í landinum",Eysturoyar øki,Menn,Aldur 18 - 24,%,3.0
2011,"Partur av fólkinum, ið livir av minni enn fátækamarkinum í landinum",Eysturoyar øki,Menn,Aldur 18 - 24,%,2.7
2012,"Partur av fólkinum, ið livir av minni enn fátækamarkinum í landinum",Eysturoyar øki,Menn,Aldur 18 - 24,%,2.5
2013,"Partur av fólkinum, ið livir av minni enn fátækamarkinum í landinum",Eysturoyar øki,Menn,Aldur 18 - 24,%,1.9
2014,"Partur av fólkinum, ið livir av minni enn fátækamarkinum í landinum",Eysturoyar øki,Menn,Aldur 18 - 24,%,2.1
2015,"Partur av fólkinum, ið livir av minni enn fátækamarkinum í landinum",Eysturoyar øki,Menn,Aldur 18 - 24,%,2.3
2016,"Partur av fólkinum, ið livir av minni enn fátækamarkinum í landinum",Eysturoyar øki,Menn,Aldur 18 - 24,%,1.7
2017,"Partur av fólkinum, ið livir av minni enn fátækamarkinum í landinum",Eysturoyar øki,Menn,Aldur 18 - 24,%,0.9
2018,"Partur av fólkinum, ið livir av minni enn fátækamarkinum í landinum",Eysturoyar øki,Menn,Aldur 18 - 24,%,1.7
2019,"Partur av fólkinum, ið livir av minni enn fátækamarkinum í landinum",Eysturoyar øki,Menn,Aldur 18 - 24,%,1.2
2020,"Partur av fólkinum, ið livir av minni enn fátækamarkinum í landinum",Eysturoyar øki,Menn,Aldur 18 - 24,%,0.7
2021,"Partur av fólkinum, ið livir av minni enn fátækamarkinum í landinum",Eysturoyar øki,Menn,Aldur 18 - 24,%,1.6
2022,"Partur av fólkinum, ið livir av minni enn fátækamarkinum í landinum",Eysturoyar øki,Menn,Aldur 18 - 24,%,0.3
2023,"Partur av fólkinum, ið livir av minni enn fátækamarkinum í landinum",Eysturoyar øki,Menn,Aldur 18 - 24,%,1.0
2024,"Partur av fólkinum, ið livir av minni enn fátækamarkinum í landinum",Eysturoyar øki,Menn,Aldur 18 - 24,%,2.0
2009,"Partur av fólkinum, ið livir av minni enn fátækamarkinum í landinum",Eysturoyar øki,Menn,Aldur 25 - 54,%,2.6
2010,"Partur av fólkinum, ið livir av minni enn fátækamarkinum í landinum",Eysturoyar øki,Menn,Aldur 25 - 54,%,3.2
2011,"Partur av fólkinum, ið livir av minni enn fátækamarkinum í landinum",Eysturoyar øki,Menn,Aldur 25 - 54,%,2.8
2012,"Partur av fólkinum, ið livir av minni enn fátækamarkinum í landinum",Eysturoyar øki,Menn,Aldur 25 - 54,%,3.4
2013,"Partur av fólkinum, ið livir av minni enn fátækamarkinum í landinum",Eysturoyar øki,Menn,Aldur 25 - 54,%,2.7
2014,"Partur av fólkinum, ið livir av minni enn fátækamarkinum í landinum",Eysturoyar øki,Menn,Aldur 25 - 54,%,2.0
2015,"Partur av fólkinum, ið livir av minni enn fátækamarkinum í landinum",Eysturoyar øki,Menn,Aldur 25 - 54,%,2.1
2016,"Partur av fólkinum, ið livir av minni enn fátækamarkinum í landinum",Eysturoyar øki,Menn,Aldur 25 - 54,%,2.0
2017,"Partur av fólkinum, ið livir av minni enn fátækamarkinum í landinum",Eysturoyar øki,Menn,Aldur 25 - 54,%,2.4
2018,"Partur av fólkinum, ið livir av minni enn fátækamarkinum í landinum",Eysturoyar øki,Menn,Aldur 25 - 54,%,2.2
2019,"Partur av fólkinum, ið livir av minni enn fátækamarkinum í landinum",Eysturoyar øki,Menn,Aldur 25 - 54,%,1.5
2020,"Partur av fólkinum, ið livir av minni enn fátækamarkinum í landinum",Eysturoyar øki,Menn,Aldur 25 - 54,%,1.6
2021,"Partur av fólkinum, ið livir av minni enn fátækamarkinum í landinum",Eysturoyar øki,Menn,Aldur 25 - 54,%,2.4
2022,"Partur av fólkinum, ið livir av minni enn fátækamarkinum í landinum",Eysturoyar øki,Menn,Aldur 25 - 54,%,2.0
2023,"Partur av fólkinum, ið livir av minni enn fátækamarkinum í landinum",Eysturoyar øki,Menn,Aldur 25 - 54,%,2.0
2024,"Partur av fólkinum, ið livir av minni enn fátækamarkinum í landinum",Eysturoyar øki,Menn,Aldur 25 - 54,%,3.0
2009,"Partur av fólkinum, ið livir av minni enn fátækamarkinum í landinum",Eysturoyar øki,Menn,Aldur 55 - 66,%,3.9
2010,"Partur av fólkinum, ið livir av minni enn fátækamarkinum í landinum",Eysturoyar øki,Menn,Aldur 55 - 66,%,3.7
2011,"Partur av fólkinum, ið livir av minni enn fátækamarkinum í landinum",Eysturoyar øki,Menn,Aldur 55 - 66,%,3.9
2012,"Partur av fólkinum, ið livir av minni enn fátækamarkinum í landinum",Eysturoyar øki,Menn,Aldur 55 - 66,%,4.1
2013,"Partur av fólkinum, ið livir av minni enn fátækamarkinum í landinum",Eysturoyar øki,Menn,Aldur 55 - 66,%,2.8
2014,"Partur av fólkinum, ið livir av minni enn fátækamarkinum í landinum",Eysturoyar øki,Menn,Aldur 55 - 66,%,2.2
2015,"Partur av fólkinum, ið livir av minni enn fátækamarkinum í landinum",Eysturoyar øki,Menn,Aldur 55 - 66,%,1.6
2016,"Partur av fólkinum, ið livir av minni enn fátækamarkinum í landinum",Eysturoyar øki,Menn,Aldur 55 - 66,%,2.0
2017,"Partur av fólkinum, ið livir av minni enn fátækamarkinum í landinum",Eysturoyar øki,Menn,Aldur 55 - 66,%,1.4
2018,"Partur av fólkinum, ið livir av minni enn fátækamarkinum í landinum",Eysturoyar øki,Menn,Aldur 55 - 66,%,1.7
2019,"Partur av fólkinum, ið livir av minni enn fátækamarkinum í landinum",Eysturoyar øki,Menn,Aldur 55 - 66,%,1.7
2020,"Partur av fólkinum, ið livir av minni enn fátækamarkinum í landinum",Eysturoyar øki,Menn,Aldur 55 - 66,%,1.8
2021,"Partur av fólkinum, ið livir av minni enn fátækamarkinum í landinum",Eysturoyar øki,Menn,Aldur 55 - 66,%,2.4
2022,"Partur av fólkinum, ið livir av minni enn fátækamarkinum í landinum",Eysturoyar øki,Menn,Aldur 55 - 66,%,1.7
2023,"Partur av fólkinum, ið livir av minni enn fátækamarkinum í landinum",Eysturoyar øki,Menn,Aldur 55 - 66,%,1.6
2024,"Partur av fólkinum, ið livir av minni enn fátækamarkinum í landinum",Eysturoyar øki,Menn,Aldur 55 - 66,%,2.1
2009,"Partur av fólkinum, ið livir av minni enn fátækamarkinum í landinum",Eysturoyar øki,Menn,Aldur 67 + ,%,3.5
2010,"Partur av fólkinum, ið livir av minni enn fátækamarkinum í landinum",Eysturoyar øki,Menn,Aldur 67 + ,%,3.1
2011,"Partur av fólkinum, ið livir av minni enn fátækamarkinum í landinum",Eysturoyar øki,Menn,Aldur 67 + ,%,1.9
2012,"Partur av fólkinum, ið livir av minni enn fátækamarkinum í landinum",Eysturoyar øki,Menn,Aldur 67 + ,%,2.0
2013,"Partur av fólkinum, ið livir av minni enn fátækamarkinum í landinum",Eysturoyar øki,Menn,Aldur 67 + ,%,1.1
2014,"Partur av fólkinum, ið livir av minni enn fátækamarkinum í landinum",Eysturoyar øki,Menn,Aldur 67 + ,%,2.3
2015,"Partur av fólkinum, ið livir av minni enn fátækamarkinum í landinum",Eysturoyar øki,Menn,Aldur 67 + ,%,1.9
2016,"Partur av fólkinum, ið livir av minni enn fátækamarkinum í landinum",Eysturoyar øki,Menn,Aldur 67 + ,%,1.1
2017,"Partur av fólkinum, ið livir av minni enn fátækamarkinum í landinum",Eysturoyar øki,Menn,Aldur 67 + ,%,2.0
2018,"Partur av fólkinum, ið livir av minni enn fátækamarkinum í landinum",Eysturoyar øki,Menn,Aldur 67 + ,%,2.1
2019,"Partur av fólkinum, ið livir av minni enn fátækamarkinum í landinum",Eysturoyar øki,Menn,Aldur 67 + ,%,1.3
2020,"Partur av fólkinum, ið livir av minni enn fátækamarkinum í landinum",Eysturoyar øki,Menn,Aldur 67 + ,%,1.0
2021,"Partur av fólkinum, ið livir av minni enn fátækamarkinum í landinum",Eysturoyar øki,Menn,Aldur 67 + ,%,0.8
2022,"Partur av fólkinum, ið livir av minni enn fátækamarkinum í landinum",Eysturoyar øki,Menn,Aldur 67 + ,%,0.5
2023,"Partur av fólkinum, ið livir av minni enn fátækamarkinum í landinum",Eysturoyar øki,Menn,Aldur 67 + ,%,0.8
2024,"Partur av fólkinum, ið livir av minni enn fátækamarkinum í landinum",Eysturoyar øki,Menn,Aldur 67 + ,%,1.6
2009,"Partur av fólkinum, ið livir av minni enn fátækamarkinum í landinum",Norðoya øki,,,%,5.3
2010,"Partur av fólkinum, ið livir av minni enn fátækamarkinum í landinum",Norðoya øki,,,%,5.0
2011,"Partur av fólkinum, ið livir av minni enn fátækamarkinum í landinum",Norðoya øki,,,%,4.8
2012,"Partur av fólkinum, ið livir av minni enn fátækamarkinum í landinum",Norðoya øki,,,%,5.6
2013,"Partur av fólkinum, ið livir av minni enn fátækamarkinum í landinum",Norðoya øki,,,%,4.0
2014,"Partur av fólkinum, ið livir av minni enn fátækamarkinum í landinum",Norðoya øki,,,%,3.7
2015,"Partur av fólkinum, ið livir av minni enn fátækamarkinum í landinum",Norðoya øki,,,%,3.2
2016,"Partur av fólkinum, ið livir av minni enn fátækamarkinum í landinum",Norðoya øki,,,%,2.8
2017,"Partur av fólkinum, ið livir av minni enn fátækamarkinum í landinum",Norðoya øki,,,%,2.5
2018,"Partur av fólkinum, ið livir av minni enn fátækamarkinum í landinum",Norðoya øki,,,%,2.7
2019,"Partur av fólkinum, ið livir av minni enn fátækamarkinum í landinum",Norðoya øki,,,%,2.4
2020,"Partur av fólkinum, ið livir av minni enn fátækamarkinum í landinum",Norðoya øki,,,%,2.3
2021,"Partur av fólkinum, ið livir av minni enn fátækamarkinum í landinum",Norðoya øki,,,%,2.3
2022,"Partur av fólkinum, ið livir av minni enn fátækamarkinum í landinum",Norðoya øki,,,%,2.4
2023,"Partur av fólkinum, ið livir av minni enn fátækamarkinum í landinum",Norðoya øki,,,%,2.5
2024,"Partur av fólkinum, ið livir av minni enn fátækamarkinum í landinum",Norðoya øki,,,%,2.6
2009,"Partur av fólkinum, ið livir av minni enn fátækamarkinum í landinum",Norðoya øki,,Aldur 0 - 17,%,8.7
2010,"Partur av fólkinum, ið livir av minni enn fátækamarkinum í landinum",Norðoya øki,,Aldur 0 - 17,%,7.7
2011,"Partur av fólkinum, ið livir av minni enn fátækamarkinum í landinum",Norðoya øki,,Aldur 0 - 17,%,7.0
2012,"Partur av fólkinum, ið livir av minni enn fátækamarkinum í landinum",Norðoya øki,,Aldur 0 - 17,%,8.1
2013,"Partur av fólkinum, ið livir av minni enn fátækamarkinum í landinum",Norðoya øki,,Aldur 0 - 17,%,6.1
2014,"Partur av fólkinum, ið livir av minni enn fátækamarkinum í landinum",Norðoya øki,,Aldur 0 - 17,%,6.0
2015,"Partur av fólkinum, ið livir av minni enn fátækamarkinum í landinum",Norðoya øki,,Aldur 0 - 17,%,4.5
2016,"Partur av fólkinum, ið livir av minni enn fátækamarkinum í landinum",Norðoya øki,,Aldur 0 - 17,%,4.1
2017,"Partur av fólkinum, ið livir av minni enn fátækamarkinum í landinum",Norðoya øki,,Aldur 0 - 17,%,3.2
2018,"Partur av fólkinum, ið livir av minni enn fátækamarkinum í landinum",Norðoya øki,,Aldur 0 - 17,%,4.0
2019,"Partur av fólkinum, ið livir av minni enn fátækamarkinum í landinum",Norðoya øki,,Aldur 0 - 17,%,3.2
2020,"Partur av fólkinum, ið livir av minni enn fátækamarkinum í landinum",Norðoya øki,,Aldur 0 - 17,%,3.5
2021,"Partur av fólkinum, ið livir av minni enn fátækamarkinum í landinum",Norðoya øki,,Aldur 0 - 17,%,3.9
2022,"Partur av fólkinum, ið livir av minni enn fátækamarkinum í landinum",Norðoya øki,,Aldur 0 - 17,%,3.2
2023,"Partur av fólkinum, ið livir av minni enn fátækamarkinum í landinum",Norðoya øki,,Aldur 0 - 17,%,3.3
2024,"Partur av fólkinum, ið livir av minni enn fátækamarkinum í landinum",Norðoya øki,,Aldur 0 - 17,%,3.2
2009,"Partur av fólkinum, ið livir av minni enn fátækamarkinum í landinum",Norðoya øki,,Aldur 18 - 24,%,5.1
2010,"Partur av fólkinum, ið livir av minni enn fátækamarkinum í landinum",Norðoya øki,,Aldur 18 - 24,%,4.4
2011,"Partur av fólkinum, ið livir av minni enn fátækamarkinum í landinum",Norðoya øki,,Aldur 18 - 24,%,3.9
2012,"Partur av fólkinum, ið livir av minni enn fátækamarkinum í landinum",Norðoya øki,,Aldur 18 - 24,%,4.9
2013,"Partur av fólkinum, ið livir av minni enn fátækamarkinum í landinum",Norðoya øki,,Aldur 18 - 24,%,3.4
2014,"Partur av fólkinum, ið livir av minni enn fátækamarkinum í landinum",Norðoya øki,,Aldur 18 - 24,%,4.2
2015,"Partur av fólkinum, ið livir av minni enn fátækamarkinum í landinum",Norðoya øki,,Aldur 18 - 24,%,2.3
2016,"Partur av fólkinum, ið livir av minni enn fátækamarkinum í landinum",Norðoya øki,,Aldur 18 - 24,%,2.8
2017,"Partur av fólkinum, ið livir av minni enn fátækamarkinum í landinum",Norðoya øki,,Aldur 18 - 24,%,1.8
2018,"Partur av fólkinum, ið livir av minni enn fátækamarkinum í landinum",Norðoya øki,,Aldur 18 - 24,%,2.8
2019,"Partur av fólkinum, ið livir av minni enn fátækamarkinum í landinum",Norðoya øki,,Aldur 18 - 24,%,2.1
2020,"Partur av fólkinum, ið livir av minni enn fátækamarkinum í landinum",Norðoya øki,,Aldur 18 - 24,%,2.4
2021,"Partur av fólkinum, ið livir av minni enn fátækamarkinum í landinum",Norðoya øki,,Aldur 18 - 24,%,1.5
2022,"Partur av fólkinum, ið livir av minni enn fátækamarkinum í landinum",Norðoya øki,,Aldur 18 - 24,%,2.5
2023,"Partur av fólkinum, ið livir av minni enn fátækamarkinum í landinum",Norðoya øki,,Aldur 18 - 24,%,2.7
2024,"Partur av fólkinum, ið livir av minni enn fátækamarkinum í landinum",Norðoya øki,,Aldur 18 - 24,%,3.1
2009,"Partur av fólkinum, ið livir av minni enn fátækamarkinum í landinum",Norðoya øki,,Aldur 25 - 54,%,4.8
2010,"Partur av fólkinum, ið livir av minni enn fátækamarkinum í landinum",Norðoya øki,,Aldur 25 - 54,%,4.8
2011,"Partur av fólkinum, ið livir av minni enn fátækamarkinum í landinum",Norðoya øki,,Aldur 25 - 54,%,5.2
2012,"Partur av fólkinum, ið livir av minni enn fátækamarkinum í landinum",Norðoya øki,,Aldur 25 - 54,%,6.0
2013,"Partur av fólkinum, ið livir av minni enn fátækamarkinum í landinum",Norðoya øki,,Aldur 25 - 54,%,3.8
2014,"Partur av fólkinum, ið livir av minni enn fátækamarkinum í landinum",Norðoya øki,,Aldur 25 - 54,%,3.7
2015,"Partur av fólkinum, ið livir av minni enn fátækamarkinum í landinum",Norðoya øki,,Aldur 25 - 54,%,3.4
2016,"Partur av fólkinum, ið livir av minni enn fátækamarkinum í landinum",Norðoya øki,,Aldur 25 - 54,%,2.8
2017,"Partur av fólkinum, ið livir av minni enn fátækamarkinum í landinum",Norðoya øki,,Aldur 25 - 54,%,2.4
2018,"Partur av fólkinum, ið livir av minni enn fátækamarkinum í landinum",Norðoya øki,,Aldur 25 - 54,%,2.7
2019,"Partur av fólkinum, ið livir av minni enn fátækamarkinum í landinum",Norðoya øki,,Aldur 25 - 54,%,2.7
2020,"Partur av fólkinum, ið livir av minni enn fátækamarkinum í landinum",Norðoya øki,,Aldur 25 - 54,%,2.2
2021,"Partur av fólkinum, ið livir av minni enn fátækamarkinum í landinum",Norðoya øki,,Aldur 25 - 54,%,2.6
2022,"Partur av fólkinum, ið livir av minni enn fátækamarkinum í landinum",Norðoya øki,,Aldur 25 - 54,%,2.4
2023,"Partur av fólkinum, ið livir av minni enn fátækamarkinum í landinum",Norðoya øki,,Aldur 25 - 54,%,2.5
2024,"Partur av fólkinum, ið livir av minni enn fátækamarkinum í landinum",Norðoya øki,,Aldur 25 - 54,%,2.8
2009,"Partur av fólkinum, ið livir av minni enn fátækamarkinum í landinum",Norðoya øki,,Aldur 55 - 66,%,3.4
2010,"Partur av fólkinum, ið livir av minni enn fátækamarkinum í landinum",Norðoya øki,,Aldur 55 - 66,%,2.9
2011,"Partur av fólkinum, ið livir av minni enn fátækamarkinum í landinum",Norðoya øki,,Aldur 55 - 66,%,2.9
2012,"Partur av fólkinum, ið livir av minni enn fátækamarkinum í landinum",Norðoya øki,,Aldur 55 - 66,%,2.9
2013,"Partur av fólkinum, ið livir av minni enn fátækamarkinum í landinum",Norðoya øki,,Aldur 55 - 66,%,2.4
2014,"Partur av fólkinum, ið livir av minni enn fátækamarkinum í landinum",Norðoya øki,,Aldur 55 - 66,%,1.6
2015,"Partur av fólkinum, ið livir av minni enn fátækamarkinum í landinum",Norðoya øki,,Aldur 55 - 66,%,1.8
2016,"Partur av fólkinum, ið livir av minni enn fátækamarkinum í landinum",Norðoya øki,,Aldur 55 - 66,%,1.3
2017,"Partur av fólkinum, ið livir av minni enn fátækamarkinum í landinum",Norðoya øki,,Aldur 55 - 66,%,2.0
2018,"Partur av fólkinum, ið livir av minni enn fátækamarkinum í landinum",Norðoya øki,,Aldur 55 - 66,%,0.8
2019,"Partur av fólkinum, ið livir av minni enn fátækamarkinum í landinum",Norðoya øki,,Aldur 55 - 66,%,1.0
2020,"Partur av fólkinum, ið livir av minni enn fátækamarkinum í landinum",Norðoya øki,,Aldur 55 - 66,%,1.1
2021,"Partur av fólkinum, ið livir av minni enn fátækamarkinum í landinum",Norðoya øki,,Aldur 55 - 66,%,0.9
2022,"Partur av fólkinum, ið livir av minni enn fátækamarkinum í landinum",Norðoya øki,,Aldur 55 - 66,%,1.8
2023,"Partur av fólkinum, ið livir av minni enn fátækamarkinum í landinum",Norðoya øki,,Aldur 55 - 66,%,1.9
2024,"Partur av fólkinum, ið livir av minni enn fátækamarkinum í landinum",Norðoya øki,,Aldur 55 - 66,%,2.2
2009,"Partur av fólkinum, ið livir av minni enn fátækamarkinum í landinum",Norðoya øki,,Aldur 67 + ,%,2.5
2010,"Partur av fólkinum, ið livir av minni enn fátækamarkinum í landinum",Norðoya øki,,Aldur 67 + ,%,3.0
2011,"Partur av fólkinum, ið livir av minni enn fátækamarkinum í landinum",Norðoya øki,,Aldur 67 + ,%,2.3
2012,"Partur av fólkinum, ið livir av minni enn fátækamarkinum í landinum",Norðoya øki,,Aldur 67 + ,%,3.1
2013,"Partur av fólkinum, ið livir av minni enn fátækamarkinum í landinum",Norðoya øki,,Aldur 67 + ,%,2.7
2014,"Partur av fólkinum, ið livir av minni enn fátækamarkinum í landinum",Norðoya øki,,Aldur 67 + ,%,1.9
2015,"Partur av fólkinum, ið livir av minni enn fátækamarkinum í landinum",Norðoya øki,,Aldur 67 + ,%,2.3
2016,"Partur av fólkinum, ið livir av minni enn fátækamarkinum í landinum",Norðoya øki,,Aldur 67 + ,%,2.2
2017,"Partur av fólkinum, ið livir av minni enn fátækamarkinum í landinum",Norðoya øki,,Aldur 67 + ,%,2.6
2018,"Partur av fólkinum, ið livir av minni enn fátækamarkinum í landinum",Norðoya øki,,Aldur 67 + ,%,2.1
2019,"Partur av fólkinum, ið livir av minni enn fátækamarkinum í landinum",Norðoya øki,,Aldur 67 + ,%,1.9
2020,"Partur av fólkinum, ið livir av minni enn fátækamarkinum í landinum",Norðoya øki,,Aldur 67 + ,%,1.6
2021,"Partur av fólkinum, ið livir av minni enn fátækamarkinum í landinum",Norðoya øki,,Aldur 67 + ,%,1.1
2022,"Partur av fólkinum, ið livir av minni enn fátækamarkinum í landinum",Norðoya øki,,Aldur 67 + ,%,1.5
2023,"Partur av fólkinum, ið livir av minni enn fátækamarkinum í landinum",Norðoya øki,,Aldur 67 + ,%,1.6
2024,"Partur av fólkinum, ið livir av minni enn fátækamarkinum í landinum",Norðoya øki,,Aldur 67 + ,%,1.5
2009,"Partur av fólkinum, ið livir av minni enn fátækamarkinum í landinum",Norðoya øki,Kvinnur,,%,5.5
2010,"Partur av fólkinum, ið livir av minni enn fátækamarkinum í landinum",Norðoya øki,Kvinnur,,%,5.3
2011,"Partur av fólkinum, ið livir av minni enn fátækamarkinum í landinum",Norðoya øki,Kvinnur,,%,4.7
2012,"Partur av fólkinum, ið livir av minni enn fátækamarkinum í landinum",Norðoya øki,Kvinnur,,%,6.0
2013,"Partur av fólkinum, ið livir av minni enn fátækamarkinum í landinum",Norðoya øki,Kvinnur,,%,4.3
2014,"Partur av fólkinum, ið livir av minni enn fátækamarkinum í landinum",Norðoya øki,Kvinnur,,%,4.2
2015,"Partur av fólkinum, ið livir av minni enn fátækamarkinum í landinum",Norðoya øki,Kvinnur,,%,3.4
2016,"Partur av fólkinum, ið livir av minni enn fátækamarkinum í landinum",Norðoya øki,Kvinnur,,%,2.9
2017,"Partur av fólkinum, ið livir av minni enn fátækamarkinum í landinum",Norðoya øki,Kvinnur,,%,2.8
2018,"Partur av fólkinum, ið livir av minni enn fátækamarkinum í landinum",Norðoya øki,Kvinnur,,%,3.0
2019,"Partur av fólkinum, ið livir av minni enn fátækamarkinum í landinum",Norðoya øki,Kvinnur,,%,2.7
2020,"Partur av fólkinum, ið livir av minni enn fátækamarkinum í landinum",Norðoya øki,Kvinnur,,%,2.6
2021,"Partur av fólkinum, ið livir av minni enn fátækamarkinum í landinum",Norðoya øki,Kvinnur,,%,2.4
2022,"Partur av fólkinum, ið livir av minni enn fátækamarkinum í landinum",Norðoya øki,Kvinnur,,%,2.6
2023,"Partur av fólkinum, ið livir av minni enn fátækamarkinum í landinum",Norðoya øki,Kvinnur,,%,2.4
2024,"Partur av fólkinum, ið livir av minni enn fátækamarkinum í landinum",Norðoya øki,Kvinnur,,%,2.7
2009,"Partur av fólkinum, ið livir av minni enn fátækamarkinum í landinum",Norðoya øki,Kvinnur,Aldur 0 - 17,%,8.3
2010,"Partur av fólkinum, ið livir av minni enn fátækamarkinum í landinum",Norðoya øki,Kvinnur,Aldur 0 - 17,%,8.1
2011,"Partur av fólkinum, ið livir av minni enn fátækamarkinum í landinum",Norðoya øki,Kvinnur,Aldur 0 - 17,%,6.0
2012,"Partur av fólkinum, ið livir av minni enn fátækamarkinum í landinum",Norðoya øki,Kvinnur,Aldur 0 - 17,%,7.7
2013,"Partur av fólkinum, ið livir av minni enn fátækamarkinum í landinum",Norðoya øki,Kvinnur,Aldur 0 - 17,%,6.5
2014,"Partur av fólkinum, ið livir av minni enn fátækamarkinum í landinum",Norðoya øki,Kvinnur,Aldur 0 - 17,%,6.1
2015,"Partur av fólkinum, ið livir av minni enn fátækamarkinum í landinum",Norðoya øki,Kvinnur,Aldur 0 - 17,%,4.6
2016,"Partur av fólkinum, ið livir av minni enn fátækamarkinum í landinum",Norðoya øki,Kvinnur,Aldur 0 - 17,%,4.0
2017,"Partur av fólkinum, ið livir av minni enn fátækamarkinum í landinum",Norðoya øki,Kvinnur,Aldur 0 - 17,%,2.9
2018,"Partur av fólkinum, ið livir av minni enn fátækamarkinum í landinum",Norðoya øki,Kvinnur,Aldur 0 - 17,%,3.5
2019,"Partur av fólkinum, ið livir av minni enn fátækamarkinum í landinum",Norðoya øki,Kvinnur,Aldur 0 - 17,%,3.1
2020,"Partur av fólkinum, ið livir av minni enn fátækamarkinum í landinum",Norðoya øki,Kvinnur,Aldur 0 - 17,%,3.2
2021,"Partur av fólkinum, ið livir av minni enn fátækamarkinum í landinum",Norðoya øki,Kvinnur,Aldur 0 - 17,%,3.4
2022,"Partur av fólkinum, ið livir av minni enn fátækamarkinum í landinum",Norðoya øki,Kvinnur,Aldur 0 - 17,%,2.8
2023,"Partur av fólkinum, ið livir av minni enn fátækamarkinum í landinum",Norðoya øki,Kvinnur,Aldur 0 - 17,%,2.5
2024,"Partur av fólkinum, ið livir av minni enn fátækamarkinum í landinum",Norðoya øki,Kvinnur,Aldur 0 - 17,%,2.9
2009,"Partur av fólkinum, ið livir av minni enn fátækamarkinum í landinum",Norðoya øki,Kvinnur,Aldur 18 - 24,%,6.4
2010,"Partur av fólkinum, ið livir av minni enn fátækamarkinum í landinum",Norðoya øki,Kvinnur,Aldur 18 - 24,%,5.6
2011,"Partur av fólkinum, ið livir av minni enn fátækamarkinum í landinum",Norðoya øki,Kvinnur,Aldur 18 - 24,%,5.1
2012,"Partur av fólkinum, ið livir av minni enn fátækamarkinum í landinum",Norðoya øki,Kvinnur,Aldur 18 - 24,%,7.5
2013,"Partur av fólkinum, ið livir av minni enn fátækamarkinum í landinum",Norðoya øki,Kvinnur,Aldur 18 - 24,%,4.8
2014,"Partur av fólkinum, ið livir av minni enn fátækamarkinum í landinum",Norðoya øki,Kvinnur,Aldur 18 - 24,%,5.8
2015,"Partur av fólkinum, ið livir av minni enn fátækamarkinum í landinum",Norðoya øki,Kvinnur,Aldur 18 - 24,%,3.2
2016,"Partur av fólkinum, ið livir av minni enn fátækamarkinum í landinum",Norðoya øki,Kvinnur,Aldur 18 - 24,%,3.6
2017,"Partur av fólkinum, ið livir av minni enn fátækamarkinum í landinum",Norðoya øki,Kvinnur,Aldur 18 - 24,%,3.0
2018,"Partur av fólkinum, ið livir av minni enn fátækamarkinum í landinum",Norðoya øki,Kvinnur,Aldur 18 - 24,%,3.7
2019,"Partur av fólkinum, ið livir av minni enn fátækamarkinum í landinum",Norðoya øki,Kvinnur,Aldur 18 - 24,%,2.5
2020,"Partur av fólkinum, ið livir av minni enn fátækamarkinum í landinum",Norðoya øki,Kvinnur,Aldur 18 - 24,%,3.7
2021,"Partur av fólkinum, ið livir av minni enn fátækamarkinum í landinum",Norðoya øki,Kvinnur,Aldur 18 - 24,%,1.5
2022,"Partur av fólkinum, ið livir av minni enn fátækamarkinum í landinum",Norðoya øki,Kvinnur,Aldur 18 - 24,%,3.8
2023,"Partur av fólkinum, ið livir av minni enn fátækamarkinum í landinum",Norðoya øki,Kvinnur,Aldur 18 - 24,%,3.0
2024,"Partur av fólkinum, ið livir av minni enn fátækamarkinum í landinum",Norðoya øki,Kvinnur,Aldur 18 - 24,%,2.4
2009,"Partur av fólkinum, ið livir av minni enn fátækamarkinum í landinum",Norðoya øki,Kvinnur,Aldur 25 - 54,%,5.7
2010,"Partur av fólkinum, ið livir av minni enn fátækamarkinum í landinum",Norðoya øki,Kvinnur,Aldur 25 - 54,%,5.3
2011,"Partur av fólkinum, ið livir av minni enn fátækamarkinum í landinum",Norðoya øki,Kvinnur,Aldur 25 - 54,%,5.6
2012,"Partur av fólkinum, ið livir av minni enn fátækamarkinum í landinum",Norðoya øki,Kvinnur,Aldur 25 - 54,%,6.8
2013,"Partur av fólkinum, ið livir av minni enn fátækamarkinum í landinum",Norðoya øki,Kvinnur,Aldur 25 - 54,%,4.2
2014,"Partur av fólkinum, ið livir av minni enn fátækamarkinum í landinum",Norðoya øki,Kvinnur,Aldur 25 - 54,%,4.8
2015,"Partur av fólkinum, ið livir av minni enn fátækamarkinum í landinum",Norðoya øki,Kvinnur,Aldur 25 - 54,%,3.9
2016,"Partur av fólkinum, ið livir av minni enn fátækamarkinum í landinum",Norðoya øki,Kvinnur,Aldur 25 - 54,%,2.8
2017,"Partur av fólkinum, ið livir av minni enn fátækamarkinum í landinum",Norðoya øki,Kvinnur,Aldur 25 - 54,%,2.6
2018,"Partur av fólkinum, ið livir av minni enn fátækamarkinum í landinum",Norðoya øki,Kvinnur,Aldur 25 - 54,%,3.7
2019,"Partur av fólkinum, ið livir av minni enn fátækamarkinum í landinum",Norðoya øki,Kvinnur,Aldur 25 - 54,%,3.3
2020,"Partur av fólkinum, ið livir av minni enn fátækamarkinum í landinum",Norðoya øki,Kvinnur,Aldur 25 - 54,%,2.9
2021,"Partur av fólkinum, ið livir av minni enn fátækamarkinum í landinum",Norðoya øki,Kvinnur,Aldur 25 - 54,%,3.0
2022,"Partur av fólkinum, ið livir av minni enn fátækamarkinum í landinum",Norðoya øki,Kvinnur,Aldur 25 - 54,%,2.8
2023,"Partur av fólkinum, ið livir av minni enn fátækamarkinum í landinum",Norðoya øki,Kvinnur,Aldur 25 - 54,%,2.6
2024,"Partur av fólkinum, ið livir av minni enn fátækamarkinum í landinum",Norðoya øki,Kvinnur,Aldur 25 - 54,%,3.1
2009,"Partur av fólkinum, ið livir av minni enn fátækamarkinum í landinum",Norðoya øki,Kvinnur,Aldur 55 - 66,%,2.2
2010,"Partur av fólkinum, ið livir av minni enn fátækamarkinum í landinum",Norðoya øki,Kvinnur,Aldur 55 - 66,%,2.5
2011,"Partur av fólkinum, ið livir av minni enn fátækamarkinum í landinum",Norðoya øki,Kvinnur,Aldur 55 - 66,%,2.1
2012,"Partur av fólkinum, ið livir av minni enn fátækamarkinum í landinum",Norðoya øki,Kvinnur,Aldur 55 - 66,%,2.8
2013,"Partur av fólkinum, ið livir av minni enn fátækamarkinum í landinum",Norðoya øki,Kvinnur,Aldur 55 - 66,%,2.3
2014,"Partur av fólkinum, ið livir av minni enn fátækamarkinum í landinum",Norðoya øki,Kvinnur,Aldur 55 - 66,%,1.3
2015,"Partur av fólkinum, ið livir av minni enn fátækamarkinum í landinum",Norðoya øki,Kvinnur,Aldur 55 - 66,%,1.5
2016,"Partur av fólkinum, ið livir av minni enn fátækamarkinum í landinum",Norðoya øki,Kvinnur,Aldur 55 - 66,%,1.3
2017,"Partur av fólkinum, ið livir av minni enn fátækamarkinum í landinum",Norðoya øki,Kvinnur,Aldur 55 - 66,%,2.3
2018,"Partur av fólkinum, ið livir av minni enn fátækamarkinum í landinum",Norðoya øki,Kvinnur,Aldur 55 - 66,%,1.0
2019,"Partur av fólkinum, ið livir av minni enn fátækamarkinum í landinum",Norðoya øki,Kvinnur,Aldur 55 - 66,%,1.4
2020,"Partur av fólkinum, ið livir av minni enn fátækamarkinum í landinum",Norðoya øki,Kvinnur,Aldur 55 - 66,%,1.2
2021,"Partur av fólkinum, ið livir av minni enn fátækamarkinum í landinum",Norðoya øki,Kvinnur,Aldur 55 - 66,%,0.9
2022,"Partur av fólkinum, ið livir av minni enn fátækamarkinum í landinum",Norðoya øki,Kvinnur,Aldur 55 - 66,%,1.6
2023,"Partur av fólkinum, ið livir av minni enn fátækamarkinum í landinum",Norðoya øki,Kvinnur,Aldur 55 - 66,%,1.9
2024,"Partur av fólkinum, ið livir av minni enn fátækamarkinum í landinum",Norðoya øki,Kvinnur,Aldur 55 - 66,%,2.0
2009,"Partur av fólkinum, ið livir av minni enn fátækamarkinum í landinum",Norðoya øki,Kvinnur,Aldur 67 + ,%,2.0
2010,"Partur av fólkinum, ið livir av minni enn fátækamarkinum í landinum",Norðoya øki,Kvinnur,Aldur 67 + ,%,2.6
2011,"Partur av fólkinum, ið livir av minni enn fátækamarkinum í landinum",Norðoya øki,Kvinnur,Aldur 67 + ,%,2.6
2012,"Partur av fólkinum, ið livir av minni enn fátækamarkinum í landinum",Norðoya øki,Kvinnur,Aldur 67 + ,%,3.3
2013,"Partur av fólkinum, ið livir av minni enn fátækamarkinum í landinum",Norðoya øki,Kvinnur,Aldur 67 + ,%,2.7
2014,"Partur av fólkinum, ið livir av minni enn fátækamarkinum í landinum",Norðoya øki,Kvinnur,Aldur 67 + ,%,2.0
2015,"Partur av fólkinum, ið livir av minni enn fátækamarkinum í landinum",Norðoya øki,Kvinnur,Aldur 67 + ,%,2.4
2016,"Partur av fólkinum, ið livir av minni enn fátækamarkinum í landinum",Norðoya øki,Kvinnur,Aldur 67 + ,%,2.4
2017,"Partur av fólkinum, ið livir av minni enn fátækamarkinum í landinum",Norðoya øki,Kvinnur,Aldur 67 + ,%,3.5
2018,"Partur av fólkinum, ið livir av minni enn fátækamarkinum í landinum",Norðoya øki,Kvinnur,Aldur 67 + ,%,2.2
2019,"Partur av fólkinum, ið livir av minni enn fátækamarkinum í landinum",Norðoya øki,Kvinnur,Aldur 67 + ,%,2.2
2020,"Partur av fólkinum, ið livir av minni enn fátækamarkinum í landinum",Norðoya øki,Kvinnur,Aldur 67 + ,%,1.9
2021,"Partur av fólkinum, ið livir av minni enn fátækamarkinum í landinum",Norðoya øki,Kvinnur,Aldur 67 + ,%,1.6
2022,"Partur av fólkinum, ið livir av minni enn fátækamarkinum í landinum",Norðoya øki,Kvinnur,Aldur 67 + ,%,2.0
2023,"Partur av fólkinum, ið livir av minni enn fátækamarkinum í landinum",Norðoya øki,Kvinnur,Aldur 67 + ,%,1.9
2024,"Partur av fólkinum, ið livir av minni enn fátækamarkinum í landinum",Norðoya øki,Kvinnur,Aldur 67 + ,%,2.0
2009,"Partur av fólkinum, ið livir av minni enn fátækamarkinum í landinum",Norðoya øki,Menn,,%,5.2
2010,"Partur av fólkinum, ið livir av minni enn fátækamarkinum í landinum",Norðoya øki,Menn,,%,4.7
2011,"Partur av fólkinum, ið livir av minni enn fátækamarkinum í landinum",Norðoya øki,Menn,,%,4.9
2012,"Partur av fólkinum, ið livir av minni enn fátækamarkinum í landinum",Norðoya øki,Menn,,%,5.2
2013,"Partur av fólkinum, ið livir av minni enn fátækamarkinum í landinum",Norðoya øki,Menn,,%,3.7
2014,"Partur av fólkinum, ið livir av minni enn fátækamarkinum í landinum",Norðoya øki,Menn,,%,3.3
2015,"Partur av fólkinum, ið livir av minni enn fátækamarkinum í landinum",Norðoya øki,Menn,,%,2.9
2016,"Partur av fólkinum, ið livir av minni enn fátækamarkinum í landinum",Norðoya øki,Menn,,%,2.8
2017,"Partur av fólkinum, ið livir av minni enn fátækamarkinum í landinum",Norðoya øki,Menn,,%,2.2
2018,"Partur av fólkinum, ið livir av minni enn fátækamarkinum í landinum",Norðoya øki,Menn,,%,2.3
2019,"Partur av fólkinum, ið livir av minni enn fátækamarkinum í landinum",Norðoya øki,Menn,,%,2.0
2020,"Partur av fólkinum, ið livir av minni enn fátækamarkinum í landinum",Norðoya øki,Menn,,%,1.9
2021,"Partur av fólkinum, ið livir av minni enn fátækamarkinum í landinum",Norðoya øki,Menn,,%,2.3
2022,"Partur av fólkinum, ið livir av minni enn fátækamarkinum í landinum",Norðoya øki,Menn,,%,2.2
2023,"Partur av fólkinum, ið livir av minni enn fátækamarkinum í landinum",Norðoya øki,Menn,,%,2.6
2024,"Partur av fólkinum, ið livir av minni enn fátækamarkinum í landinum",Norðoya øki,Menn,,%,2.5
2009,"Partur av fólkinum, ið livir av minni enn fátækamarkinum í landinum",Norðoya øki,Menn,Aldur 0 - 17,%,9.0
2010,"Partur av fólkinum, ið livir av minni enn fátækamarkinum í landinum",Norðoya øki,Menn,Aldur 0 - 17,%,7.2
2011,"Partur av fólkinum, ið livir av minni enn fátækamarkinum í landinum",Norðoya øki,Menn,Aldur 0 - 17,%,8.0
2012,"Partur av fólkinum, ið livir av minni enn fátækamarkinum í landinum",Norðoya øki,Menn,Aldur 0 - 17,%,8.5
2013,"Partur av fólkinum, ið livir av minni enn fátækamarkinum í landinum",Norðoya øki,Menn,Aldur 0 - 17,%,5.7
2014,"Partur av fólkinum, ið livir av minni enn fátækamarkinum í landinum",Norðoya øki,Menn,Aldur 0 - 17,%,6.0
2015,"Partur av fólkinum, ið livir av minni enn fátækamarkinum í landinum",Norðoya øki,Menn,Aldur 0 - 17,%,4.5
2016,"Partur av fólkinum, ið livir av minni enn fátækamarkinum í landinum",Norðoya øki,Menn,Aldur 0 - 17,%,4.2
2017,"Partur av fólkinum, ið livir av minni enn fátækamarkinum í landinum",Norðoya øki,Menn,Aldur 0 - 17,%,3.5
2018,"Partur av fólkinum, ið livir av minni enn fátækamarkinum í landinum",Norðoya øki,Menn,Aldur 0 - 17,%,4.4
2019,"Partur av fólkinum, ið livir av minni enn fátækamarkinum í landinum",Norðoya øki,Menn,Aldur 0 - 17,%,3.4
2020,"Partur av fólkinum, ið livir av minni enn fátækamarkinum í landinum",Norðoya øki,Menn,Aldur 0 - 17,%,3.7
2021,"Partur av fólkinum, ið livir av minni enn fátækamarkinum í landinum",Norðoya øki,Menn,Aldur 0 - 17,%,4.4
2022,"Partur av fólkinum, ið livir av minni enn fátækamarkinum í landinum",Norðoya øki,Menn,Aldur 0 - 17,%,3.7
2023,"Partur av fólkinum, ið livir av minni enn fátækamarkinum í landinum",Norðoya øki,Menn,Aldur 0 - 17,%,4.1
2024,"Partur av fólkinum, ið livir av minni enn fátækamarkinum í landinum",Norðoya øki,Menn,Aldur 0 - 17,%,3.4
2009,"Partur av fólkinum, ið livir av minni enn fátækamarkinum í landinum",Norðoya øki,Menn,Aldur 18 - 24,%,4.0
2010,"Partur av fólkinum, ið livir av minni enn fátækamarkinum í landinum",Norðoya øki,Menn,Aldur 18 - 24,%,3.3
2011,"Partur av fólkinum, ið livir av minni enn fátækamarkinum í landinum",Norðoya øki,Menn,Aldur 18 - 24,%,2.8
2012,"Partur av fólkinum, ið livir av minni enn fátækamarkinum í landinum",Norðoya øki,Menn,Aldur 18 - 24,%,2.7
2013,"Partur av fólkinum, ið livir av minni enn fátækamarkinum í landinum",Norðoya øki,Menn,Aldur 18 - 24,%,2.3
2014,"Partur av fólkinum, ið livir av minni enn fátækamarkinum í landinum",Norðoya øki,Menn,Aldur 18 - 24,%,2.8
2015,"Partur av fólkinum, ið livir av minni enn fátækamarkinum í landinum",Norðoya øki,Menn,Aldur 18 - 24,%,1.4
2016,"Partur av fólkinum, ið livir av minni enn fátækamarkinum í landinum",Norðoya øki,Menn,Aldur 18 - 24,%,2.1
2017,"Partur av fólkinum, ið livir av minni enn fátækamarkinum í landinum",Norðoya øki,Menn,Aldur 18 - 24,%,0.7
2018,"Partur av fólkinum, ið livir av minni enn fátækamarkinum í landinum",Norðoya øki,Menn,Aldur 18 - 24,%,2.0
2019,"Partur av fólkinum, ið livir av minni enn fátækamarkinum í landinum",Norðoya øki,Menn,Aldur 18 - 24,%,1.6
2020,"Partur av fólkinum, ið livir av minni enn fátækamarkinum í landinum",Norðoya øki,Menn,Aldur 18 - 24,%,1.2
2021,"Partur av fólkinum, ið livir av minni enn fátækamarkinum í landinum",Norðoya øki,Menn,Aldur 18 - 24,%,1.5
2022,"Partur av fólkinum, ið livir av minni enn fátækamarkinum í landinum",Norðoya øki,Menn,Aldur 18 - 24,%,1.5
2023,"Partur av fólkinum, ið livir av minni enn fátækamarkinum í landinum",Norðoya øki,Menn,Aldur 18 - 24,%,2.4
2024,"Partur av fólkinum, ið livir av minni enn fátækamarkinum í landinum",Norðoya øki,Menn,Aldur 18 - 24,%,3.7
2009,"Partur av fólkinum, ið livir av minni enn fátækamarkinum í landinum",Norðoya øki,Menn,Aldur 25 - 54,%,4.1
2010,"Partur av fólkinum, ið livir av minni enn fátækamarkinum í landinum",Norðoya øki,Menn,Aldur 25 - 54,%,4.3
2011,"Partur av fólkinum, ið livir av minni enn fátækamarkinum í landinum",Norðoya øki,Menn,Aldur 25 - 54,%,4.9
2012,"Partur av fólkinum, ið livir av minni enn fátækamarkinum í landinum",Norðoya øki,Menn,Aldur 25 - 54,%,5.3
2013,"Partur av fólkinum, ið livir av minni enn fátækamarkinum í landinum",Norðoya øki,Menn,Aldur 25 - 54,%,3.5
2014,"Partur av fólkinum, ið livir av minni enn fátækamarkinum í landinum",Norðoya øki,Menn,Aldur 25 - 54,%,2.7
2015,"Partur av fólkinum, ið livir av minni enn fátækamarkinum í landinum",Norðoya øki,Menn,Aldur 25 - 54,%,2.9
2016,"Partur av fólkinum, ið livir av minni enn fátækamarkinum í landinum",Norðoya øki,Menn,Aldur 25 - 54,%,2.8
2017,"Partur av fólkinum, ið livir av minni enn fátækamarkinum í landinum",Norðoya øki,Menn,Aldur 25 - 54,%,2.1
2018,"Partur av fólkinum, ið livir av minni enn fátækamarkinum í landinum",Norðoya øki,Menn,Aldur 25 - 54,%,1.9
2019,"Partur av fólkinum, ið livir av minni enn fátækamarkinum í landinum",Norðoya øki,Menn,Aldur 25 - 54,%,2.1
2020,"Partur av fólkinum, ið livir av minni enn fátækamarkinum í landinum",Norðoya øki,Menn,Aldur 25 - 54,%,1.6
2021,"Partur av fólkinum, ið livir av minni enn fátækamarkinum í landinum",Norðoya øki,Menn,Aldur 25 - 54,%,2.3
2022,"Partur av fólkinum, ið livir av minni enn fátækamarkinum í landinum",Norðoya øki,Menn,Aldur 25 - 54,%,2.0
2023,"Partur av fólkinum, ið livir av minni enn fátækamarkinum í landinum",Norðoya øki,Menn,Aldur 25 - 54,%,2.5
2024,"Partur av fólkinum, ið livir av minni enn fátækamarkinum í landinum",Norðoya øki,Menn,Aldur 25 - 54,%,2.4
2009,"Partur av fólkinum, ið livir av minni enn fátækamarkinum í landinum",Norðoya øki,Menn,Aldur 55 - 66,%,4.4
2010,"Partur av fólkinum, ið livir av minni enn fátækamarkinum í landinum",Norðoya øki,Menn,Aldur 55 - 66,%,3.3
2011,"Partur av fólkinum, ið livir av minni enn fátækamarkinum í landinum",Norðoya øki,Menn,Aldur 55 - 66,%,3.5
2012,"Partur av fólkinum, ið livir av minni enn fátækamarkinum í landinum",Norðoya øki,Menn,Aldur 55 - 66,%,3.0
2013,"Partur av fólkinum, ið livir av minni enn fátækamarkinum í landinum",Norðoya øki,Menn,Aldur 55 - 66,%,2.5
2014,"Partur av fólkinum, ið livir av minni enn fátækamarkinum í landinum",Norðoya øki,Menn,Aldur 55 - 66,%,2.0
2015,"Partur av fólkinum, ið livir av minni enn fátækamarkinum í landinum",Norðoya øki,Menn,Aldur 55 - 66,%,2.0
2016,"Partur av fólkinum, ið livir av minni enn fátækamarkinum í landinum",Norðoya øki,Menn,Aldur 55 - 66,%,1.3
2017,"Partur av fólkinum, ið livir av minni enn fátækamarkinum í landinum",Norðoya øki,Menn,Aldur 55 - 66,%,1.8
2018,"Partur av fólkinum, ið livir av minni enn fátækamarkinum í landinum",Norðoya øki,Menn,Aldur 55 - 66,%,0.7
2019,"Partur av fólkinum, ið livir av minni enn fátækamarkinum í landinum",Norðoya øki,Menn,Aldur 55 - 66,%,0.6
2020,"Partur av fólkinum, ið livir av minni enn fátækamarkinum í landinum",Norðoya øki,Menn,Aldur 55 - 66,%,1.1
2021,"Partur av fólkinum, ið livir av minni enn fátækamarkinum í landinum",Norðoya øki,Menn,Aldur 55 - 66,%,0.8
2022,"Partur av fólkinum, ið livir av minni enn fátækamarkinum í landinum",Norðoya øki,Menn,Aldur 55 - 66,%,1.9
2023,"Partur av fólkinum, ið livir av minni enn fátækamarkinum í landinum",Norðoya øki,Menn,Aldur 55 - 66,%,1.8
2024,"Partur av fólkinum, ið livir av minni enn fátækamarkinum í landinum",Norðoya øki,Menn,Aldur 55 - 66,%,2.5
2009,"Partur av fólkinum, ið livir av minni enn fátækamarkinum í landinum",Norðoya øki,Menn,Aldur 67 + ,%,3.2
2010,"Partur av fólkinum, ið livir av minni enn fátækamarkinum í landinum",Norðoya øki,Menn,Aldur 67 + ,%,3.4
2011,"Partur av fólkinum, ið livir av minni enn fátækamarkinum í landinum",Norðoya øki,Menn,Aldur 67 + ,%,1.9
2012,"Partur av fólkinum, ið livir av minni enn fátækamarkinum í landinum",Norðoya øki,Menn,Aldur 67 + ,%,2.9
2013,"Partur av fólkinum, ið livir av minni enn fátækamarkinum í landinum",Norðoya øki,Menn,Aldur 67 + ,%,2.8
2014,"Partur av fólkinum, ið livir av minni enn fátækamarkinum í landinum",Norðoya øki,Menn,Aldur 67 + ,%,1.7
2015,"Partur av fólkinum, ið livir av minni enn fátækamarkinum í landinum",Norðoya øki,Menn,Aldur 67 + ,%,2.1
2016,"Partur av fólkinum, ið livir av minni enn fátækamarkinum í landinum",Norðoya øki,Menn,Aldur 67 + ,%,2.1
2017,"Partur av fólkinum, ið livir av minni enn fátækamarkinum í landinum",Norðoya øki,Menn,Aldur 67 + ,%,1.6
2018,"Partur av fólkinum, ið livir av minni enn fátækamarkinum í landinum",Norðoya øki,Menn,Aldur 67 + ,%,2.0
2019,"Partur av fólkinum, ið livir av minni enn fátækamarkinum í landinum",Norðoya øki,Menn,Aldur 67 + ,%,1.5
2020,"Partur av fólkinum, ið livir av minni enn fátækamarkinum í landinum",Norðoya øki,Menn,Aldur 67 + ,%,1.2
2021,"Partur av fólkinum, ið livir av minni enn fátækamarkinum í landinum",Norðoya øki,Menn,Aldur 67 + ,%,0.6
2022,"Partur av fólkinum, ið livir av minni enn fátækamarkinum í landinum",Norðoya øki,Menn,Aldur 67 + ,%,1.0
2023,"Partur av fólkinum, ið livir av minni enn fátækamarkinum í landinum",Norðoya øki,Menn,Aldur 67 + ,%,1.3
2024,"Partur av fólkinum, ið livir av minni enn fátækamarkinum í landinum",Norðoya øki,Menn,Aldur 67 + ,%,0.9
2009,"Partur av fólkinum, ið livir av minni enn fátækamarkinum í landinum",Sandoyar øki,,,%,6.5
2010,"Partur av fólkinum, ið livir av minni enn fátækamarkinum í landinum",Sandoyar øki,,,%,4.4
2011,"Partur av fólkinum, ið livir av minni enn fátækamarkinum í landinum",Sandoyar øki,,,%,5.8
2012,"Partur av fólkinum, ið livir av minni enn fátækamarkinum í landinum",Sandoyar øki,,,%,5.8
2013,"Partur av fólkinum, ið livir av minni enn fátækamarkinum í landinum",Sandoyar øki,,,%,5.2
2014,"Partur av fólkinum, ið livir av minni enn fátækamarkinum í landinum",Sandoyar øki,,,%,4.6
2015,"Partur av fólkinum, ið livir av minni enn fátækamarkinum í landinum",Sandoyar øki,,,%,6.2
2016,"Partur av fólkinum, ið livir av minni enn fátækamarkinum í landinum",Sandoyar øki,,,%,3.8
2017,"Partur av fólkinum, ið livir av minni enn fátækamarkinum í landinum",Sandoyar øki,,,%,3.9
2018,"Partur av fólkinum, ið livir av minni enn fátækamarkinum í landinum",Sandoyar øki,,,%,4.3
2019,"Partur av fólkinum, ið livir av minni enn fátækamarkinum í landinum",Sandoyar øki,,,%,3.6
2020,"Partur av fólkinum, ið livir av minni enn fátækamarkinum í landinum",Sandoyar øki,,,%,3.4
2021,"Partur av fólkinum, ið livir av minni enn fátækamarkinum í landinum",Sandoyar øki,,,%,4.1
2022,"Partur av fólkinum, ið livir av minni enn fátækamarkinum í landinum",Sandoyar øki,,,%,3.7
2023,"Partur av fólkinum, ið livir av minni enn fátækamarkinum í landinum",Sandoyar øki,,,%,3.6
2024,"Partur av fólkinum, ið livir av minni enn fátækamarkinum í landinum",Sandoyar øki,,,%,3.6
2009,"Partur av fólkinum, ið livir av minni enn fátækamarkinum í landinum",Sandoyar øki,,Aldur 0 - 17,%,8.0
2010,"Partur av fólkinum, ið livir av minni enn fátækamarkinum í landinum",Sandoyar øki,,Aldur 0 - 17,%,7.0
2011,"Partur av fólkinum, ið livir av minni enn fátækamarkinum í landinum",Sandoyar øki,,Aldur 0 - 17,%,9.0
2012,"Partur av fólkinum, ið livir av minni enn fátækamarkinum í landinum",Sandoyar øki,,Aldur 0 - 17,%,7.6
2013,"Partur av fólkinum, ið livir av minni enn fátækamarkinum í landinum",Sandoyar øki,,Aldur 0 - 17,%,7.9
2014,"Partur av fólkinum, ið livir av minni enn fátækamarkinum í landinum",Sandoyar øki,,Aldur 0 - 17,%,5.5
2015,"Partur av fólkinum, ið livir av minni enn fátækamarkinum í landinum",Sandoyar øki,,Aldur 0 - 17,%,8.9
2016,"Partur av fólkinum, ið livir av minni enn fátækamarkinum í landinum",Sandoyar øki,,Aldur 0 - 17,%,4.5
2017,"Partur av fólkinum, ið livir av minni enn fátækamarkinum í landinum",Sandoyar øki,,Aldur 0 - 17,%,6.1
2018,"Partur av fólkinum, ið livir av minni enn fátækamarkinum í landinum",Sandoyar øki,,Aldur 0 - 17,%,6.8
2019,"Partur av fólkinum, ið livir av minni enn fátækamarkinum í landinum",Sandoyar øki,,Aldur 0 - 17,%,7.1
2020,"Partur av fólkinum, ið livir av minni enn fátækamarkinum í landinum",Sandoyar øki,,Aldur 0 - 17,%,6.3
2021,"Partur av fólkinum, ið livir av minni enn fátækamarkinum í landinum",Sandoyar øki,,Aldur 0 - 17,%,7.5
2022,"Partur av fólkinum, ið livir av minni enn fátækamarkinum í landinum",Sandoyar øki,,Aldur 0 - 17,%,5.0
2023,"Partur av fólkinum, ið livir av minni enn fátækamarkinum í landinum",Sandoyar øki,,Aldur 0 - 17,%,4.3
2024,"Partur av fólkinum, ið livir av minni enn fátækamarkinum í landinum",Sandoyar øki,,Aldur 0 - 17,%,7.1
2009,"Partur av fólkinum, ið livir av minni enn fátækamarkinum í landinum",Sandoyar øki,,Aldur 18 - 24,%,5.4
2010,"Partur av fólkinum, ið livir av minni enn fátækamarkinum í landinum",Sandoyar øki,,Aldur 18 - 24,%,0.0
2011,"Partur av fólkinum, ið livir av minni enn fátækamarkinum í landinum",Sandoyar øki,,Aldur 18 - 24,%,2.9
2012,"Partur av fólkinum, ið livir av minni enn fátækamarkinum í landinum",Sandoyar øki,,Aldur 18 - 24,%,9.8
2013,"Partur av fólkinum, ið livir av minni enn fátækamarkinum í landinum",Sandoyar øki,,Aldur 18 - 24,%,4.5
2014,"Partur av fólkinum, ið livir av minni enn fátækamarkinum í landinum",Sandoyar øki,,Aldur 18 - 24,%,8.2
2015,"Partur av fólkinum, ið livir av minni enn fátækamarkinum í landinum",Sandoyar øki,,Aldur 18 - 24,%,7.2
2016,"Partur av fólkinum, ið livir av minni enn fátækamarkinum í landinum",Sandoyar øki,,Aldur 18 - 24,%,6.0
2017,"Partur av fólkinum, ið livir av minni enn fátækamarkinum í landinum",Sandoyar øki,,Aldur 18 - 24,%,6.9
2018,"Partur av fólkinum, ið livir av minni enn fátækamarkinum í landinum",Sandoyar øki,,Aldur 18 - 24,%,6.7
2019,"Partur av fólkinum, ið livir av minni enn fátækamarkinum í landinum",Sandoyar øki,,Aldur 18 - 24,%,3.8
2020,"Partur av fólkinum, ið livir av minni enn fátækamarkinum í landinum",Sandoyar øki,,Aldur 18 - 24,%,4.0
2021,"Partur av fólkinum, ið livir av minni enn fátækamarkinum í landinum",Sandoyar øki,,Aldur 18 - 24,%,3.5
2022,"Partur av fólkinum, ið livir av minni enn fátækamarkinum í landinum",Sandoyar øki,,Aldur 18 - 24,%,4.3
2023,"Partur av fólkinum, ið livir av minni enn fátækamarkinum í landinum",Sandoyar øki,,Aldur 18 - 24,%,1.9
2024,"Partur av fólkinum, ið livir av minni enn fátækamarkinum í landinum",Sandoyar øki,,Aldur 18 - 24,%,1.7
2009,"Partur av fólkinum, ið livir av minni enn fátækamarkinum í landinum",Sandoyar øki,,Aldur 25 - 54,%,6.2
2010,"Partur av fólkinum, ið livir av minni enn fátækamarkinum í landinum",Sandoyar øki,,Aldur 25 - 54,%,4.5
2011,"Partur av fólkinum, ið livir av minni enn fátækamarkinum í landinum",Sandoyar øki,,Aldur 25 - 54,%,5.5
2012,"Partur av fólkinum, ið livir av minni enn fátækamarkinum í landinum",Sandoyar øki,,Aldur 25 - 54,%,5.3
2013,"Partur av fólkinum, ið livir av minni enn fátækamarkinum í landinum",Sandoyar øki,,Aldur 25 - 54,%,5.1
2014,"Partur av fólkinum, ið livir av minni enn fátækamarkinum í landinum",Sandoyar øki,,Aldur 25 - 54,%,2.8
2015,"Partur av fólkinum, ið livir av minni enn fátækamarkinum í landinum",Sandoyar øki,,Aldur 25 - 54,%,7.0
2016,"Partur av fólkinum, ið livir av minni enn fátækamarkinum í landinum",Sandoyar øki,,Aldur 25 - 54,%,4.0
2017,"Partur av fólkinum, ið livir av minni enn fátækamarkinum í landinum",Sandoyar øki,,Aldur 25 - 54,%,3.5
2018,"Partur av fólkinum, ið livir av minni enn fátækamarkinum í landinum",Sandoyar øki,,Aldur 25 - 54,%,4.3
2019,"Partur av fólkinum, ið livir av minni enn fátækamarkinum í landinum",Sandoyar øki,,Aldur 25 - 54,%,3.4
2020,"Partur av fólkinum, ið livir av minni enn fátækamarkinum í landinum",Sandoyar øki,,Aldur 25 - 54,%,2.8
2021,"Partur av fólkinum, ið livir av minni enn fátækamarkinum í landinum",Sandoyar øki,,Aldur 25 - 54,%,4.6
2022,"Partur av fólkinum, ið livir av minni enn fátækamarkinum í landinum",Sandoyar øki,,Aldur 25 - 54,%,4.4
2023,"Partur av fólkinum, ið livir av minni enn fátækamarkinum í landinum",Sandoyar øki,,Aldur 25 - 54,%,3.5
2024,"Partur av fólkinum, ið livir av minni enn fátækamarkinum í landinum",Sandoyar øki,,Aldur 25 - 54,%,3.6
2009,"Partur av fólkinum, ið livir av minni enn fátækamarkinum í landinum",Sandoyar øki,,Aldur 55 - 66,%,8.5
2010,"Partur av fólkinum, ið livir av minni enn fátækamarkinum í landinum",Sandoyar øki,,Aldur 55 - 66,%,4.7
2011,"Partur av fólkinum, ið livir av minni enn fátækamarkinum í landinum",Sandoyar øki,,Aldur 55 - 66,%,6.3
2012,"Partur av fólkinum, ið livir av minni enn fátækamarkinum í landinum",Sandoyar øki,,Aldur 55 - 66,%,7.0
2013,"Partur av fólkinum, ið livir av minni enn fátækamarkinum í landinum",Sandoyar øki,,Aldur 55 - 66,%,5.9
2014,"Partur av fólkinum, ið livir av minni enn fátækamarkinum í landinum",Sandoyar øki,,Aldur 55 - 66,%,7.6
2015,"Partur av fólkinum, ið livir av minni enn fátækamarkinum í landinum",Sandoyar øki,,Aldur 55 - 66,%,6.4
2016,"Partur av fólkinum, ið livir av minni enn fátækamarkinum í landinum",Sandoyar øki,,Aldur 55 - 66,%,5.1
2017,"Partur av fólkinum, ið livir av minni enn fátækamarkinum í landinum",Sandoyar øki,,Aldur 55 - 66,%,3.8
2018,"Partur av fólkinum, ið livir av minni enn fátækamarkinum í landinum",Sandoyar øki,,Aldur 55 - 66,%,2.2
2019,"Partur av fólkinum, ið livir av minni enn fátækamarkinum í landinum",Sandoyar øki,,Aldur 55 - 66,%,2.7
2020,"Partur av fólkinum, ið livir av minni enn fátækamarkinum í landinum",Sandoyar øki,,Aldur 55 - 66,%,2.2
2021,"Partur av fólkinum, ið livir av minni enn fátækamarkinum í landinum",Sandoyar øki,,Aldur 55 - 66,%,3.8
2022,"Partur av fólkinum, ið livir av minni enn fátækamarkinum í landinum",Sandoyar øki,,Aldur 55 - 66,%,4.7
2023,"Partur av fólkinum, ið livir av minni enn fátækamarkinum í landinum",Sandoyar øki,,Aldur 55 - 66,%,6.8
2024,"Partur av fólkinum, ið livir av minni enn fátækamarkinum í landinum",Sandoyar øki,,Aldur 55 - 66,%,3.6
2009,"Partur av fólkinum, ið livir av minni enn fátækamarkinum í landinum",Sandoyar øki,,Aldur 67 + ,%,3.5
2010,"Partur av fólkinum, ið livir av minni enn fátækamarkinum í landinum",Sandoyar øki,,Aldur 67 + ,%,2.7
2011,"Partur av fólkinum, ið livir av minni enn fátækamarkinum í landinum",Sandoyar øki,,Aldur 67 + ,%,2.7
2012,"Partur av fólkinum, ið livir av minni enn fátækamarkinum í landinum",Sandoyar øki,,Aldur 67 + ,%,0.9
2013,"Partur av fólkinum, ið livir av minni enn fátækamarkinum í landinum",Sandoyar øki,,Aldur 67 + ,%,1.8
2014,"Partur av fólkinum, ið livir av minni enn fátækamarkinum í landinum",Sandoyar øki,,Aldur 67 + ,%,2.1
2015,"Partur av fólkinum, ið livir av minni enn fátækamarkinum í landinum",Sandoyar øki,,Aldur 67 + ,%,1.6
2016,"Partur av fólkinum, ið livir av minni enn fátækamarkinum í landinum",Sandoyar øki,,Aldur 67 + ,%,0.8
2017,"Partur av fólkinum, ið livir av minni enn fátækamarkinum í landinum",Sandoyar øki,,Aldur 67 + ,%,0.8
2018,"Partur av fólkinum, ið livir av minni enn fátækamarkinum í landinum",Sandoyar øki,,Aldur 67 + ,%,2.5
2019,"Partur av fólkinum, ið livir av minni enn fátækamarkinum í landinum",Sandoyar øki,,Aldur 67 + ,%,0.8
2020,"Partur av fólkinum, ið livir av minni enn fátækamarkinum í landinum",Sandoyar øki,,Aldur 67 + ,%,1.8
2021,"Partur av fólkinum, ið livir av minni enn fátækamarkinum í landinum",Sandoyar øki,,Aldur 67 + ,%,0.7
2022,"Partur av fólkinum, ið livir av minni enn fátækamarkinum í landinum",Sandoyar øki,,Aldur 67 + ,%,0.4
2023,"Partur av fólkinum, ið livir av minni enn fátækamarkinum í landinum",Sandoyar øki,,Aldur 67 + ,%,1.5
2024,"Partur av fólkinum, ið livir av minni enn fátækamarkinum í landinum",Sandoyar øki,,Aldur 67 + ,%,1.4
2009,"Partur av fólkinum, ið livir av minni enn fátækamarkinum í landinum",Sandoyar øki,Kvinnur,,%,6.5
2010,"Partur av fólkinum, ið livir av minni enn fátækamarkinum í landinum",Sandoyar øki,Kvinnur,,%,4.0
2011,"Partur av fólkinum, ið livir av minni enn fátækamarkinum í landinum",Sandoyar øki,Kvinnur,,%,4.9
2012,"Partur av fólkinum, ið livir av minni enn fátækamarkinum í landinum",Sandoyar øki,Kvinnur,,%,5.2
2013,"Partur av fólkinum, ið livir av minni enn fátækamarkinum í landinum",Sandoyar øki,Kvinnur,,%,5.5
2014,"Partur av fólkinum, ið livir av minni enn fátækamarkinum í landinum",Sandoyar øki,Kvinnur,,%,4.5
2015,"Partur av fólkinum, ið livir av minni enn fátækamarkinum í landinum",Sandoyar øki,Kvinnur,,%,6.3
2016,"Partur av fólkinum, ið livir av minni enn fátækamarkinum í landinum",Sandoyar øki,Kvinnur,,%,3.5
2017,"Partur av fólkinum, ið livir av minni enn fátækamarkinum í landinum",Sandoyar øki,Kvinnur,,%,4.0
2018,"Partur av fólkinum, ið livir av minni enn fátækamarkinum í landinum",Sandoyar øki,Kvinnur,,%,4.2
2019,"Partur av fólkinum, ið livir av minni enn fátækamarkinum í landinum",Sandoyar øki,Kvinnur,,%,4.2
2020,"Partur av fólkinum, ið livir av minni enn fátækamarkinum í landinum",Sandoyar øki,Kvinnur,,%,4.5
2021,"Partur av fólkinum, ið livir av minni enn fátækamarkinum í landinum",Sandoyar øki,Kvinnur,,%,5.1
2022,"Partur av fólkinum, ið livir av minni enn fátækamarkinum í landinum",Sandoyar øki,Kvinnur,,%,3.6
2023,"Partur av fólkinum, ið livir av minni enn fátækamarkinum í landinum",Sandoyar øki,Kvinnur,,%,3.9
2024,"Partur av fólkinum, ið livir av minni enn fátækamarkinum í landinum",Sandoyar øki,Kvinnur,,%,3.7
2009,"Partur av fólkinum, ið livir av minni enn fátækamarkinum í landinum",Sandoyar øki,Kvinnur,Aldur 0 - 17,%,8.9
2010,"Partur av fólkinum, ið livir av minni enn fátækamarkinum í landinum",Sandoyar øki,Kvinnur,Aldur 0 - 17,%,7.0
2011,"Partur av fólkinum, ið livir av minni enn fátækamarkinum í landinum",Sandoyar øki,Kvinnur,Aldur 0 - 17,%,9.5
2012,"Partur av fólkinum, ið livir av minni enn fátækamarkinum í landinum",Sandoyar øki,Kvinnur,Aldur 0 - 17,%,6.9
2013,"Partur av fólkinum, ið livir av minni enn fátækamarkinum í landinum",Sandoyar øki,Kvinnur,Aldur 0 - 17,%,9.4
2014,"Partur av fólkinum, ið livir av minni enn fátækamarkinum í landinum",Sandoyar øki,Kvinnur,Aldur 0 - 17,%,7.0
2015,"Partur av fólkinum, ið livir av minni enn fátækamarkinum í landinum",Sandoyar øki,Kvinnur,Aldur 0 - 17,%,10.1
2016,"Partur av fólkinum, ið livir av minni enn fátækamarkinum í landinum",Sandoyar øki,Kvinnur,Aldur 0 - 17,%,6.3
2017,"Partur av fólkinum, ið livir av minni enn fátækamarkinum í landinum",Sandoyar øki,Kvinnur,Aldur 0 - 17,%,6.8
2018,"Partur av fólkinum, ið livir av minni enn fátækamarkinum í landinum",Sandoyar øki,Kvinnur,Aldur 0 - 17,%,6.7
2019,"Partur av fólkinum, ið livir av minni enn fátækamarkinum í landinum",Sandoyar øki,Kvinnur,Aldur 0 - 17,%,8.1
2020,"Partur av fólkinum, ið livir av minni enn fátækamarkinum í landinum",Sandoyar øki,Kvinnur,Aldur 0 - 17,%,8.8
2021,"Partur av fólkinum, ið livir av minni enn fátækamarkinum í landinum",Sandoyar øki,Kvinnur,Aldur 0 - 17,%,9.9
2022,"Partur av fólkinum, ið livir av minni enn fátækamarkinum í landinum",Sandoyar øki,Kvinnur,Aldur 0 - 17,%,4.9
2023,"Partur av fólkinum, ið livir av minni enn fátækamarkinum í landinum",Sandoyar øki,Kvinnur,Aldur 0 - 17,%,4.9
2024,"Partur av fólkinum, ið livir av minni enn fátækamarkinum í landinum",Sandoyar øki,Kvinnur,Aldur 0 - 17,%,6.6
2009,"Partur av fólkinum, ið livir av minni enn fátækamarkinum í landinum",Sandoyar øki,Kvinnur,Aldur 18 - 24,%,8.3
2010,"Partur av fólkinum, ið livir av minni enn fátækamarkinum í landinum",Sandoyar øki,Kvinnur,Aldur 18 - 24,%,0.0
2011,"Partur av fólkinum, ið livir av minni enn fátækamarkinum í landinum",Sandoyar øki,Kvinnur,Aldur 18 - 24,%,3.0
2012,"Partur av fólkinum, ið livir av minni enn fátækamarkinum í landinum",Sandoyar øki,Kvinnur,Aldur 18 - 24,%,13.2
2013,"Partur av fólkinum, ið livir av minni enn fátækamarkinum í landinum",Sandoyar øki,Kvinnur,Aldur 18 - 24,%,6.7
2014,"Partur av fólkinum, ið livir av minni enn fátækamarkinum í landinum",Sandoyar øki,Kvinnur,Aldur 18 - 24,%,12.5
2015,"Partur av fólkinum, ið livir av minni enn fátækamarkinum í landinum",Sandoyar øki,Kvinnur,Aldur 18 - 24,%,8.1
2016,"Partur av fólkinum, ið livir av minni enn fátækamarkinum í landinum",Sandoyar øki,Kvinnur,Aldur 18 - 24,%,5.3
2017,"Partur av fólkinum, ið livir av minni enn fátækamarkinum í landinum",Sandoyar øki,Kvinnur,Aldur 18 - 24,%,8.9
2018,"Partur av fólkinum, ið livir av minni enn fátækamarkinum í landinum",Sandoyar øki,Kvinnur,Aldur 18 - 24,%,3.9
2019,"Partur av fólkinum, ið livir av minni enn fátækamarkinum í landinum",Sandoyar øki,Kvinnur,Aldur 18 - 24,%,3.9
2020,"Partur av fólkinum, ið livir av minni enn fátækamarkinum í landinum",Sandoyar øki,Kvinnur,Aldur 18 - 24,%,4.3
2021,"Partur av fólkinum, ið livir av minni enn fátækamarkinum í landinum",Sandoyar øki,Kvinnur,Aldur 18 - 24,%,5.1
2022,"Partur av fólkinum, ið livir av minni enn fátækamarkinum í landinum",Sandoyar øki,Kvinnur,Aldur 18 - 24,%,4.7
2023,"Partur av fólkinum, ið livir av minni enn fátækamarkinum í landinum",Sandoyar øki,Kvinnur,Aldur 18 - 24,%,2.1
2024,"Partur av fólkinum, ið livir av minni enn fátækamarkinum í landinum",Sandoyar øki,Kvinnur,Aldur 18 - 24,%,1.9
2009,"Partur av fólkinum, ið livir av minni enn fátækamarkinum í landinum",Sandoyar øki,Kvinnur,Aldur 25 - 54,%,5.8
2010,"Partur av fólkinum, ið livir av minni enn fátækamarkinum í landinum",Sandoyar øki,Kvinnur,Aldur 25 - 54,%,3.5
2011,"Partur av fólkinum, ið livir av minni enn fátækamarkinum í landinum",Sandoyar øki,Kvinnur,Aldur 25 - 54,%,5.6
2012,"Partur av fólkinum, ið livir av minni enn fátækamarkinum í landinum",Sandoyar øki,Kvinnur,Aldur 25 - 54,%,5.3
2013,"Partur av fólkinum, ið livir av minni enn fátækamarkinum í landinum",Sandoyar øki,Kvinnur,Aldur 25 - 54,%,5.5
2014,"Partur av fólkinum, ið livir av minni enn fátækamarkinum í landinum",Sandoyar øki,Kvinnur,Aldur 25 - 54,%,3.8
2015,"Partur av fólkinum, ið livir av minni enn fátækamarkinum í landinum",Sandoyar øki,Kvinnur,Aldur 25 - 54,%,7.8
2016,"Partur av fólkinum, ið livir av minni enn fátækamarkinum í landinum",Sandoyar øki,Kvinnur,Aldur 25 - 54,%,3.4
2017,"Partur av fólkinum, ið livir av minni enn fátækamarkinum í landinum",Sandoyar øki,Kvinnur,Aldur 25 - 54,%,3.6
2018,"Partur av fólkinum, ið livir av minni enn fátækamarkinum í landinum",Sandoyar øki,Kvinnur,Aldur 25 - 54,%,4.8
2019,"Partur av fólkinum, ið livir av minni enn fátækamarkinum í landinum",Sandoyar øki,Kvinnur,Aldur 25 - 54,%,4.6
2020,"Partur av fólkinum, ið livir av minni enn fátækamarkinum í landinum",Sandoyar øki,Kvinnur,Aldur 25 - 54,%,4.6
2021,"Partur av fólkinum, ið livir av minni enn fátækamarkinum í landinum",Sandoyar øki,Kvinnur,Aldur 25 - 54,%,5.7
2022,"Partur av fólkinum, ið livir av minni enn fátækamarkinum í landinum",Sandoyar øki,Kvinnur,Aldur 25 - 54,%,5.1
2023,"Partur av fólkinum, ið livir av minni enn fátækamarkinum í landinum",Sandoyar øki,Kvinnur,Aldur 25 - 54,%,4.3
2024,"Partur av fólkinum, ið livir av minni enn fátækamarkinum í landinum",Sandoyar øki,Kvinnur,Aldur 25 - 54,%,3.6
2009,"Partur av fólkinum, ið livir av minni enn fátækamarkinum í landinum",Sandoyar øki,Kvinnur,Aldur 55 - 66,%,5.0
2010,"Partur av fólkinum, ið livir av minni enn fátækamarkinum í landinum",Sandoyar øki,Kvinnur,Aldur 55 - 66,%,4.2
2011,"Partur av fólkinum, ið livir av minni enn fátækamarkinum í landinum",Sandoyar øki,Kvinnur,Aldur 55 - 66,%,1.0
2012,"Partur av fólkinum, ið livir av minni enn fátækamarkinum í landinum",Sandoyar øki,Kvinnur,Aldur 55 - 66,%,3.9
2013,"Partur av fólkinum, ið livir av minni enn fátækamarkinum í landinum",Sandoyar øki,Kvinnur,Aldur 55 - 66,%,1.9
2014,"Partur av fólkinum, ið livir av minni enn fátækamarkinum í landinum",Sandoyar øki,Kvinnur,Aldur 55 - 66,%,3.0
2015,"Partur av fólkinum, ið livir av minni enn fátækamarkinum í landinum",Sandoyar øki,Kvinnur,Aldur 55 - 66,%,4.0
2016,"Partur av fólkinum, ið livir av minni enn fátækamarkinum í landinum",Sandoyar øki,Kvinnur,Aldur 55 - 66,%,2.1
2017,"Partur av fólkinum, ið livir av minni enn fátækamarkinum í landinum",Sandoyar øki,Kvinnur,Aldur 55 - 66,%,2.0
2018,"Partur av fólkinum, ið livir av minni enn fátækamarkinum í landinum",Sandoyar øki,Kvinnur,Aldur 55 - 66,%,2.0
2019,"Partur av fólkinum, ið livir av minni enn fátækamarkinum í landinum",Sandoyar øki,Kvinnur,Aldur 55 - 66,%,3.0
2020,"Partur av fólkinum, ið livir av minni enn fátækamarkinum í landinum",Sandoyar øki,Kvinnur,Aldur 55 - 66,%,2.1
2021,"Partur av fólkinum, ið livir av minni enn fátækamarkinum í landinum",Sandoyar øki,Kvinnur,Aldur 55 - 66,%,4.3
2022,"Partur av fólkinum, ið livir av minni enn fátækamarkinum í landinum",Sandoyar øki,Kvinnur,Aldur 55 - 66,%,4.0
2023,"Partur av fólkinum, ið livir av minni enn fátækamarkinum í landinum",Sandoyar øki,Kvinnur,Aldur 55 - 66,%,6.5
2024,"Partur av fólkinum, ið livir av minni enn fátækamarkinum í landinum",Sandoyar øki,Kvinnur,Aldur 55 - 66,%,3.2
2009,"Partur av fólkinum, ið livir av minni enn fátækamarkinum í landinum",Sandoyar øki,Kvinnur,Aldur 67 + ,%,5.6
2010,"Partur av fólkinum, ið livir av minni enn fátækamarkinum í landinum",Sandoyar øki,Kvinnur,Aldur 67 + ,%,2.4
2011,"Partur av fólkinum, ið livir av minni enn fátækamarkinum í landinum",Sandoyar øki,Kvinnur,Aldur 67 + ,%,2.5
2012,"Partur av fólkinum, ið livir av minni enn fátækamarkinum í landinum",Sandoyar øki,Kvinnur,Aldur 67 + ,%,1.7
2013,"Partur av fólkinum, ið livir av minni enn fátækamarkinum í landinum",Sandoyar øki,Kvinnur,Aldur 67 + ,%,3.3
2014,"Partur av fólkinum, ið livir av minni enn fátækamarkinum í landinum",Sandoyar øki,Kvinnur,Aldur 67 + ,%,1.6
2015,"Partur av fólkinum, ið livir av minni enn fátækamarkinum í landinum",Sandoyar øki,Kvinnur,Aldur 67 + ,%,1.5
2016,"Partur av fólkinum, ið livir av minni enn fátækamarkinum í landinum",Sandoyar øki,Kvinnur,Aldur 67 + ,%,1.4
2017,"Partur av fólkinum, ið livir av minni enn fátækamarkinum í landinum",Sandoyar øki,Kvinnur,Aldur 67 + ,%,1.4
2018,"Partur av fólkinum, ið livir av minni enn fátækamarkinum í landinum",Sandoyar øki,Kvinnur,Aldur 67 + ,%,2.7
2019,"Partur av fólkinum, ið livir av minni enn fátækamarkinum í landinum",Sandoyar øki,Kvinnur,Aldur 67 + ,%,0.7
2020,"Partur av fólkinum, ið livir av minni enn fátækamarkinum í landinum",Sandoyar øki,Kvinnur,Aldur 67 + ,%,2.1
2021,"Partur av fólkinum, ið livir av minni enn fátækamarkinum í landinum",Sandoyar øki,Kvinnur,Aldur 67 + ,%,0.7
2022,"Partur av fólkinum, ið livir av minni enn fátækamarkinum í landinum",Sandoyar øki,Kvinnur,Aldur 67 + ,%,0.0
2023,"Partur av fólkinum, ið livir av minni enn fátækamarkinum í landinum",Sandoyar øki,Kvinnur,Aldur 67 + ,%,1.5
2024,"Partur av fólkinum, ið livir av minni enn fátækamarkinum í landinum",Sandoyar øki,Kvinnur,Aldur 67 + ,%,2.2
2009,"Partur av fólkinum, ið livir av minni enn fátækamarkinum í landinum",Sandoyar øki,Menn,,%,6.5
2010,"Partur av fólkinum, ið livir av minni enn fátækamarkinum í landinum",Sandoyar øki,Menn,,%,4.8
2011,"Partur av fólkinum, ið livir av minni enn fátækamarkinum í landinum",Sandoyar øki,Menn,,%,6.5
2012,"Partur av fólkinum, ið livir av minni enn fátækamarkinum í landinum",Sandoyar øki,Menn,,%,6.2
2013,"Partur av fólkinum, ið livir av minni enn fátækamarkinum í landinum",Sandoyar øki,Menn,,%,5.1
2014,"Partur av fólkinum, ið livir av minni enn fátækamarkinum í landinum",Sandoyar øki,Menn,,%,4.7
2015,"Partur av fólkinum, ið livir av minni enn fátækamarkinum í landinum",Sandoyar øki,Menn,,%,6.2
2016,"Partur av fólkinum, ið livir av minni enn fátækamarkinum í landinum",Sandoyar øki,Menn,,%,4.1
2017,"Partur av fólkinum, ið livir av minni enn fátækamarkinum í landinum",Sandoyar øki,Menn,,%,3.8
2018,"Partur av fólkinum, ið livir av minni enn fátækamarkinum í landinum",Sandoyar øki,Menn,,%,4.4
2019,"Partur av fólkinum, ið livir av minni enn fátækamarkinum í landinum",Sandoyar øki,Menn,,%,3.0
2020,"Partur av fólkinum, ið livir av minni enn fátækamarkinum í landinum",Sandoyar øki,Menn,,%,2.4
2021,"Partur av fólkinum, ið livir av minni enn fátækamarkinum í landinum",Sandoyar øki,Menn,,%,3.2
2022,"Partur av fólkinum, ið livir av minni enn fátækamarkinum í landinum",Sandoyar øki,Menn,,%,3.7
2023,"Partur av fólkinum, ið livir av minni enn fátækamarkinum í landinum",Sandoyar øki,Menn,,%,3.3
2024,"Partur av fólkinum, ið livir av minni enn fátækamarkinum í landinum",Sandoyar øki,Menn,,%,3.6
2009,"Partur av fólkinum, ið livir av minni enn fátækamarkinum í landinum",Sandoyar øki,Menn,Aldur 0 - 17,%,7.2
2010,"Partur av fólkinum, ið livir av minni enn fátækamarkinum í landinum",Sandoyar øki,Menn,Aldur 0 - 17,%,7.0
2011,"Partur av fólkinum, ið livir av minni enn fátækamarkinum í landinum",Sandoyar øki,Menn,Aldur 0 - 17,%,8.6
2012,"Partur av fólkinum, ið livir av minni enn fátækamarkinum í landinum",Sandoyar øki,Menn,Aldur 0 - 17,%,8.2
2013,"Partur av fólkinum, ið livir av minni enn fátækamarkinum í landinum",Sandoyar øki,Menn,Aldur 0 - 17,%,6.5
2014,"Partur av fólkinum, ið livir av minni enn fátækamarkinum í landinum",Sandoyar øki,Menn,Aldur 0 - 17,%,4.0
2015,"Partur av fólkinum, ið livir av minni enn fátækamarkinum í landinum",Sandoyar øki,Menn,Aldur 0 - 17,%,7.7
2016,"Partur av fólkinum, ið livir av minni enn fátækamarkinum í landinum",Sandoyar øki,Menn,Aldur 0 - 17,%,2.8
2017,"Partur av fólkinum, ið livir av minni enn fátækamarkinum í landinum",Sandoyar øki,Menn,Aldur 0 - 17,%,5.4
2018,"Partur av fólkinum, ið livir av minni enn fátækamarkinum í landinum",Sandoyar øki,Menn,Aldur 0 - 17,%,7.0
2019,"Partur av fólkinum, ið livir av minni enn fátækamarkinum í landinum",Sandoyar øki,Menn,Aldur 0 - 17,%,6.2
2020,"Partur av fólkinum, ið livir av minni enn fátækamarkinum í landinum",Sandoyar øki,Menn,Aldur 0 - 17,%,4.0
2021,"Partur av fólkinum, ið livir av minni enn fátækamarkinum í landinum",Sandoyar øki,Menn,Aldur 0 - 17,%,5.2
2022,"Partur av fólkinum, ið livir av minni enn fátækamarkinum í landinum",Sandoyar øki,Menn,Aldur 0 - 17,%,5.2
2023,"Partur av fólkinum, ið livir av minni enn fátækamarkinum í landinum",Sandoyar øki,Menn,Aldur 0 - 17,%,3.8
2024,"Partur av fólkinum, ið livir av minni enn fátækamarkinum í landinum",Sandoyar øki,Menn,Aldur 0 - 17,%,7.5
2009,"Partur av fólkinum, ið livir av minni enn fátækamarkinum í landinum",Sandoyar øki,Menn,Aldur 18 - 24,%,4.0
2010,"Partur av fólkinum, ið livir av minni enn fátækamarkinum í landinum",Sandoyar øki,Menn,Aldur 18 - 24,%,0.0
2011,"Partur av fólkinum, ið livir av minni enn fátækamarkinum í landinum",Sandoyar øki,Menn,Aldur 18 - 24,%,2.9
2012,"Partur av fólkinum, ið livir av minni enn fátækamarkinum í landinum",Sandoyar øki,Menn,Aldur 18 - 24,%,7.8
2013,"Partur av fólkinum, ið livir av minni enn fátækamarkinum í landinum",Sandoyar øki,Menn,Aldur 18 - 24,%,3.1
2014,"Partur av fólkinum, ið livir av minni enn fátækamarkinum í landinum",Sandoyar øki,Menn,Aldur 18 - 24,%,5.3
2015,"Partur av fólkinum, ið livir av minni enn fátækamarkinum í landinum",Sandoyar øki,Menn,Aldur 18 - 24,%,6.7
2016,"Partur av fólkinum, ið livir av minni enn fátækamarkinum í landinum",Sandoyar øki,Menn,Aldur 18 - 24,%,6.5
2017,"Partur av fólkinum, ið livir av minni enn fátækamarkinum í landinum",Sandoyar øki,Menn,Aldur 18 - 24,%,5.3
2018,"Partur av fólkinum, ið livir av minni enn fátækamarkinum í landinum",Sandoyar øki,Menn,Aldur 18 - 24,%,9.4
2019,"Partur av fólkinum, ið livir av minni enn fátækamarkinum í landinum",Sandoyar øki,Menn,Aldur 18 - 24,%,3.7
2020,"Partur av fólkinum, ið livir av minni enn fátækamarkinum í landinum",Sandoyar øki,Menn,Aldur 18 - 24,%,3.9
2021,"Partur av fólkinum, ið livir av minni enn fátækamarkinum í landinum",Sandoyar øki,Menn,Aldur 18 - 24,%,2.2
2022,"Partur av fólkinum, ið livir av minni enn fátækamarkinum í landinum",Sandoyar øki,Menn,Aldur 18 - 24,%,4.1
2023,"Partur av fólkinum, ið livir av minni enn fátækamarkinum í landinum",Sandoyar øki,Menn,Aldur 18 - 24,%,1.8
2024,"Partur av fólkinum, ið livir av minni enn fátækamarkinum í landinum",Sandoyar øki,Menn,Aldur 18 - 24,%,1.6
2009,"Partur av fólkinum, ið livir av minni enn fátækamarkinum í landinum",Sandoyar øki,Menn,Aldur 25 - 54,%,6.6
2010,"Partur av fólkinum, ið livir av minni enn fátækamarkinum í landinum",Sandoyar øki,Menn,Aldur 25 - 54,%,5.3
2011,"Partur av fólkinum, ið livir av minni enn fátækamarkinum í landinum",Sandoyar øki,Menn,Aldur 25 - 54,%,5.5
2012,"Partur av fólkinum, ið livir av minni enn fátækamarkinum í landinum",Sandoyar øki,Menn,Aldur 25 - 54,%,5.4
2013,"Partur av fólkinum, ið livir av minni enn fátækamarkinum í landinum",Sandoyar øki,Menn,Aldur 25 - 54,%,4.8
2014,"Partur av fólkinum, ið livir av minni enn fátækamarkinum í landinum",Sandoyar øki,Menn,Aldur 25 - 54,%,1.9
2015,"Partur av fólkinum, ið livir av minni enn fátækamarkinum í landinum",Sandoyar øki,Menn,Aldur 25 - 54,%,6.2
2016,"Partur av fólkinum, ið livir av minni enn fátækamarkinum í landinum",Sandoyar øki,Menn,Aldur 25 - 54,%,4.6
2017,"Partur av fólkinum, ið livir av minni enn fátækamarkinum í landinum",Sandoyar øki,Menn,Aldur 25 - 54,%,3.4
2018,"Partur av fólkinum, ið livir av minni enn fátækamarkinum í landinum",Sandoyar øki,Menn,Aldur 25 - 54,%,3.9
2019,"Partur av fólkinum, ið livir av minni enn fátækamarkinum í landinum",Sandoyar øki,Menn,Aldur 25 - 54,%,2.4
2020,"Partur av fólkinum, ið livir av minni enn fátækamarkinum í landinum",Sandoyar øki,Menn,Aldur 25 - 54,%,1.4
2021,"Partur av fólkinum, ið livir av minni enn fátækamarkinum í landinum",Sandoyar øki,Menn,Aldur 25 - 54,%,3.7
2022,"Partur av fólkinum, ið livir av minni enn fátækamarkinum í landinum",Sandoyar øki,Menn,Aldur 25 - 54,%,3.9
2023,"Partur av fólkinum, ið livir av minni enn fátækamarkinum í landinum",Sandoyar øki,Menn,Aldur 25 - 54,%,2.8
2024,"Partur av fólkinum, ið livir av minni enn fátækamarkinum í landinum",Sandoyar øki,Menn,Aldur 25 - 54,%,3.6
2009,"Partur av fólkinum, ið livir av minni enn fátækamarkinum í landinum",Sandoyar øki,Menn,Aldur 55 - 66,%,11.2
2010,"Partur av fólkinum, ið livir av minni enn fátækamarkinum í landinum",Sandoyar øki,Menn,Aldur 55 - 66,%,5.1
2011,"Partur av fólkinum, ið livir av minni enn fátækamarkinum í landinum",Sandoyar øki,Menn,Aldur 55 - 66,%,10.1
2012,"Partur av fólkinum, ið livir av minni enn fátækamarkinum í landinum",Sandoyar øki,Menn,Aldur 55 - 66,%,9.3
2013,"Partur av fólkinum, ið livir av minni enn fátækamarkinum í landinum",Sandoyar øki,Menn,Aldur 55 - 66,%,8.9
2014,"Partur av fólkinum, ið livir av minni enn fátækamarkinum í landinum",Sandoyar øki,Menn,Aldur 55 - 66,%,11.1
2015,"Partur av fólkinum, ið livir av minni enn fátækamarkinum í landinum",Sandoyar øki,Menn,Aldur 55 - 66,%,8.3
2016,"Partur av fólkinum, ið livir av minni enn fátækamarkinum í landinum",Sandoyar øki,Menn,Aldur 55 - 66,%,7.3
2017,"Partur av fólkinum, ið livir av minni enn fátækamarkinum í landinum",Sandoyar øki,Menn,Aldur 55 - 66,%,5.2
2018,"Partur av fólkinum, ið livir av minni enn fátækamarkinum í landinum",Sandoyar øki,Menn,Aldur 55 - 66,%,2.4
2019,"Partur av fólkinum, ið livir av minni enn fátækamarkinum í landinum",Sandoyar øki,Menn,Aldur 55 - 66,%,2.4
2020,"Partur av fólkinum, ið livir av minni enn fátækamarkinum í landinum",Sandoyar øki,Menn,Aldur 55 - 66,%,2.4
2021,"Partur av fólkinum, ið livir av minni enn fátækamarkinum í landinum",Sandoyar øki,Menn,Aldur 55 - 66,%,3.4
2022,"Partur av fólkinum, ið livir av minni enn fátækamarkinum í landinum",Sandoyar øki,Menn,Aldur 55 - 66,%,5.3
2023,"Partur av fólkinum, ið livir av minni enn fátækamarkinum í landinum",Sandoyar øki,Menn,Aldur 55 - 66,%,7.0
2024,"Partur av fólkinum, ið livir av minni enn fátækamarkinum í landinum",Sandoyar øki,Menn,Aldur 55 - 66,%,3.9
2009,"Partur av fólkinum, ið livir av minni enn fátækamarkinum í landinum",Sandoyar øki,Menn,Aldur 67 + ,%,1.0
2010,"Partur av fólkinum, ið livir av minni enn fátækamarkinum í landinum",Sandoyar øki,Menn,Aldur 67 + ,%,3.0
2011,"Partur av fólkinum, ið livir av minni enn fátækamarkinum í landinum",Sandoyar øki,Menn,Aldur 67 + ,%,2.9
2012,"Partur av fólkinum, ið livir av minni enn fátækamarkinum í landinum",Sandoyar øki,Menn,Aldur 67 + ,%,0.0
2013,"Partur av fólkinum, ið livir av minni enn fátækamarkinum í landinum",Sandoyar øki,Menn,Aldur 67 + ,%,0.0
2014,"Partur av fólkinum, ið livir av minni enn fátækamarkinum í landinum",Sandoyar øki,Menn,Aldur 67 + ,%,2.8
2015,"Partur av fólkinum, ið livir av minni enn fátækamarkinum í landinum",Sandoyar øki,Menn,Aldur 67 + ,%,1.8
2016,"Partur av fólkinum, ið livir av minni enn fátækamarkinum í landinum",Sandoyar øki,Menn,Aldur 67 + ,%,0.0
2017,"Partur av fólkinum, ið livir av minni enn fátækamarkinum í landinum",Sandoyar øki,Menn,Aldur 67 + ,%,0.0
2018,"Partur av fólkinum, ið livir av minni enn fátækamarkinum í landinum",Sandoyar øki,Menn,Aldur 67 + ,%,2.3
2019,"Partur av fólkinum, ið livir av minni enn fátækamarkinum í landinum",Sandoyar øki,Menn,Aldur 67 + ,%,0.8
2020,"Partur av fólkinum, ið livir av minni enn fátækamarkinum í landinum",Sandoyar øki,Menn,Aldur 67 + ,%,1.6
2021,"Partur av fólkinum, ið livir av minni enn fátækamarkinum í landinum",Sandoyar øki,Menn,Aldur 67 + ,%,0.7
2022,"Partur av fólkinum, ið livir av minni enn fátækamarkinum í landinum",Sandoyar øki,Menn,Aldur 67 + ,%,0.7
2023,"Partur av fólkinum, ið livir av minni enn fátækamarkinum í landinum",Sandoyar øki,Menn,Aldur 67 + ,%,1.4
2024,"Partur av fólkinum, ið livir av minni enn fátækamarkinum í landinum",Sandoyar øki,Menn,Aldur 67 + ,%,0.7
2009,"Partur av fólkinum, ið livir av minni enn fátækamarkinum í landinum","Streymoyar øki, norður",,,%,4.2
2010,"Partur av fólkinum, ið livir av minni enn fátækamarkinum í landinum","Streymoyar øki, norður",,,%,3.3
2011,"Partur av fólkinum, ið livir av minni enn fátækamarkinum í landinum","Streymoyar øki, norður",,,%,4.4
2012,"Partur av fólkinum, ið livir av minni enn fátækamarkinum í landinum","Streymoyar øki, norður",,,%,5.1
2013,"Partur av fólkinum, ið livir av minni enn fátækamarkinum í landinum","Streymoyar øki, norður",,,%,4.3
2014,"Partur av fólkinum, ið livir av minni enn fátækamarkinum í landinum","Streymoyar øki, norður",,,%,3.8
2015,"Partur av fólkinum, ið livir av minni enn fátækamarkinum í landinum","Streymoyar øki, norður",,,%,3.0
2016,"Partur av fólkinum, ið livir av minni enn fátækamarkinum í landinum","Streymoyar øki, norður",,,%,3.2
2017,"Partur av fólkinum, ið livir av minni enn fátækamarkinum í landinum","Streymoyar øki, norður",,,%,3.4
2018,"Partur av fólkinum, ið livir av minni enn fátækamarkinum í landinum","Streymoyar øki, norður",,,%,2.4
2019,"Partur av fólkinum, ið livir av minni enn fátækamarkinum í landinum","Streymoyar øki, norður",,,%,2.1
2020,"Partur av fólkinum, ið livir av minni enn fátækamarkinum í landinum","Streymoyar øki, norður",,,%,1.8
2021,"Partur av fólkinum, ið livir av minni enn fátækamarkinum í landinum","Streymoyar øki, norður",,,%,2.3
2022,"Partur av fólkinum, ið livir av minni enn fátækamarkinum í landinum","Streymoyar øki, norður",,,%,2.4
2023,"Partur av fólkinum, ið livir av minni enn fátækamarkinum í landinum","Streymoyar øki, norður",,,%,1.8
2024,"Partur av fólkinum, ið livir av minni enn fátækamarkinum í landinum","Streymoyar øki, norður",,,%,2.5
2009,"Partur av fólkinum, ið livir av minni enn fátækamarkinum í landinum","Streymoyar øki, norður",,Aldur 0 - 17,%,6.6
2010,"Partur av fólkinum, ið livir av minni enn fátækamarkinum í landinum","Streymoyar øki, norður",,Aldur 0 - 17,%,3.8
2011,"Partur av fólkinum, ið livir av minni enn fátækamarkinum í landinum","Streymoyar øki, norður",,Aldur 0 - 17,%,6.6
2012,"Partur av fólkinum, ið livir av minni enn fátækamarkinum í landinum","Streymoyar øki, norður",,Aldur 0 - 17,%,8.2
2013,"Partur av fólkinum, ið livir av minni enn fátækamarkinum í landinum","Streymoyar øki, norður",,Aldur 0 - 17,%,7.0
2014,"Partur av fólkinum, ið livir av minni enn fátækamarkinum í landinum","Streymoyar øki, norður",,Aldur 0 - 17,%,6.3
2015,"Partur av fólkinum, ið livir av minni enn fátækamarkinum í landinum","Streymoyar øki, norður",,Aldur 0 - 17,%,4.3
2016,"Partur av fólkinum, ið livir av minni enn fátækamarkinum í landinum","Streymoyar øki, norður",,Aldur 0 - 17,%,4.2
2017,"Partur av fólkinum, ið livir av minni enn fátækamarkinum í landinum","Streymoyar øki, norður",,Aldur 0 - 17,%,4.9
2018,"Partur av fólkinum, ið livir av minni enn fátækamarkinum í landinum","Streymoyar øki, norður",,Aldur 0 - 17,%,3.0
2019,"Partur av fólkinum, ið livir av minni enn fátækamarkinum í landinum","Streymoyar øki, norður",,Aldur 0 - 17,%,2.7
2020,"Partur av fólkinum, ið livir av minni enn fátækamarkinum í landinum","Streymoyar øki, norður",,Aldur 0 - 17,%,2.3
2021,"Partur av fólkinum, ið livir av minni enn fátækamarkinum í landinum","Streymoyar øki, norður",,Aldur 0 - 17,%,3.6
2022,"Partur av fólkinum, ið livir av minni enn fátækamarkinum í landinum","Streymoyar øki, norður",,Aldur 0 - 17,%,4.0
2023,"Partur av fólkinum, ið livir av minni enn fátækamarkinum í landinum","Streymoyar øki, norður",,Aldur 0 - 17,%,2.5
2024,"Partur av fólkinum, ið livir av minni enn fátækamarkinum í landinum","Streymoyar øki, norður",,Aldur 0 - 17,%,3.2
2009,"Partur av fólkinum, ið livir av minni enn fátækamarkinum í landinum","Streymoyar øki, norður",,Aldur 18 - 24,%,3.4
2010,"Partur av fólkinum, ið livir av minni enn fátækamarkinum í landinum","Streymoyar øki, norður",,Aldur 18 - 24,%,2.7
2011,"Partur av fólkinum, ið livir av minni enn fátækamarkinum í landinum","Streymoyar øki, norður",,Aldur 18 - 24,%,6.1
2012,"Partur av fólkinum, ið livir av minni enn fátækamarkinum í landinum","Streymoyar øki, norður",,Aldur 18 - 24,%,6.2
2013,"Partur av fólkinum, ið livir av minni enn fátækamarkinum í landinum","Streymoyar øki, norður",,Aldur 18 - 24,%,4.8
2014,"Partur av fólkinum, ið livir av minni enn fátækamarkinum í landinum","Streymoyar øki, norður",,Aldur 18 - 24,%,3.0
2015,"Partur av fólkinum, ið livir av minni enn fátækamarkinum í landinum","Streymoyar øki, norður",,Aldur 18 - 24,%,1.8
2016,"Partur av fólkinum, ið livir av minni enn fátækamarkinum í landinum","Streymoyar øki, norður",,Aldur 18 - 24,%,3.5
2017,"Partur av fólkinum, ið livir av minni enn fátækamarkinum í landinum","Streymoyar øki, norður",,Aldur 18 - 24,%,3.5
2018,"Partur av fólkinum, ið livir av minni enn fátækamarkinum í landinum","Streymoyar øki, norður",,Aldur 18 - 24,%,1.0
2019,"Partur av fólkinum, ið livir av minni enn fátækamarkinum í landinum","Streymoyar øki, norður",,Aldur 18 - 24,%,0.3
2020,"Partur av fólkinum, ið livir av minni enn fátækamarkinum í landinum","Streymoyar øki, norður",,Aldur 18 - 24,%,2.3
2021,"Partur av fólkinum, ið livir av minni enn fátækamarkinum í landinum","Streymoyar øki, norður",,Aldur 18 - 24,%,1.0
2022,"Partur av fólkinum, ið livir av minni enn fátækamarkinum í landinum","Streymoyar øki, norður",,Aldur 18 - 24,%,1.3
2023,"Partur av fólkinum, ið livir av minni enn fátækamarkinum í landinum","Streymoyar øki, norður",,Aldur 18 - 24,%,1.6
2024,"Partur av fólkinum, ið livir av minni enn fátækamarkinum í landinum","Streymoyar øki, norður",,Aldur 18 - 24,%,1.3
2009,"Partur av fólkinum, ið livir av minni enn fátækamarkinum í landinum","Streymoyar øki, norður",,Aldur 25 - 54,%,2.8
2010,"Partur av fólkinum, ið livir av minni enn fátækamarkinum í landinum","Streymoyar øki, norður",,Aldur 25 - 54,%,2.6
2011,"Partur av fólkinum, ið livir av minni enn fátækamarkinum í landinum","Streymoyar øki, norður",,Aldur 25 - 54,%,3.8
2012,"Partur av fólkinum, ið livir av minni enn fátækamarkinum í landinum","Streymoyar øki, norður",,Aldur 25 - 54,%,4.5
2013,"Partur av fólkinum, ið livir av minni enn fátækamarkinum í landinum","Streymoyar øki, norður",,Aldur 25 - 54,%,3.8
2014,"Partur av fólkinum, ið livir av minni enn fátækamarkinum í landinum","Streymoyar øki, norður",,Aldur 25 - 54,%,3.3
2015,"Partur av fólkinum, ið livir av minni enn fátækamarkinum í landinum","Streymoyar øki, norður",,Aldur 25 - 54,%,3.2
2016,"Partur av fólkinum, ið livir av minni enn fátækamarkinum í landinum","Streymoyar øki, norður",,Aldur 25 - 54,%,3.1
2017,"Partur av fólkinum, ið livir av minni enn fátækamarkinum í landinum","Streymoyar øki, norður",,Aldur 25 - 54,%,2.6
2018,"Partur av fólkinum, ið livir av minni enn fátækamarkinum í landinum","Streymoyar øki, norður",,Aldur 25 - 54,%,2.1
2019,"Partur av fólkinum, ið livir av minni enn fátækamarkinum í landinum","Streymoyar øki, norður",,Aldur 25 - 54,%,2.4
2020,"Partur av fólkinum, ið livir av minni enn fátækamarkinum í landinum","Streymoyar øki, norður",,Aldur 25 - 54,%,1.5
2021,"Partur av fólkinum, ið livir av minni enn fátækamarkinum í landinum","Streymoyar øki, norður",,Aldur 25 - 54,%,2.5
2022,"Partur av fólkinum, ið livir av minni enn fátækamarkinum í landinum","Streymoyar øki, norður",,Aldur 25 - 54,%,2.5
2023,"Partur av fólkinum, ið livir av minni enn fátækamarkinum í landinum","Streymoyar øki, norður",,Aldur 25 - 54,%,1.8
2024,"Partur av fólkinum, ið livir av minni enn fátækamarkinum í landinum","Streymoyar øki, norður",,Aldur 25 - 54,%,2.8
2009,"Partur av fólkinum, ið livir av minni enn fátækamarkinum í landinum","Streymoyar øki, norður",,Aldur 55 - 66,%,3.8
2010,"Partur av fólkinum, ið livir av minni enn fátækamarkinum í landinum","Streymoyar øki, norður",,Aldur 55 - 66,%,4.2
2011,"Partur av fólkinum, ið livir av minni enn fátækamarkinum í landinum","Streymoyar øki, norður",,Aldur 55 - 66,%,2.0
2012,"Partur av fólkinum, ið livir av minni enn fátækamarkinum í landinum","Streymoyar øki, norður",,Aldur 55 - 66,%,2.9
2013,"Partur av fólkinum, ið livir av minni enn fátækamarkinum í landinum","Streymoyar øki, norður",,Aldur 55 - 66,%,3.2
2014,"Partur av fólkinum, ið livir av minni enn fátækamarkinum í landinum","Streymoyar øki, norður",,Aldur 55 - 66,%,3.1
2015,"Partur av fólkinum, ið livir av minni enn fátækamarkinum í landinum","Streymoyar øki, norður",,Aldur 55 - 66,%,2.3
2016,"Partur av fólkinum, ið livir av minni enn fátækamarkinum í landinum","Streymoyar øki, norður",,Aldur 55 - 66,%,3.7
2017,"Partur av fólkinum, ið livir av minni enn fátækamarkinum í landinum","Streymoyar øki, norður",,Aldur 55 - 66,%,3.2
2018,"Partur av fólkinum, ið livir av minni enn fátækamarkinum í landinum","Streymoyar øki, norður",,Aldur 55 - 66,%,2.9
2019,"Partur av fólkinum, ið livir av minni enn fátækamarkinum í landinum","Streymoyar øki, norður",,Aldur 55 - 66,%,2.4
2020,"Partur av fólkinum, ið livir av minni enn fátækamarkinum í landinum","Streymoyar øki, norður",,Aldur 55 - 66,%,2.4
2021,"Partur av fólkinum, ið livir av minni enn fátækamarkinum í landinum","Streymoyar øki, norður",,Aldur 55 - 66,%,2.3
2022,"Partur av fólkinum, ið livir av minni enn fátækamarkinum í landinum","Streymoyar øki, norður",,Aldur 55 - 66,%,2.0
2023,"Partur av fólkinum, ið livir av minni enn fátækamarkinum í landinum","Streymoyar øki, norður",,Aldur 55 - 66,%,1.8
2024,"Partur av fólkinum, ið livir av minni enn fátækamarkinum í landinum","Streymoyar øki, norður",,Aldur 55 - 66,%,1.9
2009,"Partur av fólkinum, ið livir av minni enn fátækamarkinum í landinum","Streymoyar øki, norður",,Aldur 67 + ,%,4.4
2010,"Partur av fólkinum, ið livir av minni enn fátækamarkinum í landinum","Streymoyar øki, norður",,Aldur 67 + ,%,4.2
2011,"Partur av fólkinum, ið livir av minni enn fátækamarkinum í landinum","Streymoyar øki, norður",,Aldur 67 + ,%,3.2
2012,"Partur av fólkinum, ið livir av minni enn fátækamarkinum í landinum","Streymoyar øki, norður",,Aldur 67 + ,%,2.7
2013,"Partur av fólkinum, ið livir av minni enn fátækamarkinum í landinum","Streymoyar øki, norður",,Aldur 67 + ,%,1.6
2014,"Partur av fólkinum, ið livir av minni enn fátækamarkinum í landinum","Streymoyar øki, norður",,Aldur 67 + ,%,1.9
2015,"Partur av fólkinum, ið livir av minni enn fátækamarkinum í landinum","Streymoyar øki, norður",,Aldur 67 + ,%,1.9
2016,"Partur av fólkinum, ið livir av minni enn fátækamarkinum í landinum","Streymoyar øki, norður",,Aldur 67 + ,%,1.4
2017,"Partur av fólkinum, ið livir av minni enn fátækamarkinum í landinum","Streymoyar øki, norður",,Aldur 67 + ,%,2.7
2018,"Partur av fólkinum, ið livir av minni enn fátækamarkinum í landinum","Streymoyar øki, norður",,Aldur 67 + ,%,2.2
2019,"Partur av fólkinum, ið livir av minni enn fátækamarkinum í landinum","Streymoyar øki, norður",,Aldur 67 + ,%,0.9
2020,"Partur av fólkinum, ið livir av minni enn fátækamarkinum í landinum","Streymoyar øki, norður",,Aldur 67 + ,%,1.1
2021,"Partur av fólkinum, ið livir av minni enn fátækamarkinum í landinum","Streymoyar øki, norður",,Aldur 67 + ,%,0.6
2022,"Partur av fólkinum, ið livir av minni enn fátækamarkinum í landinum","Streymoyar øki, norður",,Aldur 67 + ,%,0.9
2023,"Partur av fólkinum, ið livir av minni enn fátækamarkinum í landinum","Streymoyar øki, norður",,Aldur 67 + ,%,0.7
2024,"Partur av fólkinum, ið livir av minni enn fátækamarkinum í landinum","Streymoyar øki, norður",,Aldur 67 + ,%,1.7
2009,"Partur av fólkinum, ið livir av minni enn fátækamarkinum í landinum","Streymoyar øki, norður",Kvinnur,,%,4.8
2010,"Partur av fólkinum, ið livir av minni enn fátækamarkinum í landinum","Streymoyar øki, norður",Kvinnur,,%,3.4
2011,"Partur av fólkinum, ið livir av minni enn fátækamarkinum í landinum","Streymoyar øki, norður",Kvinnur,,%,4.7
2012,"Partur av fólkinum, ið livir av minni enn fátækamarkinum í landinum","Streymoyar øki, norður",Kvinnur,,%,5.2
2013,"Partur av fólkinum, ið livir av minni enn fátækamarkinum í landinum","Streymoyar øki, norður",Kvinnur,,%,4.7
2014,"Partur av fólkinum, ið livir av minni enn fátækamarkinum í landinum","Streymoyar øki, norður",Kvinnur,,%,4.2
2015,"Partur av fólkinum, ið livir av minni enn fátækamarkinum í landinum","Streymoyar øki, norður",Kvinnur,,%,3.1
2016,"Partur av fólkinum, ið livir av minni enn fátækamarkinum í landinum","Streymoyar øki, norður",Kvinnur,,%,3.4
2017,"Partur av fólkinum, ið livir av minni enn fátækamarkinum í landinum","Streymoyar øki, norður",Kvinnur,,%,3.5
2018,"Partur av fólkinum, ið livir av minni enn fátækamarkinum í landinum","Streymoyar øki, norður",Kvinnur,,%,2.6
2019,"Partur av fólkinum, ið livir av minni enn fátækamarkinum í landinum","Streymoyar øki, norður",Kvinnur,,%,2.1
2020,"Partur av fólkinum, ið livir av minni enn fátækamarkinum í landinum","Streymoyar øki, norður",Kvinnur,,%,2.1
2021,"Partur av fólkinum, ið livir av minni enn fátækamarkinum í landinum","Streymoyar øki, norður",Kvinnur,,%,2.5
2022,"Partur av fólkinum, ið livir av minni enn fátækamarkinum í landinum","Streymoyar øki, norður",Kvinnur,,%,2.4
2023,"Partur av fólkinum, ið livir av minni enn fátækamarkinum í landinum","Streymoyar øki, norður",Kvinnur,,%,2.2
2024,"Partur av fólkinum, ið livir av minni enn fátækamarkinum í landinum","Streymoyar øki, norður",Kvinnur,,%,2.5
2009,"Partur av fólkinum, ið livir av minni enn fátækamarkinum í landinum","Streymoyar øki, norður",Kvinnur,Aldur 0 - 17,%,7.9
2010,"Partur av fólkinum, ið livir av minni enn fátækamarkinum í landinum","Streymoyar øki, norður",Kvinnur,Aldur 0 - 17,%,3.8
2011,"Partur av fólkinum, ið livir av minni enn fátækamarkinum í landinum","Streymoyar øki, norður",Kvinnur,Aldur 0 - 17,%,6.0
2012,"Partur av fólkinum, ið livir av minni enn fátækamarkinum í landinum","Streymoyar øki, norður",Kvinnur,Aldur 0 - 17,%,7.7
2013,"Partur av fólkinum, ið livir av minni enn fátækamarkinum í landinum","Streymoyar øki, norður",Kvinnur,Aldur 0 - 17,%,7.5
2014,"Partur av fólkinum, ið livir av minni enn fátækamarkinum í landinum","Streymoyar øki, norður",Kvinnur,Aldur 0 - 17,%,6.8
2015,"Partur av fólkinum, ið livir av minni enn fátækamarkinum í landinum","Streymoyar øki, norður",Kvinnur,Aldur 0 - 17,%,5.1
2016,"Partur av fólkinum, ið livir av minni enn fátækamarkinum í landinum","Streymoyar øki, norður",Kvinnur,Aldur 0 - 17,%,4.7
2017,"Partur av fólkinum, ið livir av minni enn fátækamarkinum í landinum","Streymoyar øki, norður",Kvinnur,Aldur 0 - 17,%,4.8
2018,"Partur av fólkinum, ið livir av minni enn fátækamarkinum í landinum","Streymoyar øki, norður",Kvinnur,Aldur 0 - 17,%,3.0
2019,"Partur av fólkinum, ið livir av minni enn fátækamarkinum í landinum","Streymoyar øki, norður",Kvinnur,Aldur 0 - 17,%,2.2
2020,"Partur av fólkinum, ið livir av minni enn fátækamarkinum í landinum","Streymoyar øki, norður",Kvinnur,Aldur 0 - 17,%,3.2
2021,"Partur av fólkinum, ið livir av minni enn fátækamarkinum í landinum","Streymoyar øki, norður",Kvinnur,Aldur 0 - 17,%,3.8
2022,"Partur av fólkinum, ið livir av minni enn fátækamarkinum í landinum","Streymoyar øki, norður",Kvinnur,Aldur 0 - 17,%,3.5
2023,"Partur av fólkinum, ið livir av minni enn fátækamarkinum í landinum","Streymoyar øki, norður",Kvinnur,Aldur 0 - 17,%,3.7
2024,"Partur av fólkinum, ið livir av minni enn fátækamarkinum í landinum","Streymoyar øki, norður",Kvinnur,Aldur 0 - 17,%,3.1
2009,"Partur av fólkinum, ið livir av minni enn fátækamarkinum í landinum","Streymoyar øki, norður",Kvinnur,Aldur 18 - 24,%,6.1
2010,"Partur av fólkinum, ið livir av minni enn fátækamarkinum í landinum","Streymoyar øki, norður",Kvinnur,Aldur 18 - 24,%,4.7
2011,"Partur av fólkinum, ið livir av minni enn fátækamarkinum í landinum","Streymoyar øki, norður",Kvinnur,Aldur 18 - 24,%,9.2
2012,"Partur av fólkinum, ið livir av minni enn fátækamarkinum í landinum","Streymoyar øki, norður",Kvinnur,Aldur 18 - 24,%,7.0
2013,"Partur av fólkinum, ið livir av minni enn fátækamarkinum í landinum","Streymoyar øki, norður",Kvinnur,Aldur 18 - 24,%,6.0
2014,"Partur av fólkinum, ið livir av minni enn fátækamarkinum í landinum","Streymoyar øki, norður",Kvinnur,Aldur 18 - 24,%,5.0
2015,"Partur av fólkinum, ið livir av minni enn fátækamarkinum í landinum","Streymoyar øki, norður",Kvinnur,Aldur 18 - 24,%,2.8
2016,"Partur av fólkinum, ið livir av minni enn fátækamarkinum í landinum","Streymoyar øki, norður",Kvinnur,Aldur 18 - 24,%,3.6
2017,"Partur av fólkinum, ið livir av minni enn fátækamarkinum í landinum","Streymoyar øki, norður",Kvinnur,Aldur 18 - 24,%,4.3
2018,"Partur av fólkinum, ið livir av minni enn fátækamarkinum í landinum","Streymoyar øki, norður",Kvinnur,Aldur 18 - 24,%,0.7
2019,"Partur av fólkinum, ið livir av minni enn fátækamarkinum í landinum","Streymoyar øki, norður",Kvinnur,Aldur 18 - 24,%,0.7
2020,"Partur av fólkinum, ið livir av minni enn fátækamarkinum í landinum","Streymoyar øki, norður",Kvinnur,Aldur 18 - 24,%,3.5
2021,"Partur av fólkinum, ið livir av minni enn fátækamarkinum í landinum","Streymoyar øki, norður",Kvinnur,Aldur 18 - 24,%,1.4
2022,"Partur av fólkinum, ið livir av minni enn fátækamarkinum í landinum","Streymoyar øki, norður",Kvinnur,Aldur 18 - 24,%,1.3
2023,"Partur av fólkinum, ið livir av minni enn fátækamarkinum í landinum","Streymoyar øki, norður",Kvinnur,Aldur 18 - 24,%,2.0
2024,"Partur av fólkinum, ið livir av minni enn fátækamarkinum í landinum","Streymoyar øki, norður",Kvinnur,Aldur 18 - 24,%,2.0
2009,"Partur av fólkinum, ið livir av minni enn fátækamarkinum í landinum","Streymoyar øki, norður",Kvinnur,Aldur 25 - 54,%,3.3
2010,"Partur av fólkinum, ið livir av minni enn fátækamarkinum í landinum","Streymoyar øki, norður",Kvinnur,Aldur 25 - 54,%,2.8
2011,"Partur av fólkinum, ið livir av minni enn fátækamarkinum í landinum","Streymoyar øki, norður",Kvinnur,Aldur 25 - 54,%,4.6
2012,"Partur av fólkinum, ið livir av minni enn fátækamarkinum í landinum","Streymoyar øki, norður",Kvinnur,Aldur 25 - 54,%,5.7
2013,"Partur av fólkinum, ið livir av minni enn fátækamarkinum í landinum","Streymoyar øki, norður",Kvinnur,Aldur 25 - 54,%,5.1
2014,"Partur av fólkinum, ið livir av minni enn fátækamarkinum í landinum","Streymoyar øki, norður",Kvinnur,Aldur 25 - 54,%,4.5
2015,"Partur av fólkinum, ið livir av minni enn fátækamarkinum í landinum","Streymoyar øki, norður",Kvinnur,Aldur 25 - 54,%,3.8
2016,"Partur av fólkinum, ið livir av minni enn fátækamarkinum í landinum","Streymoyar øki, norður",Kvinnur,Aldur 25 - 54,%,4.1
2017,"Partur av fólkinum, ið livir av minni enn fátækamarkinum í landinum","Streymoyar øki, norður",Kvinnur,Aldur 25 - 54,%,3.3
2018,"Partur av fólkinum, ið livir av minni enn fátækamarkinum í landinum","Streymoyar øki, norður",Kvinnur,Aldur 25 - 54,%,2.8
2019,"Partur av fólkinum, ið livir av minni enn fátækamarkinum í landinum","Streymoyar øki, norður",Kvinnur,Aldur 25 - 54,%,2.7
2020,"Partur av fólkinum, ið livir av minni enn fátækamarkinum í landinum","Streymoyar øki, norður",Kvinnur,Aldur 25 - 54,%,1.5
2021,"Partur av fólkinum, ið livir av minni enn fátækamarkinum í landinum","Streymoyar øki, norður",Kvinnur,Aldur 25 - 54,%,2.5
2022,"Partur av fólkinum, ið livir av minni enn fátækamarkinum í landinum","Streymoyar øki, norður",Kvinnur,Aldur 25 - 54,%,2.8
2023,"Partur av fólkinum, ið livir av minni enn fátækamarkinum í landinum","Streymoyar øki, norður",Kvinnur,Aldur 25 - 54,%,2.0
2024,"Partur av fólkinum, ið livir av minni enn fátækamarkinum í landinum","Streymoyar øki, norður",Kvinnur,Aldur 25 - 54,%,3.0
2009,"Partur av fólkinum, ið livir av minni enn fátækamarkinum í landinum","Streymoyar øki, norður",Kvinnur,Aldur 55 - 66,%,2.5
2010,"Partur av fólkinum, ið livir av minni enn fátækamarkinum í landinum","Streymoyar øki, norður",Kvinnur,Aldur 55 - 66,%,2.6
2011,"Partur av fólkinum, ið livir av minni enn fátækamarkinum í landinum","Streymoyar øki, norður",Kvinnur,Aldur 55 - 66,%,0.8
2012,"Partur av fólkinum, ið livir av minni enn fátækamarkinum í landinum","Streymoyar øki, norður",Kvinnur,Aldur 55 - 66,%,1.2
2013,"Partur av fólkinum, ið livir av minni enn fátækamarkinum í landinum","Streymoyar øki, norður",Kvinnur,Aldur 55 - 66,%,1.2
2014,"Partur av fólkinum, ið livir av minni enn fátækamarkinum í landinum","Streymoyar øki, norður",Kvinnur,Aldur 55 - 66,%,1.6
2015,"Partur av fólkinum, ið livir av minni enn fátækamarkinum í landinum","Streymoyar øki, norður",Kvinnur,Aldur 55 - 66,%,0.8
2016,"Partur av fólkinum, ið livir av minni enn fátækamarkinum í landinum","Streymoyar øki, norður",Kvinnur,Aldur 55 - 66,%,1.6
2017,"Partur av fólkinum, ið livir av minni enn fátækamarkinum í landinum","Streymoyar øki, norður",Kvinnur,Aldur 55 - 66,%,1.9
2018,"Partur av fólkinum, ið livir av minni enn fátækamarkinum í landinum","Streymoyar øki, norður",Kvinnur,Aldur 55 - 66,%,2.3
2019,"Partur av fólkinum, ið livir av minni enn fátækamarkinum í landinum","Streymoyar øki, norður",Kvinnur,Aldur 55 - 66,%,1.9
2020,"Partur av fólkinum, ið livir av minni enn fátækamarkinum í landinum","Streymoyar øki, norður",Kvinnur,Aldur 55 - 66,%,1.8
2021,"Partur av fólkinum, ið livir av minni enn fátækamarkinum í landinum","Streymoyar øki, norður",Kvinnur,Aldur 55 - 66,%,2.2
2022,"Partur av fólkinum, ið livir av minni enn fátækamarkinum í landinum","Streymoyar øki, norður",Kvinnur,Aldur 55 - 66,%,1.9
2023,"Partur av fólkinum, ið livir av minni enn fátækamarkinum í landinum","Streymoyar øki, norður",Kvinnur,Aldur 55 - 66,%,1.8
2024,"Partur av fólkinum, ið livir av minni enn fátækamarkinum í landinum","Streymoyar øki, norður",Kvinnur,Aldur 55 - 66,%,1.9
2009,"Partur av fólkinum, ið livir av minni enn fátækamarkinum í landinum","Streymoyar øki, norður",Kvinnur,Aldur 67 + ,%,4.1
2010,"Partur av fólkinum, ið livir av minni enn fátækamarkinum í landinum","Streymoyar øki, norður",Kvinnur,Aldur 67 + ,%,4.0
2011,"Partur av fólkinum, ið livir av minni enn fátækamarkinum í landinum","Streymoyar øki, norður",Kvinnur,Aldur 67 + ,%,3.5
2012,"Partur av fólkinum, ið livir av minni enn fátækamarkinum í landinum","Streymoyar øki, norður",Kvinnur,Aldur 67 + ,%,2.5
2013,"Partur av fólkinum, ið livir av minni enn fátækamarkinum í landinum","Streymoyar øki, norður",Kvinnur,Aldur 67 + ,%,1.7
2014,"Partur av fólkinum, ið livir av minni enn fátækamarkinum í landinum","Streymoyar øki, norður",Kvinnur,Aldur 67 + ,%,1.7
2015,"Partur av fólkinum, ið livir av minni enn fátækamarkinum í landinum","Streymoyar øki, norður",Kvinnur,Aldur 67 + ,%,1.0
2016,"Partur av fólkinum, ið livir av minni enn fátækamarkinum í landinum","Streymoyar øki, norður",Kvinnur,Aldur 67 + ,%,1.3
2017,"Partur av fólkinum, ið livir av minni enn fátækamarkinum í landinum","Streymoyar øki, norður",Kvinnur,Aldur 67 + ,%,3.0
2018,"Partur av fólkinum, ið livir av minni enn fátækamarkinum í landinum","Streymoyar øki, norður",Kvinnur,Aldur 67 + ,%,2.5
2019,"Partur av fólkinum, ið livir av minni enn fátækamarkinum í landinum","Streymoyar øki, norður",Kvinnur,Aldur 67 + ,%,1.6
2020,"Partur av fólkinum, ið livir av minni enn fátækamarkinum í landinum","Streymoyar øki, norður",Kvinnur,Aldur 67 + ,%,1.2
2021,"Partur av fólkinum, ið livir av minni enn fátækamarkinum í landinum","Streymoyar øki, norður",Kvinnur,Aldur 67 + ,%,0.9
2022,"Partur av fólkinum, ið livir av minni enn fátækamarkinum í landinum","Streymoyar øki, norður",Kvinnur,Aldur 67 + ,%,0.9
2023,"Partur av fólkinum, ið livir av minni enn fátækamarkinum í landinum","Streymoyar øki, norður",Kvinnur,Aldur 67 + ,%,0.9
2024,"Partur av fólkinum, ið livir av minni enn fátækamarkinum í landinum","Streymoyar øki, norður",Kvinnur,Aldur 67 + ,%,1.4
2009,"Partur av fólkinum, ið livir av minni enn fátækamarkinum í landinum","Streymoyar øki, norður",Menn,,%,3.7
2010,"Partur av fólkinum, ið livir av minni enn fátækamarkinum í landinum","Streymoyar øki, norður",Menn,,%,3.3
2011,"Partur av fólkinum, ið livir av minni enn fátækamarkinum í landinum","Streymoyar øki, norður",Menn,,%,4.2
2012,"Partur av fólkinum, ið livir av minni enn fátækamarkinum í landinum","Streymoyar øki, norður",Menn,,%,5.0
2013,"Partur av fólkinum, ið livir av minni enn fátækamarkinum í landinum","Streymoyar øki, norður",Menn,,%,3.8
2014,"Partur av fólkinum, ið livir av minni enn fátækamarkinum í landinum","Streymoyar øki, norður",Menn,,%,3.4
2015,"Partur av fólkinum, ið livir av minni enn fátækamarkinum í landinum","Streymoyar øki, norður",Menn,,%,2.9
2016,"Partur av fólkinum, ið livir av minni enn fátækamarkinum í landinum","Streymoyar øki, norður",Menn,,%,3.0
2017,"Partur av fólkinum, ið livir av minni enn fátækamarkinum í landinum","Streymoyar øki, norður",Menn,,%,3.2
2018,"Partur av fólkinum, ið livir av minni enn fátækamarkinum í landinum","Streymoyar øki, norður",Menn,,%,2.2
2019,"Partur av fólkinum, ið livir av minni enn fátækamarkinum í landinum","Streymoyar øki, norður",Menn,,%,2.0
2020,"Partur av fólkinum, ið livir av minni enn fátækamarkinum í landinum","Streymoyar øki, norður",Menn,,%,1.6
2021,"Partur av fólkinum, ið livir av minni enn fátækamarkinum í landinum","Streymoyar øki, norður",Menn,,%,2.2
2022,"Partur av fólkinum, ið livir av minni enn fátækamarkinum í landinum","Streymoyar øki, norður",Menn,,%,2.5
2023,"Partur av fólkinum, ið livir av minni enn fátækamarkinum í landinum","Streymoyar øki, norður",Menn,,%,1.4
2024,"Partur av fólkinum, ið livir av minni enn fátækamarkinum í landinum","Streymoyar øki, norður",Menn,,%,2.4
2009,"Partur av fólkinum, ið livir av minni enn fátækamarkinum í landinum","Streymoyar øki, norður",Menn,Aldur 0 - 17,%,5.5
2010,"Partur av fólkinum, ið livir av minni enn fátækamarkinum í landinum","Streymoyar øki, norður",Menn,Aldur 0 - 17,%,3.8
2011,"Partur av fólkinum, ið livir av minni enn fátækamarkinum í landinum","Streymoyar øki, norður",Menn,Aldur 0 - 17,%,7.2
2012,"Partur av fólkinum, ið livir av minni enn fátækamarkinum í landinum","Streymoyar øki, norður",Menn,Aldur 0 - 17,%,8.7
2013,"Partur av fólkinum, ið livir av minni enn fátækamarkinum í landinum","Streymoyar øki, norður",Menn,Aldur 0 - 17,%,6.5
2014,"Partur av fólkinum, ið livir av minni enn fátækamarkinum í landinum","Streymoyar øki, norður",Menn,Aldur 0 - 17,%,5.8
2015,"Partur av fólkinum, ið livir av minni enn fátækamarkinum í landinum","Streymoyar øki, norður",Menn,Aldur 0 - 17,%,3.5
2016,"Partur av fólkinum, ið livir av minni enn fátækamarkinum í landinum","Streymoyar øki, norður",Menn,Aldur 0 - 17,%,3.7
2017,"Partur av fólkinum, ið livir av minni enn fátækamarkinum í landinum","Streymoyar øki, norður",Menn,Aldur 0 - 17,%,5.0
2018,"Partur av fólkinum, ið livir av minni enn fátækamarkinum í landinum","Streymoyar øki, norður",Menn,Aldur 0 - 17,%,3.0
2019,"Partur av fólkinum, ið livir av minni enn fátækamarkinum í landinum","Streymoyar øki, norður",Menn,Aldur 0 - 17,%,3.2
2020,"Partur av fólkinum, ið livir av minni enn fátækamarkinum í landinum","Streymoyar øki, norður",Menn,Aldur 0 - 17,%,1.4
2021,"Partur av fólkinum, ið livir av minni enn fátækamarkinum í landinum","Streymoyar øki, norður",Menn,Aldur 0 - 17,%,3.5
2022,"Partur av fólkinum, ið livir av minni enn fátækamarkinum í landinum","Streymoyar øki, norður",Menn,Aldur 0 - 17,%,4.4
2023,"Partur av fólkinum, ið livir av minni enn fátækamarkinum í landinum","Streymoyar øki, norður",Menn,Aldur 0 - 17,%,1.4
2024,"Partur av fólkinum, ið livir av minni enn fátækamarkinum í landinum","Streymoyar øki, norður",Menn,Aldur 0 - 17,%,3.2
2009,"Partur av fólkinum, ið livir av minni enn fátækamarkinum í landinum","Streymoyar øki, norður",Menn,Aldur 18 - 24,%,1.1
2010,"Partur av fólkinum, ið livir av minni enn fátækamarkinum í landinum","Streymoyar øki, norður",Menn,Aldur 18 - 24,%,1.1
2011,"Partur av fólkinum, ið livir av minni enn fátækamarkinum í landinum","Streymoyar øki, norður",Menn,Aldur 18 - 24,%,3.7
2012,"Partur av fólkinum, ið livir av minni enn fátækamarkinum í landinum","Streymoyar øki, norður",Menn,Aldur 18 - 24,%,5.6
2013,"Partur av fólkinum, ið livir av minni enn fátækamarkinum í landinum","Streymoyar øki, norður",Menn,Aldur 18 - 24,%,3.9
2014,"Partur av fólkinum, ið livir av minni enn fátækamarkinum í landinum","Streymoyar øki, norður",Menn,Aldur 18 - 24,%,1.6
2015,"Partur av fólkinum, ið livir av minni enn fátækamarkinum í landinum","Streymoyar øki, norður",Menn,Aldur 18 - 24,%,1.0
2016,"Partur av fólkinum, ið livir av minni enn fátækamarkinum í landinum","Streymoyar øki, norður",Menn,Aldur 18 - 24,%,3.5
2017,"Partur av fólkinum, ið livir av minni enn fátækamarkinum í landinum","Streymoyar øki, norður",Menn,Aldur 18 - 24,%,2.8
2018,"Partur av fólkinum, ið livir av minni enn fátækamarkinum í landinum","Streymoyar øki, norður",Menn,Aldur 18 - 24,%,1.1
2019,"Partur av fólkinum, ið livir av minni enn fátækamarkinum í landinum","Streymoyar øki, norður",Menn,Aldur 18 - 24,%,0.0
2020,"Partur av fólkinum, ið livir av minni enn fátækamarkinum í landinum","Streymoyar øki, norður",Menn,Aldur 18 - 24,%,1.2
2021,"Partur av fólkinum, ið livir av minni enn fátækamarkinum í landinum","Streymoyar øki, norður",Menn,Aldur 18 - 24,%,0.6
2022,"Partur av fólkinum, ið livir av minni enn fátækamarkinum í landinum","Streymoyar øki, norður",Menn,Aldur 18 - 24,%,1.2
2023,"Partur av fólkinum, ið livir av minni enn fátækamarkinum í landinum","Streymoyar øki, norður",Menn,Aldur 18 - 24,%,1.2
2024,"Partur av fólkinum, ið livir av minni enn fátækamarkinum í landinum","Streymoyar øki, norður",Menn,Aldur 18 - 24,%,0.7
2009,"Partur av fólkinum, ið livir av minni enn fátækamarkinum í landinum","Streymoyar øki, norður",Menn,Aldur 25 - 54,%,2.3
2010,"Partur av fólkinum, ið livir av minni enn fátækamarkinum í landinum","Streymoyar øki, norður",Menn,Aldur 25 - 54,%,2.4
2011,"Partur av fólkinum, ið livir av minni enn fátækamarkinum í landinum","Streymoyar øki, norður",Menn,Aldur 25 - 54,%,3.0
2012,"Partur av fólkinum, ið livir av minni enn fátækamarkinum í landinum","Streymoyar øki, norður",Menn,Aldur 25 - 54,%,3.5
2013,"Partur av fólkinum, ið livir av minni enn fátækamarkinum í landinum","Streymoyar øki, norður",Menn,Aldur 25 - 54,%,2.5
2014,"Partur av fólkinum, ið livir av minni enn fátækamarkinum í landinum","Streymoyar øki, norður",Menn,Aldur 25 - 54,%,2.3
2015,"Partur av fólkinum, ið livir av minni enn fátækamarkinum í landinum","Streymoyar øki, norður",Menn,Aldur 25 - 54,%,2.8
2016,"Partur av fólkinum, ið livir av minni enn fátækamarkinum í landinum","Streymoyar øki, norður",Menn,Aldur 25 - 54,%,2.2
2017,"Partur av fólkinum, ið livir av minni enn fátækamarkinum í landinum","Streymoyar øki, norður",Menn,Aldur 25 - 54,%,2.1
2018,"Partur av fólkinum, ið livir av minni enn fátækamarkinum í landinum","Streymoyar øki, norður",Menn,Aldur 25 - 54,%,1.6
2019,"Partur av fólkinum, ið livir av minni enn fátækamarkinum í landinum","Streymoyar øki, norður",Menn,Aldur 25 - 54,%,2.1
2020,"Partur av fólkinum, ið livir av minni enn fátækamarkinum í landinum","Streymoyar øki, norður",Menn,Aldur 25 - 54,%,1.6
2021,"Partur av fólkinum, ið livir av minni enn fátækamarkinum í landinum","Streymoyar øki, norður",Menn,Aldur 25 - 54,%,2.5
2022,"Partur av fólkinum, ið livir av minni enn fátækamarkinum í landinum","Streymoyar øki, norður",Menn,Aldur 25 - 54,%,2.3
2023,"Partur av fólkinum, ið livir av minni enn fátækamarkinum í landinum","Streymoyar øki, norður",Menn,Aldur 25 - 54,%,1.7
2024,"Partur av fólkinum, ið livir av minni enn fátækamarkinum í landinum","Streymoyar øki, norður",Menn,Aldur 25 - 54,%,2.6
2009,"Partur av fólkinum, ið livir av minni enn fátækamarkinum í landinum","Streymoyar øki, norður",Menn,Aldur 55 - 66,%,5.0
2010,"Partur av fólkinum, ið livir av minni enn fátækamarkinum í landinum","Streymoyar øki, norður",Menn,Aldur 55 - 66,%,5.5
2011,"Partur av fólkinum, ið livir av minni enn fátækamarkinum í landinum","Streymoyar øki, norður",Menn,Aldur 55 - 66,%,3.0
2012,"Partur av fólkinum, ið livir av minni enn fátækamarkinum í landinum","Streymoyar øki, norður",Menn,Aldur 55 - 66,%,4.4
2013,"Partur av fólkinum, ið livir av minni enn fátækamarkinum í landinum","Streymoyar øki, norður",Menn,Aldur 55 - 66,%,4.9
2014,"Partur av fólkinum, ið livir av minni enn fátækamarkinum í landinum","Streymoyar øki, norður",Menn,Aldur 55 - 66,%,4.5
2015,"Partur av fólkinum, ið livir av minni enn fátækamarkinum í landinum","Streymoyar øki, norður",Menn,Aldur 55 - 66,%,3.5
2016,"Partur av fólkinum, ið livir av minni enn fátækamarkinum í landinum","Streymoyar øki, norður",Menn,Aldur 55 - 66,%,5.5
2017,"Partur av fólkinum, ið livir av minni enn fátækamarkinum í landinum","Streymoyar øki, norður",Menn,Aldur 55 - 66,%,4.3
2018,"Partur av fólkinum, ið livir av minni enn fátækamarkinum í landinum","Streymoyar øki, norður",Menn,Aldur 55 - 66,%,3.5
2019,"Partur av fólkinum, ið livir av minni enn fátækamarkinum í landinum","Streymoyar øki, norður",Menn,Aldur 55 - 66,%,2.8
2020,"Partur av fólkinum, ið livir av minni enn fátækamarkinum í landinum","Streymoyar øki, norður",Menn,Aldur 55 - 66,%,2.9
2021,"Partur av fólkinum, ið livir av minni enn fátækamarkinum í landinum","Streymoyar øki, norður",Menn,Aldur 55 - 66,%,2.4
2022,"Partur av fólkinum, ið livir av minni enn fátækamarkinum í landinum","Streymoyar øki, norður",Menn,Aldur 55 - 66,%,2.1
2023,"Partur av fólkinum, ið livir av minni enn fátækamarkinum í landinum","Streymoyar øki, norður",Menn,Aldur 55 - 66,%,1.8
2024,"Partur av fólkinum, ið livir av minni enn fátækamarkinum í landinum","Streymoyar øki, norður",Menn,Aldur 55 - 66,%,1.8
2009,"Partur av fólkinum, ið livir av minni enn fátækamarkinum í landinum","Streymoyar øki, norður",Menn,Aldur 67 + ,%,4.8
2010,"Partur av fólkinum, ið livir av minni enn fátækamarkinum í landinum","Streymoyar øki, norður",Menn,Aldur 67 + ,%,4.3
2011,"Partur av fólkinum, ið livir av minni enn fátækamarkinum í landinum","Streymoyar øki, norður",Menn,Aldur 67 + ,%,2.9
2012,"Partur av fólkinum, ið livir av minni enn fátækamarkinum í landinum","Streymoyar øki, norður",Menn,Aldur 67 + ,%,2.9
2013,"Partur av fólkinum, ið livir av minni enn fátækamarkinum í landinum","Streymoyar øki, norður",Menn,Aldur 67 + ,%,1.4
2014,"Partur av fólkinum, ið livir av minni enn fátækamarkinum í landinum","Streymoyar øki, norður",Menn,Aldur 67 + ,%,2.1
2015,"Partur av fólkinum, ið livir av minni enn fátækamarkinum í landinum","Streymoyar øki, norður",Menn,Aldur 67 + ,%,2.8
2016,"Partur av fólkinum, ið livir av minni enn fátækamarkinum í landinum","Streymoyar øki, norður",Menn,Aldur 67 + ,%,1.4
2017,"Partur av fólkinum, ið livir av minni enn fátækamarkinum í landinum","Streymoyar øki, norður",Menn,Aldur 67 + ,%,2.4
2018,"Partur av fólkinum, ið livir av minni enn fátækamarkinum í landinum","Streymoyar øki, norður",Menn,Aldur 67 + ,%,2.0
2019,"Partur av fólkinum, ið livir av minni enn fátækamarkinum í landinum","Streymoyar øki, norður",Menn,Aldur 67 + ,%,0.3
2020,"Partur av fólkinum, ið livir av minni enn fátækamarkinum í landinum","Streymoyar øki, norður",Menn,Aldur 67 + ,%,0.9
2021,"Partur av fólkinum, ið livir av minni enn fátækamarkinum í landinum","Streymoyar øki, norður",Menn,Aldur 67 + ,%,0.3
2022,"Partur av fólkinum, ið livir av minni enn fátækamarkinum í landinum","Streymoyar øki, norður",Menn,Aldur 67 + ,%,0.9
2023,"Partur av fólkinum, ið livir av minni enn fátækamarkinum í landinum","Streymoyar øki, norður",Menn,Aldur 67 + ,%,0.6
2024,"Partur av fólkinum, ið livir av minni enn fátækamarkinum í landinum","Streymoyar øki, norður",Menn,Aldur 67 + ,%,1.9
2009,"Partur av fólkinum, ið livir av minni enn fátækamarkinum í landinum","Streymoyar øki, suður",,,%,2.7
2010,"Partur av fólkinum, ið livir av minni enn fátækamarkinum í landinum","Streymoyar øki, suður",,,%,3.7
2011,"Partur av fólkinum, ið livir av minni enn fátækamarkinum í landinum","Streymoyar øki, suður",,,%,4.4
2012,"Partur av fólkinum, ið livir av minni enn fátækamarkinum í landinum","Streymoyar øki, suður",,,%,4.5
2013,"Partur av fólkinum, ið livir av minni enn fátækamarkinum í landinum","Streymoyar øki, suður",,,%,3.3
2014,"Partur av fólkinum, ið livir av minni enn fátækamarkinum í landinum","Streymoyar øki, suður",,,%,3.5
2015,"Partur av fólkinum, ið livir av minni enn fátækamarkinum í landinum","Streymoyar øki, suður",,,%,3.3
2016,"Partur av fólkinum, ið livir av minni enn fátækamarkinum í landinum","Streymoyar øki, suður",,,%,3.2
2017,"Partur av fólkinum, ið livir av minni enn fátækamarkinum í landinum","Streymoyar øki, suður",,,%,3.0
2018,"Partur av fólkinum, ið livir av minni enn fátækamarkinum í landinum","Streymoyar øki, suður",,,%,2.8
2019,"Partur av fólkinum, ið livir av minni enn fátækamarkinum í landinum","Streymoyar øki, suður",,,%,2.6
2020,"Partur av fólkinum, ið livir av minni enn fátækamarkinum í landinum","Streymoyar øki, suður",,,%,2.2
2021,"Partur av fólkinum, ið livir av minni enn fátækamarkinum í landinum","Streymoyar øki, suður",,,%,2.6
2022,"Partur av fólkinum, ið livir av minni enn fátækamarkinum í landinum","Streymoyar øki, suður",,,%,2.8
2023,"Partur av fólkinum, ið livir av minni enn fátækamarkinum í landinum","Streymoyar øki, suður",,,%,2.6
2024,"Partur av fólkinum, ið livir av minni enn fátækamarkinum í landinum","Streymoyar øki, suður",,,%,3.1
2009,"Partur av fólkinum, ið livir av minni enn fátækamarkinum í landinum","Streymoyar øki, suður",,Aldur 0 - 17,%,2.9
2010,"Partur av fólkinum, ið livir av minni enn fátækamarkinum í landinum","Streymoyar øki, suður",,Aldur 0 - 17,%,4.2
2011,"Partur av fólkinum, ið livir av minni enn fátækamarkinum í landinum","Streymoyar øki, suður",,Aldur 0 - 17,%,5.3
2012,"Partur av fólkinum, ið livir av minni enn fátækamarkinum í landinum","Streymoyar øki, suður",,Aldur 0 - 17,%,5.2
2013,"Partur av fólkinum, ið livir av minni enn fátækamarkinum í landinum","Streymoyar øki, suður",,Aldur 0 - 17,%,4.0
2014,"Partur av fólkinum, ið livir av minni enn fátækamarkinum í landinum","Streymoyar øki, suður",,Aldur 0 - 17,%,4.1
2015,"Partur av fólkinum, ið livir av minni enn fátækamarkinum í landinum","Streymoyar øki, suður",,Aldur 0 - 17,%,3.8
2016,"Partur av fólkinum, ið livir av minni enn fátækamarkinum í landinum","Streymoyar øki, suður",,Aldur 0 - 17,%,3.6
2017,"Partur av fólkinum, ið livir av minni enn fátækamarkinum í landinum","Streymoyar øki, suður",,Aldur 0 - 17,%,3.4
2018,"Partur av fólkinum, ið livir av minni enn fátækamarkinum í landinum","Streymoyar øki, suður",,Aldur 0 - 17,%,3.0
2019,"Partur av fólkinum, ið livir av minni enn fátækamarkinum í landinum","Streymoyar øki, suður",,Aldur 0 - 17,%,3.0
2020,"Partur av fólkinum, ið livir av minni enn fátækamarkinum í landinum","Streymoyar øki, suður",,Aldur 0 - 17,%,2.6
2021,"Partur av fólkinum, ið livir av minni enn fátækamarkinum í landinum","Streymoyar øki, suður",,Aldur 0 - 17,%,2.9
2022,"Partur av fólkinum, ið livir av minni enn fátækamarkinum í landinum","Streymoyar øki, suður",,Aldur 0 - 17,%,3.3
2023,"Partur av fólkinum, ið livir av minni enn fátækamarkinum í landinum","Streymoyar øki, suður",,Aldur 0 - 17,%,2.5
2024,"Partur av fólkinum, ið livir av minni enn fátækamarkinum í landinum","Streymoyar øki, suður",,Aldur 0 - 17,%,3.3
2009,"Partur av fólkinum, ið livir av minni enn fátækamarkinum í landinum","Streymoyar øki, suður",,Aldur 18 - 24,%,3.0
2010,"Partur av fólkinum, ið livir av minni enn fátækamarkinum í landinum","Streymoyar øki, suður",,Aldur 18 - 24,%,4.9
2011,"Partur av fólkinum, ið livir av minni enn fátækamarkinum í landinum","Streymoyar øki, suður",,Aldur 18 - 24,%,7.3
2012,"Partur av fólkinum, ið livir av minni enn fátækamarkinum í landinum","Streymoyar øki, suður",,Aldur 18 - 24,%,7.7
2013,"Partur av fólkinum, ið livir av minni enn fátækamarkinum í landinum","Streymoyar øki, suður",,Aldur 18 - 24,%,4.9
2014,"Partur av fólkinum, ið livir av minni enn fátækamarkinum í landinum","Streymoyar øki, suður",,Aldur 18 - 24,%,5.8
2015,"Partur av fólkinum, ið livir av minni enn fátækamarkinum í landinum","Streymoyar øki, suður",,Aldur 18 - 24,%,5.4
2016,"Partur av fólkinum, ið livir av minni enn fátækamarkinum í landinum","Streymoyar øki, suður",,Aldur 18 - 24,%,4.3
2017,"Partur av fólkinum, ið livir av minni enn fátækamarkinum í landinum","Streymoyar øki, suður",,Aldur 18 - 24,%,3.8
2018,"Partur av fólkinum, ið livir av minni enn fátækamarkinum í landinum","Streymoyar øki, suður",,Aldur 18 - 24,%,3.8
2019,"Partur av fólkinum, ið livir av minni enn fátækamarkinum í landinum","Streymoyar øki, suður",,Aldur 18 - 24,%,3.7
2020,"Partur av fólkinum, ið livir av minni enn fátækamarkinum í landinum","Streymoyar øki, suður",,Aldur 18 - 24,%,3.1
2021,"Partur av fólkinum, ið livir av minni enn fátækamarkinum í landinum","Streymoyar øki, suður",,Aldur 18 - 24,%,4.5
2022,"Partur av fólkinum, ið livir av minni enn fátækamarkinum í landinum","Streymoyar øki, suður",,Aldur 18 - 24,%,4.8
2023,"Partur av fólkinum, ið livir av minni enn fátækamarkinum í landinum","Streymoyar øki, suður",,Aldur 18 - 24,%,5.0
2024,"Partur av fólkinum, ið livir av minni enn fátækamarkinum í landinum","Streymoyar øki, suður",,Aldur 18 - 24,%,5.5
2009,"Partur av fólkinum, ið livir av minni enn fátækamarkinum í landinum","Streymoyar øki, suður",,Aldur 25 - 54,%,2.6
2010,"Partur av fólkinum, ið livir av minni enn fátækamarkinum í landinum","Streymoyar øki, suður",,Aldur 25 - 54,%,3.6
2011,"Partur av fólkinum, ið livir av minni enn fátækamarkinum í landinum","Streymoyar øki, suður",,Aldur 25 - 54,%,3.8
2012,"Partur av fólkinum, ið livir av minni enn fátækamarkinum í landinum","Streymoyar øki, suður",,Aldur 25 - 54,%,4.0
2013,"Partur av fólkinum, ið livir av minni enn fátækamarkinum í landinum","Streymoyar øki, suður",,Aldur 25 - 54,%,2.8
2014,"Partur av fólkinum, ið livir av minni enn fátækamarkinum í landinum","Streymoyar øki, suður",,Aldur 25 - 54,%,2.9
2015,"Partur av fólkinum, ið livir av minni enn fátækamarkinum í landinum","Streymoyar øki, suður",,Aldur 25 - 54,%,3.0
2016,"Partur av fólkinum, ið livir av minni enn fátækamarkinum í landinum","Streymoyar øki, suður",,Aldur 25 - 54,%,3.1
2017,"Partur av fólkinum, ið livir av minni enn fátækamarkinum í landinum","Streymoyar øki, suður",,Aldur 25 - 54,%,2.8
2018,"Partur av fólkinum, ið livir av minni enn fátækamarkinum í landinum","Streymoyar øki, suður",,Aldur 25 - 54,%,2.8
2019,"Partur av fólkinum, ið livir av minni enn fátækamarkinum í landinum","Streymoyar øki, suður",,Aldur 25 - 54,%,2.5
2020,"Partur av fólkinum, ið livir av minni enn fátækamarkinum í landinum","Streymoyar øki, suður",,Aldur 25 - 54,%,2.1
2021,"Partur av fólkinum, ið livir av minni enn fátækamarkinum í landinum","Streymoyar øki, suður",,Aldur 25 - 54,%,2.6
2022,"Partur av fólkinum, ið livir av minni enn fátækamarkinum í landinum","Streymoyar øki, suður",,Aldur 25 - 54,%,3.1
2023,"Partur av fólkinum, ið livir av minni enn fátækamarkinum í landinum","Streymoyar øki, suður",,Aldur 25 - 54,%,2.8
2024,"Partur av fólkinum, ið livir av minni enn fátækamarkinum í landinum","Streymoyar øki, suður",,Aldur 25 - 54,%,3.3
2009,"Partur av fólkinum, ið livir av minni enn fátækamarkinum í landinum","Streymoyar øki, suður",,Aldur 55 - 66,%,2.9
2010,"Partur av fólkinum, ið livir av minni enn fátækamarkinum í landinum","Streymoyar øki, suður",,Aldur 55 - 66,%,3.5
2011,"Partur av fólkinum, ið livir av minni enn fátækamarkinum í landinum","Streymoyar øki, suður",,Aldur 55 - 66,%,3.6
2012,"Partur av fólkinum, ið livir av minni enn fátækamarkinum í landinum","Streymoyar øki, suður",,Aldur 55 - 66,%,4.1
2013,"Partur av fólkinum, ið livir av minni enn fátækamarkinum í landinum","Streymoyar øki, suður",,Aldur 55 - 66,%,3.3
2014,"Partur av fólkinum, ið livir av minni enn fátækamarkinum í landinum","Streymoyar øki, suður",,Aldur 55 - 66,%,3.8
2015,"Partur av fólkinum, ið livir av minni enn fátækamarkinum í landinum","Streymoyar øki, suður",,Aldur 55 - 66,%,3.4
2016,"Partur av fólkinum, ið livir av minni enn fátækamarkinum í landinum","Streymoyar øki, suður",,Aldur 55 - 66,%,3.3
2017,"Partur av fólkinum, ið livir av minni enn fátækamarkinum í landinum","Streymoyar øki, suður",,Aldur 55 - 66,%,3.1
2018,"Partur av fólkinum, ið livir av minni enn fátækamarkinum í landinum","Streymoyar øki, suður",,Aldur 55 - 66,%,2.7
2019,"Partur av fólkinum, ið livir av minni enn fátækamarkinum í landinum","Streymoyar øki, suður",,Aldur 55 - 66,%,2.6
2020,"Partur av fólkinum, ið livir av minni enn fátækamarkinum í landinum","Streymoyar øki, suður",,Aldur 55 - 66,%,1.9
2021,"Partur av fólkinum, ið livir av minni enn fátækamarkinum í landinum","Streymoyar øki, suður",,Aldur 55 - 66,%,2.2
2022,"Partur av fólkinum, ið livir av minni enn fátækamarkinum í landinum","Streymoyar øki, suður",,Aldur 55 - 66,%,1.9
2023,"Partur av fólkinum, ið livir av minni enn fátækamarkinum í landinum","Streymoyar øki, suður",,Aldur 55 - 66,%,2.1
2024,"Partur av fólkinum, ið livir av minni enn fátækamarkinum í landinum","Streymoyar øki, suður",,Aldur 55 - 66,%,2.4
2009,"Partur av fólkinum, ið livir av minni enn fátækamarkinum í landinum","Streymoyar øki, suður",,Aldur 67 + ,%,2.2
2010,"Partur av fólkinum, ið livir av minni enn fátækamarkinum í landinum","Streymoyar øki, suður",,Aldur 67 + ,%,1.8
2011,"Partur av fólkinum, ið livir av minni enn fátækamarkinum í landinum","Streymoyar øki, suður",,Aldur 67 + ,%,2.7
2012,"Partur av fólkinum, ið livir av minni enn fátækamarkinum í landinum","Streymoyar øki, suður",,Aldur 67 + ,%,2.5
2013,"Partur av fólkinum, ið livir av minni enn fátækamarkinum í landinum","Streymoyar øki, suður",,Aldur 67 + ,%,1.9
2014,"Partur av fólkinum, ið livir av minni enn fátækamarkinum í landinum","Streymoyar øki, suður",,Aldur 67 + ,%,1.9
2015,"Partur av fólkinum, ið livir av minni enn fátækamarkinum í landinum","Streymoyar øki, suður",,Aldur 67 + ,%,1.6
2016,"Partur av fólkinum, ið livir av minni enn fátækamarkinum í landinum","Streymoyar øki, suður",,Aldur 67 + ,%,2.0
2017,"Partur av fólkinum, ið livir av minni enn fátækamarkinum í landinum","Streymoyar øki, suður",,Aldur 67 + ,%,2.3
2018,"Partur av fólkinum, ið livir av minni enn fátækamarkinum í landinum","Streymoyar øki, suður",,Aldur 67 + ,%,1.9
2019,"Partur av fólkinum, ið livir av minni enn fátækamarkinum í landinum","Streymoyar øki, suður",,Aldur 67 + ,%,1.5
2020,"Partur av fólkinum, ið livir av minni enn fátækamarkinum í landinum","Streymoyar øki, suður",,Aldur 67 + ,%,1.3
2021,"Partur av fólkinum, ið livir av minni enn fátækamarkinum í landinum","Streymoyar øki, suður",,Aldur 67 + ,%,1.0
2022,"Partur av fólkinum, ið livir av minni enn fátækamarkinum í landinum","Streymoyar øki, suður",,Aldur 67 + ,%,0.7
2023,"Partur av fólkinum, ið livir av minni enn fátækamarkinum í landinum","Streymoyar øki, suður",,Aldur 67 + ,%,1.6
2024,"Partur av fólkinum, ið livir av minni enn fátækamarkinum í landinum","Streymoyar øki, suður",,Aldur 67 + ,%,1.4
2009,"Partur av fólkinum, ið livir av minni enn fátækamarkinum í landinum","Streymoyar øki, suður",Kvinnur,,%,2.8
2010,"Partur av fólkinum, ið livir av minni enn fátækamarkinum í landinum","Streymoyar øki, suður",Kvinnur,,%,3.8
2011,"Partur av fólkinum, ið livir av minni enn fátækamarkinum í landinum","Streymoyar øki, suður",Kvinnur,,%,4.7
2012,"Partur av fólkinum, ið livir av minni enn fátækamarkinum í landinum","Streymoyar øki, suður",Kvinnur,,%,4.7
2013,"Partur av fólkinum, ið livir av minni enn fátækamarkinum í landinum","Streymoyar øki, suður",Kvinnur,,%,3.5
2014,"Partur av fólkinum, ið livir av minni enn fátækamarkinum í landinum","Streymoyar øki, suður",Kvinnur,,%,3.6
2015,"Partur av fólkinum, ið livir av minni enn fátækamarkinum í landinum","Streymoyar øki, suður",Kvinnur,,%,3.3
2016,"Partur av fólkinum, ið livir av minni enn fátækamarkinum í landinum","Streymoyar øki, suður",Kvinnur,,%,3.4
2017,"Partur av fólkinum, ið livir av minni enn fátækamarkinum í landinum","Streymoyar øki, suður",Kvinnur,,%,3.0
2018,"Partur av fólkinum, ið livir av minni enn fátækamarkinum í landinum","Streymoyar øki, suður",Kvinnur,,%,2.7
2019,"Partur av fólkinum, ið livir av minni enn fátækamarkinum í landinum","Streymoyar øki, suður",Kvinnur,,%,2.9
2020,"Partur av fólkinum, ið livir av minni enn fátækamarkinum í landinum","Streymoyar øki, suður",Kvinnur,,%,2.3
2021,"Partur av fólkinum, ið livir av minni enn fátækamarkinum í landinum","Streymoyar øki, suður",Kvinnur,,%,2.7
2022,"Partur av fólkinum, ið livir av minni enn fátækamarkinum í landinum","Streymoyar øki, suður",Kvinnur,,%,2.9
2023,"Partur av fólkinum, ið livir av minni enn fátækamarkinum í landinum","Streymoyar øki, suður",Kvinnur,,%,2.8
2024,"Partur av fólkinum, ið livir av minni enn fátækamarkinum í landinum","Streymoyar øki, suður",Kvinnur,,%,3.4
2009,"Partur av fólkinum, ið livir av minni enn fátækamarkinum í landinum","Streymoyar øki, suður",Kvinnur,Aldur 0 - 17,%,3.0
2010,"Partur av fólkinum, ið livir av minni enn fátækamarkinum í landinum","Streymoyar øki, suður",Kvinnur,Aldur 0 - 17,%,4.3
2011,"Partur av fólkinum, ið livir av minni enn fátækamarkinum í landinum","Streymoyar øki, suður",Kvinnur,Aldur 0 - 17,%,5.6
2012,"Partur av fólkinum, ið livir av minni enn fátækamarkinum í landinum","Streymoyar øki, suður",Kvinnur,Aldur 0 - 17,%,5.2
2013,"Partur av fólkinum, ið livir av minni enn fátækamarkinum í landinum","Streymoyar øki, suður",Kvinnur,Aldur 0 - 17,%,4.0
2014,"Partur av fólkinum, ið livir av minni enn fátækamarkinum í landinum","Streymoyar øki, suður",Kvinnur,Aldur 0 - 17,%,3.8
2015,"Partur av fólkinum, ið livir av minni enn fátækamarkinum í landinum","Streymoyar øki, suður",Kvinnur,Aldur 0 - 17,%,4.0
2016,"Partur av fólkinum, ið livir av minni enn fátækamarkinum í landinum","Streymoyar øki, suður",Kvinnur,Aldur 0 - 17,%,3.7
2017,"Partur av fólkinum, ið livir av minni enn fátækamarkinum í landinum","Streymoyar øki, suður",Kvinnur,Aldur 0 - 17,%,3.0
2018,"Partur av fólkinum, ið livir av minni enn fátækamarkinum í landinum","Streymoyar øki, suður",Kvinnur,Aldur 0 - 17,%,2.7
2019,"Partur av fólkinum, ið livir av minni enn fátækamarkinum í landinum","Streymoyar øki, suður",Kvinnur,Aldur 0 - 17,%,3.7
2020,"Partur av fólkinum, ið livir av minni enn fátækamarkinum í landinum","Streymoyar øki, suður",Kvinnur,Aldur 0 - 17,%,2.7
2021,"Partur av fólkinum, ið livir av minni enn fátækamarkinum í landinum","Streymoyar øki, suður",Kvinnur,Aldur 0 - 17,%,3.2
2022,"Partur av fólkinum, ið livir av minni enn fátækamarkinum í landinum","Streymoyar øki, suður",Kvinnur,Aldur 0 - 17,%,3.3
2023,"Partur av fólkinum, ið livir av minni enn fátækamarkinum í landinum","Streymoyar øki, suður",Kvinnur,Aldur 0 - 17,%,2.9
2024,"Partur av fólkinum, ið livir av minni enn fátækamarkinum í landinum","Streymoyar øki, suður",Kvinnur,Aldur 0 - 17,%,4.2
2009,"Partur av fólkinum, ið livir av minni enn fátækamarkinum í landinum","Streymoyar øki, suður",Kvinnur,Aldur 18 - 24,%,3.6
2010,"Partur av fólkinum, ið livir av minni enn fátækamarkinum í landinum","Streymoyar øki, suður",Kvinnur,Aldur 18 - 24,%,6.6
2011,"Partur av fólkinum, ið livir av minni enn fátækamarkinum í landinum","Streymoyar øki, suður",Kvinnur,Aldur 18 - 24,%,10.0
2012,"Partur av fólkinum, ið livir av minni enn fátækamarkinum í landinum","Streymoyar øki, suður",Kvinnur,Aldur 18 - 24,%,10.5
2013,"Partur av fólkinum, ið livir av minni enn fátækamarkinum í landinum","Streymoyar øki, suður",Kvinnur,Aldur 18 - 24,%,6.6
2014,"Partur av fólkinum, ið livir av minni enn fátækamarkinum í landinum","Streymoyar øki, suður",Kvinnur,Aldur 18 - 24,%,8.1
2015,"Partur av fólkinum, ið livir av minni enn fátækamarkinum í landinum","Streymoyar øki, suður",Kvinnur,Aldur 18 - 24,%,6.9
2016,"Partur av fólkinum, ið livir av minni enn fátækamarkinum í landinum","Streymoyar øki, suður",Kvinnur,Aldur 18 - 24,%,5.9
2017,"Partur av fólkinum, ið livir av minni enn fátækamarkinum í landinum","Streymoyar øki, suður",Kvinnur,Aldur 18 - 24,%,5.1
2018,"Partur av fólkinum, ið livir av minni enn fátækamarkinum í landinum","Streymoyar øki, suður",Kvinnur,Aldur 18 - 24,%,4.2
2019,"Partur av fólkinum, ið livir av minni enn fátækamarkinum í landinum","Streymoyar øki, suður",Kvinnur,Aldur 18 - 24,%,4.8
2020,"Partur av fólkinum, ið livir av minni enn fátækamarkinum í landinum","Streymoyar øki, suður",Kvinnur,Aldur 18 - 24,%,4.5
2021,"Partur av fólkinum, ið livir av minni enn fátækamarkinum í landinum","Streymoyar øki, suður",Kvinnur,Aldur 18 - 24,%,5.9
2022,"Partur av fólkinum, ið livir av minni enn fátækamarkinum í landinum","Streymoyar øki, suður",Kvinnur,Aldur 18 - 24,%,7.3
2023,"Partur av fólkinum, ið livir av minni enn fátækamarkinum í landinum","Streymoyar øki, suður",Kvinnur,Aldur 18 - 24,%,7.2
2024,"Partur av fólkinum, ið livir av minni enn fátækamarkinum í landinum","Streymoyar øki, suður",Kvinnur,Aldur 18 - 24,%,7.0
2009,"Partur av fólkinum, ið livir av minni enn fátækamarkinum í landinum","Streymoyar øki, suður",Kvinnur,Aldur 25 - 54,%,2.9
2010,"Partur av fólkinum, ið livir av minni enn fátækamarkinum í landinum","Streymoyar øki, suður",Kvinnur,Aldur 25 - 54,%,3.8
2011,"Partur av fólkinum, ið livir av minni enn fátækamarkinum í landinum","Streymoyar øki, suður",Kvinnur,Aldur 25 - 54,%,4.1
2012,"Partur av fólkinum, ið livir av minni enn fátækamarkinum í landinum","Streymoyar øki, suður",Kvinnur,Aldur 25 - 54,%,4.1
2013,"Partur av fólkinum, ið livir av minni enn fátækamarkinum í landinum","Streymoyar øki, suður",Kvinnur,Aldur 25 - 54,%,3.0
2014,"Partur av fólkinum, ið livir av minni enn fátækamarkinum í landinum","Streymoyar øki, suður",Kvinnur,Aldur 25 - 54,%,2.9
2015,"Partur av fólkinum, ið livir av minni enn fátækamarkinum í landinum","Streymoyar øki, suður",Kvinnur,Aldur 25 - 54,%,2.9
2016,"Partur av fólkinum, ið livir av minni enn fátækamarkinum í landinum","Streymoyar øki, suður",Kvinnur,Aldur 25 - 54,%,3.2
2017,"Partur av fólkinum, ið livir av minni enn fátækamarkinum í landinum","Streymoyar øki, suður",Kvinnur,Aldur 25 - 54,%,2.8
2018,"Partur av fólkinum, ið livir av minni enn fátækamarkinum í landinum","Streymoyar øki, suður",Kvinnur,Aldur 25 - 54,%,2.6
2019,"Partur av fólkinum, ið livir av minni enn fátækamarkinum í landinum","Streymoyar øki, suður",Kvinnur,Aldur 25 - 54,%,2.6
2020,"Partur av fólkinum, ið livir av minni enn fátækamarkinum í landinum","Streymoyar øki, suður",Kvinnur,Aldur 25 - 54,%,2.2
2021,"Partur av fólkinum, ið livir av minni enn fátækamarkinum í landinum","Streymoyar øki, suður",Kvinnur,Aldur 25 - 54,%,2.7
2022,"Partur av fólkinum, ið livir av minni enn fátækamarkinum í landinum","Streymoyar øki, suður",Kvinnur,Aldur 25 - 54,%,3.1
2023,"Partur av fólkinum, ið livir av minni enn fátækamarkinum í landinum","Streymoyar øki, suður",Kvinnur,Aldur 25 - 54,%,2.5
2024,"Partur av fólkinum, ið livir av minni enn fátækamarkinum í landinum","Streymoyar øki, suður",Kvinnur,Aldur 25 - 54,%,3.3
2009,"Partur av fólkinum, ið livir av minni enn fátækamarkinum í landinum","Streymoyar øki, suður",Kvinnur,Aldur 55 - 66,%,2.4
2010,"Partur av fólkinum, ið livir av minni enn fátækamarkinum í landinum","Streymoyar øki, suður",Kvinnur,Aldur 55 - 66,%,2.9
2011,"Partur av fólkinum, ið livir av minni enn fátækamarkinum í landinum","Streymoyar øki, suður",Kvinnur,Aldur 55 - 66,%,3.3
2012,"Partur av fólkinum, ið livir av minni enn fátækamarkinum í landinum","Streymoyar øki, suður",Kvinnur,Aldur 55 - 66,%,3.9
2013,"Partur av fólkinum, ið livir av minni enn fátækamarkinum í landinum","Streymoyar øki, suður",Kvinnur,Aldur 55 - 66,%,3.2
2014,"Partur av fólkinum, ið livir av minni enn fátækamarkinum í landinum","Streymoyar øki, suður",Kvinnur,Aldur 55 - 66,%,3.9
2015,"Partur av fólkinum, ið livir av minni enn fátækamarkinum í landinum","Streymoyar øki, suður",Kvinnur,Aldur 55 - 66,%,2.8
2016,"Partur av fólkinum, ið livir av minni enn fátækamarkinum í landinum","Streymoyar øki, suður",Kvinnur,Aldur 55 - 66,%,3.0
2017,"Partur av fólkinum, ið livir av minni enn fátækamarkinum í landinum","Streymoyar øki, suður",Kvinnur,Aldur 55 - 66,%,2.5
2018,"Partur av fólkinum, ið livir av minni enn fátækamarkinum í landinum","Streymoyar øki, suður",Kvinnur,Aldur 55 - 66,%,2.3
2019,"Partur av fólkinum, ið livir av minni enn fátækamarkinum í landinum","Streymoyar øki, suður",Kvinnur,Aldur 55 - 66,%,2.4
2020,"Partur av fólkinum, ið livir av minni enn fátækamarkinum í landinum","Streymoyar øki, suður",Kvinnur,Aldur 55 - 66,%,1.5
2021,"Partur av fólkinum, ið livir av minni enn fátækamarkinum í landinum","Streymoyar øki, suður",Kvinnur,Aldur 55 - 66,%,1.5
2022,"Partur av fólkinum, ið livir av minni enn fátækamarkinum í landinum","Streymoyar øki, suður",Kvinnur,Aldur 55 - 66,%,1.4
2023,"Partur av fólkinum, ið livir av minni enn fátækamarkinum í landinum","Streymoyar øki, suður",Kvinnur,Aldur 55 - 66,%,1.6
2024,"Partur av fólkinum, ið livir av minni enn fátækamarkinum í landinum","Streymoyar øki, suður",Kvinnur,Aldur 55 - 66,%,1.8
2009,"Partur av fólkinum, ið livir av minni enn fátækamarkinum í landinum","Streymoyar øki, suður",Kvinnur,Aldur 67 + ,%,2.2
2010,"Partur av fólkinum, ið livir av minni enn fátækamarkinum í landinum","Streymoyar øki, suður",Kvinnur,Aldur 67 + ,%,1.7
2011,"Partur av fólkinum, ið livir av minni enn fátækamarkinum í landinum","Streymoyar øki, suður",Kvinnur,Aldur 67 + ,%,2.3
2012,"Partur av fólkinum, ið livir av minni enn fátækamarkinum í landinum","Streymoyar øki, suður",Kvinnur,Aldur 67 + ,%,2.2
2013,"Partur av fólkinum, ið livir av minni enn fátækamarkinum í landinum","Streymoyar øki, suður",Kvinnur,Aldur 67 + ,%,1.8
2014,"Partur av fólkinum, ið livir av minni enn fátækamarkinum í landinum","Streymoyar øki, suður",Kvinnur,Aldur 67 + ,%,1.8
2015,"Partur av fólkinum, ið livir av minni enn fátækamarkinum í landinum","Streymoyar øki, suður",Kvinnur,Aldur 67 + ,%,1.4
2016,"Partur av fólkinum, ið livir av minni enn fátækamarkinum í landinum","Streymoyar øki, suður",Kvinnur,Aldur 67 + ,%,1.9
2017,"Partur av fólkinum, ið livir av minni enn fátækamarkinum í landinum","Streymoyar øki, suður",Kvinnur,Aldur 67 + ,%,2.9
2018,"Partur av fólkinum, ið livir av minni enn fátækamarkinum í landinum","Streymoyar øki, suður",Kvinnur,Aldur 67 + ,%,2.5
2019,"Partur av fólkinum, ið livir av minni enn fátækamarkinum í landinum","Streymoyar øki, suður",Kvinnur,Aldur 67 + ,%,1.8
2020,"Partur av fólkinum, ið livir av minni enn fátækamarkinum í landinum","Streymoyar øki, suður",Kvinnur,Aldur 67 + ,%,1.5
2021,"Partur av fólkinum, ið livir av minni enn fátækamarkinum í landinum","Streymoyar øki, suður",Kvinnur,Aldur 67 + ,%,1.2
2022,"Partur av fólkinum, ið livir av minni enn fátækamarkinum í landinum","Streymoyar øki, suður",Kvinnur,Aldur 67 + ,%,1.1
2023,"Partur av fólkinum, ið livir av minni enn fátækamarkinum í landinum","Streymoyar øki, suður",Kvinnur,Aldur 67 + ,%,2.0
2024,"Partur av fólkinum, ið livir av minni enn fátækamarkinum í landinum","Streymoyar øki, suður",Kvinnur,Aldur 67 + ,%,1.8
2009,"Partur av fólkinum, ið livir av minni enn fátækamarkinum í landinum","Streymoyar øki, suður",Menn,,%,2.6
2010,"Partur av fólkinum, ið livir av minni enn fátækamarkinum í landinum","Streymoyar øki, suður",Menn,,%,3.6
2011,"Partur av fólkinum, ið livir av minni enn fátækamarkinum í landinum","Streymoyar øki, suður",Menn,,%,4.1
2012,"Partur av fólkinum, ið livir av minni enn fátækamarkinum í landinum","Streymoyar øki, suður",Menn,,%,4.3
2013,"Partur av fólkinum, ið livir av minni enn fátækamarkinum í landinum","Streymoyar øki, suður",Menn,,%,3.1
2014,"Partur av fólkinum, ið livir av minni enn fátækamarkinum í landinum","Streymoyar øki, suður",Menn,,%,3.4
2015,"Partur av fólkinum, ið livir av minni enn fátækamarkinum í landinum","Streymoyar øki, suður",Menn,,%,3.2
2016,"Partur av fólkinum, ið livir av minni enn fátækamarkinum í landinum","Streymoyar øki, suður",Menn,,%,3.1
2017,"Partur av fólkinum, ið livir av minni enn fátækamarkinum í landinum","Streymoyar øki, suður",Menn,,%,3.0
2018,"Partur av fólkinum, ið livir av minni enn fátækamarkinum í landinum","Streymoyar øki, suður",Menn,,%,2.9
2019,"Partur av fólkinum, ið livir av minni enn fátækamarkinum í landinum","Streymoyar øki, suður",Menn,,%,2.3
2020,"Partur av fólkinum, ið livir av minni enn fátækamarkinum í landinum","Streymoyar øki, suður",Menn,,%,2.0
2021,"Partur av fólkinum, ið livir av minni enn fátækamarkinum í landinum","Streymoyar øki, suður",Menn,,%,2.4
2022,"Partur av fólkinum, ið livir av minni enn fátækamarkinum í landinum","Streymoyar øki, suður",Menn,,%,2.6
2023,"Partur av fólkinum, ið livir av minni enn fátækamarkinum í landinum","Streymoyar øki, suður",Menn,,%,2.5
2024,"Partur av fólkinum, ið livir av minni enn fátækamarkinum í landinum","Streymoyar øki, suður",Menn,,%,2.8
2009,"Partur av fólkinum, ið livir av minni enn fátækamarkinum í landinum","Streymoyar øki, suður",Menn,Aldur 0 - 17,%,2.9
2010,"Partur av fólkinum, ið livir av minni enn fátækamarkinum í landinum","Streymoyar øki, suður",Menn,Aldur 0 - 17,%,4.2
2011,"Partur av fólkinum, ið livir av minni enn fátækamarkinum í landinum","Streymoyar øki, suður",Menn,Aldur 0 - 17,%,4.9
2012,"Partur av fólkinum, ið livir av minni enn fátækamarkinum í landinum","Streymoyar øki, suður",Menn,Aldur 0 - 17,%,5.1
2013,"Partur av fólkinum, ið livir av minni enn fátækamarkinum í landinum","Streymoyar øki, suður",Menn,Aldur 0 - 17,%,4.0
2014,"Partur av fólkinum, ið livir av minni enn fátækamarkinum í landinum","Streymoyar øki, suður",Menn,Aldur 0 - 17,%,4.4
2015,"Partur av fólkinum, ið livir av minni enn fátækamarkinum í landinum","Streymoyar øki, suður",Menn,Aldur 0 - 17,%,3.6
2016,"Partur av fólkinum, ið livir av minni enn fátækamarkinum í landinum","Streymoyar øki, suður",Menn,Aldur 0 - 17,%,3.5
2017,"Partur av fólkinum, ið livir av minni enn fátækamarkinum í landinum","Streymoyar øki, suður",Menn,Aldur 0 - 17,%,3.8
2018,"Partur av fólkinum, ið livir av minni enn fátækamarkinum í landinum","Streymoyar øki, suður",Menn,Aldur 0 - 17,%,3.3
2019,"Partur av fólkinum, ið livir av minni enn fátækamarkinum í landinum","Streymoyar øki, suður",Menn,Aldur 0 - 17,%,2.2
2020,"Partur av fólkinum, ið livir av minni enn fátækamarkinum í landinum","Streymoyar øki, suður",Menn,Aldur 0 - 17,%,2.5
2021,"Partur av fólkinum, ið livir av minni enn fátækamarkinum í landinum","Streymoyar øki, suður",Menn,Aldur 0 - 17,%,2.6
2022,"Partur av fólkinum, ið livir av minni enn fátækamarkinum í landinum","Streymoyar øki, suður",Menn,Aldur 0 - 17,%,3.3
2023,"Partur av fólkinum, ið livir av minni enn fátækamarkinum í landinum","Streymoyar øki, suður",Menn,Aldur 0 - 17,%,2.1
2024,"Partur av fólkinum, ið livir av minni enn fátækamarkinum í landinum","Streymoyar øki, suður",Menn,Aldur 0 - 17,%,2.5
2009,"Partur av fólkinum, ið livir av minni enn fátækamarkinum í landinum","Streymoyar øki, suður",Menn,Aldur 18 - 24,%,2.4
2010,"Partur av fólkinum, ið livir av minni enn fátækamarkinum í landinum","Streymoyar øki, suður",Menn,Aldur 18 - 24,%,3.4
2011,"Partur av fólkinum, ið livir av minni enn fátækamarkinum í landinum","Streymoyar øki, suður",Menn,Aldur 18 - 24,%,5.0
2012,"Partur av fólkinum, ið livir av minni enn fátækamarkinum í landinum","Streymoyar øki, suður",Menn,Aldur 18 - 24,%,5.3
2013,"Partur av fólkinum, ið livir av minni enn fátækamarkinum í landinum","Streymoyar øki, suður",Menn,Aldur 18 - 24,%,3.5
2014,"Partur av fólkinum, ið livir av minni enn fátækamarkinum í landinum","Streymoyar øki, suður",Menn,Aldur 18 - 24,%,3.8
2015,"Partur av fólkinum, ið livir av minni enn fátækamarkinum í landinum","Streymoyar øki, suður",Menn,Aldur 18 - 24,%,4.0
2016,"Partur av fólkinum, ið livir av minni enn fátækamarkinum í landinum","Streymoyar øki, suður",Menn,Aldur 18 - 24,%,2.9
2017,"Partur av fólkinum, ið livir av minni enn fátækamarkinum í landinum","Streymoyar øki, suður",Menn,Aldur 18 - 24,%,2.6
2018,"Partur av fólkinum, ið livir av minni enn fátækamarkinum í landinum","Streymoyar øki, suður",Menn,Aldur 18 - 24,%,3.4
2019,"Partur av fólkinum, ið livir av minni enn fátækamarkinum í landinum","Streymoyar øki, suður",Menn,Aldur 18 - 24,%,2.7
2020,"Partur av fólkinum, ið livir av minni enn fátækamarkinum í landinum","Streymoyar øki, suður",Menn,Aldur 18 - 24,%,1.8
2021,"Partur av fólkinum, ið livir av minni enn fátækamarkinum í landinum","Streymoyar øki, suður",Menn,Aldur 18 - 24,%,3.1
2022,"Partur av fólkinum, ið livir av minni enn fátækamarkinum í landinum","Streymoyar øki, suður",Menn,Aldur 18 - 24,%,2.5
2023,"Partur av fólkinum, ið livir av minni enn fátækamarkinum í landinum","Streymoyar øki, suður",Menn,Aldur 18 - 24,%,3.1
2024,"Partur av fólkinum, ið livir av minni enn fátækamarkinum í landinum","Streymoyar øki, suður",Menn,Aldur 18 - 24,%,4.2
2009,"Partur av fólkinum, ið livir av minni enn fátækamarkinum í landinum","Streymoyar øki, suður",Menn,Aldur 25 - 54,%,2.3
2010,"Partur av fólkinum, ið livir av minni enn fátækamarkinum í landinum","Streymoyar øki, suður",Menn,Aldur 25 - 54,%,3.4
2011,"Partur av fólkinum, ið livir av minni enn fátækamarkinum í landinum","Streymoyar øki, suður",Menn,Aldur 25 - 54,%,3.6
2012,"Partur av fólkinum, ið livir av minni enn fátækamarkinum í landinum","Streymoyar øki, suður",Menn,Aldur 25 - 54,%,3.9
2013,"Partur av fólkinum, ið livir av minni enn fátækamarkinum í landinum","Streymoyar øki, suður",Menn,Aldur 25 - 54,%,2.5
2014,"Partur av fólkinum, ið livir av minni enn fátækamarkinum í landinum","Streymoyar øki, suður",Menn,Aldur 25 - 54,%,2.9
2015,"Partur av fólkinum, ið livir av minni enn fátækamarkinum í landinum","Streymoyar øki, suður",Menn,Aldur 25 - 54,%,3.1
2016,"Partur av fólkinum, ið livir av minni enn fátækamarkinum í landinum","Streymoyar øki, suður",Menn,Aldur 25 - 54,%,3.0
2017,"Partur av fólkinum, ið livir av minni enn fátækamarkinum í landinum","Streymoyar øki, suður",Menn,Aldur 25 - 54,%,2.8
2018,"Partur av fólkinum, ið livir av minni enn fátækamarkinum í landinum","Streymoyar øki, suður",Menn,Aldur 25 - 54,%,2.9
2019,"Partur av fólkinum, ið livir av minni enn fátækamarkinum í landinum","Streymoyar øki, suður",Menn,Aldur 25 - 54,%,2.4
2020,"Partur av fólkinum, ið livir av minni enn fátækamarkinum í landinum","Streymoyar øki, suður",Menn,Aldur 25 - 54,%,1.9
2021,"Partur av fólkinum, ið livir av minni enn fátækamarkinum í landinum","Streymoyar øki, suður",Menn,Aldur 25 - 54,%,2.5
2022,"Partur av fólkinum, ið livir av minni enn fátækamarkinum í landinum","Streymoyar øki, suður",Menn,Aldur 25 - 54,%,3.1
2023,"Partur av fólkinum, ið livir av minni enn fátækamarkinum í landinum","Streymoyar øki, suður",Menn,Aldur 25 - 54,%,3.1
2024,"Partur av fólkinum, ið livir av minni enn fátækamarkinum í landinum","Streymoyar øki, suður",Menn,Aldur 25 - 54,%,3.3
2009,"Partur av fólkinum, ið livir av minni enn fátækamarkinum í landinum","Streymoyar øki, suður",Menn,Aldur 55 - 66,%,3.4
2010,"Partur av fólkinum, ið livir av minni enn fátækamarkinum í landinum","Streymoyar øki, suður",Menn,Aldur 55 - 66,%,4.1
2011,"Partur av fólkinum, ið livir av minni enn fátækamarkinum í landinum","Streymoyar øki, suður",Menn,Aldur 55 - 66,%,4.0
2012,"Partur av fólkinum, ið livir av minni enn fátækamarkinum í landinum","Streymoyar øki, suður",Menn,Aldur 55 - 66,%,4.2
2013,"Partur av fólkinum, ið livir av minni enn fátækamarkinum í landinum","Streymoyar øki, suður",Menn,Aldur 55 - 66,%,3.4
2014,"Partur av fólkinum, ið livir av minni enn fátækamarkinum í landinum","Streymoyar øki, suður",Menn,Aldur 55 - 66,%,3.6
2015,"Partur av fólkinum, ið livir av minni enn fátækamarkinum í landinum","Streymoyar øki, suður",Menn,Aldur 55 - 66,%,3.9
2016,"Partur av fólkinum, ið livir av minni enn fátækamarkinum í landinum","Streymoyar øki, suður",Menn,Aldur 55 - 66,%,3.5
2017,"Partur av fólkinum, ið livir av minni enn fátækamarkinum í landinum","Streymoyar øki, suður",Menn,Aldur 55 - 66,%,3.8
2018,"Partur av fólkinum, ið livir av minni enn fátækamarkinum í landinum","Streymoyar øki, suður",Menn,Aldur 55 - 66,%,3.1
2019,"Partur av fólkinum, ið livir av minni enn fátækamarkinum í landinum","Streymoyar øki, suður",Menn,Aldur 55 - 66,%,2.8
2020,"Partur av fólkinum, ið livir av minni enn fátækamarkinum í landinum","Streymoyar øki, suður",Menn,Aldur 55 - 66,%,2.3
2021,"Partur av fólkinum, ið livir av minni enn fátækamarkinum í landinum","Streymoyar øki, suður",Menn,Aldur 55 - 66,%,2.8
2022,"Partur av fólkinum, ið livir av minni enn fátækamarkinum í landinum","Streymoyar øki, suður",Menn,Aldur 55 - 66,%,2.3
2023,"Partur av fólkinum, ið livir av minni enn fátækamarkinum í landinum","Streymoyar øki, suður",Menn,Aldur 55 - 66,%,2.6
2024,"Partur av fólkinum, ið livir av minni enn fátækamarkinum í landinum","Streymoyar øki, suður",Menn,Aldur 55 - 66,%,3.0
2009,"Partur av fólkinum, ið livir av minni enn fátækamarkinum í landinum","Streymoyar øki, suður",Menn,Aldur 67 + ,%,2.2
2010,"Partur av fólkinum, ið livir av minni enn fátækamarkinum í landinum","Streymoyar øki, suður",Menn,Aldur 67 + ,%,2.0
2011,"Partur av fólkinum, ið livir av minni enn fátækamarkinum í landinum","Streymoyar øki, suður",Menn,Aldur 67 + ,%,3.2
2012,"Partur av fólkinum, ið livir av minni enn fátækamarkinum í landinum","Streymoyar øki, suður",Menn,Aldur 67 + ,%,2.9
2013,"Partur av fólkinum, ið livir av minni enn fátækamarkinum í landinum","Streymoyar øki, suður",Menn,Aldur 67 + ,%,2.0
2014,"Partur av fólkinum, ið livir av minni enn fátækamarkinum í landinum","Streymoyar øki, suður",Menn,Aldur 67 + ,%,2.0
2015,"Partur av fólkinum, ið livir av minni enn fátækamarkinum í landinum","Streymoyar øki, suður",Menn,Aldur 67 + ,%,1.7
2016,"Partur av fólkinum, ið livir av minni enn fátækamarkinum í landinum","Streymoyar øki, suður",Menn,Aldur 67 + ,%,2.2
2017,"Partur av fólkinum, ið livir av minni enn fátækamarkinum í landinum","Streymoyar øki, suður",Menn,Aldur 67 + ,%,1.7
2018,"Partur av fólkinum, ið livir av minni enn fátækamarkinum í landinum","Streymoyar øki, suður",Menn,Aldur 67 + ,%,1.3
2019,"Partur av fólkinum, ið livir av minni enn fátækamarkinum í landinum","Streymoyar øki, suður",Menn,Aldur 67 + ,%,1.2
2020,"Partur av fólkinum, ið livir av minni enn fátækamarkinum í landinum","Streymoyar øki, suður",Menn,Aldur 67 + ,%,1.1
2021,"Partur av fólkinum, ið livir av minni enn fátækamarkinum í landinum","Streymoyar øki, suður",Menn,Aldur 67 + ,%,0.8
2022,"Partur av fólkinum, ið livir av minni enn fátækamarkinum í landinum","Streymoyar øki, suður",Menn,Aldur 67 + ,%,0.4
2023,"Partur av fólkinum, ið livir av minni enn fátækamarkinum í landinum","Streymoyar øki, suður",Menn,Aldur 67 + ,%,1.1
2024,"Partur av fólkinum, ið livir av minni enn fátækamarkinum í landinum","Streymoyar øki, suður",Menn,Aldur 67 + ,%,0.9
2009,"Partur av fólkinum, ið livir av minni enn fátækamarkinum í landinum",Suðuroyar øki,,,%,6.9
2010,"Partur av fólkinum, ið livir av minni enn fátækamarkinum í landinum",Suðuroyar øki,,,%,6.0
2011,"Partur av fólkinum, ið livir av minni enn fátækamarkinum í landinum",Suðuroyar øki,,,%,6.8
2012,"Partur av fólkinum, ið livir av minni enn fátækamarkinum í landinum",Suðuroyar øki,,,%,5.2
2013,"Partur av fólkinum, ið livir av minni enn fátækamarkinum í landinum",Suðuroyar øki,,,%,5.5
2014,"Partur av fólkinum, ið livir av minni enn fátækamarkinum í landinum",Suðuroyar øki,,,%,5.1
2015,"Partur av fólkinum, ið livir av minni enn fátækamarkinum í landinum",Suðuroyar øki,,,%,4.4
2016,"Partur av fólkinum, ið livir av minni enn fátækamarkinum í landinum",Suðuroyar øki,,,%,5.0
2017,"Partur av fólkinum, ið livir av minni enn fátækamarkinum í landinum",Suðuroyar øki,,,%,4.4
2018,"Partur av fólkinum, ið livir av minni enn fátækamarkinum í landinum",Suðuroyar øki,,,%,4.1
2019,"Partur av fólkinum, ið livir av minni enn fátækamarkinum í landinum",Suðuroyar øki,,,%,4.3
2020,"Partur av fólkinum, ið livir av minni enn fátækamarkinum í landinum",Suðuroyar øki,,,%,4.3
2021,"Partur av fólkinum, ið livir av minni enn fátækamarkinum í landinum",Suðuroyar øki,,,%,3.8
2022,"Partur av fólkinum, ið livir av minni enn fátækamarkinum í landinum",Suðuroyar øki,,,%,3.2
2023,"Partur av fólkinum, ið livir av minni enn fátækamarkinum í landinum",Suðuroyar øki,,,%,3.3
2024,"Partur av fólkinum, ið livir av minni enn fátækamarkinum í landinum",Suðuroyar øki,,,%,3.1
2009,"Partur av fólkinum, ið livir av minni enn fátækamarkinum í landinum",Suðuroyar øki,,Aldur 0 - 17,%,11.2
2010,"Partur av fólkinum, ið livir av minni enn fátækamarkinum í landinum",Suðuroyar øki,,Aldur 0 - 17,%,9.1
2011,"Partur av fólkinum, ið livir av minni enn fátækamarkinum í landinum",Suðuroyar øki,,Aldur 0 - 17,%,9.9
2012,"Partur av fólkinum, ið livir av minni enn fátækamarkinum í landinum",Suðuroyar øki,,Aldur 0 - 17,%,7.4
2013,"Partur av fólkinum, ið livir av minni enn fátækamarkinum í landinum",Suðuroyar øki,,Aldur 0 - 17,%,8.4
2014,"Partur av fólkinum, ið livir av minni enn fátækamarkinum í landinum",Suðuroyar øki,,Aldur 0 - 17,%,7.8
2015,"Partur av fólkinum, ið livir av minni enn fátækamarkinum í landinum",Suðuroyar øki,,Aldur 0 - 17,%,6.7
2016,"Partur av fólkinum, ið livir av minni enn fátækamarkinum í landinum",Suðuroyar øki,,Aldur 0 - 17,%,8.8
2017,"Partur av fólkinum, ið livir av minni enn fátækamarkinum í landinum",Suðuroyar øki,,Aldur 0 - 17,%,5.1
2018,"Partur av fólkinum, ið livir av minni enn fátækamarkinum í landinum",Suðuroyar øki,,Aldur 0 - 17,%,5.2
2019,"Partur av fólkinum, ið livir av minni enn fátækamarkinum í landinum",Suðuroyar øki,,Aldur 0 - 17,%,6.6
2020,"Partur av fólkinum, ið livir av minni enn fátækamarkinum í landinum",Suðuroyar øki,,Aldur 0 - 17,%,7.0
2021,"Partur av fólkinum, ið livir av minni enn fátækamarkinum í landinum",Suðuroyar øki,,Aldur 0 - 17,%,5.9
2022,"Partur av fólkinum, ið livir av minni enn fátækamarkinum í landinum",Suðuroyar øki,,Aldur 0 - 17,%,4.5
2023,"Partur av fólkinum, ið livir av minni enn fátækamarkinum í landinum",Suðuroyar øki,,Aldur 0 - 17,%,5.3
2024,"Partur av fólkinum, ið livir av minni enn fátækamarkinum í landinum",Suðuroyar øki,,Aldur 0 - 17,%,4.8
2009,"Partur av fólkinum, ið livir av minni enn fátækamarkinum í landinum",Suðuroyar øki,,Aldur 18 - 24,%,5.5
2010,"Partur av fólkinum, ið livir av minni enn fátækamarkinum í landinum",Suðuroyar øki,,Aldur 18 - 24,%,5.1
2011,"Partur av fólkinum, ið livir av minni enn fátækamarkinum í landinum",Suðuroyar øki,,Aldur 18 - 24,%,6.2
2012,"Partur av fólkinum, ið livir av minni enn fátækamarkinum í landinum",Suðuroyar øki,,Aldur 18 - 24,%,7.0
2013,"Partur av fólkinum, ið livir av minni enn fátækamarkinum í landinum",Suðuroyar øki,,Aldur 18 - 24,%,6.8
2014,"Partur av fólkinum, ið livir av minni enn fátækamarkinum í landinum",Suðuroyar øki,,Aldur 18 - 24,%,5.7
2015,"Partur av fólkinum, ið livir av minni enn fátækamarkinum í landinum",Suðuroyar øki,,Aldur 18 - 24,%,3.3
2016,"Partur av fólkinum, ið livir av minni enn fátækamarkinum í landinum",Suðuroyar øki,,Aldur 18 - 24,%,4.6
2017,"Partur av fólkinum, ið livir av minni enn fátækamarkinum í landinum",Suðuroyar øki,,Aldur 18 - 24,%,3.4
2018,"Partur av fólkinum, ið livir av minni enn fátækamarkinum í landinum",Suðuroyar øki,,Aldur 18 - 24,%,4.9
2019,"Partur av fólkinum, ið livir av minni enn fátækamarkinum í landinum",Suðuroyar øki,,Aldur 18 - 24,%,4.3
2020,"Partur av fólkinum, ið livir av minni enn fátækamarkinum í landinum",Suðuroyar øki,,Aldur 18 - 24,%,4.7
2021,"Partur av fólkinum, ið livir av minni enn fátækamarkinum í landinum",Suðuroyar øki,,Aldur 18 - 24,%,4.1
2022,"Partur av fólkinum, ið livir av minni enn fátækamarkinum í landinum",Suðuroyar øki,,Aldur 18 - 24,%,3.6
2023,"Partur av fólkinum, ið livir av minni enn fátækamarkinum í landinum",Suðuroyar øki,,Aldur 18 - 24,%,3.2
2024,"Partur av fólkinum, ið livir av minni enn fátækamarkinum í landinum",Suðuroyar øki,,Aldur 18 - 24,%,1.7
2009,"Partur av fólkinum, ið livir av minni enn fátækamarkinum í landinum",Suðuroyar øki,,Aldur 25 - 54,%,6.9
2010,"Partur av fólkinum, ið livir av minni enn fátækamarkinum í landinum",Suðuroyar øki,,Aldur 25 - 54,%,6.2
2011,"Partur av fólkinum, ið livir av minni enn fátækamarkinum í landinum",Suðuroyar øki,,Aldur 25 - 54,%,7.1
2012,"Partur av fólkinum, ið livir av minni enn fátækamarkinum í landinum",Suðuroyar øki,,Aldur 25 - 54,%,5.1
2013,"Partur av fólkinum, ið livir av minni enn fátækamarkinum í landinum",Suðuroyar øki,,Aldur 25 - 54,%,6.0
2014,"Partur av fólkinum, ið livir av minni enn fátækamarkinum í landinum",Suðuroyar øki,,Aldur 25 - 54,%,5.6
2015,"Partur av fólkinum, ið livir av minni enn fátækamarkinum í landinum",Suðuroyar øki,,Aldur 25 - 54,%,4.9
2016,"Partur av fólkinum, ið livir av minni enn fátækamarkinum í landinum",Suðuroyar øki,,Aldur 25 - 54,%,4.7
2017,"Partur av fólkinum, ið livir av minni enn fátækamarkinum í landinum",Suðuroyar øki,,Aldur 25 - 54,%,4.8
2018,"Partur av fólkinum, ið livir av minni enn fátækamarkinum í landinum",Suðuroyar øki,,Aldur 25 - 54,%,4.3
2019,"Partur av fólkinum, ið livir av minni enn fátækamarkinum í landinum",Suðuroyar øki,,Aldur 25 - 54,%,4.9
2020,"Partur av fólkinum, ið livir av minni enn fátækamarkinum í landinum",Suðuroyar øki,,Aldur 25 - 54,%,4.8
2021,"Partur av fólkinum, ið livir av minni enn fátækamarkinum í landinum",Suðuroyar øki,,Aldur 25 - 54,%,4.3
2022,"Partur av fólkinum, ið livir av minni enn fátækamarkinum í landinum",Suðuroyar øki,,Aldur 25 - 54,%,3.3
2023,"Partur av fólkinum, ið livir av minni enn fátækamarkinum í landinum",Suðuroyar øki,,Aldur 25 - 54,%,3.7
2024,"Partur av fólkinum, ið livir av minni enn fátækamarkinum í landinum",Suðuroyar øki,,Aldur 25 - 54,%,4.2
2009,"Partur av fólkinum, ið livir av minni enn fátækamarkinum í landinum",Suðuroyar øki,,Aldur 55 - 66,%,4.7
2010,"Partur av fólkinum, ið livir av minni enn fátækamarkinum í landinum",Suðuroyar øki,,Aldur 55 - 66,%,4.1
2011,"Partur av fólkinum, ið livir av minni enn fátækamarkinum í landinum",Suðuroyar øki,,Aldur 55 - 66,%,5.0
2012,"Partur av fólkinum, ið livir av minni enn fátækamarkinum í landinum",Suðuroyar øki,,Aldur 55 - 66,%,4.2
2013,"Partur av fólkinum, ið livir av minni enn fátækamarkinum í landinum",Suðuroyar øki,,Aldur 55 - 66,%,3.6
2014,"Partur av fólkinum, ið livir av minni enn fátækamarkinum í landinum",Suðuroyar øki,,Aldur 55 - 66,%,3.5
2015,"Partur av fólkinum, ið livir av minni enn fátækamarkinum í landinum",Suðuroyar øki,,Aldur 55 - 66,%,2.6
2016,"Partur av fólkinum, ið livir av minni enn fátækamarkinum í landinum",Suðuroyar øki,,Aldur 55 - 66,%,3.6
2017,"Partur av fólkinum, ið livir av minni enn fátækamarkinum í landinum",Suðuroyar øki,,Aldur 55 - 66,%,3.7
2018,"Partur av fólkinum, ið livir av minni enn fátækamarkinum í landinum",Suðuroyar øki,,Aldur 55 - 66,%,2.9
2019,"Partur av fólkinum, ið livir av minni enn fátækamarkinum í landinum",Suðuroyar øki,,Aldur 55 - 66,%,3.5
2020,"Partur av fólkinum, ið livir av minni enn fátækamarkinum í landinum",Suðuroyar øki,,Aldur 55 - 66,%,3.4
2021,"Partur av fólkinum, ið livir av minni enn fátækamarkinum í landinum",Suðuroyar øki,,Aldur 55 - 66,%,3.3
2022,"Partur av fólkinum, ið livir av minni enn fátækamarkinum í landinum",Suðuroyar øki,,Aldur 55 - 66,%,3.5
2023,"Partur av fólkinum, ið livir av minni enn fátækamarkinum í landinum",Suðuroyar øki,,Aldur 55 - 66,%,2.1
2024,"Partur av fólkinum, ið livir av minni enn fátækamarkinum í landinum",Suðuroyar øki,,Aldur 55 - 66,%,2.2
2009,"Partur av fólkinum, ið livir av minni enn fátækamarkinum í landinum",Suðuroyar øki,,Aldur 67 + ,%,3.4
2010,"Partur av fólkinum, ið livir av minni enn fátækamarkinum í landinum",Suðuroyar øki,,Aldur 67 + ,%,3.4
2011,"Partur av fólkinum, ið livir av minni enn fátækamarkinum í landinum",Suðuroyar øki,,Aldur 67 + ,%,4.2
2012,"Partur av fólkinum, ið livir av minni enn fátækamarkinum í landinum",Suðuroyar øki,,Aldur 67 + ,%,2.5
2013,"Partur av fólkinum, ið livir av minni enn fátækamarkinum í landinum",Suðuroyar øki,,Aldur 67 + ,%,1.9
2014,"Partur av fólkinum, ið livir av minni enn fátækamarkinum í landinum",Suðuroyar øki,,Aldur 67 + ,%,1.9
2015,"Partur av fólkinum, ið livir av minni enn fátækamarkinum í landinum",Suðuroyar øki,,Aldur 67 + ,%,2.7
2016,"Partur av fólkinum, ið livir av minni enn fátækamarkinum í landinum",Suðuroyar øki,,Aldur 67 + ,%,2.2
2017,"Partur av fólkinum, ið livir av minni enn fátækamarkinum í landinum",Suðuroyar øki,,Aldur 67 + ,%,3.6
2018,"Partur av fólkinum, ið livir av minni enn fátækamarkinum í landinum",Suðuroyar øki,,Aldur 67 + ,%,3.2
2019,"Partur av fólkinum, ið livir av minni enn fátækamarkinum í landinum",Suðuroyar øki,,Aldur 67 + ,%,1.4
2020,"Partur av fólkinum, ið livir av minni enn fátækamarkinum í landinum",Suðuroyar øki,,Aldur 67 + ,%,1.1
2021,"Partur av fólkinum, ið livir av minni enn fátækamarkinum í landinum",Suðuroyar øki,,Aldur 67 + ,%,0.9
2022,"Partur av fólkinum, ið livir av minni enn fátækamarkinum í landinum",Suðuroyar øki,,Aldur 67 + ,%,1.4
2023,"Partur av fólkinum, ið livir av minni enn fátækamarkinum í landinum",Suðuroyar øki,,Aldur 67 + ,%,1.5
2024,"Partur av fólkinum, ið livir av minni enn fátækamarkinum í landinum",Suðuroyar øki,,Aldur 67 + ,%,1.1
2009,"Partur av fólkinum, ið livir av minni enn fátækamarkinum í landinum",Suðuroyar øki,Kvinnur,,%,8.0
2010,"Partur av fólkinum, ið livir av minni enn fátækamarkinum í landinum",Suðuroyar øki,Kvinnur,,%,6.8
2011,"Partur av fólkinum, ið livir av minni enn fátækamarkinum í landinum",Suðuroyar øki,Kvinnur,,%,7.6
2012,"Partur av fólkinum, ið livir av minni enn fátækamarkinum í landinum",Suðuroyar øki,Kvinnur,,%,5.7
2013,"Partur av fólkinum, ið livir av minni enn fátækamarkinum í landinum",Suðuroyar øki,Kvinnur,,%,6.3
2014,"Partur av fólkinum, ið livir av minni enn fátækamarkinum í landinum",Suðuroyar øki,Kvinnur,,%,5.7
2015,"Partur av fólkinum, ið livir av minni enn fátækamarkinum í landinum",Suðuroyar øki,Kvinnur,,%,4.8
2016,"Partur av fólkinum, ið livir av minni enn fátækamarkinum í landinum",Suðuroyar øki,Kvinnur,,%,5.5
2017,"Partur av fólkinum, ið livir av minni enn fátækamarkinum í landinum",Suðuroyar øki,Kvinnur,,%,4.3
2018,"Partur av fólkinum, ið livir av minni enn fátækamarkinum í landinum",Suðuroyar øki,Kvinnur,,%,4.2
2019,"Partur av fólkinum, ið livir av minni enn fátækamarkinum í landinum",Suðuroyar øki,Kvinnur,,%,4.5
2020,"Partur av fólkinum, ið livir av minni enn fátækamarkinum í landinum",Suðuroyar øki,Kvinnur,,%,4.7
2021,"Partur av fólkinum, ið livir av minni enn fátækamarkinum í landinum",Suðuroyar øki,Kvinnur,,%,3.5
2022,"Partur av fólkinum, ið livir av minni enn fátækamarkinum í landinum",Suðuroyar øki,Kvinnur,,%,3.2
2023,"Partur av fólkinum, ið livir av minni enn fátækamarkinum í landinum",Suðuroyar øki,Kvinnur,,%,3.5
2024,"Partur av fólkinum, ið livir av minni enn fátækamarkinum í landinum",Suðuroyar øki,Kvinnur,,%,3.6
2009,"Partur av fólkinum, ið livir av minni enn fátækamarkinum í landinum",Suðuroyar øki,Kvinnur,Aldur 0 - 17,%,12.7
2010,"Partur av fólkinum, ið livir av minni enn fátækamarkinum í landinum",Suðuroyar øki,Kvinnur,Aldur 0 - 17,%,10.3
2011,"Partur av fólkinum, ið livir av minni enn fátækamarkinum í landinum",Suðuroyar øki,Kvinnur,Aldur 0 - 17,%,11.4
2012,"Partur av fólkinum, ið livir av minni enn fátækamarkinum í landinum",Suðuroyar øki,Kvinnur,Aldur 0 - 17,%,7.5
2013,"Partur av fólkinum, ið livir av minni enn fátækamarkinum í landinum",Suðuroyar øki,Kvinnur,Aldur 0 - 17,%,10.0
2014,"Partur av fólkinum, ið livir av minni enn fátækamarkinum í landinum",Suðuroyar øki,Kvinnur,Aldur 0 - 17,%,8.1
2015,"Partur av fólkinum, ið livir av minni enn fátækamarkinum í landinum",Suðuroyar øki,Kvinnur,Aldur 0 - 17,%,7.1
2016,"Partur av fólkinum, ið livir av minni enn fátækamarkinum í landinum",Suðuroyar øki,Kvinnur,Aldur 0 - 17,%,9.1
2017,"Partur av fólkinum, ið livir av minni enn fátækamarkinum í landinum",Suðuroyar øki,Kvinnur,Aldur 0 - 17,%,5.3
2018,"Partur av fólkinum, ið livir av minni enn fátækamarkinum í landinum",Suðuroyar øki,Kvinnur,Aldur 0 - 17,%,5.1
2019,"Partur av fólkinum, ið livir av minni enn fátækamarkinum í landinum",Suðuroyar øki,Kvinnur,Aldur 0 - 17,%,6.8
2020,"Partur av fólkinum, ið livir av minni enn fátækamarkinum í landinum",Suðuroyar øki,Kvinnur,Aldur 0 - 17,%,7.9
2021,"Partur av fólkinum, ið livir av minni enn fátækamarkinum í landinum",Suðuroyar øki,Kvinnur,Aldur 0 - 17,%,5.1
2022,"Partur av fólkinum, ið livir av minni enn fátækamarkinum í landinum",Suðuroyar øki,Kvinnur,Aldur 0 - 17,%,4.7
2023,"Partur av fólkinum, ið livir av minni enn fátækamarkinum í landinum",Suðuroyar øki,Kvinnur,Aldur 0 - 17,%,5.5
2024,"Partur av fólkinum, ið livir av minni enn fátækamarkinum í landinum",Suðuroyar øki,Kvinnur,Aldur 0 - 17,%,6.6
2009,"Partur av fólkinum, ið livir av minni enn fátækamarkinum í landinum",Suðuroyar øki,Kvinnur,Aldur 18 - 24,%,7.5
2010,"Partur av fólkinum, ið livir av minni enn fátækamarkinum í landinum",Suðuroyar øki,Kvinnur,Aldur 18 - 24,%,7.4
2011,"Partur av fólkinum, ið livir av minni enn fátækamarkinum í landinum",Suðuroyar øki,Kvinnur,Aldur 18 - 24,%,7.7
2012,"Partur av fólkinum, ið livir av minni enn fátækamarkinum í landinum",Suðuroyar øki,Kvinnur,Aldur 18 - 24,%,9.5
2013,"Partur av fólkinum, ið livir av minni enn fátækamarkinum í landinum",Suðuroyar øki,Kvinnur,Aldur 18 - 24,%,9.0
2014,"Partur av fólkinum, ið livir av minni enn fátækamarkinum í landinum",Suðuroyar øki,Kvinnur,Aldur 18 - 24,%,7.2
2015,"Partur av fólkinum, ið livir av minni enn fátækamarkinum í landinum",Suðuroyar øki,Kvinnur,Aldur 18 - 24,%,2.5
2016,"Partur av fólkinum, ið livir av minni enn fátækamarkinum í landinum",Suðuroyar øki,Kvinnur,Aldur 18 - 24,%,5.6
2017,"Partur av fólkinum, ið livir av minni enn fátækamarkinum í landinum",Suðuroyar øki,Kvinnur,Aldur 18 - 24,%,3.8
2018,"Partur av fólkinum, ið livir av minni enn fátækamarkinum í landinum",Suðuroyar øki,Kvinnur,Aldur 18 - 24,%,6.7
2019,"Partur av fólkinum, ið livir av minni enn fátækamarkinum í landinum",Suðuroyar øki,Kvinnur,Aldur 18 - 24,%,3.3
2020,"Partur av fólkinum, ið livir av minni enn fátækamarkinum í landinum",Suðuroyar øki,Kvinnur,Aldur 18 - 24,%,4.4
2021,"Partur av fólkinum, ið livir av minni enn fátækamarkinum í landinum",Suðuroyar øki,Kvinnur,Aldur 18 - 24,%,2.8
2022,"Partur av fólkinum, ið livir av minni enn fátækamarkinum í landinum",Suðuroyar øki,Kvinnur,Aldur 18 - 24,%,4.3
2023,"Partur av fólkinum, ið livir av minni enn fátækamarkinum í landinum",Suðuroyar øki,Kvinnur,Aldur 18 - 24,%,3.2
2024,"Partur av fólkinum, ið livir av minni enn fátækamarkinum í landinum",Suðuroyar øki,Kvinnur,Aldur 18 - 24,%,1.5
2009,"Partur av fólkinum, ið livir av minni enn fátækamarkinum í landinum",Suðuroyar øki,Kvinnur,Aldur 25 - 54,%,7.7
2010,"Partur av fólkinum, ið livir av minni enn fátækamarkinum í landinum",Suðuroyar øki,Kvinnur,Aldur 25 - 54,%,6.7
2011,"Partur av fólkinum, ið livir av minni enn fátækamarkinum í landinum",Suðuroyar øki,Kvinnur,Aldur 25 - 54,%,7.3
2012,"Partur av fólkinum, ið livir av minni enn fátækamarkinum í landinum",Suðuroyar øki,Kvinnur,Aldur 25 - 54,%,6.0
2013,"Partur av fólkinum, ið livir av minni enn fátækamarkinum í landinum",Suðuroyar øki,Kvinnur,Aldur 25 - 54,%,7.4
2014,"Partur av fólkinum, ið livir av minni enn fátækamarkinum í landinum",Suðuroyar øki,Kvinnur,Aldur 25 - 54,%,7.2
2015,"Partur av fólkinum, ið livir av minni enn fátækamarkinum í landinum",Suðuroyar øki,Kvinnur,Aldur 25 - 54,%,6.7
2016,"Partur av fólkinum, ið livir av minni enn fátækamarkinum í landinum",Suðuroyar øki,Kvinnur,Aldur 25 - 54,%,6.1
2017,"Partur av fólkinum, ið livir av minni enn fátækamarkinum í landinum",Suðuroyar øki,Kvinnur,Aldur 25 - 54,%,5.0
2018,"Partur av fólkinum, ið livir av minni enn fátækamarkinum í landinum",Suðuroyar øki,Kvinnur,Aldur 25 - 54,%,4.7
2019,"Partur av fólkinum, ið livir av minni enn fátækamarkinum í landinum",Suðuroyar øki,Kvinnur,Aldur 25 - 54,%,6.0
2020,"Partur av fólkinum, ið livir av minni enn fátækamarkinum í landinum",Suðuroyar øki,Kvinnur,Aldur 25 - 54,%,5.8
2021,"Partur av fólkinum, ið livir av minni enn fátækamarkinum í landinum",Suðuroyar øki,Kvinnur,Aldur 25 - 54,%,4.9
2022,"Partur av fólkinum, ið livir av minni enn fátækamarkinum í landinum",Suðuroyar øki,Kvinnur,Aldur 25 - 54,%,3.4
2023,"Partur av fólkinum, ið livir av minni enn fátækamarkinum í landinum",Suðuroyar øki,Kvinnur,Aldur 25 - 54,%,4.3
2024,"Partur av fólkinum, ið livir av minni enn fátækamarkinum í landinum",Suðuroyar øki,Kvinnur,Aldur 25 - 54,%,4.5
2009,"Partur av fólkinum, ið livir av minni enn fátækamarkinum í landinum",Suðuroyar øki,Kvinnur,Aldur 55 - 66,%,5.4
2010,"Partur av fólkinum, ið livir av minni enn fátækamarkinum í landinum",Suðuroyar øki,Kvinnur,Aldur 55 - 66,%,3.9
2011,"Partur av fólkinum, ið livir av minni enn fátækamarkinum í landinum",Suðuroyar øki,Kvinnur,Aldur 55 - 66,%,4.9
2012,"Partur av fólkinum, ið livir av minni enn fátækamarkinum í landinum",Suðuroyar øki,Kvinnur,Aldur 55 - 66,%,4.2
2013,"Partur av fólkinum, ið livir av minni enn fátækamarkinum í landinum",Suðuroyar øki,Kvinnur,Aldur 55 - 66,%,2.4
2014,"Partur av fólkinum, ið livir av minni enn fátækamarkinum í landinum",Suðuroyar øki,Kvinnur,Aldur 55 - 66,%,2.1
2015,"Partur av fólkinum, ið livir av minni enn fátækamarkinum í landinum",Suðuroyar øki,Kvinnur,Aldur 55 - 66,%,1.6
2016,"Partur av fólkinum, ið livir av minni enn fátækamarkinum í landinum",Suðuroyar øki,Kvinnur,Aldur 55 - 66,%,2.9
2017,"Partur av fólkinum, ið livir av minni enn fátækamarkinum í landinum",Suðuroyar øki,Kvinnur,Aldur 55 - 66,%,3.0
2018,"Partur av fólkinum, ið livir av minni enn fátækamarkinum í landinum",Suðuroyar øki,Kvinnur,Aldur 55 - 66,%,2.6
2019,"Partur av fólkinum, ið livir av minni enn fátækamarkinum í landinum",Suðuroyar øki,Kvinnur,Aldur 55 - 66,%,2.6
2020,"Partur av fólkinum, ið livir av minni enn fátækamarkinum í landinum",Suðuroyar øki,Kvinnur,Aldur 55 - 66,%,2.4
2021,"Partur av fólkinum, ið livir av minni enn fátækamarkinum í landinum",Suðuroyar øki,Kvinnur,Aldur 55 - 66,%,2.0
2022,"Partur av fólkinum, ið livir av minni enn fátækamarkinum í landinum",Suðuroyar øki,Kvinnur,Aldur 55 - 66,%,2.0
2023,"Partur av fólkinum, ið livir av minni enn fátækamarkinum í landinum",Suðuroyar øki,Kvinnur,Aldur 55 - 66,%,1.7
2024,"Partur av fólkinum, ið livir av minni enn fátækamarkinum í landinum",Suðuroyar øki,Kvinnur,Aldur 55 - 66,%,1.5
2009,"Partur av fólkinum, ið livir av minni enn fátækamarkinum í landinum",Suðuroyar øki,Kvinnur,Aldur 67 + ,%,4.4
2010,"Partur av fólkinum, ið livir av minni enn fátækamarkinum í landinum",Suðuroyar øki,Kvinnur,Aldur 67 + ,%,4.9
2011,"Partur av fólkinum, ið livir av minni enn fátækamarkinum í landinum",Suðuroyar øki,Kvinnur,Aldur 67 + ,%,5.5
2012,"Partur av fólkinum, ið livir av minni enn fátækamarkinum í landinum",Suðuroyar øki,Kvinnur,Aldur 67 + ,%,2.3
2013,"Partur av fólkinum, ið livir av minni enn fátækamarkinum í landinum",Suðuroyar øki,Kvinnur,Aldur 67 + ,%,2.1
2014,"Partur av fólkinum, ið livir av minni enn fátækamarkinum í landinum",Suðuroyar øki,Kvinnur,Aldur 67 + ,%,2.3
2015,"Partur av fólkinum, ið livir av minni enn fátækamarkinum í landinum",Suðuroyar øki,Kvinnur,Aldur 67 + ,%,2.9
2016,"Partur av fólkinum, ið livir av minni enn fátækamarkinum í landinum",Suðuroyar øki,Kvinnur,Aldur 67 + ,%,2.4
2017,"Partur av fólkinum, ið livir av minni enn fátækamarkinum í landinum",Suðuroyar øki,Kvinnur,Aldur 67 + ,%,3.1
2018,"Partur av fólkinum, ið livir av minni enn fátækamarkinum í landinum",Suðuroyar øki,Kvinnur,Aldur 67 + ,%,2.7
2019,"Partur av fólkinum, ið livir av minni enn fátækamarkinum í landinum",Suðuroyar øki,Kvinnur,Aldur 67 + ,%,1.6
2020,"Partur av fólkinum, ið livir av minni enn fátækamarkinum í landinum",Suðuroyar øki,Kvinnur,Aldur 67 + ,%,1.4
2021,"Partur av fólkinum, ið livir av minni enn fátækamarkinum í landinum",Suðuroyar øki,Kvinnur,Aldur 67 + ,%,0.9
2022,"Partur av fólkinum, ið livir av minni enn fátækamarkinum í landinum",Suðuroyar øki,Kvinnur,Aldur 67 + ,%,2.0
2023,"Partur av fólkinum, ið livir av minni enn fátækamarkinum í landinum",Suðuroyar øki,Kvinnur,Aldur 67 + ,%,1.5
2024,"Partur av fólkinum, ið livir av minni enn fátækamarkinum í landinum",Suðuroyar øki,Kvinnur,Aldur 67 + ,%,1.5
2009,"Partur av fólkinum, ið livir av minni enn fátækamarkinum í landinum",Suðuroyar øki,Menn,,%,5.9
2010,"Partur av fólkinum, ið livir av minni enn fátækamarkinum í landinum",Suðuroyar øki,Menn,,%,5.2
2011,"Partur av fólkinum, ið livir av minni enn fátækamarkinum í landinum",Suðuroyar øki,Menn,,%,6.1
2012,"Partur av fólkinum, ið livir av minni enn fátækamarkinum í landinum",Suðuroyar øki,Menn,,%,4.8
2013,"Partur av fólkinum, ið livir av minni enn fátækamarkinum í landinum",Suðuroyar øki,Menn,,%,4.8
2014,"Partur av fólkinum, ið livir av minni enn fátækamarkinum í landinum",Suðuroyar øki,Menn,,%,4.6
2015,"Partur av fólkinum, ið livir av minni enn fátækamarkinum í landinum",Suðuroyar øki,Menn,,%,4.0
2016,"Partur av fólkinum, ið livir av minni enn fátækamarkinum í landinum",Suðuroyar øki,Menn,,%,4.5
2017,"Partur av fólkinum, ið livir av minni enn fátækamarkinum í landinum",Suðuroyar øki,Menn,,%,4.5
2018,"Partur av fólkinum, ið livir av minni enn fátækamarkinum í landinum",Suðuroyar øki,Menn,,%,4.1
2019,"Partur av fólkinum, ið livir av minni enn fátækamarkinum í landinum",Suðuroyar øki,Menn,,%,4.2
2020,"Partur av fólkinum, ið livir av minni enn fátækamarkinum í landinum",Suðuroyar øki,Menn,,%,4.0
2021,"Partur av fólkinum, ið livir av minni enn fátækamarkinum í landinum",Suðuroyar øki,Menn,,%,4.0
2022,"Partur av fólkinum, ið livir av minni enn fátækamarkinum í landinum",Suðuroyar øki,Menn,,%,3.3
2023,"Partur av fólkinum, ið livir av minni enn fátækamarkinum í landinum",Suðuroyar øki,Menn,,%,3.1
2024,"Partur av fólkinum, ið livir av minni enn fátækamarkinum í landinum",Suðuroyar øki,Menn,,%,2.7
2009,"Partur av fólkinum, ið livir av minni enn fátækamarkinum í landinum",Suðuroyar øki,Menn,Aldur 0 - 17,%,9.9
2010,"Partur av fólkinum, ið livir av minni enn fátækamarkinum í landinum",Suðuroyar øki,Menn,Aldur 0 - 17,%,7.9
2011,"Partur av fólkinum, ið livir av minni enn fátækamarkinum í landinum",Suðuroyar øki,Menn,Aldur 0 - 17,%,8.4
2012,"Partur av fólkinum, ið livir av minni enn fátækamarkinum í landinum",Suðuroyar øki,Menn,Aldur 0 - 17,%,7.3
2013,"Partur av fólkinum, ið livir av minni enn fátækamarkinum í landinum",Suðuroyar øki,Menn,Aldur 0 - 17,%,6.9
2014,"Partur av fólkinum, ið livir av minni enn fátækamarkinum í landinum",Suðuroyar øki,Menn,Aldur 0 - 17,%,7.5
2015,"Partur av fólkinum, ið livir av minni enn fátækamarkinum í landinum",Suðuroyar øki,Menn,Aldur 0 - 17,%,6.3
2016,"Partur av fólkinum, ið livir av minni enn fátækamarkinum í landinum",Suðuroyar øki,Menn,Aldur 0 - 17,%,8.6
2017,"Partur av fólkinum, ið livir av minni enn fátækamarkinum í landinum",Suðuroyar øki,Menn,Aldur 0 - 17,%,5.0
2018,"Partur av fólkinum, ið livir av minni enn fátækamarkinum í landinum",Suðuroyar øki,Menn,Aldur 0 - 17,%,5.3
2019,"Partur av fólkinum, ið livir av minni enn fátækamarkinum í landinum",Suðuroyar øki,Menn,Aldur 0 - 17,%,6.5
2020,"Partur av fólkinum, ið livir av minni enn fátækamarkinum í landinum",Suðuroyar øki,Menn,Aldur 0 - 17,%,6.2
2021,"Partur av fólkinum, ið livir av minni enn fátækamarkinum í landinum",Suðuroyar øki,Menn,Aldur 0 - 17,%,6.6
2022,"Partur av fólkinum, ið livir av minni enn fátækamarkinum í landinum",Suðuroyar øki,Menn,Aldur 0 - 17,%,4.4
2023,"Partur av fólkinum, ið livir av minni enn fátækamarkinum í landinum",Suðuroyar øki,Menn,Aldur 0 - 17,%,5.1
2024,"Partur av fólkinum, ið livir av minni enn fátækamarkinum í landinum",Suðuroyar øki,Menn,Aldur 0 - 17,%,3.2
2009,"Partur av fólkinum, ið livir av minni enn fátækamarkinum í landinum",Suðuroyar øki,Menn,Aldur 18 - 24,%,3.9
2010,"Partur av fólkinum, ið livir av minni enn fátækamarkinum í landinum",Suðuroyar øki,Menn,Aldur 18 - 24,%,3.1
2011,"Partur av fólkinum, ið livir av minni enn fátækamarkinum í landinum",Suðuroyar øki,Menn,Aldur 18 - 24,%,5.0
2012,"Partur av fólkinum, ið livir av minni enn fátækamarkinum í landinum",Suðuroyar øki,Menn,Aldur 18 - 24,%,5.2
2013,"Partur av fólkinum, ið livir av minni enn fátækamarkinum í landinum",Suðuroyar øki,Menn,Aldur 18 - 24,%,5.0
2014,"Partur av fólkinum, ið livir av minni enn fátækamarkinum í landinum",Suðuroyar øki,Menn,Aldur 18 - 24,%,4.4
2015,"Partur av fólkinum, ið livir av minni enn fátækamarkinum í landinum",Suðuroyar øki,Menn,Aldur 18 - 24,%,4.0
2016,"Partur av fólkinum, ið livir av minni enn fátækamarkinum í landinum",Suðuroyar øki,Menn,Aldur 18 - 24,%,3.9
2017,"Partur av fólkinum, ið livir av minni enn fátækamarkinum í landinum",Suðuroyar øki,Menn,Aldur 18 - 24,%,3.0
2018,"Partur av fólkinum, ið livir av minni enn fátækamarkinum í landinum",Suðuroyar øki,Menn,Aldur 18 - 24,%,3.6
2019,"Partur av fólkinum, ið livir av minni enn fátækamarkinum í landinum",Suðuroyar øki,Menn,Aldur 18 - 24,%,5.2
2020,"Partur av fólkinum, ið livir av minni enn fátækamarkinum í landinum",Suðuroyar øki,Menn,Aldur 18 - 24,%,5.0
2021,"Partur av fólkinum, ið livir av minni enn fátækamarkinum í landinum",Suðuroyar øki,Menn,Aldur 18 - 24,%,5.1
2022,"Partur av fólkinum, ið livir av minni enn fátækamarkinum í landinum",Suðuroyar øki,Menn,Aldur 18 - 24,%,3.1
2023,"Partur av fólkinum, ið livir av minni enn fátækamarkinum í landinum",Suðuroyar øki,Menn,Aldur 18 - 24,%,3.1
2024,"Partur av fólkinum, ið livir av minni enn fátækamarkinum í landinum",Suðuroyar øki,Menn,Aldur 18 - 24,%,1.9
2009,"Partur av fólkinum, ið livir av minni enn fátækamarkinum í landinum",Suðuroyar øki,Menn,Aldur 25 - 54,%,6.1
2010,"Partur av fólkinum, ið livir av minni enn fátækamarkinum í landinum",Suðuroyar øki,Menn,Aldur 25 - 54,%,5.8
2011,"Partur av fólkinum, ið livir av minni enn fátækamarkinum í landinum",Suðuroyar øki,Menn,Aldur 25 - 54,%,6.8
2012,"Partur av fólkinum, ið livir av minni enn fátækamarkinum í landinum",Suðuroyar øki,Menn,Aldur 25 - 54,%,4.3
2013,"Partur av fólkinum, ið livir av minni enn fátækamarkinum í landinum",Suðuroyar øki,Menn,Aldur 25 - 54,%,4.8
2014,"Partur av fólkinum, ið livir av minni enn fátækamarkinum í landinum",Suðuroyar øki,Menn,Aldur 25 - 54,%,4.3
2015,"Partur av fólkinum, ið livir av minni enn fátækamarkinum í landinum",Suðuroyar øki,Menn,Aldur 25 - 54,%,3.5
2016,"Partur av fólkinum, ið livir av minni enn fátækamarkinum í landinum",Suðuroyar øki,Menn,Aldur 25 - 54,%,3.5
2017,"Partur av fólkinum, ið livir av minni enn fátækamarkinum í landinum",Suðuroyar øki,Menn,Aldur 25 - 54,%,4.6
2018,"Partur av fólkinum, ið livir av minni enn fátækamarkinum í landinum",Suðuroyar øki,Menn,Aldur 25 - 54,%,4.1
2019,"Partur av fólkinum, ið livir av minni enn fátækamarkinum í landinum",Suðuroyar øki,Menn,Aldur 25 - 54,%,4.0
2020,"Partur av fólkinum, ið livir av minni enn fátækamarkinum í landinum",Suðuroyar øki,Menn,Aldur 25 - 54,%,3.9
2021,"Partur av fólkinum, ið livir av minni enn fátækamarkinum í landinum",Suðuroyar øki,Menn,Aldur 25 - 54,%,3.8
2022,"Partur av fólkinum, ið livir av minni enn fátækamarkinum í landinum",Suðuroyar øki,Menn,Aldur 25 - 54,%,3.2
2023,"Partur av fólkinum, ið livir av minni enn fátækamarkinum í landinum",Suðuroyar øki,Menn,Aldur 25 - 54,%,3.1
2024,"Partur av fólkinum, ið livir av minni enn fátækamarkinum í landinum",Suðuroyar øki,Menn,Aldur 25 - 54,%,3.8
2009,"Partur av fólkinum, ið livir av minni enn fátækamarkinum í landinum",Suðuroyar øki,Menn,Aldur 55 - 66,%,4.0
2010,"Partur av fólkinum, ið livir av minni enn fátækamarkinum í landinum",Suðuroyar øki,Menn,Aldur 55 - 66,%,4.2
2011,"Partur av fólkinum, ið livir av minni enn fátækamarkinum í landinum",Suðuroyar øki,Menn,Aldur 55 - 66,%,5.1
2012,"Partur av fólkinum, ið livir av minni enn fátækamarkinum í landinum",Suðuroyar øki,Menn,Aldur 55 - 66,%,4.2
2013,"Partur av fólkinum, ið livir av minni enn fátækamarkinum í landinum",Suðuroyar øki,Menn,Aldur 55 - 66,%,4.8
2014,"Partur av fólkinum, ið livir av minni enn fátækamarkinum í landinum",Suðuroyar øki,Menn,Aldur 55 - 66,%,4.7
2015,"Partur av fólkinum, ið livir av minni enn fátækamarkinum í landinum",Suðuroyar øki,Menn,Aldur 55 - 66,%,3.5
2016,"Partur av fólkinum, ið livir av minni enn fátækamarkinum í landinum",Suðuroyar øki,Menn,Aldur 55 - 66,%,4.2
2017,"Partur av fólkinum, ið livir av minni enn fátækamarkinum í landinum",Suðuroyar øki,Menn,Aldur 55 - 66,%,4.4
2018,"Partur av fólkinum, ið livir av minni enn fátækamarkinum í landinum",Suðuroyar øki,Menn,Aldur 55 - 66,%,3.2
2019,"Partur av fólkinum, ið livir av minni enn fátækamarkinum í landinum",Suðuroyar øki,Menn,Aldur 55 - 66,%,4.4
2020,"Partur av fólkinum, ið livir av minni enn fátækamarkinum í landinum",Suðuroyar øki,Menn,Aldur 55 - 66,%,4.3
2021,"Partur av fólkinum, ið livir av minni enn fátækamarkinum í landinum",Suðuroyar øki,Menn,Aldur 55 - 66,%,4.5
2022,"Partur av fólkinum, ið livir av minni enn fátækamarkinum í landinum",Suðuroyar øki,Menn,Aldur 55 - 66,%,5.0
2023,"Partur av fólkinum, ið livir av minni enn fátækamarkinum í landinum",Suðuroyar øki,Menn,Aldur 55 - 66,%,2.5
2024,"Partur av fólkinum, ið livir av minni enn fátækamarkinum í landinum",Suðuroyar øki,Menn,Aldur 55 - 66,%,2.8
2009,"Partur av fólkinum, ið livir av minni enn fátækamarkinum í landinum",Suðuroyar øki,Menn,Aldur 67 + ,%,2.2
2010,"Partur av fólkinum, ið livir av minni enn fátækamarkinum í landinum",Suðuroyar øki,Menn,Aldur 67 + ,%,1.8
2011,"Partur av fólkinum, ið livir av minni enn fátækamarkinum í landinum",Suðuroyar øki,Menn,Aldur 67 + ,%,2.9
2012,"Partur av fólkinum, ið livir av minni enn fátækamarkinum í landinum",Suðuroyar øki,Menn,Aldur 67 + ,%,2.7
2013,"Partur av fólkinum, ið livir av minni enn fátækamarkinum í landinum",Suðuroyar øki,Menn,Aldur 67 + ,%,1.8
2014,"Partur av fólkinum, ið livir av minni enn fátækamarkinum í landinum",Suðuroyar øki,Menn,Aldur 67 + ,%,1.5
2015,"Partur av fólkinum, ið livir av minni enn fátækamarkinum í landinum",Suðuroyar øki,Menn,Aldur 67 + ,%,2.6
2016,"Partur av fólkinum, ið livir av minni enn fátækamarkinum í landinum",Suðuroyar øki,Menn,Aldur 67 + ,%,2.1
2017,"Partur av fólkinum, ið livir av minni enn fátækamarkinum í landinum",Suðuroyar øki,Menn,Aldur 67 + ,%,4.1
2018,"Partur av fólkinum, ið livir av minni enn fátækamarkinum í landinum",Suðuroyar øki,Menn,Aldur 67 + ,%,3.8
2019,"Partur av fólkinum, ið livir av minni enn fátækamarkinum í landinum",Suðuroyar øki,Menn,Aldur 67 + ,%,1.3
2020,"Partur av fólkinum, ið livir av minni enn fátækamarkinum í landinum",Suðuroyar øki,Menn,Aldur 67 + ,%,0.8
2021,"Partur av fólkinum, ið livir av minni enn fátækamarkinum í landinum",Suðuroyar øki,Menn,Aldur 67 + ,%,0.8
2022,"Partur av fólkinum, ið livir av minni enn fátækamarkinum í landinum",Suðuroyar øki,Menn,Aldur 67 + ,%,0.8
2023,"Partur av fólkinum, ið livir av minni enn fátækamarkinum í landinum",Suðuroyar øki,Menn,Aldur 67 + ,%,1.4
2024,"Partur av fólkinum, ið livir av minni enn fátækamarkinum í landinum",Suðuroyar øki,Menn,Aldur 67 + ,%,0.8
2009,"Partur av fólkinum, ið livir av minni enn fátækamarkinum í landinum",Vága øki,,,%,4.3
2010,"Partur av fólkinum, ið livir av minni enn fátækamarkinum í landinum",Vága øki,,,%,3.0
2011,"Partur av fólkinum, ið livir av minni enn fátækamarkinum í landinum",Vága øki,,,%,3.9
2012,"Partur av fólkinum, ið livir av minni enn fátækamarkinum í landinum",Vága øki,,,%,5.3
2013,"Partur av fólkinum, ið livir av minni enn fátækamarkinum í landinum",Vága øki,,,%,3.1
2014,"Partur av fólkinum, ið livir av minni enn fátækamarkinum í landinum",Vága øki,,,%,3.8
2015,"Partur av fólkinum, ið livir av minni enn fátækamarkinum í landinum",Vága øki,,,%,4.2
2016,"Partur av fólkinum, ið livir av minni enn fátækamarkinum í landinum",Vága øki,,,%,3.3
2017,"Partur av fólkinum, ið livir av minni enn fátækamarkinum í landinum",Vága øki,,,%,2.6
2018,"Partur av fólkinum, ið livir av minni enn fátækamarkinum í landinum",Vága øki,,,%,3.1
2019,"Partur av fólkinum, ið livir av minni enn fátækamarkinum í landinum",Vága øki,,,%,2.9
2020,"Partur av fólkinum, ið livir av minni enn fátækamarkinum í landinum",Vága øki,,,%,2.6
2021,"Partur av fólkinum, ið livir av minni enn fátækamarkinum í landinum",Vága øki,,,%,3.2
2022,"Partur av fólkinum, ið livir av minni enn fátækamarkinum í landinum",Vága øki,,,%,2.1
2023,"Partur av fólkinum, ið livir av minni enn fátækamarkinum í landinum",Vága øki,,,%,2.6
2024,"Partur av fólkinum, ið livir av minni enn fátækamarkinum í landinum",Vága øki,,,%,3.3
2009,"Partur av fólkinum, ið livir av minni enn fátækamarkinum í landinum",Vága øki,,Aldur 0 - 17,%,5.7
2010,"Partur av fólkinum, ið livir av minni enn fátækamarkinum í landinum",Vága øki,,Aldur 0 - 17,%,3.8
2011,"Partur av fólkinum, ið livir av minni enn fátækamarkinum í landinum",Vága øki,,Aldur 0 - 17,%,5.2
2012,"Partur av fólkinum, ið livir av minni enn fátækamarkinum í landinum",Vága øki,,Aldur 0 - 17,%,8.0
2013,"Partur av fólkinum, ið livir av minni enn fátækamarkinum í landinum",Vága øki,,Aldur 0 - 17,%,4.1
2014,"Partur av fólkinum, ið livir av minni enn fátækamarkinum í landinum",Vága øki,,Aldur 0 - 17,%,5.1
2015,"Partur av fólkinum, ið livir av minni enn fátækamarkinum í landinum",Vága øki,,Aldur 0 - 17,%,6.4
2016,"Partur av fólkinum, ið livir av minni enn fátækamarkinum í landinum",Vága øki,,Aldur 0 - 17,%,4.2
2017,"Partur av fólkinum, ið livir av minni enn fátækamarkinum í landinum",Vága øki,,Aldur 0 - 17,%,2.3
2018,"Partur av fólkinum, ið livir av minni enn fátækamarkinum í landinum",Vága øki,,Aldur 0 - 17,%,2.9
2019,"Partur av fólkinum, ið livir av minni enn fátækamarkinum í landinum",Vága øki,,Aldur 0 - 17,%,2.6
2020,"Partur av fólkinum, ið livir av minni enn fátækamarkinum í landinum",Vága øki,,Aldur 0 - 17,%,3.2
2021,"Partur av fólkinum, ið livir av minni enn fátækamarkinum í landinum",Vága øki,,Aldur 0 - 17,%,3.6
2022,"Partur av fólkinum, ið livir av minni enn fátækamarkinum í landinum",Vága øki,,Aldur 0 - 17,%,2.7
2023,"Partur av fólkinum, ið livir av minni enn fátækamarkinum í landinum",Vága øki,,Aldur 0 - 17,%,3.7
2024,"Partur av fólkinum, ið livir av minni enn fátækamarkinum í landinum",Vága øki,,Aldur 0 - 17,%,5.5
2009,"Partur av fólkinum, ið livir av minni enn fátækamarkinum í landinum",Vága øki,,Aldur 18 - 24,%,4.9
2010,"Partur av fólkinum, ið livir av minni enn fátækamarkinum í landinum",Vága øki,,Aldur 18 - 24,%,3.2
2011,"Partur av fólkinum, ið livir av minni enn fátækamarkinum í landinum",Vága øki,,Aldur 18 - 24,%,3.1
2012,"Partur av fólkinum, ið livir av minni enn fátækamarkinum í landinum",Vága øki,,Aldur 18 - 24,%,5.4
2013,"Partur av fólkinum, ið livir av minni enn fátækamarkinum í landinum",Vága øki,,Aldur 18 - 24,%,2.8
2014,"Partur av fólkinum, ið livir av minni enn fátækamarkinum í landinum",Vága øki,,Aldur 18 - 24,%,4.8
2015,"Partur av fólkinum, ið livir av minni enn fátækamarkinum í landinum",Vága øki,,Aldur 18 - 24,%,4.3
2016,"Partur av fólkinum, ið livir av minni enn fátækamarkinum í landinum",Vága øki,,Aldur 18 - 24,%,1.7
2017,"Partur av fólkinum, ið livir av minni enn fátækamarkinum í landinum",Vága øki,,Aldur 18 - 24,%,2.9
2018,"Partur av fólkinum, ið livir av minni enn fátækamarkinum í landinum",Vága øki,,Aldur 18 - 24,%,3.2
2019,"Partur av fólkinum, ið livir av minni enn fátækamarkinum í landinum",Vága øki,,Aldur 18 - 24,%,4.3
2020,"Partur av fólkinum, ið livir av minni enn fátækamarkinum í landinum",Vága øki,,Aldur 18 - 24,%,2.1
2021,"Partur av fólkinum, ið livir av minni enn fátækamarkinum í landinum",Vága øki,,Aldur 18 - 24,%,3.5
2022,"Partur av fólkinum, ið livir av minni enn fátækamarkinum í landinum",Vága øki,,Aldur 18 - 24,%,2.8
2023,"Partur av fólkinum, ið livir av minni enn fátækamarkinum í landinum",Vága øki,,Aldur 18 - 24,%,2.7
2024,"Partur av fólkinum, ið livir av minni enn fátækamarkinum í landinum",Vága øki,,Aldur 18 - 24,%,1.3
2009,"Partur av fólkinum, ið livir av minni enn fátækamarkinum í landinum",Vága øki,,Aldur 25 - 54,%,3.6
2010,"Partur av fólkinum, ið livir av minni enn fátækamarkinum í landinum",Vága øki,,Aldur 25 - 54,%,2.5
2011,"Partur av fólkinum, ið livir av minni enn fátækamarkinum í landinum",Vága øki,,Aldur 25 - 54,%,3.5
2012,"Partur av fólkinum, ið livir av minni enn fátækamarkinum í landinum",Vága øki,,Aldur 25 - 54,%,4.7
2013,"Partur av fólkinum, ið livir av minni enn fátækamarkinum í landinum",Vága øki,,Aldur 25 - 54,%,2.8
2014,"Partur av fólkinum, ið livir av minni enn fátækamarkinum í landinum",Vága øki,,Aldur 25 - 54,%,3.5
2015,"Partur av fólkinum, ið livir av minni enn fátækamarkinum í landinum",Vága øki,,Aldur 25 - 54,%,4.0
2016,"Partur av fólkinum, ið livir av minni enn fátækamarkinum í landinum",Vága øki,,Aldur 25 - 54,%,3.3
2017,"Partur av fólkinum, ið livir av minni enn fátækamarkinum í landinum",Vága øki,,Aldur 25 - 54,%,2.5
2018,"Partur av fólkinum, ið livir av minni enn fátækamarkinum í landinum",Vága øki,,Aldur 25 - 54,%,3.0
2019,"Partur av fólkinum, ið livir av minni enn fátækamarkinum í landinum",Vága øki,,Aldur 25 - 54,%,3.1
2020,"Partur av fólkinum, ið livir av minni enn fátækamarkinum í landinum",Vága øki,,Aldur 25 - 54,%,2.4
2021,"Partur av fólkinum, ið livir av minni enn fátækamarkinum í landinum",Vága øki,,Aldur 25 - 54,%,3.3
2022,"Partur av fólkinum, ið livir av minni enn fátækamarkinum í landinum",Vága øki,,Aldur 25 - 54,%,1.8
2023,"Partur av fólkinum, ið livir av minni enn fátækamarkinum í landinum",Vága øki,,Aldur 25 - 54,%,2.2
2024,"Partur av fólkinum, ið livir av minni enn fátækamarkinum í landinum",Vága øki,,Aldur 25 - 54,%,3.2
2009,"Partur av fólkinum, ið livir av minni enn fátækamarkinum í landinum",Vága øki,,Aldur 55 - 66,%,4.2
2010,"Partur av fólkinum, ið livir av minni enn fátækamarkinum í landinum",Vága øki,,Aldur 55 - 66,%,3.0
2011,"Partur av fólkinum, ið livir av minni enn fátækamarkinum í landinum",Vága øki,,Aldur 55 - 66,%,3.2
2012,"Partur av fólkinum, ið livir av minni enn fátækamarkinum í landinum",Vága øki,,Aldur 55 - 66,%,4.2
2013,"Partur av fólkinum, ið livir av minni enn fátækamarkinum í landinum",Vága øki,,Aldur 55 - 66,%,3.8
2014,"Partur av fólkinum, ið livir av minni enn fátækamarkinum í landinum",Vága øki,,Aldur 55 - 66,%,3.2
2015,"Partur av fólkinum, ið livir av minni enn fátækamarkinum í landinum",Vága øki,,Aldur 55 - 66,%,2.5
2016,"Partur av fólkinum, ið livir av minni enn fátækamarkinum í landinum",Vága øki,,Aldur 55 - 66,%,2.6
2017,"Partur av fólkinum, ið livir av minni enn fátækamarkinum í landinum",Vága øki,,Aldur 55 - 66,%,2.1
2018,"Partur av fólkinum, ið livir av minni enn fátækamarkinum í landinum",Vága øki,,Aldur 55 - 66,%,3.5
2019,"Partur av fólkinum, ið livir av minni enn fátækamarkinum í landinum",Vága øki,,Aldur 55 - 66,%,2.5
2020,"Partur av fólkinum, ið livir av minni enn fátækamarkinum í landinum",Vága øki,,Aldur 55 - 66,%,3.3
2021,"Partur av fólkinum, ið livir av minni enn fátækamarkinum í landinum",Vága øki,,Aldur 55 - 66,%,3.3
2022,"Partur av fólkinum, ið livir av minni enn fátækamarkinum í landinum",Vága øki,,Aldur 55 - 66,%,1.6
2023,"Partur av fólkinum, ið livir av minni enn fátækamarkinum í landinum",Vága øki,,Aldur 55 - 66,%,1.9
2024,"Partur av fólkinum, ið livir av minni enn fátækamarkinum í landinum",Vága øki,,Aldur 55 - 66,%,2.2
2009,"Partur av fólkinum, ið livir av minni enn fátækamarkinum í landinum",Vága øki,,Aldur 67 + ,%,3.3
2010,"Partur av fólkinum, ið livir av minni enn fátækamarkinum í landinum",Vága øki,,Aldur 67 + ,%,2.3
2011,"Partur av fólkinum, ið livir av minni enn fátækamarkinum í landinum",Vága øki,,Aldur 67 + ,%,3.8
2012,"Partur av fólkinum, ið livir av minni enn fátækamarkinum í landinum",Vága øki,,Aldur 67 + ,%,2.9
2013,"Partur av fólkinum, ið livir av minni enn fátækamarkinum í landinum",Vága øki,,Aldur 67 + ,%,1.8
2014,"Partur av fólkinum, ið livir av minni enn fátækamarkinum í landinum",Vága øki,,Aldur 67 + ,%,2.0
2015,"Partur av fólkinum, ið livir av minni enn fátækamarkinum í landinum",Vága øki,,Aldur 67 + ,%,2.2
2016,"Partur av fólkinum, ið livir av minni enn fátækamarkinum í landinum",Vága øki,,Aldur 67 + ,%,3.3
2017,"Partur av fólkinum, ið livir av minni enn fátækamarkinum í landinum",Vága øki,,Aldur 67 + ,%,3.4
2018,"Partur av fólkinum, ið livir av minni enn fátækamarkinum í landinum",Vága øki,,Aldur 67 + ,%,3.4
2019,"Partur av fólkinum, ið livir av minni enn fátækamarkinum í landinum",Vága øki,,Aldur 67 + ,%,2.5
2020,"Partur av fólkinum, ið livir av minni enn fátækamarkinum í landinum",Vága øki,,Aldur 67 + ,%,2.0
2021,"Partur av fólkinum, ið livir av minni enn fátækamarkinum í landinum",Vága øki,,Aldur 67 + ,%,2.0
2022,"Partur av fólkinum, ið livir av minni enn fátækamarkinum í landinum",Vága øki,,Aldur 67 + ,%,1.8
2023,"Partur av fólkinum, ið livir av minni enn fátækamarkinum í landinum",Vága øki,,Aldur 67 + ,%,2.1
2024,"Partur av fólkinum, ið livir av minni enn fátækamarkinum í landinum",Vága øki,,Aldur 67 + ,%,2.3
2009,"Partur av fólkinum, ið livir av minni enn fátækamarkinum í landinum",Vága øki,Kvinnur,,%,4.0
2010,"Partur av fólkinum, ið livir av minni enn fátækamarkinum í landinum",Vága øki,Kvinnur,,%,3.0
2011,"Partur av fólkinum, ið livir av minni enn fátækamarkinum í landinum",Vága øki,Kvinnur,,%,4.6
2012,"Partur av fólkinum, ið livir av minni enn fátækamarkinum í landinum",Vága øki,Kvinnur,,%,5.1
2013,"Partur av fólkinum, ið livir av minni enn fátækamarkinum í landinum",Vága øki,Kvinnur,,%,3.2
2014,"Partur av fólkinum, ið livir av minni enn fátækamarkinum í landinum",Vága øki,Kvinnur,,%,3.8
2015,"Partur av fólkinum, ið livir av minni enn fátækamarkinum í landinum",Vága øki,Kvinnur,,%,4.3
2016,"Partur av fólkinum, ið livir av minni enn fátækamarkinum í landinum",Vága øki,Kvinnur,,%,3.0
2017,"Partur av fólkinum, ið livir av minni enn fátækamarkinum í landinum",Vága øki,Kvinnur,,%,2.4
2018,"Partur av fólkinum, ið livir av minni enn fátækamarkinum í landinum",Vága øki,Kvinnur,,%,2.8
2019,"Partur av fólkinum, ið livir av minni enn fátækamarkinum í landinum",Vága øki,Kvinnur,,%,2.9
2020,"Partur av fólkinum, ið livir av minni enn fátækamarkinum í landinum",Vága øki,Kvinnur,,%,3.1
2021,"Partur av fólkinum, ið livir av minni enn fátækamarkinum í landinum",Vága øki,Kvinnur,,%,3.2
2022,"Partur av fólkinum, ið livir av minni enn fátækamarkinum í landinum",Vága øki,Kvinnur,,%,2.1
2023,"Partur av fólkinum, ið livir av minni enn fátækamarkinum í landinum",Vága øki,Kvinnur,,%,2.8
2024,"Partur av fólkinum, ið livir av minni enn fátækamarkinum í landinum",Vága øki,Kvinnur,,%,2.9
2009,"Partur av fólkinum, ið livir av minni enn fátækamarkinum í landinum",Vága øki,Kvinnur,Aldur 0 - 17,%,5.5
2010,"Partur av fólkinum, ið livir av minni enn fátækamarkinum í landinum",Vága øki,Kvinnur,Aldur 0 - 17,%,5.1
2011,"Partur av fólkinum, ið livir av minni enn fátækamarkinum í landinum",Vága øki,Kvinnur,Aldur 0 - 17,%,7.2
2012,"Partur av fólkinum, ið livir av minni enn fátækamarkinum í landinum",Vága øki,Kvinnur,Aldur 0 - 17,%,7.4
2013,"Partur av fólkinum, ið livir av minni enn fátækamarkinum í landinum",Vága øki,Kvinnur,Aldur 0 - 17,%,4.1
2014,"Partur av fólkinum, ið livir av minni enn fátækamarkinum í landinum",Vága øki,Kvinnur,Aldur 0 - 17,%,5.0
2015,"Partur av fólkinum, ið livir av minni enn fátækamarkinum í landinum",Vága øki,Kvinnur,Aldur 0 - 17,%,7.6
2016,"Partur av fólkinum, ið livir av minni enn fátækamarkinum í landinum",Vága øki,Kvinnur,Aldur 0 - 17,%,3.8
2017,"Partur av fólkinum, ið livir av minni enn fátækamarkinum í landinum",Vága øki,Kvinnur,Aldur 0 - 17,%,2.6
2018,"Partur av fólkinum, ið livir av minni enn fátækamarkinum í landinum",Vága øki,Kvinnur,Aldur 0 - 17,%,2.3
2019,"Partur av fólkinum, ið livir av minni enn fátækamarkinum í landinum",Vága øki,Kvinnur,Aldur 0 - 17,%,2.8
2020,"Partur av fólkinum, ið livir av minni enn fátækamarkinum í landinum",Vága øki,Kvinnur,Aldur 0 - 17,%,3.8
2021,"Partur av fólkinum, ið livir av minni enn fátækamarkinum í landinum",Vága øki,Kvinnur,Aldur 0 - 17,%,4.0
2022,"Partur av fólkinum, ið livir av minni enn fátækamarkinum í landinum",Vága øki,Kvinnur,Aldur 0 - 17,%,2.3
2023,"Partur av fólkinum, ið livir av minni enn fátækamarkinum í landinum",Vága øki,Kvinnur,Aldur 0 - 17,%,3.9
2024,"Partur av fólkinum, ið livir av minni enn fátækamarkinum í landinum",Vága øki,Kvinnur,Aldur 0 - 17,%,4.2
2009,"Partur av fólkinum, ið livir av minni enn fátækamarkinum í landinum",Vága øki,Kvinnur,Aldur 18 - 24,%,5.9
2010,"Partur av fólkinum, ið livir av minni enn fátækamarkinum í landinum",Vága øki,Kvinnur,Aldur 18 - 24,%,1.5
2011,"Partur av fólkinum, ið livir av minni enn fátækamarkinum í landinum",Vága øki,Kvinnur,Aldur 18 - 24,%,5.6
2012,"Partur av fólkinum, ið livir av minni enn fátækamarkinum í landinum",Vága øki,Kvinnur,Aldur 18 - 24,%,7.2
2013,"Partur av fólkinum, ið livir av minni enn fátækamarkinum í landinum",Vága øki,Kvinnur,Aldur 18 - 24,%,3.4
2014,"Partur av fólkinum, ið livir av minni enn fátækamarkinum í landinum",Vága øki,Kvinnur,Aldur 18 - 24,%,2.1
2015,"Partur av fólkinum, ið livir av minni enn fátækamarkinum í landinum",Vága øki,Kvinnur,Aldur 18 - 24,%,5.3
2016,"Partur av fólkinum, ið livir av minni enn fátækamarkinum í landinum",Vága øki,Kvinnur,Aldur 18 - 24,%,1.9
2017,"Partur av fólkinum, ið livir av minni enn fátækamarkinum í landinum",Vága øki,Kvinnur,Aldur 18 - 24,%,1.0
2018,"Partur av fólkinum, ið livir av minni enn fátækamarkinum í landinum",Vága øki,Kvinnur,Aldur 18 - 24,%,3.8
2019,"Partur av fólkinum, ið livir av minni enn fátækamarkinum í landinum",Vága øki,Kvinnur,Aldur 18 - 24,%,4.0
2020,"Partur av fólkinum, ið livir av minni enn fátækamarkinum í landinum",Vága øki,Kvinnur,Aldur 18 - 24,%,3.1
2021,"Partur av fólkinum, ið livir av minni enn fátækamarkinum í landinum",Vága øki,Kvinnur,Aldur 18 - 24,%,2.4
2022,"Partur av fólkinum, ið livir av minni enn fátækamarkinum í landinum",Vága øki,Kvinnur,Aldur 18 - 24,%,4.3
2023,"Partur av fólkinum, ið livir av minni enn fátækamarkinum í landinum",Vága øki,Kvinnur,Aldur 18 - 24,%,3.7
2024,"Partur av fólkinum, ið livir av minni enn fátækamarkinum í landinum",Vága øki,Kvinnur,Aldur 18 - 24,%,0.7
2009,"Partur av fólkinum, ið livir av minni enn fátækamarkinum í landinum",Vága øki,Kvinnur,Aldur 25 - 54,%,4.1
2010,"Partur av fólkinum, ið livir av minni enn fátækamarkinum í landinum",Vága øki,Kvinnur,Aldur 25 - 54,%,2.6
2011,"Partur av fólkinum, ið livir av minni enn fátækamarkinum í landinum",Vága øki,Kvinnur,Aldur 25 - 54,%,3.0
2012,"Partur av fólkinum, ið livir av minni enn fátækamarkinum í landinum",Vága øki,Kvinnur,Aldur 25 - 54,%,5.1
2013,"Partur av fólkinum, ið livir av minni enn fátækamarkinum í landinum",Vága øki,Kvinnur,Aldur 25 - 54,%,3.0
2014,"Partur av fólkinum, ið livir av minni enn fátækamarkinum í landinum",Vága øki,Kvinnur,Aldur 25 - 54,%,4.4
2015,"Partur av fólkinum, ið livir av minni enn fátækamarkinum í landinum",Vága øki,Kvinnur,Aldur 25 - 54,%,3.7
2016,"Partur av fólkinum, ið livir av minni enn fátækamarkinum í landinum",Vága øki,Kvinnur,Aldur 25 - 54,%,2.9
2017,"Partur av fólkinum, ið livir av minni enn fátækamarkinum í landinum",Vága øki,Kvinnur,Aldur 25 - 54,%,2.1
2018,"Partur av fólkinum, ið livir av minni enn fátækamarkinum í landinum",Vága øki,Kvinnur,Aldur 25 - 54,%,2.8
2019,"Partur av fólkinum, ið livir av minni enn fátækamarkinum í landinum",Vága øki,Kvinnur,Aldur 25 - 54,%,3.1
2020,"Partur av fólkinum, ið livir av minni enn fátækamarkinum í landinum",Vága øki,Kvinnur,Aldur 25 - 54,%,2.5
2021,"Partur av fólkinum, ið livir av minni enn fátækamarkinum í landinum",Vága øki,Kvinnur,Aldur 25 - 54,%,3.2
2022,"Partur av fólkinum, ið livir av minni enn fátækamarkinum í landinum",Vága øki,Kvinnur,Aldur 25 - 54,%,1.8
2023,"Partur av fólkinum, ið livir av minni enn fátækamarkinum í landinum",Vága øki,Kvinnur,Aldur 25 - 54,%,3.0
2024,"Partur av fólkinum, ið livir av minni enn fátækamarkinum í landinum",Vága øki,Kvinnur,Aldur 25 - 54,%,3.7
2009,"Partur av fólkinum, ið livir av minni enn fátækamarkinum í landinum",Vága øki,Kvinnur,Aldur 55 - 66,%,1.9
2010,"Partur av fólkinum, ið livir av minni enn fátækamarkinum í landinum",Vága øki,Kvinnur,Aldur 55 - 66,%,1.5
2011,"Partur av fólkinum, ið livir av minni enn fátækamarkinum í landinum",Vága øki,Kvinnur,Aldur 55 - 66,%,2.5
2012,"Partur av fólkinum, ið livir av minni enn fátækamarkinum í landinum",Vága øki,Kvinnur,Aldur 55 - 66,%,2.5
2013,"Partur av fólkinum, ið livir av minni enn fátækamarkinum í landinum",Vága øki,Kvinnur,Aldur 55 - 66,%,3.4
2014,"Partur av fólkinum, ið livir av minni enn fátækamarkinum í landinum",Vága øki,Kvinnur,Aldur 55 - 66,%,2.2
2015,"Partur av fólkinum, ið livir av minni enn fátækamarkinum í landinum",Vága øki,Kvinnur,Aldur 55 - 66,%,0.9
2016,"Partur av fólkinum, ið livir av minni enn fátækamarkinum í landinum",Vága øki,Kvinnur,Aldur 55 - 66,%,1.4
2017,"Partur av fólkinum, ið livir av minni enn fátækamarkinum í landinum",Vága øki,Kvinnur,Aldur 55 - 66,%,1.9
2018,"Partur av fólkinum, ið livir av minni enn fátækamarkinum í landinum",Vága øki,Kvinnur,Aldur 55 - 66,%,2.9
2019,"Partur av fólkinum, ið livir av minni enn fátækamarkinum í landinum",Vága øki,Kvinnur,Aldur 55 - 66,%,1.4
2020,"Partur av fólkinum, ið livir av minni enn fátækamarkinum í landinum",Vága øki,Kvinnur,Aldur 55 - 66,%,3.9
2021,"Partur av fólkinum, ið livir av minni enn fátækamarkinum í landinum",Vága øki,Kvinnur,Aldur 55 - 66,%,3.4
2022,"Partur av fólkinum, ið livir av minni enn fátækamarkinum í landinum",Vága øki,Kvinnur,Aldur 55 - 66,%,2.5
2023,"Partur av fólkinum, ið livir av minni enn fátækamarkinum í landinum",Vága øki,Kvinnur,Aldur 55 - 66,%,2.0
2024,"Partur av fólkinum, ið livir av minni enn fátækamarkinum í landinum",Vága øki,Kvinnur,Aldur 55 - 66,%,2.4
2009,"Partur av fólkinum, ið livir av minni enn fátækamarkinum í landinum",Vága øki,Kvinnur,Aldur 67 + ,%,1.9
2010,"Partur av fólkinum, ið livir av minni enn fátækamarkinum í landinum",Vága øki,Kvinnur,Aldur 67 + ,%,2.7
2011,"Partur av fólkinum, ið livir av minni enn fátækamarkinum í landinum",Vága øki,Kvinnur,Aldur 67 + ,%,4.7
2012,"Partur av fólkinum, ið livir av minni enn fátækamarkinum í landinum",Vága øki,Kvinnur,Aldur 67 + ,%,2.6
2013,"Partur av fólkinum, ið livir av minni enn fátækamarkinum í landinum",Vága øki,Kvinnur,Aldur 67 + ,%,1.7
2014,"Partur av fólkinum, ið livir av minni enn fátækamarkinum í landinum",Vága øki,Kvinnur,Aldur 67 + ,%,2.6
2015,"Partur av fólkinum, ið livir av minni enn fátækamarkinum í landinum",Vága øki,Kvinnur,Aldur 67 + ,%,2.6
2016,"Partur av fólkinum, ið livir av minni enn fátækamarkinum í landinum",Vága øki,Kvinnur,Aldur 67 + ,%,3.7
2017,"Partur av fólkinum, ið livir av minni enn fátækamarkinum í landinum",Vága øki,Kvinnur,Aldur 67 + ,%,3.5
2018,"Partur av fólkinum, ið livir av minni enn fátækamarkinum í landinum",Vága øki,Kvinnur,Aldur 67 + ,%,3.5
2019,"Partur av fólkinum, ið livir av minni enn fátækamarkinum í landinum",Vága øki,Kvinnur,Aldur 67 + ,%,3.4
2020,"Partur av fólkinum, ið livir av minni enn fátækamarkinum í landinum",Vága øki,Kvinnur,Aldur 67 + ,%,2.6
2021,"Partur av fólkinum, ið livir av minni enn fátækamarkinum í landinum",Vága øki,Kvinnur,Aldur 67 + ,%,1.8
2022,"Partur av fólkinum, ið livir av minni enn fátækamarkinum í landinum",Vága øki,Kvinnur,Aldur 67 + ,%,1.5
2023,"Partur av fólkinum, ið livir av minni enn fátækamarkinum í landinum",Vága øki,Kvinnur,Aldur 67 + ,%,1.1
2024,"Partur av fólkinum, ið livir av minni enn fátækamarkinum í landinum",Vága øki,Kvinnur,Aldur 67 + ,%,1.1
2009,"Partur av fólkinum, ið livir av minni enn fátækamarkinum í landinum",Vága øki,Menn,,%,4.6
2010,"Partur av fólkinum, ið livir av minni enn fátækamarkinum í landinum",Vága øki,Menn,,%,2.9
2011,"Partur av fólkinum, ið livir av minni enn fátækamarkinum í landinum",Vága øki,Menn,,%,3.3
2012,"Partur av fólkinum, ið livir av minni enn fátækamarkinum í landinum",Vága øki,Menn,,%,5.4
2013,"Partur av fólkinum, ið livir av minni enn fátækamarkinum í landinum",Vága øki,Menn,,%,3.1
2014,"Partur av fólkinum, ið livir av minni enn fátækamarkinum í landinum",Vága øki,Menn,,%,3.7
2015,"Partur av fólkinum, ið livir av minni enn fátækamarkinum í landinum",Vága øki,Menn,,%,4.0
2016,"Partur av fólkinum, ið livir av minni enn fátækamarkinum í landinum",Vága øki,Menn,,%,3.6
2017,"Partur av fólkinum, ið livir av minni enn fátækamarkinum í landinum",Vága øki,Menn,,%,2.7
2018,"Partur av fólkinum, ið livir av minni enn fátækamarkinum í landinum",Vága øki,Menn,,%,3.4
2019,"Partur av fólkinum, ið livir av minni enn fátækamarkinum í landinum",Vága øki,Menn,,%,2.8
2020,"Partur av fólkinum, ið livir av minni enn fátækamarkinum í landinum",Vága øki,Menn,,%,2.1
2021,"Partur av fólkinum, ið livir av minni enn fátækamarkinum í landinum",Vága øki,Menn,,%,3.2
2022,"Partur av fólkinum, ið livir av minni enn fátækamarkinum í landinum",Vága øki,Menn,,%,2.1
2023,"Partur av fólkinum, ið livir av minni enn fátækamarkinum í landinum",Vága øki,Menn,,%,2.4
2024,"Partur av fólkinum, ið livir av minni enn fátækamarkinum í landinum",Vága øki,Menn,,%,3.7
2009,"Partur av fólkinum, ið livir av minni enn fátækamarkinum í landinum",Vága øki,Menn,Aldur 0 - 17,%,5.8
2010,"Partur av fólkinum, ið livir av minni enn fátækamarkinum í landinum",Vága øki,Menn,Aldur 0 - 17,%,2.6
2011,"Partur av fólkinum, ið livir av minni enn fátækamarkinum í landinum",Vága øki,Menn,Aldur 0 - 17,%,3.2
2012,"Partur av fólkinum, ið livir av minni enn fátækamarkinum í landinum",Vága øki,Menn,Aldur 0 - 17,%,8.5
2013,"Partur av fólkinum, ið livir av minni enn fátækamarkinum í landinum",Vága øki,Menn,Aldur 0 - 17,%,4.2
2014,"Partur av fólkinum, ið livir av minni enn fátækamarkinum í landinum",Vága øki,Menn,Aldur 0 - 17,%,5.2
2015,"Partur av fólkinum, ið livir av minni enn fátækamarkinum í landinum",Vága øki,Menn,Aldur 0 - 17,%,5.2
2016,"Partur av fólkinum, ið livir av minni enn fátækamarkinum í landinum",Vága øki,Menn,Aldur 0 - 17,%,4.6
2017,"Partur av fólkinum, ið livir av minni enn fátækamarkinum í landinum",Vága øki,Menn,Aldur 0 - 17,%,1.9
2018,"Partur av fólkinum, ið livir av minni enn fátækamarkinum í landinum",Vága øki,Menn,Aldur 0 - 17,%,3.5
2019,"Partur av fólkinum, ið livir av minni enn fátækamarkinum í landinum",Vága øki,Menn,Aldur 0 - 17,%,2.3
2020,"Partur av fólkinum, ið livir av minni enn fátækamarkinum í landinum",Vága øki,Menn,Aldur 0 - 17,%,2.5
2021,"Partur av fólkinum, ið livir av minni enn fátækamarkinum í landinum",Vága øki,Menn,Aldur 0 - 17,%,3.2
2022,"Partur av fólkinum, ið livir av minni enn fátækamarkinum í landinum",Vága øki,Menn,Aldur 0 - 17,%,3.2
2023,"Partur av fólkinum, ið livir av minni enn fátækamarkinum í landinum",Vága øki,Menn,Aldur 0 - 17,%,3.5
2024,"Partur av fólkinum, ið livir av minni enn fátækamarkinum í landinum",Vága øki,Menn,Aldur 0 - 17,%,6.8
2009,"Partur av fólkinum, ið livir av minni enn fátækamarkinum í landinum",Vága øki,Menn,Aldur 18 - 24,%,3.9
2010,"Partur av fólkinum, ið livir av minni enn fátækamarkinum í landinum",Vága øki,Menn,Aldur 18 - 24,%,4.7
2011,"Partur av fólkinum, ið livir av minni enn fátækamarkinum í landinum",Vága øki,Menn,Aldur 18 - 24,%,1.4
2012,"Partur av fólkinum, ið livir av minni enn fátækamarkinum í landinum",Vága øki,Menn,Aldur 18 - 24,%,4.2
2013,"Partur av fólkinum, ið livir av minni enn fátækamarkinum í landinum",Vága øki,Menn,Aldur 18 - 24,%,2.3
2014,"Partur av fólkinum, ið livir av minni enn fátækamarkinum í landinum",Vága øki,Menn,Aldur 18 - 24,%,6.8
2015,"Partur av fólkinum, ið livir av minni enn fátækamarkinum í landinum",Vága øki,Menn,Aldur 18 - 24,%,3.6
2016,"Partur av fólkinum, ið livir av minni enn fátækamarkinum í landinum",Vága øki,Menn,Aldur 18 - 24,%,1.6
2017,"Partur av fólkinum, ið livir av minni enn fátækamarkinum í landinum",Vága øki,Menn,Aldur 18 - 24,%,4.4
2018,"Partur av fólkinum, ið livir av minni enn fátækamarkinum í landinum",Vága øki,Menn,Aldur 18 - 24,%,2.8
2019,"Partur av fólkinum, ið livir av minni enn fátækamarkinum í landinum",Vága øki,Menn,Aldur 18 - 24,%,4.5
2020,"Partur av fólkinum, ið livir av minni enn fátækamarkinum í landinum",Vága øki,Menn,Aldur 18 - 24,%,1.3
2021,"Partur av fólkinum, ið livir av minni enn fátækamarkinum í landinum",Vága øki,Menn,Aldur 18 - 24,%,4.4
2022,"Partur av fólkinum, ið livir av minni enn fátækamarkinum í landinum",Vága øki,Menn,Aldur 18 - 24,%,1.3
2023,"Partur av fólkinum, ið livir av minni enn fátækamarkinum í landinum",Vága øki,Menn,Aldur 18 - 24,%,1.8
2024,"Partur av fólkinum, ið livir av minni enn fátækamarkinum í landinum",Vága øki,Menn,Aldur 18 - 24,%,2.0
2009,"Partur av fólkinum, ið livir av minni enn fátækamarkinum í landinum",Vága øki,Menn,Aldur 25 - 54,%,3.2
2010,"Partur av fólkinum, ið livir av minni enn fátækamarkinum í landinum",Vága øki,Menn,Aldur 25 - 54,%,2.3
2011,"Partur av fólkinum, ið livir av minni enn fátækamarkinum í landinum",Vága øki,Menn,Aldur 25 - 54,%,3.9
2012,"Partur av fólkinum, ið livir av minni enn fátækamarkinum í landinum",Vága øki,Menn,Aldur 25 - 54,%,4.3
2013,"Partur av fólkinum, ið livir av minni enn fátækamarkinum í landinum",Vága øki,Menn,Aldur 25 - 54,%,2.6
2014,"Partur av fólkinum, ið livir av minni enn fátækamarkinum í landinum",Vága øki,Menn,Aldur 25 - 54,%,2.7
2015,"Partur av fólkinum, ið livir av minni enn fátækamarkinum í landinum",Vága øki,Menn,Aldur 25 - 54,%,4.2
2016,"Partur av fólkinum, ið livir av minni enn fátækamarkinum í landinum",Vága øki,Menn,Aldur 25 - 54,%,3.6
2017,"Partur av fólkinum, ið livir av minni enn fátækamarkinum í landinum",Vága øki,Menn,Aldur 25 - 54,%,2.9
2018,"Partur av fólkinum, ið livir av minni enn fátækamarkinum í landinum",Vága øki,Menn,Aldur 25 - 54,%,3.1
2019,"Partur av fólkinum, ið livir av minni enn fátækamarkinum í landinum",Vága øki,Menn,Aldur 25 - 54,%,3.0
2020,"Partur av fólkinum, ið livir av minni enn fátækamarkinum í landinum",Vága øki,Menn,Aldur 25 - 54,%,2.2
2021,"Partur av fólkinum, ið livir av minni enn fátækamarkinum í landinum",Vága øki,Menn,Aldur 25 - 54,%,3.4
2022,"Partur av fólkinum, ið livir av minni enn fátækamarkinum í landinum",Vága øki,Menn,Aldur 25 - 54,%,1.9
2023,"Partur av fólkinum, ið livir av minni enn fátækamarkinum í landinum",Vága øki,Menn,Aldur 25 - 54,%,1.6
2024,"Partur av fólkinum, ið livir av minni enn fátækamarkinum í landinum",Vága øki,Menn,Aldur 25 - 54,%,2.7
2009,"Partur av fólkinum, ið livir av minni enn fátækamarkinum í landinum",Vága øki,Menn,Aldur 55 - 66,%,6.4
2010,"Partur av fólkinum, ið livir av minni enn fátækamarkinum í landinum",Vága øki,Menn,Aldur 55 - 66,%,4.5
2011,"Partur av fólkinum, ið livir av minni enn fátækamarkinum í landinum",Vága øki,Menn,Aldur 55 - 66,%,4.0
2012,"Partur av fólkinum, ið livir av minni enn fátækamarkinum í landinum",Vága øki,Menn,Aldur 55 - 66,%,5.9
2013,"Partur av fólkinum, ið livir av minni enn fátækamarkinum í landinum",Vága øki,Menn,Aldur 55 - 66,%,4.0
2014,"Partur av fólkinum, ið livir av minni enn fátækamarkinum í landinum",Vága øki,Menn,Aldur 55 - 66,%,4.1
2015,"Partur av fólkinum, ið livir av minni enn fátækamarkinum í landinum",Vága øki,Menn,Aldur 55 - 66,%,4.0
2016,"Partur av fólkinum, ið livir av minni enn fátækamarkinum í landinum",Vága øki,Menn,Aldur 55 - 66,%,3.6
2017,"Partur av fólkinum, ið livir av minni enn fátækamarkinum í landinum",Vága øki,Menn,Aldur 55 - 66,%,2.3
2018,"Partur av fólkinum, ið livir av minni enn fátækamarkinum í landinum",Vága øki,Menn,Aldur 55 - 66,%,4.1
2019,"Partur av fólkinum, ið livir av minni enn fátækamarkinum í landinum",Vága øki,Menn,Aldur 55 - 66,%,3.4
2020,"Partur av fólkinum, ið livir av minni enn fátækamarkinum í landinum",Vága øki,Menn,Aldur 55 - 66,%,2.7
2021,"Partur av fólkinum, ið livir av minni enn fátækamarkinum í landinum",Vága øki,Menn,Aldur 55 - 66,%,3.2
2022,"Partur av fólkinum, ið livir av minni enn fátækamarkinum í landinum",Vága øki,Menn,Aldur 55 - 66,%,0.9
2023,"Partur av fólkinum, ið livir av minni enn fátækamarkinum í landinum",Vága øki,Menn,Aldur 55 - 66,%,1.8
2024,"Partur av fólkinum, ið livir av minni enn fátækamarkinum í landinum",Vága øki,Menn,Aldur 55 - 66,%,2.1
2009,"Partur av fólkinum, ið livir av minni enn fátækamarkinum í landinum",Vága øki,Menn,Aldur 67 + ,%,4.7
2010,"Partur av fólkinum, ið livir av minni enn fátækamarkinum í landinum",Vága øki,Menn,Aldur 67 + ,%,1.9
2011,"Partur av fólkinum, ið livir av minni enn fátækamarkinum í landinum",Vága øki,Menn,Aldur 67 + ,%,2.8
2012,"Partur av fólkinum, ið livir av minni enn fátækamarkinum í landinum",Vága øki,Menn,Aldur 67 + ,%,3.1
2013,"Partur av fólkinum, ið livir av minni enn fátækamarkinum í landinum",Vága øki,Menn,Aldur 67 + ,%,1.8
2014,"Partur av fólkinum, ið livir av minni enn fátækamarkinum í landinum",Vága øki,Menn,Aldur 67 + ,%,1.3
2015,"Partur av fólkinum, ið livir av minni enn fátækamarkinum í landinum",Vága øki,Menn,Aldur 67 + ,%,1.8
2016,"Partur av fólkinum, ið livir av minni enn fátækamarkinum í landinum",Vága øki,Menn,Aldur 67 + ,%,3.0
2017,"Partur av fólkinum, ið livir av minni enn fátækamarkinum í landinum",Vága øki,Menn,Aldur 67 + ,%,3.2
2018,"Partur av fólkinum, ið livir av minni enn fátækamarkinum í landinum",Vága øki,Menn,Aldur 67 + ,%,3.2
2019,"Partur av fólkinum, ið livir av minni enn fátækamarkinum í landinum",Vága øki,Menn,Aldur 67 + ,%,1.6
2020,"Partur av fólkinum, ið livir av minni enn fátækamarkinum í landinum",Vága øki,Menn,Aldur 67 + ,%,1.4
2021,"Partur av fólkinum, ið livir av minni enn fátækamarkinum í landinum",Vága øki,Menn,Aldur 67 + ,%,2.1
2022,"Partur av fólkinum, ið livir av minni enn fátækamarkinum í landinum",Vága øki,Menn,Aldur 67 + ,%,2.1
2023,"Partur av fólkinum, ið livir av minni enn fátækamarkinum í landinum",Vága øki,Menn,Aldur 67 + ,%,3.0
2024,"Partur av fólkinum, ið livir av minni enn fátækamarkinum í landinum",Vága øki,Menn,Aldur 67 + ,%,3.4
