{"type": "FeatureCollection", "features": [{"type": "Feature", "geometry": {"type": "MultiPolygon", "coordinates": [[[[-6.323826040738768, 62.30490248375968], [-6.322676033213024, 62.30425125043555], [-6.3218459570263095, 62.30334115556001], [-6.320524299656115, 62.301479953458035], [-6.3188542186924215, 62.29977744243381], [-6.317940604257453, 62.299191507875605], [-6.316551440635023, 62.298617510186006], [-6.314000792671588, 62.29792358348854], [-6.313629738594752, 62.29739387655433], [-6.313903014328141, 62.29717760724524], [-6.3118323001372225, 62.29726724590176], [-6.311594549179662, 62.29694143909731], [-6.30875859182812, 62.29699506799745], [-6.304529481063476, 62.29700238136526], [-6.299697700780096, 62.29656414239919], [-6.298575762026323, 62.29638011693922], [-6.294714739735034, 62.295076422881614], [-6.291340055089231, 62.29329345900461], [-6.288898658263271, 62.29126922562124], [-6.287089596982986, 62.28939439042544], [-6.28651820572465, 62.28829996776591], [-6.2874228820602465, 62.28761623337056], [-6.287714093266294, 62.28600554629334], [-6.286453393644882, 62.28523571089773], [-6.28631570910987, 62.284903271620045], [-6.286926136480387, 62.28371863386169], [-6.286521270017288, 62.28303165500387], [-6.286858022746705, 62.28239495944355], [-6.285677382131051, 62.28212849199874], [-6.284819219316306, 62.281835076207464], [-6.284545185889574, 62.28144133374072], [-6.284997125953294, 62.281436587300895], [-6.286264361460394, 62.281603630968675], [-6.287141612980769, 62.2814227116438], [-6.287478496858928, 62.28109978873404], [-6.286031764230904, 62.28043956132111], [-6.285348675928071, 62.28018278770139], [-6.285596768839408, 62.28005211226813], [-6.286316790239665, 62.28004154274885], [-6.287383622511359, 62.279936519445656], [-6.288160092238474, 62.279483952965336], [-6.2899614962820625, 62.27939689920928], [-6.290668242071991, 62.2786550548127], [-6.2913331947103766, 62.277738266697924], [-6.295924286184738, 62.277854462214854], [-6.296506606592834, 62.278160593531], [-6.2982462108219215, 62.27842273291699], [-6.29821957402161, 62.278255004047296], [-6.299686727056162, 62.27838009734631], [-6.299661170847374, 62.27848700510543], [-6.305507495012308, 62.27995404671823], [-6.306378859195937, 62.28068249793008], [-6.307176864084905, 62.28094327327558], [-6.3131043661517365, 62.28090872272751], [-6.31834216177298, 62.28089907228768], [-6.31970304740914, 62.2803207372869], [-6.325644018118866, 62.28036062937353], [-6.32766883598421, 62.280207739811026], [-6.331059137860739, 62.27994828044827], [-6.331362569339394, 62.279732200234086], [-6.331689494912105, 62.2798371570746], [-6.334371608993504, 62.27973605551179], [-6.335715001811502, 62.27923599061658], [-6.337740581493858, 62.27870711391753], [-6.338030751646457, 62.27873708818129], [-6.339869319965172, 62.27834999196011], [-6.339956933175362, 62.27819343854988], [-6.340700647226784, 62.27814703214068], [-6.340724933702541, 62.2780901139256], [-6.340144400704777, 62.27803026197908], [-6.3401774493491745, 62.277919810889344], [-6.340804489860542, 62.277954958139965], [-6.341207501068109, 62.27773213940166], [-6.341185734164199, 62.2773289711725], [-6.340559114173376, 62.27727605304085], [-6.3404599152404835, 62.2765658159705], [-6.339528398626753, 62.276101171444694], [-6.338990141246852, 62.27551364853445], [-6.340062356350931, 62.27480900596985], [-6.337998756571473, 62.27465281735718], [-6.337686966120971, 62.274551486616524], [-6.3376374865718885, 62.274369323532795], [-6.337677035651189, 62.27396642822927], [-6.337104505035508, 62.27354993876749], [-6.337391948176101, 62.27335877510326], [-6.336910428810667, 62.27327757262671], [-6.336385171388067, 62.27318981577579], [-6.336160035097194, 62.27332784073264], [-6.333965593493576, 62.27252180457309], [-6.332654683073641, 62.27192340261517], [-6.330338814460241, 62.27141634912341], [-6.328666384223757, 62.27124417105817], [-6.328206986757725, 62.270910184440254], [-6.328088358395899, 62.270734861015484], [-6.327413432531213, 62.27044980591772], [-6.326764683766033, 62.26995394862283], [-6.326303951111719, 62.26951135989234], [-6.325924168190896, 62.26944551307441], [-6.326040686592379, 62.26922199226092], [-6.325474878837291, 62.26861475180762], [-6.325571373436089, 62.268495554464366], [-6.326063131224608, 62.26843477941893], [-6.326085137050863, 62.26839515100443], [-6.325504579863949, 62.26832706143453], [-6.32529402128364, 62.26824578596141], [-6.325007108395312, 62.267938629779785], [-6.324144014820899, 62.267703551094414], [-6.322901188147573, 62.26766141895616], [-6.321400237979064, 62.267240016049], [-6.319794915307209, 62.26693781778422], [-6.317611225230844, 62.26560807999466], [-6.316794590811139, 62.26537627344052], [-6.315412145045724, 62.26529536970856], [-6.314176031539948, 62.264962060124326], [-6.314151661343299, 62.26466389706474], [-6.314578665784147, 62.26424073097457], [-6.314529779011672, 62.26363730782314], [-6.315036902353741, 62.26332488573001], [-6.315255409569242, 62.26263709008681], [-6.315631486491837, 62.262580766422566], [-6.31564159624787, 62.262145872310306], [-6.316634254924981, 62.260795365039726], [-6.317748473308679, 62.25990410622752], [-6.319696121712439, 62.25903967465277], [-6.321461446698348, 62.25852498644738], [-6.321687617916307, 62.258361771294574], [-6.321592408304868, 62.25750350198509], [-6.321809071305579, 62.25701699809269], [-6.321659906553118, 62.25565237683074], [-6.320830753143967, 62.25319973467384], [-6.320775171976099, 62.25263587749516], [-6.321130521741299, 62.25163811126282], [-6.32144809289206, 62.25117959383346], [-6.321244318400726, 62.25106233978769], [-6.321302166977228, 62.25093979708765], [-6.323117044542173, 62.2500402634871], [-6.322583283961557, 62.24997188778015], [-6.3223851195929415, 62.24979349862228], [-6.323857409554183, 62.24903634164899], [-6.324028563207048, 62.24908911549062], [-6.324116906558007, 62.24920719797616], [-6.324232729008692, 62.249217149270976], [-6.324982437246944, 62.248777445046485], [-6.325757938276141, 62.24868603398149], [-6.327293704038887, 62.24900660193825], [-6.327360298012775, 62.2489198763888], [-6.3255132437970625, 62.24849364369653], [-6.324750832728858, 62.248254296900264], [-6.322839767900551, 62.247749297054725], [-6.321716409137147, 62.24704158306149], [-6.32109616613, 62.24640237168129], [-6.321247021434878, 62.246038437577845], [-6.322264593626367, 62.24553943030947], [-6.323339544657689, 62.24438956079683], [-6.323206743766357, 62.24407781742268], [-6.32330238122436, 62.243926187371116], [-6.324260130969634, 62.2437474156504], [-6.325288630687849, 62.24310814908084], [-6.326756551716347, 62.24272481720713], [-6.329710054091026, 62.2420512129689], [-6.333446464767826, 62.241278966681364], [-6.336321123453555, 62.24079984068232], [-6.339536004619604, 62.24036515316549], [-6.340135358819296, 62.24031438833508], [-6.340634019520027, 62.240497960801434], [-6.340809161845693, 62.24042848217859], [-6.340844668199229, 62.24033118865382], [-6.340675522091362, 62.24009159805135], [-6.340808101834385, 62.23989306993203], [-6.3416105114860795, 62.23968283493527], [-6.342800725402777, 62.23955265634849], [-6.344824847793967, 62.239736712836255], [-6.347446764774024, 62.239819715306155], [-6.348463193970767, 62.23979842346327], [-6.350778897879533, 62.23919699267157], [-6.353042752069597, 62.23866781473634], [-6.3553642712463425, 62.23800876999333], [-6.356828927195133, 62.2375495486068], [-6.358391903821504, 62.23702860255335], [-6.361442910096818, 62.23630339836231], [-6.361563089416146, 62.23620555264639], [-6.361786189826777, 62.23595610264665], [-6.363204139560601, 62.235482730751656], [-6.364044792942159, 62.235512951237226], [-6.365470740463959, 62.23578701984033], [-6.366244478220963, 62.235889504408604], [-6.367406459958861, 62.23585278468477], [-6.367580768059223, 62.23576529830652], [-6.368250738948165, 62.2352683720648], [-6.369247949811644, 62.23489491390601], [-6.37142002260669, 62.234401966123784], [-6.372649095271633, 62.23381133457809], [-6.3728572411916895, 62.23381706442939], [-6.373519785933144, 62.23382320843383], [-6.378234373502917, 62.23311129077359], [-6.37953246065144, 62.232757176009], [-6.379907972757491, 62.23269708502257], [-6.380510180312789, 62.2327395947121], [-6.3839247861438215, 62.23329788014292], [-6.384391357610022, 62.23343121038985], [-6.384950432306822, 62.23380819602719], [-6.3862691418910424, 62.23457158800098], [-6.386681612871279, 62.23494607868551], [-6.386858157506426, 62.23516401517315], [-6.387453914776449, 62.23667277696465], [-6.388713494974125, 62.23917594588549], [-6.388306455545597, 62.23945556460982], [-6.388857570402322, 62.239821785318604], [-6.389095720497184, 62.240035756321305], [-6.389527464615088, 62.2412366495352], [-6.389811110278827, 62.241432256310084], [-6.389780488627886, 62.24167332775657], [-6.391396230870981, 62.24469499424716], [-6.3915497020880965, 62.246099077436675], [-6.391710285613375, 62.246295603472916], [-6.391478314428886, 62.24650928153449], [-6.39174132188046, 62.24701411842336], [-6.391085719089648, 62.248901851681566], [-6.390716757097537, 62.249403993507144], [-6.3905819255683465, 62.249527090968414], [-6.390152760521217, 62.24960201170284], [-6.390053961470865, 62.24964227291053], [-6.3900720679249945, 62.24972477762889], [-6.390319924628576, 62.249762563788565], [-6.390476996854784, 62.249854859610416], [-6.390495747271521, 62.249958927782664], [-6.390076838380252, 62.25035003909295], [-6.389976353724757, 62.250577137769554], [-6.390002103113608, 62.25089685192521], [-6.390136715883492, 62.25172246373949], [-6.390859770190534, 62.25310086327023], [-6.391863171662246, 62.25433365399009], [-6.39259775375095, 62.2551154629561], [-6.392916596612612, 62.255199472799895], [-6.393025286735779, 62.2554646163231], [-6.393440407634167, 62.255662945288854], [-6.394254370285898, 62.25630096596061], [-6.394305587209171, 62.25632264153773], [-6.394667476413005, 62.25661811788504], [-6.3946793588918025, 62.25676857138601], [-6.39403326632004, 62.25713783974512], [-6.3942250743743365, 62.25714951428649], [-6.394715391282627, 62.25686901102777], [-6.394915740515801, 62.25684860735228], [-6.39509175579717, 62.25687812405777], [-6.39549461439383, 62.2573958051887], [-6.395571665480516, 62.257389076097354], [-6.395673413350618, 62.25730360808197], [-6.396317097294918, 62.258044630289305], [-6.396890304480968, 62.2588461106445], [-6.397713246449787, 62.25947697513911], [-6.398151031919099, 62.26015603681394], [-6.398927324200155, 62.26080811049429], [-6.399813961994772, 62.261682782589226], [-6.400866781464554, 62.262350607030896], [-6.402280585695242, 62.263360373586536], [-6.403688464648013, 62.26430562900415], [-6.40366980286815, 62.26444886571905], [-6.4038617000738665, 62.264453343959175], [-6.404677738063827, 62.2647260129512], [-6.404791266635098, 62.26480176349837], [-6.404923063109899, 62.26508887663953], [-6.405241381379547, 62.26528383425151], [-6.405622738854915, 62.265411092360516], [-6.407073855301607, 62.26614887742778], [-6.407346812895215, 62.266311376183694], [-6.407312124882993, 62.266486641163674], [-6.40777607805753, 62.266700289270645], [-6.408351996131261, 62.26705762971801], [-6.408520381353376, 62.26708707572831], [-6.408578446274578, 62.267241349552975], [-6.408560534420321, 62.267355865555736], [-6.4091415445155935, 62.26748772874615], [-6.411146637386708, 62.26820300379381], [-6.413389857109492, 62.268926624970064], [-6.415026887805924, 62.26957663205686], [-6.416080159526538, 62.27031832906239], [-6.416223479728733, 62.27052177329136], [-6.416012564832303, 62.27180975078339], [-6.4159915228641875, 62.27236232294182], [-6.415796971184354, 62.27261364146593], [-6.415817253171023, 62.27268971590568], [-6.415683702808137, 62.27275727717401], [-6.415484808486356, 62.272921861709634], [-6.415240273344666, 62.2730679984913], [-6.415149188619727, 62.273031107093], [-6.415217006969382, 62.27286911758418], [-6.415431196457059, 62.27270822965628], [-6.414760879328133, 62.272706467136686], [-6.414283797347803, 62.27309279727792], [-6.412725700759894, 62.2741387927073], [-6.4117943206631836, 62.27512117725183], [-6.410346605230471, 62.275691127007526], [-6.409356850877535, 62.276383986183134], [-6.4091980192616465, 62.276707798363525], [-6.408478017297814, 62.27759433378797], [-6.408046465149817, 62.27799181910692], [-6.407597526361302, 62.27864570673203], [-6.406096385319578, 62.2793994222294], [-6.403363408770123, 62.28031657124132], [-6.4031040481745105, 62.28024582330631], [-6.402522153909007, 62.280345867023506], [-6.402131046190247, 62.280693086096406], [-6.399776674633391, 62.281179743818676], [-6.399383458503317, 62.28118371409497], [-6.3962084550794795, 62.2819598425709], [-6.395619598464507, 62.28183586496337], [-6.395317957579617, 62.28206100011361], [-6.394874451859989, 62.28197062844945], [-6.393954825271843, 62.28203172174466], [-6.39395495457623, 62.282521835273286], [-6.392272261756664, 62.28318149765639], [-6.391973785374714, 62.28317303388823], [-6.391404746877813, 62.282906542864616], [-6.390619659233868, 62.282735405901214], [-6.389255912280012, 62.28276865909587], [-6.389009594541018, 62.282828155493775], [-6.38854415846343, 62.28311863087449], [-6.388183055902977, 62.28318118127387], [-6.386940820648514, 62.28289036841695], [-6.386252881305673, 62.282826631069334], [-6.381913878091839, 62.282685936019384], [-6.380859383004046, 62.2825742414104], [-6.378829345825842, 62.28224769986295], [-6.375007226927011, 62.281923631350146], [-6.374791245018121, 62.281997593618], [-6.3744800084588125, 62.28186771407697], [-6.371566351813132, 62.28168325187817], [-6.371195099302088, 62.28185996978811], [-6.370964842559494, 62.28188741074399], [-6.370590829702679, 62.28183221623437], [-6.368526861630909, 62.282029661725865], [-6.367910591356223, 62.282201560738365], [-6.367775305611912, 62.28243993203409], [-6.3670932325068055, 62.2828291527529], [-6.367224643148909, 62.28313300070311], [-6.367084547120516, 62.28324286892488], [-6.366502035460718, 62.2832615760707], [-6.366346747332255, 62.28336433159863], [-6.366254671040912, 62.283734893925086], [-6.3654742811927765, 62.284779931087684], [-6.365001242562382, 62.28505950264438], [-6.365078782283821, 62.286097871627824], [-6.365047336656051, 62.286853917472925], [-6.364833124261033, 62.28756986714954], [-6.364261741650709, 62.288144988127165], [-6.363896200282101, 62.2884072847368], [-6.3640282868300355, 62.28867900040598], [-6.363920990438506, 62.28904226918085], [-6.36378185360323, 62.28909872279408], [-6.363174715175857, 62.28919938691746], [-6.361998096353382, 62.290852473654596], [-6.361567901119154, 62.29091831854377], [-6.361220460591788, 62.29140535824988], [-6.359919506665223, 62.29241590108863], [-6.359024567605323, 62.29271484588889], [-6.357541436989068, 62.29293626629823], [-6.356428790862431, 62.293730075901706], [-6.356593857483499, 62.29424802429582], [-6.356335565615769, 62.29521339660901], [-6.357040447095728, 62.295209621251594], [-6.357062251963297, 62.29526678768487], [-6.3564611162270905, 62.29543156547414], [-6.356459404673354, 62.29551720087648], [-6.357161950446702, 62.29562392249565], [-6.357335912783106, 62.29572097264813], [-6.35768169805774, 62.2960365290749], [-6.357629714537932, 62.29631095511788], [-6.357442876793555, 62.29644911296451], [-6.356769255802877, 62.29642816087539], [-6.356028847447807, 62.29629988569768], [-6.355632766719905, 62.29619098463032], [-6.355577666212598, 62.29625854479205], [-6.355886215297249, 62.29651682584116], [-6.355734614784734, 62.296794299499616], [-6.355024164408005, 62.296698286688155], [-6.3539664477896425, 62.297435202498995], [-6.353494078291568, 62.29766841640344], [-6.354341292884011, 62.29817175676803], [-6.354328102582253, 62.29842132617816], [-6.352932888324013, 62.29811159678978], [-6.352067829909763, 62.298432171467645], [-6.35162283228518, 62.29845855433426], [-6.350731615772986, 62.29892526540243], [-6.350788524614306, 62.29947474921744], [-6.351114002054467, 62.30001488197351], [-6.3499603860907, 62.300569451659875], [-6.349255248383843, 62.30057687047122], [-6.3489750878104125, 62.30077529345926], [-6.3488240504756925, 62.30102780751638], [-6.350288800712055, 62.301320040783054], [-6.350392414084628, 62.301484636998126], [-6.350084781663538, 62.301536706424145], [-6.348975976989815, 62.301435152771916], [-6.349246849700969, 62.301661122126745], [-6.349193389011891, 62.30235999742673], [-6.348162023448155, 62.30327176536649], [-6.3468178916517575, 62.302712590860466], [-6.3459525216174475, 62.3030366271574], [-6.3455285929879865, 62.30385146971499], [-6.346170960604159, 62.30391156898847], [-6.345433467832965, 62.30400078922221], [-6.344613068591409, 62.30436788040308], [-6.345322081197224, 62.305234391562884], [-6.344127925684412, 62.305524764982266], [-6.3413929493947085, 62.3047877099725], [-6.340511106685884, 62.304815601366926], [-6.3380463766367, 62.305378004801604], [-6.336985695764967, 62.30551919697138], [-6.330619727727311, 62.305409959724344], [-6.327734458015957, 62.30557430651532], [-6.3268686034111585, 62.30557368290747], [-6.323826040738768, 62.30490248375968]]], [[[-6.310942872099353, 62.35451062674064], [-6.308315001710263, 62.354294199096195], [-6.3080055842272404, 62.35439608092451], [-6.307799118967412, 62.35469104234278], [-6.307475604553733, 62.35474299179814], [-6.307232068075268, 62.35465253428844], [-6.30688668589889, 62.35431558573108], [-6.306613124367885, 62.354200032242794], [-6.305335241139625, 62.354026027428205], [-6.304957914157419, 62.35408115259495], [-6.3044676408028355, 62.35436407349456], [-6.303935865881638, 62.35445410859541], [-6.303562681174783, 62.35400283713031], [-6.30207178328747, 62.353089311638826], [-6.301486587942902, 62.35284379819544], [-6.300813489276528, 62.35274053197488], [-6.300418428261986, 62.35257089055245], [-6.300050445142864, 62.35254769748693], [-6.2999618821225045, 62.35239736433772], [-6.300404307080723, 62.35218923505516], [-6.299364648082974, 62.351352833151445], [-6.2988550753679355, 62.350501360145984], [-6.298156480218502, 62.35050857987623], [-6.297745388740556, 62.35036735576004], [-6.297759120714411, 62.34977888882881], [-6.298241024220024, 62.34952456547293], [-6.297748939327063, 62.349564876371524], [-6.297799549889499, 62.34936892366244], [-6.29742904210946, 62.349456218599066], [-6.297154177063609, 62.34940132490189], [-6.297417791569626, 62.34895679884339], [-6.296873968212997, 62.348914834804404], [-6.297230392103594, 62.34811407156727], [-6.297742732139167, 62.34786698503599], [-6.298281256770366, 62.34781266695714], [-6.298999277082688, 62.347299078967396], [-6.298679271187023, 62.347204789615006], [-6.298920079057374, 62.347081126354325], [-6.29975238395791, 62.34692841082476], [-6.300194297422524, 62.346738054003445], [-6.3015063005245375, 62.34642362927162], [-6.302295916259671, 62.3454717473877], [-6.301733729236038, 62.34490177827207], [-6.301264159366957, 62.344635417625426], [-6.301147893053759, 62.3443566726871], [-6.301541437463469, 62.34426586349763], [-6.301480836056667, 62.34422634653597], [-6.300888511296549, 62.34429112934251], [-6.2990422519799605, 62.34350780851209], [-6.297224353857302, 62.3431525524561], [-6.296495298314252, 62.342831397368684], [-6.296562983847679, 62.342567796425676], [-6.2961518032175885, 62.34275837767891], [-6.293662727487126, 62.34223910824412], [-6.292802700807069, 62.341942242355834], [-6.292220960905304, 62.3418786879105], [-6.291178914031165, 62.34149880433417], [-6.2902989252923405, 62.341394427584035], [-6.289710745081539, 62.34160894167322], [-6.289436768505728, 62.34183943682608], [-6.289074050757435, 62.34192677002806], [-6.288568922480967, 62.341870615820326], [-6.288425683351128, 62.34176644602711], [-6.2881814726156025, 62.34106250552813], [-6.287902982156899, 62.340836359744195], [-6.286246461736122, 62.34048543927013], [-6.284815275678748, 62.340980954008096], [-6.282429510760438, 62.34160352111299], [-6.280535061013182, 62.34220716031243], [-6.278841541873817, 62.342437346966555], [-6.2785082739596465, 62.34225366688386], [-6.278013195339694, 62.34210131278184], [-6.276046520370722, 62.34220517251109], [-6.274136120155907, 62.34250901615803], [-6.273030681642145, 62.343476943060004], [-6.272603763127623, 62.34368160855424], [-6.271356438765494, 62.3438533468177], [-6.270363066808451, 62.34431184277726], [-6.2686936635481025, 62.34480235980882], [-6.268522085072148, 62.344915564314846], [-6.26874316965773, 62.34497027163908], [-6.268632601588139, 62.34510523537486], [-6.265498412113494, 62.34523844461734], [-6.264980572506231, 62.34507518090615], [-6.264526553791959, 62.34512626815637], [-6.262533644742216, 62.344726891566346], [-6.261248962985299, 62.344545242488664], [-6.260541988317827, 62.344273897734986], [-6.259694571426662, 62.34409821471192], [-6.2583193827172625, 62.34323836354275], [-6.257880973330431, 62.34235138320354], [-6.258328924647477, 62.34161904249488], [-6.258374981099399, 62.341002192141566], [-6.25696718547534, 62.33991034951586], [-6.256841740172225, 62.3381726146676], [-6.256559571976755, 62.33563146874934], [-6.257222604021951, 62.333958630923114], [-6.2583688640430175, 62.33289832039522], [-6.2594935891017265, 62.33239067681855], [-6.260063925402746, 62.33165894101731], [-6.2606572660797, 62.33124124800608], [-6.260571323660122, 62.33037403624436], [-6.261233184822712, 62.32935034809791], [-6.261217140301861, 62.329072002162434], [-6.261296002590532, 62.32897970665208], [-6.261649141477812, 62.32896733415093], [-6.2629617052112385, 62.327989822537845], [-6.263079822295978, 62.327241476290475], [-6.263545922942774, 62.32669465292968], [-6.264081010739515, 62.32645136950238], [-6.265368103439545, 62.32618709330765], [-6.265674819094728, 62.32619230022028], [-6.2670637635650115, 62.32678106891535], [-6.267891509165448, 62.32743111914934], [-6.267618485461458, 62.32761866599975], [-6.267679399918687, 62.3276368323826], [-6.2679031687383, 62.32757736710446], [-6.268094549450886, 62.32759620366653], [-6.268780377202293, 62.32782255630296], [-6.268984540904197, 62.32788987108091], [-6.270390696375277, 62.32840736792873], [-6.271777053780861, 62.32879631389778], [-6.27322962009931, 62.32898942345179], [-6.274340023356998, 62.32906303802753], [-6.274452190544624, 62.32886030117976], [-6.274624496794253, 62.328718548110075], [-6.2747391377045, 62.32872985870862], [-6.27484711799014, 62.329026431253894], [-6.275078470050268, 62.32897060506007], [-6.275421403149388, 62.328744089014], [-6.275396468199972, 62.32850499675146], [-6.275896412390748, 62.327812060401676], [-6.276029807804394, 62.32673919244848], [-6.276198945878872, 62.32638271365797], [-6.276853935180149, 62.32500638782695], [-6.277120322558608, 62.32477594878536], [-6.279643790433973, 62.32348005833636], [-6.279843121018516, 62.32348116362645], [-6.279983729699892, 62.32337129480648], [-6.280207251596166, 62.32332249246482], [-6.28040258747397, 62.32317732094006], [-6.280295367144044, 62.323169571853036], [-6.280221900496453, 62.32303370466417], [-6.281426984857998, 62.32234795016273], [-6.283611224237065, 62.32143197725793], [-6.286120572674837, 62.32070298349626], [-6.2859012210330505, 62.320577031433864], [-6.286157430862093, 62.32044992052789], [-6.288614861983531, 62.31995973461004], [-6.289937200661031, 62.319813117724394], [-6.291871429226617, 62.319402146707674], [-6.2919027977959985, 62.31936665580284], [-6.291528149068818, 62.31932552194318], [-6.291546173879638, 62.3192150568082], [-6.292930382137895, 62.3190366572795], [-6.293273089129602, 62.319134730057435], [-6.295446035030205, 62.31932408936213], [-6.296093462691598, 62.31917761022072], [-6.299151614499543, 62.31922521985856], [-6.299930729227236, 62.31934331468276], [-6.300330400410566, 62.318649797396446], [-6.300808380616135, 62.31804409452914], [-6.302489535686313, 62.318114982283575], [-6.304353066982825, 62.318092301592095], [-6.306152814349856, 62.31851153101725], [-6.3066657249502684, 62.31853913268997], [-6.310208580058285, 62.31817874075144], [-6.310461310519807, 62.31785539564816], [-6.309644517782229, 62.3173697964142], [-6.310158974222789, 62.31666976010551], [-6.310523182733515, 62.31650742364832], [-6.313616148630883, 62.31668335848315], [-6.31359912898099, 62.31676178554758], [-6.313233233103548, 62.317006085148805], [-6.313316437055923, 62.31704926651896], [-6.313828489451152, 62.316791439621255], [-6.314449879893247, 62.31677315008719], [-6.315855602515865, 62.31698341879307], [-6.316614334741313, 62.31766488429958], [-6.317563843067924, 62.31738421403081], [-6.319793977938727, 62.3180943269234], [-6.3200368359618375, 62.31820253570871], [-6.3196520780202015, 62.31859654481951], [-6.319661739218288, 62.318846285190794], [-6.321632131471718, 62.319187681026435], [-6.3239797212309, 62.31979482322334], [-6.324964309407233, 62.31966052128405], [-6.325490761074246, 62.319766528497134], [-6.325016445245458, 62.320067416874835], [-6.32559402178248, 62.320291413639964], [-6.326626966335349, 62.32038917194504], [-6.32678068074107, 62.32071090850139], [-6.327657214689337, 62.321282316025815], [-6.328178582230406, 62.32128485553662], [-6.329186939391979, 62.32281640089536], [-6.330791524262873, 62.324097496904685], [-6.331589512941786, 62.32544961409815], [-6.332836226642265, 62.32799880108198], [-6.333038030654019, 62.32788924451334], [-6.3331229129284825, 62.327868238533405], [-6.33338071301156, 62.32834389587826], [-6.333104985684612, 62.328667108171736], [-6.333838500237243, 62.33017224838389], [-6.333691979532609, 62.330549656321296], [-6.334196274868583, 62.330976503528454], [-6.333961419955224, 62.33153182116272], [-6.334278755764988, 62.33209688605401], [-6.333972647025239, 62.332748183840046], [-6.334536469382577, 62.33326452885399], [-6.334341341996089, 62.33342055188135], [-6.333716987940518, 62.33354951189737], [-6.3336998588963915, 62.33431983933307], [-6.333557340063562, 62.33624168607302], [-6.333902751911856, 62.33760586857998], [-6.334457103679369, 62.3385536935298], [-6.3346301588605405, 62.339392757828385], [-6.33358599243738, 62.34011534966493], [-6.333016672014639, 62.34018393846504], [-6.333317997552544, 62.34043511917724], [-6.333351929655492, 62.340977434411606], [-6.333858069709134, 62.34133292364597], [-6.332553294960623, 62.34203292770717], [-6.332406768008916, 62.34309505051614], [-6.332805003008892, 62.34382105487969], [-6.332357459164035, 62.3439295061676], [-6.331540194790437, 62.345473503571185], [-6.332228191721886, 62.34559100625815], [-6.332226167605146, 62.34568372969665], [-6.331397395273354, 62.345683326230684], [-6.331135939322643, 62.346395368981376], [-6.331589587205874, 62.346700740695546], [-6.331858610811033, 62.347365457250866], [-6.3317455257000335, 62.347964138287836], [-6.331415294272164, 62.3479732684883], [-6.330769610159619, 62.34767410108338], [-6.330493911650452, 62.34764781390505], [-6.329713875357944, 62.347868700276244], [-6.329185988637088, 62.348479646236974], [-6.329140241428138, 62.348804022151974], [-6.32812727365604, 62.349829889188754], [-6.327850695054322, 62.35018163373027], [-6.327869451262322, 62.35071324321496], [-6.327597064039331, 62.35087595113456], [-6.326085691128636, 62.35119317486884], [-6.325596214219622, 62.351454718812114], [-6.325285563605175, 62.35195253758314], [-6.325077355204707, 62.35233674803808], [-6.323922755037654, 62.35281982215779], [-6.32235307259198, 62.353332819317195], [-6.321600982724828, 62.35366088153648], [-6.320323003088512, 62.35383291988273], [-6.31844168472313, 62.35419818790076], [-6.315653007746203, 62.35429858499174], [-6.3153897130752235, 62.35439714923465], [-6.314945940400184, 62.35434146754943], [-6.3139866003585645, 62.35433315505463], [-6.313022361718586, 62.35454232618282], [-6.31155442255633, 62.3546135550968], [-6.311319864615547, 62.35480138764824], [-6.311081262833445, 62.35482875960715], [-6.310876207978402, 62.35473141708407], [-6.310942872099353, 62.35451062674064]]], [[[-6.801380518747704, 62.371908566965615], [-6.800182012566127, 62.37065081195711], [-6.800847776029989, 62.370459753457446], [-6.801239730453743, 62.37039967122789], [-6.801253697298212, 62.37035661996193], [-6.800780291365234, 62.370277346985475], [-6.800613368999751, 62.3701278478707], [-6.79992803336528, 62.370189950401596], [-6.799566775579155, 62.37024261245107], [-6.7992020347931525, 62.370184167940565], [-6.797533066375958, 62.36942817279674], [-6.797337135703906, 62.36908878801464], [-6.796939550399918, 62.368969580654564], [-6.7966689939464695, 62.368720407870555], [-6.7956679163988065, 62.36856222827191], [-6.795549483418321, 62.36847695839698], [-6.795300104019982, 62.368163120229156], [-6.794541421681913, 62.368100149059046], [-6.794379796335525, 62.368119142420525], [-6.7927800055932925, 62.36733751590214], [-6.792669708750247, 62.367022638657154], [-6.792003209023716, 62.366704444388496], [-6.791509196727736, 62.366216517458255], [-6.790873149653643, 62.366123953931364], [-6.790308036475912, 62.36583374855212], [-6.790242784002609, 62.36571942022167], [-6.7896159339872755, 62.36543317244458], [-6.788957810348869, 62.36537310796754], [-6.788481079259644, 62.363715855337944], [-6.7877080912867624, 62.36319395819457], [-6.787549802175703, 62.36282561720189], [-6.78702965394481, 62.36273226769594], [-6.785831708393171, 62.3621952742666], [-6.785126707157694, 62.36202761751704], [-6.78417495828362, 62.361801272960875], [-6.783961178467226, 62.36138670986157], [-6.77914589545499, 62.359708427114455], [-6.778869474888839, 62.35975690753987], [-6.777478695362207, 62.3589664757323], [-6.777158054779542, 62.35858494206971], [-6.776653495700436, 62.35824761077409], [-6.776412263245568, 62.35843211796767], [-6.775527779508099, 62.35629698796112], [-6.775649299810647, 62.35623168232803], [-6.775538360510871, 62.35514569349727], [-6.775775158617205, 62.35481415451172], [-6.77650014482895, 62.35455108063834], [-6.776877099271863, 62.354265313643374], [-6.776798972378194, 62.35398603410083], [-6.7769737486194845, 62.35389527139137], [-6.776979774199236, 62.3538450032025], [-6.776593421066678, 62.353826101578576], [-6.776010581177959, 62.35320239156471], [-6.776178264458476, 62.352885641128196], [-6.776717253347616, 62.35259509457262], [-6.777319016593348, 62.352587531142696], [-6.777376792444155, 62.35246159811255], [-6.776572727006153, 62.35167079573285], [-6.773284796217596, 62.351405881435745], [-6.773017680547568, 62.35150450294767], [-6.772770986634656, 62.35150972378727], [-6.772580082074316, 62.35157562528439], [-6.772362614781766, 62.35153040886392], [-6.772234763855145, 62.35139137020721], [-6.771986614326618, 62.351353563730385], [-6.771693421005474, 62.35110451302131], [-6.771568424303161, 62.35080410199947], [-6.771365937064715, 62.3507444895898], [-6.771289246865547, 62.35051191223504], [-6.771133687278703, 62.35047342794772], [-6.771003883021552, 62.34976786998823], [-6.770519795103744, 62.349086099170435], [-6.7704573227158065, 62.34881029658999], [-6.770629492983435, 62.34863708580404], [-6.770548825271758, 62.348526360142245], [-6.770305400753405, 62.34863918024556], [-6.77014242824152, 62.34860443660388], [-6.769976428750037, 62.3484800478328], [-6.770059553140726, 62.34817101999071], [-6.769545118091295, 62.34775126535519], [-6.769370532092712, 62.34734358445227], [-6.769079194904528, 62.34715901601818], [-6.768565959679465, 62.34702620116165], [-6.768578951390048, 62.34694722626952], [-6.768977913226228, 62.346872806353915], [-6.768316193472162, 62.345930438388656], [-6.768255848102112, 62.34572280838327], [-6.768385814453508, 62.34468186615075], [-6.767862482197916, 62.34447733471774], [-6.767506204758739, 62.34442953013735], [-6.767378526575799, 62.3442940797733], [-6.7674067389645005, 62.34420780721887], [-6.767849090400432, 62.34403990985743], [-6.767582616519526, 62.3431522478006], [-6.767083374084417, 62.34247416874184], [-6.7665435683458535, 62.34222672408177], [-6.766177062063022, 62.34210360901654], [-6.766165616028682, 62.34198177869399], [-6.766232227992515, 62.34188813095991], [-6.766097030206936, 62.34175273824705], [-6.766140869151606, 62.34167713012587], [-6.766034534035242, 62.341480612759774], [-6.7662687469984855, 62.341066632648555], [-6.765964086122175, 62.340943070414774], [-6.765717764545279, 62.340962647650045], [-6.765358243331016, 62.34105824773924], [-6.765409026620654, 62.340706508739714], [-6.76657824328424, 62.34034008859277], [-6.766648724991461, 62.33987339166812], [-6.766290269476403, 62.33950639275602], [-6.76501946256687, 62.33881550027161], [-6.764890326713989, 62.33862983843222], [-6.765199628858739, 62.33865651918106], [-6.765299118246997, 62.33837971567738], [-6.764419844630773, 62.338130863161204], [-6.764355762544649, 62.33805235907046], [-6.76462379345582, 62.33798968055716], [-6.764398028014182, 62.33691170611464], [-6.764179473778375, 62.33683063660619], [-6.76417601181926, 62.33671584656257], [-6.764443791523615, 62.33664598240009], [-6.7649741577911895, 62.33658149197313], [-6.764910244431027, 62.3365137639758], [-6.764209131199615, 62.33653996622689], [-6.764039427374609, 62.33578437920668], [-6.763141074065512, 62.33566116803762], [-6.76305970496806, 62.335274362002814], [-6.763176911867484, 62.334563503878705], [-6.762854624408825, 62.33411376110045], [-6.762635749625975, 62.333261680494275], [-6.762055665179312, 62.33295350794944], [-6.760848555165065, 62.332064916086665], [-6.760186861401232, 62.33186836431731], [-6.760112431837246, 62.33166225894436], [-6.7599594771490565, 62.33123869805971], [-6.758219148174965, 62.33005593545804], [-6.757376351110256, 62.329982595152], [-6.757022405758237, 62.32975533363486], [-6.756731756907229, 62.32942719210731], [-6.756442038329242, 62.32889194883939], [-6.756371670245489, 62.328182115635556], [-6.756017499226007, 62.32740289693063], [-6.7555873020865285, 62.32695310308179], [-6.755844232917261, 62.3264417366843], [-6.755694539894051, 62.325846259016956], [-6.7550817816978705, 62.324524749522524], [-6.754645867021697, 62.32436519957082], [-6.754680003489854, 62.324196967755086], [-6.755360588872864, 62.32330404609872], [-6.755558153029692, 62.322684889494795], [-6.755249440887576, 62.322712240000854], [-6.755231835691024, 62.323203128613066], [-6.7545030271807525, 62.32418900076096], [-6.754354784554811, 62.32428509937245], [-6.754161734137177, 62.324298599228804], [-6.753145450407107, 62.323892773593414], [-6.752304911408081, 62.32278887995831], [-6.751959455916112, 62.322726481873936], [-6.7517689576742, 62.321869177143334], [-6.75117945178697, 62.321311129830846], [-6.750904529917869, 62.32081534266279], [-6.7504290680846655, 62.32070577485697], [-6.749804038064623, 62.32038407098957], [-6.7492818125828125, 62.32030651325063], [-6.748849485964983, 62.31997848865112], [-6.748495823423363, 62.3191885693128], [-6.748006829173102, 62.318989265653926], [-6.746842296530201, 62.31756138733913], [-6.745045774250679, 62.317266778443326], [-6.745056405518795, 62.31712707629547], [-6.743120638117023, 62.31500769405467], [-6.742489077756028, 62.31313780296826], [-6.742514688542782, 62.31227428208523], [-6.741213370585378, 62.30965959558673], [-6.7407703623677815, 62.308363916442744], [-6.7404898170838505, 62.30815844453725], [-6.739500774387229, 62.307949742211875], [-6.7382203659701, 62.307309677016434], [-6.738051282528093, 62.307298134620346], [-6.738125576004625, 62.30742395296935], [-6.737948550174875, 62.307423144761884], [-6.737706338149041, 62.307221341398225], [-6.737406464590887, 62.307202108838155], [-6.735894914488848, 62.306206156302665], [-6.735618573594416, 62.30616907694915], [-6.735560583019774, 62.30599324584614], [-6.734479395219884, 62.30504224442825], [-6.734400060561237, 62.304791100400884], [-6.734579657738131, 62.30467003562026], [-6.735523098050088, 62.30446648870397], [-6.735477847447683, 62.30442687921054], [-6.734334902487223, 62.30459010377146], [-6.734105880235755, 62.30449588312309], [-6.734258800655449, 62.30417767969423], [-6.733343099326477, 62.30304827401062], [-6.731580745440978, 62.30154946614391], [-6.7316288478497315, 62.3014637022967], [-6.732048227922713, 62.30128280104257], [-6.7319960357564055, 62.301207345232974], [-6.731842143287461, 62.30119945355598], [-6.7315006891808915, 62.301334040005614], [-6.731161939366031, 62.30097057585487], [-6.730743631755576, 62.300721450445614], [-6.7307578417132286, 62.300416882080455], [-6.730515503088536, 62.300225835627145], [-6.730085637959626, 62.30016658198197], [-6.729264110361836, 62.299334949260455], [-6.728803491766649, 62.299271958151294], [-6.728853173462457, 62.299103713855764], [-6.727363517915194, 62.29819743280638], [-6.727033011143811, 62.29818162693958], [-6.726841424082742, 62.29813415031139], [-6.726625183119447, 62.29780705758043], [-6.7237643093911155, 62.296231403256805], [-6.7222215855051015, 62.294948557128635], [-6.720722128813383, 62.29343647364251], [-6.72092093178708, 62.29313995202983], [-6.720691725782074, 62.29306006873924], [-6.718318056434699, 62.291052967210135], [-6.718397914860508, 62.2909171815145], [-6.718284805967404, 62.29080911921548], [-6.716703403576411, 62.28990946744343], [-6.716297468289801, 62.28982156164561], [-6.715741455138688, 62.28955378824395], [-6.715296119951833, 62.289143192357635], [-6.7154624667384715, 62.28892182998293], [-6.7151826350652755, 62.28905307704258], [-6.714943924423297, 62.28906630900428], [-6.713474860345891, 62.28831758489309], [-6.712954939200163, 62.28745155831288], [-6.7121166904040335, 62.286716496782866], [-6.71194887116499, 62.286644070403355], [-6.7113826522472095, 62.286143309943284], [-6.71008680812437, 62.284872177287895], [-6.708755657722424, 62.28416714364233], [-6.7082713633963404, 62.28379215224265], [-6.707197026193342, 62.28330330000969], [-6.70666872074613, 62.28318605599908], [-6.706524959582921, 62.28308151812643], [-6.706582047241387, 62.28293126785664], [-6.706268296687775, 62.2828544553839], [-6.705725555169757, 62.28198828925708], [-6.7048521176066425, 62.28111684955261], [-6.7041269633830165, 62.280858985825155], [-6.702313169760211, 62.279725123190666], [-6.701908893295377, 62.27956196334808], [-6.701903501979072, 62.27945799791044], [-6.701059699354237, 62.27900243633827], [-6.700478903788396, 62.27882405741752], [-6.699199419741684, 62.27788975773461], [-6.698631322651136, 62.27714524142718], [-6.699302126942451, 62.2767255584393], [-6.699171242750772, 62.27672851304738], [-6.698456044553621, 62.2770655812338], [-6.697765773645734, 62.276280973764194], [-6.697346785624577, 62.275049788730385], [-6.697533972146008, 62.27493248810423], [-6.697307377393845, 62.27474504806039], [-6.697111898067843, 62.27315295657351], [-6.697203733482592, 62.27228402876564], [-6.69754775611296, 62.27065410267474], [-6.697541528684776, 62.270475334966555], [-6.697741776132861, 62.27036830595968], [-6.69730417105513, 62.26934465354525], [-6.697076176915455, 62.26798509389102], [-6.696379256578767, 62.266749930687894], [-6.6959896978589875, 62.26650250908562], [-6.695655446102664, 62.26604770905901], [-6.695642580483157, 62.265718626610905], [-6.695511908635241, 62.26572193964904], [-6.695282362394407, 62.265650084233535], [-6.695420946288961, 62.26558594081865], [-6.695313852983782, 62.26554277816976], [-6.694959967089315, 62.26563881944793], [-6.694822336741335, 62.26557423156089], [-6.6950610380919615, 62.26547798889351], [-6.695023024553372, 62.265420707207696], [-6.6951695372968905, 62.26532078277326], [-6.694626621676202, 62.265058786255], [-6.694680663115251, 62.26501954910321], [-6.694145555207336, 62.264736132294516], [-6.69439179235461, 62.26464710842875], [-6.694262223400997, 62.26453246555073], [-6.6939170951889935, 62.26449613157871], [-6.693062717157436, 62.26381507383649], [-6.692504115885442, 62.26361026843488], [-6.692306523956374, 62.26333459447558], [-6.691304017272461, 62.26298236267444], [-6.690483202225367, 62.262927353555185], [-6.690453163998019, 62.26284147258679], [-6.690898166256356, 62.262863671195866], [-6.690600067698638, 62.26269864366954], [-6.690548284532361, 62.262441008470674], [-6.688952422139323, 62.261397555779006], [-6.688020263031795, 62.260877317647854], [-6.686632706041471, 62.25970890782255], [-6.686241375818464, 62.259708326871], [-6.685693380312513, 62.25913502312642], [-6.684935926305495, 62.258847599704175], [-6.684731643694552, 62.258489561290425], [-6.684356257752225, 62.25840673028974], [-6.68393853529684, 62.257865843127924], [-6.6835332831661765, 62.25768276455298], [-6.6834966748943225, 62.25744665633112], [-6.682790406414615, 62.2565298008234], [-6.681235158887781, 62.255268035712895], [-6.679555264625949, 62.25426714458921], [-6.678210938425543, 62.25352448009712], [-6.6735291640601995, 62.25189589584271], [-6.6714577217081255, 62.25099438349024], [-6.669136438662859, 62.24970608614271], [-6.6679410400960295, 62.248630918418186], [-6.665159351778949, 62.24650469160799], [-6.668779347351727, 62.24562071551821], [-6.66868040088529, 62.24551320260892], [-6.665022273490673, 62.246389981632966], [-6.6641362161225315, 62.24595204410154], [-6.66377498461475, 62.2460550636453], [-6.663645302052967, 62.245961844864105], [-6.663983654774154, 62.245865893418376], [-6.664038507610565, 62.24572648325291], [-6.663488997485637, 62.24541073210205], [-6.6630171447897695, 62.24497705104664], [-6.662371217224489, 62.24426759021249], [-6.660877336165469, 62.24318464182861], [-6.659356225611279, 62.24172601089517], [-6.658695707567005, 62.24005793227435], [-6.658506678027324, 62.238859278014615], [-6.65839985785857, 62.23703127586115], [-6.658478922872454, 62.23499981067168], [-6.658841974487978, 62.233802192016284], [-6.658667680262213, 62.231791688201035], [-6.658814519660037, 62.23165966486896], [-6.658540155591436, 62.231455184897236], [-6.658518926352717, 62.22949861396052], [-6.658076430738546, 62.22923671171489], [-6.658139351163594, 62.22906511709314], [-6.6585011023386365, 62.22888338306468], [-6.659080410862524, 62.227485865927044], [-6.6600186207555, 62.2262607593734], [-6.661990204185183, 62.22514847498971], [-6.661953223495268, 62.2249945917583], [-6.662138011540092, 62.22489121647962], [-6.662497787286813, 62.22493838882666], [-6.665209899173445, 62.22416721281113], [-6.669713917287289, 62.22356017967852], [-6.676847618229165, 62.2237660695947], [-6.681180337009923, 62.22440666283817], [-6.686087384299347, 62.22515194025383], [-6.688956790074144, 62.225789822399356], [-6.692589940730762, 62.22680097992629], [-6.695444476615152, 62.228418718314344], [-6.6984697484941345, 62.22980425986583], [-6.699606275736158, 62.230582268511796], [-6.700547389555198, 62.23083055360692], [-6.70293826022966, 62.23202907356518], [-6.707352830448556, 62.233287780890805], [-6.707529124620593, 62.233277310567885], [-6.707718706270583, 62.233599519979805], [-6.709341280033314, 62.23397398688175], [-6.709646006877446, 62.23424987770355], [-6.71030465793308, 62.234365321880546], [-6.71034217678475, 62.23447987230033], [-6.71463305056252, 62.2359885847685], [-6.713396977700517, 62.23621210767314], [-6.713457647714048, 62.23631590484711], [-6.7148930464243195, 62.23608551214449], [-6.715856484809302, 62.23648039846258], [-6.718099654789401, 62.238132658732646], [-6.717951674207219, 62.238461521697054], [-6.718789843791635, 62.239253225994545], [-6.719000252509688, 62.24105265302974], [-6.718644278743053, 62.24267965700034], [-6.718633236496357, 62.244350026572235], [-6.718257330274459, 62.24663865572082], [-6.7177483284488435, 62.24706708791801], [-6.717030819546785, 62.24882947039684], [-6.716059868945766, 62.252873506306834], [-6.715880369559706, 62.2544827513081], [-6.71552383293288, 62.256138378649595], [-6.715556981962178, 62.25690026293214], [-6.7153791318652285, 62.257100336791815], [-6.714152885300561, 62.2569124859857], [-6.7139530265915734, 62.25697303647062], [-6.712856440705394, 62.256871249367435], [-6.712825107085742, 62.2569748800027], [-6.715148469747901, 62.25717860865085], [-6.71535483607956, 62.25729700639246], [-6.7152313761123015, 62.258530809732015], [-6.715414206845381, 62.25873141890504], [-6.715420450299774, 62.25893173219929], [-6.715159032949842, 62.259024313110615], [-6.7151050757346, 62.26131346109047], [-6.714918963682651, 62.26272597548535], [-6.714982090835678, 62.263588097343046], [-6.715299060561929, 62.264371878117906], [-6.715762799348526, 62.26502357558844], [-6.713352555713931, 62.265084370162185], [-6.713374993084797, 62.265177392384985], [-6.715885093473571, 62.26511320848422], [-6.716861749299395, 62.26593725769835], [-6.717890902509394, 62.26699038145513], [-6.719379753273162, 62.268151403536194], [-6.720533977829902, 62.268879215272804], [-6.720646520700099, 62.269279951547325], [-6.719916092632902, 62.269454192604925], [-6.7199848662188195, 62.26950793033421], [-6.720676649712543, 62.26934795959886], [-6.72104467321785, 62.26941647256815], [-6.721142862893498, 62.26948587312775], [-6.722512227446597, 62.27080703460426], [-6.722894657303214, 62.2709019937733], [-6.723457713059756, 62.27118763593872], [-6.727892385906953, 62.273877888640015], [-6.7294906622811554, 62.27504623095329], [-6.733146322496496, 62.27715573565775], [-6.734745649040957, 62.27791912315428], [-6.737364770840333, 62.279600987822654], [-6.737655000284731, 62.280064564762284], [-6.738269590657522, 62.280479452562965], [-6.738911501490461, 62.28068658337176], [-6.739095310245349, 62.28109949899748], [-6.740351988450754, 62.28208349489017], [-6.7406429234188, 62.282149355017744], [-6.741615209185052, 62.282759283369764], [-6.742078256545663, 62.28343151461009], [-6.744117319792582, 62.28492427284153], [-6.746387435595818, 62.286779940404365], [-6.746684993162998, 62.28691026527676], [-6.746619420675299, 62.28710707628841], [-6.747070063918686, 62.28764298249352], [-6.748617502398414, 62.28911200082018], [-6.749552290769416, 62.29006214888078], [-6.752384891111963, 62.2923072708807], [-6.75232082424664, 62.29243237546608], [-6.753193441742721, 62.29304186115619], [-6.754304450065825, 62.29405020725876], [-6.754507410964069, 62.29467106185677], [-6.754927065612534, 62.295235526234954], [-6.755994891615083, 62.29610023382546], [-6.7560818341234405, 62.29626068471298], [-6.756195506225541, 62.29645225210178], [-6.756531814517592, 62.29657024951685], [-6.7568409089263515, 62.29691862677916], [-6.756934324444735, 62.2968977760984], [-6.758036051350854, 62.29765806140812], [-6.757956631879527, 62.297834274079904], [-6.7582955485218275, 62.29783559772727], [-6.759693117917995, 62.298697947210776], [-6.760906828431569, 62.29909156053692], [-6.761307998311307, 62.299361504029314], [-6.763138424705953, 62.3000164711675], [-6.7636478968908875, 62.300303587656096], [-6.76457033157062, 62.30049112120093], [-6.765609134609071, 62.30095406611547], [-6.766091555836529, 62.30135969416038], [-6.766257621756197, 62.301247441413636], [-6.7663886456068445, 62.301246489304376], [-6.76756409458406, 62.301891432793624], [-6.7680644255834395, 62.3021283794834], [-6.768309303393079, 62.30232756689411], [-6.770485034653806, 62.30342490639028], [-6.770522472625401, 62.303636212122825], [-6.773110271431505, 62.305103695669565], [-6.772892110798521, 62.30527374823389], [-6.773261089133482, 62.305242566428824], [-6.775442754586383, 62.307021142489795], [-6.776975988763618, 62.30850277184726], [-6.7795235905525315, 62.31137627951588], [-6.781444683065485, 62.3134218994192], [-6.78167333617504, 62.31358174905318], [-6.782337861953627, 62.315366840088075], [-6.78385314818173, 62.31748685060758], [-6.785282621491661, 62.31931702680363], [-6.786589200139785, 62.320914868988154], [-6.786668446801418, 62.321226302775784], [-6.787011852597774, 62.3216041438235], [-6.787204425956963, 62.32159929968787], [-6.7879062811332265, 62.32259509741708], [-6.7891512724233, 62.323691253577245], [-6.789418365855225, 62.32409463083289], [-6.790125900737614, 62.324774853453505], [-6.792793531658359, 62.32623070677903], [-6.794594685125131, 62.32735167885717], [-6.795536322237684, 62.32860043866253], [-6.796386762498758, 62.32988572466088], [-6.796660147000036, 62.330723068286964], [-6.797735062346477, 62.33300740615817], [-6.802247494834148, 62.33762064518115], [-6.802829204229329, 62.33916953521405], [-6.8036874074016795, 62.3402001054761], [-6.804036753669683, 62.34123415285993], [-6.80414627592065, 62.34176420044482], [-6.804848597735098, 62.34177013408014], [-6.80539631344052, 62.34201377965351], [-6.80573146314207, 62.34236288716094], [-6.805508966937855, 62.34240032533388], [-6.804076879545574, 62.34248911600703], [-6.803140268742891, 62.342631837952815], [-6.803038553935636, 62.34282980567322], [-6.803305997669022, 62.342989326397074], [-6.803505263995016, 62.34367654613368], [-6.803836228974341, 62.34388949389213], [-6.804216511844514, 62.344446335378294], [-6.80383157997574, 62.344714359749716], [-6.803840440229213, 62.344990466348605], [-6.804450301747386, 62.345484755751286], [-6.804732691122994, 62.34586652075483], [-6.805254169885135, 62.34600992350028], [-6.805651752424012, 62.34638021130729], [-6.805672112363442, 62.34677455167644], [-6.805949271141698, 62.34699499648514], [-6.80282409784601, 62.34747199794854], [-6.802563966437389, 62.34754555732085], [-6.806190452771166, 62.347054268628774], [-6.806711702605054, 62.347190569679135], [-6.807528163991655, 62.347626056543476], [-6.8092100862599985, 62.347858231834195], [-6.809367003989858, 62.347939606587765], [-6.809329861077345, 62.34798292319598], [-6.808555361060248, 62.34813891121779], [-6.808588349673766, 62.348203258748654], [-6.808991746039813, 62.348268573987745], [-6.8087822718468605, 62.34847445942042], [-6.808735497607351, 62.34870076424777], [-6.808175164596021, 62.3487907172936], [-6.808652133060839, 62.34922849528327], [-6.808731550468367, 62.34953641114705], [-6.809219054045482, 62.34957961481752], [-6.809479360484794, 62.349753553398024], [-6.810063123461767, 62.351112289733706], [-6.809291999462189, 62.351372294427875], [-6.809401728464239, 62.3516620122635], [-6.8098068085820085, 62.35153729881772], [-6.810168014102664, 62.35149529611165], [-6.810350218074069, 62.35164107503815], [-6.81009541783628, 62.351872375717704], [-6.809865109822571, 62.35239403084889], [-6.810177356187778, 62.35322027345889], [-6.810978014438519, 62.35483933895379], [-6.8123143060763445, 62.3570285084078], [-6.812715827336265, 62.357273149699694], [-6.813037232473684, 62.35790570456683], [-6.813879637022315, 62.35864938808735], [-6.814083419191631, 62.358988692083834], [-6.813856989298249, 62.35914808620815], [-6.8133594157149995, 62.359273428700774], [-6.813903086865087, 62.35985784164991], [-6.813885431256988, 62.36050348773462], [-6.814318411990062, 62.3610025858554], [-6.815722183533729, 62.3616813380515], [-6.815319093257147, 62.36282467352737], [-6.815966553485452, 62.36374896721089], [-6.816345561666117, 62.36400455515265], [-6.817034833848568, 62.36407503178573], [-6.8172488432237195, 62.36424212423279], [-6.817225059785866, 62.36446106926172], [-6.816879177297903, 62.364513655874966], [-6.816027053749961, 62.36418612350843], [-6.81572973008191, 62.36429934573679], [-6.815441309645274, 62.36469226175134], [-6.815548650729719, 62.36514702845216], [-6.815846641935485, 62.36552864902126], [-6.816720022225656, 62.36603543283507], [-6.81693784285838, 62.366320816810656], [-6.816734673645597, 62.36696418954385], [-6.816535348345882, 62.367004972449564], [-6.81549834788785, 62.366696631657945], [-6.815229681510675, 62.36650489165966], [-6.813782600506168, 62.366167049475536], [-6.813409161749066, 62.36631669069222], [-6.813133091764558, 62.36685298492977], [-6.813143219776456, 62.36764548604303], [-6.813638453240172, 62.369112510512586], [-6.8138886257490165, 62.36968451403435], [-6.814060029254386, 62.369970252968685], [-6.8144754331256845, 62.37016465005198], [-6.814727455622452, 62.37031707898753], [-6.813876295660611, 62.370262014059406], [-6.813855166393834, 62.37032676917596], [-6.814400602101507, 62.37071388069467], [-6.815436462329783, 62.37098638989717], [-6.816065696588728, 62.371340601313435], [-6.81619002082239, 62.37160154161874], [-6.816095904600004, 62.3717958659353], [-6.815498318577722, 62.37194344490872], [-6.814060306673144, 62.3718925784599], [-6.81307590660017, 62.372021345100926], [-6.812714163312203, 62.37229640269502], [-6.812721413510318, 62.372518705852556], [-6.811106330791815, 62.37224661704832], [-6.811059214739344, 62.371985175935464], [-6.811445567261252, 62.37174938003328], [-6.81129789267551, 62.37172525101032], [-6.810333296344237, 62.37198304424768], [-6.810107888617991, 62.3719379451046], [-6.810077139436824, 62.37170144788417], [-6.8101862588948485, 62.37149272913056], [-6.810604619822276, 62.37105589537655], [-6.810534564301494, 62.37103836860674], [-6.810069149800995, 62.371457676722265], [-6.809368567982153, 62.37200050467456], [-6.809137033742322, 62.37248622983996], [-6.808461849110374, 62.37262358486811], [-6.80503372790247, 62.37240699484926], [-6.801380518747704, 62.371908566965615]]], [[[-6.557810429546785, 62.39201882421196], [-6.556457005296892, 62.391360202063446], [-6.554529638170469, 62.39114943027044], [-6.551526888487877, 62.39179924637737], [-6.551224769026813, 62.39176980033912], [-6.55093848491207, 62.39149102634399], [-6.55278769024827, 62.39096647993848], [-6.5521099651174275, 62.390345951568825], [-6.552008106642002, 62.38974053674547], [-6.550227730015013, 62.39028773743745], [-6.549338411356095, 62.39005486200418], [-6.548445490509538, 62.39024885022084], [-6.547651195528233, 62.389749709067694], [-6.547596958228675, 62.38962233836068], [-6.547871805386168, 62.38909805208195], [-6.54489712157427, 62.387715366376234], [-6.543088307873091, 62.386750063675464], [-6.541773865880451, 62.38597605988972], [-6.541696000859513, 62.38536378242639], [-6.541463095443188, 62.3859609847496], [-6.540718093517646, 62.38566863744174], [-6.5396790886136404, 62.38534327519637], [-6.537239958498901, 62.383884634631215], [-6.535317812239579, 62.382870624853034], [-6.53127311889256, 62.382883610149634], [-6.530678337992684, 62.384322801806505], [-6.5300318924163125, 62.38383280927738], [-6.526539994706768, 62.381060889224244], [-6.52562177458657, 62.38092152975399], [-6.525912282471681, 62.38064348541942], [-6.526498397090765, 62.38049601828998], [-6.526026446072117, 62.378865470536276], [-6.525151896823463, 62.37816965856812], [-6.522106445255767, 62.37658658249455], [-6.520954246345526, 62.37536612312352], [-6.520291665649046, 62.37355914194753], [-6.519041742362061, 62.37313307759912], [-6.519561773132599, 62.37183096094901], [-6.517352091277896, 62.36986502281136], [-6.5175301838406, 62.36975900645741], [-6.51829162820875, 62.36857952558873], [-6.5178237478010725, 62.368225794411636], [-6.517105213096511, 62.366808732012764], [-6.515573888233684, 62.366765691219896], [-6.515982712834259, 62.36598291727205], [-6.515916009668597, 62.364965595842925], [-6.514725355270443, 62.36302464062207], [-6.513831539078475, 62.361673840791475], [-6.513270750691248, 62.36034943778687], [-6.513100581364202, 62.35900873537129], [-6.513759117407243, 62.358695969580666], [-6.513123931872633, 62.358404963488155], [-6.512799811111504, 62.35691381438638], [-6.514134592568631, 62.355894337258285], [-6.515164108368255, 62.35538417272156], [-6.5165822644205385, 62.35524114827002], [-6.516746932604951, 62.35510239165996], [-6.516924774620955, 62.355242303514395], [-6.5179114600484125, 62.354908779966046], [-6.5180119491882795, 62.354678733029616], [-6.516405732066101, 62.35435610383155], [-6.516876350581481, 62.3538200891487], [-6.515513658281568, 62.353584117184475], [-6.515042424810611, 62.3531688056906], [-6.514563610486413, 62.352988513989736], [-6.514459235525083, 62.352433646449995], [-6.5141265492739056, 62.35210880755617], [-6.513566165114985, 62.35156025579002], [-6.513009396249529, 62.35090143129846], [-6.512363861278721, 62.35077302095533], [-6.512920187172719, 62.350111674894755], [-6.512795111978329, 62.34975899979885], [-6.512106300808328, 62.34969877436741], [-6.511891442768082, 62.348690205478505], [-6.5109478699537275, 62.34838623334148], [-6.510287761227749, 62.34836251566502], [-6.50982778637652, 62.34813549230195], [-6.510499642611814, 62.34785548589908], [-6.509672489993164, 62.34776799767557], [-6.509236573799889, 62.347649776917535], [-6.509647171183343, 62.34731913904706], [-6.509484695269104, 62.34670190211076], [-6.50733247978954, 62.34496816119386], [-6.505778529535145, 62.343608007080064], [-6.503908631073032, 62.343165845269056], [-6.503685340828249, 62.34229098172063], [-6.503677504665981, 62.34169041881257], [-6.500607675065123, 62.33995809501825], [-6.499606724911127, 62.339915107182435], [-6.498128796972261, 62.339431310410944], [-6.498360985730311, 62.33909095046942], [-6.497907362570096, 62.33865047665471], [-6.498098403693627, 62.33822641321159], [-6.498030525875361, 62.33764325824031], [-6.4963627578267165, 62.33756818022269], [-6.496407121805848, 62.33740600753457], [-6.496338104109887, 62.337174277780726], [-6.496070000297772, 62.33711442425085], [-6.496072019939801, 62.336843563878645], [-6.494727693044201, 62.33686243586712], [-6.493306918439863, 62.33642558268359], [-6.493187356361834, 62.33609596907957], [-6.493313568199056, 62.33580426399699], [-6.492573901526409, 62.33554234045317], [-6.4908107002388356, 62.33582894064552], [-6.489873213268008, 62.33570270867961], [-6.487610591998637, 62.33484407137102], [-6.488461946267091, 62.33478909750861], [-6.4901059775690175, 62.334808633809395], [-6.491799741711187, 62.33494765805331], [-6.489571955859384, 62.33462402185068], [-6.487114421233781, 62.33468509331061], [-6.485897838175523, 62.33437251790787], [-6.48454061408549, 62.333246045848234], [-6.481494284477744, 62.331861177945974], [-6.477464721856351, 62.328850476047144], [-6.475992622533769, 62.32430203648985], [-6.476508998883544, 62.32197590798283], [-6.476990462700429, 62.31890531311723], [-6.477932439129883, 62.31632944933657], [-6.4785084249967335, 62.316196562067354], [-6.478673618993877, 62.31546442729635], [-6.478248314475349, 62.31527697120189], [-6.478210447101629, 62.31504193028468], [-6.478445175254977, 62.31495342202967], [-6.4786102304582505, 62.314654798094764], [-6.478064644623784, 62.31459284894529], [-6.478095035723134, 62.31439082909582], [-6.47840625155931, 62.31432453645747], [-6.478268738391151, 62.31342754538693], [-6.477478320757217, 62.31309286650371], [-6.478243114865955, 62.31285663603291], [-6.4773405324887765, 62.31242349043576], [-6.4754729492694, 62.309233944671696], [-6.475224208487831, 62.30374468182048], [-6.474416371280706, 62.302618596526415], [-6.47208330180125, 62.30080908822238], [-6.470698385173721, 62.30071185026784], [-6.46863101847294, 62.30093452219622], [-6.466313933963552, 62.3010179343555], [-6.466610555582073, 62.30113574833994], [-6.464694893057545, 62.30142092313031], [-6.462484890853527, 62.302588940810566], [-6.46229112526004, 62.30239954105417], [-6.462133353230158, 62.302709056070285], [-6.460291604907141, 62.30392307806512], [-6.459245806319148, 62.30425106166634], [-6.459584711194319, 62.30468716858846], [-6.45922948152782, 62.30511430104781], [-6.45850154466203, 62.30540129325545], [-6.458781554820812, 62.30555159492933], [-6.455783472933276, 62.31134096666094], [-6.454493813442171, 62.31555402335173], [-6.453683858440613, 62.31596323173553], [-6.4526919340023845, 62.317537854214976], [-6.451980831645649, 62.317774302883095], [-6.450928088518834, 62.31786011444297], [-6.4525671294118405, 62.317991990532036], [-6.451607922903452, 62.318259102298946], [-6.451453454723922, 62.318474654727616], [-6.447956601512859, 62.31890993248724], [-6.4477452787208085, 62.31878187997581], [-6.4471299667240505, 62.318932420689926], [-6.441533398184166, 62.31917409019802], [-6.440485019087841, 62.31872509462914], [-6.4406361310006774, 62.31839760865144], [-6.440215118079542, 62.31809804973259], [-6.438991520786726, 62.317799460976815], [-6.436467930040586, 62.31635992679017], [-6.435433130531155, 62.31596887692576], [-6.4336476648648295, 62.315019130863554], [-6.432600774920937, 62.314945796211944], [-6.432628297391572, 62.31421627809253], [-6.430958021489416, 62.31369738220682], [-6.430670611381052, 62.313131499851295], [-6.4277838669418665, 62.31192736234124], [-6.425849241371855, 62.311872248958785], [-6.4247552531536005, 62.31081230909517], [-6.423367916168633, 62.31036418368874], [-6.422834058384915, 62.30979632891022], [-6.421785648343019, 62.30966724429189], [-6.42104515340289, 62.30956173712665], [-6.420845777411853, 62.3093252995156], [-6.420522569892215, 62.309510580422874], [-6.41973867621186, 62.30942845360463], [-6.419592713173059, 62.30921060269721], [-6.417990913485654, 62.30933143094313], [-6.416995110632292, 62.30873820026934], [-6.4164130634904115, 62.30882744251772], [-6.416018906927279, 62.30804044448995], [-6.415754556384424, 62.308092472633966], [-6.415362262868171, 62.307655797280525], [-6.414381970259903, 62.30807419601038], [-6.414045962353234, 62.3077825025369], [-6.4135137735619265, 62.30757597444733], [-6.413734454592282, 62.30745489576889], [-6.412211492228998, 62.30733431314972], [-6.410423186785899, 62.306492575196486], [-6.408525909875254, 62.306076302079084], [-6.407773225671637, 62.30498286989702], [-6.407309041930928, 62.30501886213058], [-6.4069724272112705, 62.30534852375455], [-6.406509406586126, 62.30495100182738], [-6.406548218178144, 62.30474178202707], [-6.407479374024639, 62.304803468918756], [-6.405547041750581, 62.30369686916388], [-6.407217219536959, 62.30299504625976], [-6.406716257848613, 62.30257921817748], [-6.406100392465085, 62.302548896937935], [-6.405576177818312, 62.302338802404066], [-6.4051012649679055, 62.30225542784564], [-6.4050558096212775, 62.30203467142304], [-6.405907520110901, 62.30195130741782], [-6.4053317599294255, 62.30147697079956], [-6.406084135131667, 62.30116879323069], [-6.406193226140015, 62.29953312935867], [-6.409430677995793, 62.29837798339538], [-6.40981772081763, 62.29794042252787], [-6.410510126593152, 62.297783401521144], [-6.412820582405034, 62.296458116060826], [-6.413627557654453, 62.2957240276312], [-6.4224054861050215, 62.29140137983287], [-6.422370743691214, 62.29110127031085], [-6.425922248632304, 62.28934492455521], [-6.430736744400489, 62.28761926379072], [-6.431322772613774, 62.28748782152013], [-6.431277535915378, 62.28738606689844], [-6.4318849210499, 62.28722468368852], [-6.432070770983627, 62.286174909493035], [-6.432760726902046, 62.28586966806965], [-6.431973682339981, 62.28424863955243], [-6.43237342643402, 62.28386881647884], [-6.429644553712112, 62.27997821278579], [-6.429800916138144, 62.279513357668336], [-6.429576578974126, 62.27871318387478], [-6.429864504199834, 62.2784373515386], [-6.43046500014665, 62.277636510305456], [-6.434559331628126, 62.27697166212922], [-6.435874678197811, 62.27724570392804], [-6.436421868925351, 62.27703686199523], [-6.4374480963729095, 62.27700888307286], [-6.43884593650011, 62.27713544570463], [-6.439050865414809, 62.277426019196945], [-6.441081931018528, 62.27731556534658], [-6.447381095679357, 62.27766826352988], [-6.44905506739971, 62.278248485250195], [-6.455015946877861, 62.278789665770155], [-6.455841982860781, 62.2791754308321], [-6.456304854720021, 62.279160901326975], [-6.465437895833566, 62.280864092797835], [-6.465698775773197, 62.281104548024516], [-6.473791310326758, 62.28219227645871], [-6.479628388707586, 62.283211959866996], [-6.487270696705909, 62.28462781407471], [-6.487867798785768, 62.284961118919554], [-6.495600449701526, 62.285596856908015], [-6.499742330390587, 62.28640801840106], [-6.500211317702833, 62.286444003561805], [-6.500487730166149, 62.28669166999447], [-6.501035845308064, 62.28679789359184], [-6.504209103968822, 62.28741280756067], [-6.506852945368648, 62.28808618312474], [-6.508447781483476, 62.288556673174696], [-6.5107135942303564, 62.288800924442], [-6.515708599142521, 62.290380090036564], [-6.51628526480315, 62.29020729275877], [-6.516359164401862, 62.29029813124529], [-6.515633571916817, 62.29054207993333], [-6.517163406899153, 62.291116809032225], [-6.518381683629911, 62.29178312230058], [-6.520085968444801, 62.29244218482778], [-6.520199977613397, 62.29337865692594], [-6.519522749185806, 62.29356153246835], [-6.5200324538183345, 62.295096944291686], [-6.52071940611494, 62.29574497322589], [-6.521138283161489, 62.295672155613566], [-6.521181471565818, 62.295759212004434], [-6.520775248957388, 62.29591513086359], [-6.521638387129033, 62.296376654231985], [-6.521321180766727, 62.297390859292065], [-6.522160902849293, 62.297288011335134], [-6.522179434022377, 62.29732236220943], [-6.521320726411368, 62.29743116675193], [-6.521313714693943, 62.29767611380669], [-6.5214416649390525, 62.297800135999495], [-6.522397695256116, 62.29766979692291], [-6.522461233124587, 62.29776254815996], [-6.521530081491541, 62.29788911021053], [-6.521908367944321, 62.298234606716164], [-6.522754839892521, 62.2981209744374], [-6.52278011276184, 62.29815662132418], [-6.52194361972765, 62.29827320576752], [-6.522166476861865, 62.298461274134034], [-6.522250592685044, 62.29858272900406], [-6.5229941021977185, 62.298440847836204], [-6.523025622918435, 62.29847275378017], [-6.522269012059113, 62.29861821817887], [-6.522417962817164, 62.298833812030786], [-6.522014097407951, 62.298880916057016], [-6.5220361740327455, 62.298923779180996], [-6.522182654532185, 62.29891516972449], [-6.5223827579518625, 62.298976319467535], [-6.524065340805352, 62.29867301336157], [-6.525560999131896, 62.29840338049596], [-6.525464857347201, 62.29834426153104], [-6.525026281294042, 62.29719587577538], [-6.5257344276335925, 62.29678922798732], [-6.525386369967733, 62.29583899056756], [-6.524763786145977, 62.295947852443014], [-6.5241875428691465, 62.29602963760654], [-6.524150518128745, 62.29597737754744], [-6.525196636558198, 62.29582797893549], [-6.525095256581502, 62.2956818143409], [-6.525303146622065, 62.295647284220074], [-6.524561759984353, 62.295131883127496], [-6.5245038157731114, 62.295145677677155], [-6.524464422237026, 62.29510985196152], [-6.523349780057321, 62.29531316624076], [-6.522638854591932, 62.29443635375083], [-6.522799767057831, 62.29440435010336], [-6.522794915819546, 62.29437439082562], [-6.522983703484096, 62.294304416819976], [-6.523011247859807, 62.29426484249144], [-6.522961266527178, 62.294203668969395], [-6.523129481801791, 62.29384066870564], [-6.524135763248857, 62.29306401022755], [-6.524351620249847, 62.290833073714346], [-6.525271971695608, 62.289409204430086], [-6.52486524980209, 62.28779142025783], [-6.525520146643379, 62.28742550877991], [-6.526508630633166, 62.28687886430441], [-6.528669102954487, 62.285684001518014], [-6.529975023569261, 62.285823448026065], [-6.530011531805318, 62.285657536174725], [-6.528605022435417, 62.285531748570996], [-6.5264206738491835, 62.2841950573832], [-6.5213656013026275, 62.28110106722248], [-6.518772796126668, 62.28029822565902], [-6.517323890049337, 62.27918593591903], [-6.516882317111361, 62.27903098475628], [-6.516918786815524, 62.27886866586318], [-6.515281543889429, 62.27675057300736], [-6.511989945503493, 62.27566808358476], [-6.511777401309802, 62.27560589396617], [-6.508464669916865, 62.274355865000125], [-6.508481311914747, 62.27439477290896], [-6.508501268309225, 62.27441919402546], [-6.508341340129772, 62.274573106294824], [-6.508285015148471, 62.27456671067098], [-6.505526644937997, 62.27420681278923], [-6.505487181322709, 62.2742763221512], [-6.505681957633542, 62.274900447398124], [-6.5053769808322235, 62.274964570487825], [-6.505297452485643, 62.27491007884782], [-6.505091175176499, 62.27427595957931], [-6.505193715321138, 62.27415907568956], [-6.504172701862344, 62.27399568904153], [-6.499327688123149, 62.273500994170675], [-6.49442550949381, 62.27244937877849], [-6.490974198586041, 62.271343471238715], [-6.4893102326485925, 62.27047121885259], [-6.488588956322425, 62.27016763960211], [-6.486934255686731, 62.269512281396075], [-6.486473329887821, 62.26950315002491], [-6.486053478863837, 62.26936159734651], [-6.482909656186032, 62.269004152142735], [-6.482279860896029, 62.268979830616004], [-6.481594869929976, 62.269030561604254], [-6.48076488079489, 62.26902694436238], [-6.480490957460667, 62.26888963188483], [-6.478410924758791, 62.268762349129524], [-6.476732511108669, 62.268532949464685], [-6.474676115449259, 62.268000983678505], [-6.471909876313921, 62.26722586444274], [-6.471381748078426, 62.267126835997146], [-6.468533144751616, 62.2662581120448], [-6.467751282351925, 62.266161547212036], [-6.467143737037454, 62.266187485794916], [-6.465574492000107, 62.265890344459265], [-6.464730762654735, 62.2658149043329], [-6.463402609752293, 62.265751641679145], [-6.460638590740137, 62.26526995456395], [-6.458795880343216, 62.264828294753556], [-6.457522641903792, 62.26435328574828], [-6.457314658462472, 62.26437741145985], [-6.456941171422484, 62.26422530022309], [-6.456844969749538, 62.264056615464], [-6.4561100218702006, 62.26392788655691], [-6.455312324376796, 62.26348731934609], [-6.455241456840912, 62.263569352095544], [-6.45506510531145, 62.26355418436233], [-6.455145410633821, 62.26338980370697], [-6.454697628856914, 62.263122737928775], [-6.454429357145226, 62.263096459563954], [-6.453283755516056, 62.26240006705674], [-6.453012786244822, 62.26213380678672], [-6.452837856378237, 62.26204700642695], [-6.4522790677429676, 62.26194779032955], [-6.452095842543333, 62.261893162962146], [-6.450453322034132, 62.26072170277243], [-6.4499550385775315, 62.260307509676544], [-6.4500041928620595, 62.26016096840153], [-6.449359858629676, 62.25974966325821], [-6.448868016594213, 62.25939646424615], [-6.447948882200543, 62.25925614077554], [-6.446879310969014, 62.25897898749079], [-6.446816271154977, 62.259050294779044], [-6.4467159492525825, 62.25907494310853], [-6.4466558439931925, 62.25900658402692], [-6.446111745277696, 62.25893957813277], [-6.445883236617478, 62.25884900113326], [-6.446029983924129, 62.25881748330194], [-6.446573071502273, 62.258923800975445], [-6.44641436794976, 62.258804963590606], [-6.446508276133178, 62.25871940692545], [-6.44647815057026, 62.258690658556674], [-6.446169662427901, 62.258746505586146], [-6.445807917063945, 62.25878063172174], [-6.44556318387072, 62.25872935567914], [-6.44478454130951, 62.25849290580685], [-6.444145744544522, 62.258543669337385], [-6.443551074404805, 62.2583368118516], [-6.443376408043473, 62.25824290969228], [-6.443396090277479, 62.25803521718295], [-6.4435628423379345, 62.25778532983499], [-6.443368889022801, 62.25787398490395], [-6.44303318876301, 62.25811950998781], [-6.44256226979743, 62.25822830578019], [-6.441719887138136, 62.258099048626796], [-6.441568470454902, 62.25799452682807], [-6.441483697530908, 62.258008412586484], [-6.441412694123816, 62.258094028146196], [-6.441199748214292, 62.25799277430883], [-6.440946942385445, 62.25796648394842], [-6.440443901312058, 62.25813610147164], [-6.440159015258739, 62.25816336577476], [-6.439892465673692, 62.25805825015175], [-6.438693114944386, 62.25809561958397], [-6.437442295813575, 62.25802885633625], [-6.4367034243877, 62.25808986479237], [-6.436403821049229, 62.25808847508175], [-6.436137061598625, 62.25799053175097], [-6.436109906724584, 62.25782920840046], [-6.436213177541792, 62.25767217427585], [-6.435722936068824, 62.257956320140146], [-6.435491255643115, 62.25801257164506], [-6.434992211197967, 62.258003012685975], [-6.433171553219, 62.257639885607674], [-6.431578885718338, 62.25739597092253], [-6.431457472752208, 62.25733096247878], [-6.4316587960364915, 62.257260238943715], [-6.4316136472811545, 62.25721352004254], [-6.431072257202332, 62.25738284546371], [-6.430766167687478, 62.257324124079645], [-6.430729177888409, 62.2572630086959], [-6.430914644603982, 62.257206630018075], [-6.428787243678458, 62.256827632004175], [-6.428796863438814, 62.25674169593972], [-6.429057540855916, 62.25676806442697], [-6.429081641274602, 62.256717954960195], [-6.428117224717698, 62.25620840905179], [-6.427955653237302, 62.256214850492015], [-6.4280040670393275, 62.256107631758596], [-6.426366163303094, 62.25478545072481], [-6.425959645759589, 62.25476203546794], [-6.4260028038667345, 62.254540140781536], [-6.425424769541864, 62.25393212292513], [-6.425100880916772, 62.252938554448384], [-6.424426042072278, 62.25288879570345], [-6.424492498347989, 62.25266706322545], [-6.424663629023579, 62.252564003260204], [-6.425096959855821, 62.252419192984426], [-6.425176773060742, 62.25228705430552], [-6.425026520909009, 62.252135930329956], [-6.424878973662911, 62.251512081390565], [-6.424737790772592, 62.251292969861325], [-6.424526514276436, 62.25112356432258], [-6.424614651360878, 62.25095925357291], [-6.424430176330614, 62.2502671934859], [-6.424479152493543, 62.249780329325986], [-6.424650938071278, 62.249655820526705], [-6.425105210415293, 62.24890949718055], [-6.424976334903979, 62.2484826462196], [-6.426436133945982, 62.247408051283344], [-6.426269906035114, 62.24728195493527], [-6.4263405621940715, 62.247214209499916], [-6.426664736772547, 62.24714055925652], [-6.426900566441704, 62.24654365008114], [-6.426742046484118, 62.24641751723965], [-6.427074983803531, 62.24629733453167], [-6.427353218665125, 62.24585817230612], [-6.4273036194706235, 62.2456716468733], [-6.427559273670687, 62.24557257219365], [-6.42760225329569, 62.245361538978294], [-6.428455550332595, 62.2442660979334], [-6.429024976027337, 62.24421511654695], [-6.429041587151706, 62.244157864594044], [-6.428696721526142, 62.24413110468869], [-6.42848369134963, 62.2440370105725], [-6.428509210894485, 62.243922543909314], [-6.428733938712196, 62.24382693629353], [-6.429035536018483, 62.24373526381986], [-6.429089915655406, 62.243004882911336], [-6.428855350093169, 62.24284259526146], [-6.4288895230421605, 62.242685186577724], [-6.429060324140342, 62.24259648351228], [-6.4290706394978585, 62.24248191525413], [-6.428889768766224, 62.24231990194369], [-6.428932571176312, 62.2421266447004], [-6.430047280211249, 62.241358395735894], [-6.431087066922384, 62.24086191301933], [-6.431222006772456, 62.240547611591985], [-6.431379788392504, 62.240114833071026], [-6.43338752200135, 62.23994169709369], [-6.43330446994724, 62.23987685811058], [-6.431619035232766, 62.24005864053025], [-6.431953295846123, 62.23951589370827], [-6.4327234482113305, 62.2383484056338], [-6.433510985299422, 62.23778986969625], [-6.434827351483117, 62.235500400846476], [-6.435436063838932, 62.23539938676934], [-6.436820756419851, 62.23526984683655], [-6.439196597780309, 62.23473660577034], [-6.439270631040609, 62.23450773418033], [-6.439581017736062, 62.234351639997946], [-6.441253158770318, 62.2340586257853], [-6.443238178784999, 62.23384578708357], [-6.445133676800024, 62.23351436213393], [-6.448312647967677, 62.23311012738926], [-6.449674100762964, 62.232614930006235], [-6.451912160157489, 62.23204869068838], [-6.453558239629939, 62.23152257686342], [-6.454428021353051, 62.23140480362869], [-6.45497627146785, 62.231249710401265], [-6.457736294633135, 62.2310331678318], [-6.459524612204112, 62.23104125982048], [-6.459681079192781, 62.230905925931005], [-6.4600362846058665, 62.23079649255455], [-6.460626428946213, 62.23084570691683], [-6.462839790919336, 62.23070527896187], [-6.463329819894383, 62.2303923105225], [-6.4637542548217555, 62.230283233436346], [-6.465920438506149, 62.23019990353128], [-6.467140036606197, 62.229872295379806], [-6.46969302082962, 62.229636571287344], [-6.47181711122146, 62.229356005573244], [-6.4740205562487425, 62.229698850408234], [-6.47540814800588, 62.23016341959739], [-6.475435385202078, 62.229952271035174], [-6.475520942092827, 62.22990246306473], [-6.475827533584689, 62.22991817769351], [-6.476830390726598, 62.23042755567526], [-6.47729170753095, 62.23039022400079], [-6.478997075787781, 62.231074589848845], [-6.4814715428478555, 62.23169430094928], [-6.4831782866065435, 62.23194529603218], [-6.484361488703619, 62.23226922607881], [-6.486944830935284, 62.23282480837698], [-6.486934699668512, 62.23295374729293], [-6.488164384589853, 62.23326348838417], [-6.488639725264466, 62.233287071837566], [-6.490758385907003, 62.23405902553445], [-6.491213108383503, 62.2343546583983], [-6.49261646255551, 62.234822743345326], [-6.492789970818058, 62.23497025889428], [-6.489418949183191, 62.23579738232938], [-6.489540170948745, 62.235876703198606], [-6.492640544451982, 62.23515226707573], [-6.492847850704691, 62.235156724140666], [-6.494659321778841, 62.23555492512571], [-6.498953525543157, 62.23697355792433], [-6.50232774470086, 62.23795485205355], [-6.505813850558935, 62.239115585470714], [-6.50550088819521, 62.23941867494135], [-6.506038866494234, 62.239395910656285], [-6.506710255542923, 62.23961357425442], [-6.50852530763563, 62.240649080371924], [-6.510964687219977, 62.2419736412706], [-6.511799565191803, 62.24248207568528], [-6.512707206592821, 62.243599692653376], [-6.513769432981597, 62.24467849263447], [-6.517596607684355, 62.24816107058768], [-6.519106053814006, 62.249162861708776], [-6.520673379371893, 62.25035476529421], [-6.521651024660642, 62.250905428563925], [-6.5227101287521325, 62.25150194342461], [-6.5233668057473695, 62.25170875162421], [-6.527480314395162, 62.25312932239779], [-6.527837398050429, 62.253338504897904], [-6.529932228153888, 62.253877015319034], [-6.530363241821929, 62.25382504711611], [-6.530584862182293, 62.2538939893615], [-6.530651956260624, 62.25399448816388], [-6.53521532554341, 62.254804330116244], [-6.536206227559615, 62.25438568418159], [-6.536675643739223, 62.254337429477225], [-6.536956736336243, 62.25409494606911], [-6.5377028424088355, 62.25361449037155], [-6.53777098290845, 62.25325303585417], [-6.537311241980812, 62.252771256842195], [-6.537669057718982, 62.25210659236262], [-6.536843649084506, 62.25142734510301], [-6.536518987554585, 62.25115654613448], [-6.535418154885536, 62.25045383459727], [-6.5350154979873825, 62.24938134213761], [-6.535026022980138, 62.249223857544514], [-6.534973335995226, 62.24915917295684], [-6.534689220717468, 62.249157998397855], [-6.534211132050039, 62.248425547027914], [-6.533562242370757, 62.24779978811165], [-6.533781280058558, 62.24717029334585], [-6.53338906847881, 62.24677840799038], [-6.533464139584161, 62.246459907161025], [-6.533107508413313, 62.24622210300705], [-6.532720180298509, 62.24474150677665], [-6.53219651898572, 62.24439918358071], [-6.532455678027037, 62.24367675116704], [-6.5323358378435366, 62.24309969808854], [-6.531967924226102, 62.242231541941656], [-6.53203215263832, 62.2420813853245], [-6.5314455648018654, 62.24100103247966], [-6.5312947372119785, 62.240853612841306], [-6.531277128106127, 62.24055986550341], [-6.530306666521212, 62.239893358244444], [-6.529486181545255, 62.239005481082884], [-6.527657771719155, 62.23782698521409], [-6.526615090950805, 62.23693459824002], [-6.526165223713589, 62.23676802413888], [-6.52474176635184, 62.235705695726516], [-6.524549841475858, 62.23570138063715], [-6.5242929463038, 62.23548903040834], [-6.524377932180887, 62.23545714159767], [-6.5242252129327545, 62.235413567258085], [-6.524013898351374, 62.23522285957766], [-6.524252529429217, 62.235180867048285], [-6.524361422204492, 62.23510612483551], [-6.524092727681259, 62.235108612935434], [-6.522562445887183, 62.23442902076448], [-6.52159412183703, 62.23367296141365], [-6.5214833133106165, 62.233439774150796], [-6.521170717745656, 62.23333462236449], [-6.5193281002783525, 62.2321308781658], [-6.519530922496165, 62.231952670449395], [-6.518286701327936, 62.23037168830627], [-6.518464032865461, 62.23032591802661], [-6.518257367637619, 62.23029996016756], [-6.518168746732315, 62.230120501525704], [-6.518385293318201, 62.23002829115841], [-6.518178622838494, 62.23000242284055], [-6.517907588618544, 62.229721924269484], [-6.513693333565884, 62.22733007660609], [-6.512559128570202, 62.22684187876017], [-6.511636734820256, 62.226118168693034], [-6.5110565987188656, 62.22595459605255], [-6.5109892281589365, 62.22586835682256], [-6.511388250789642, 62.22586643337388], [-6.511183414517737, 62.22574379145156], [-6.5105930616709085, 62.225716247737495], [-6.510146924398112, 62.225367047299855], [-6.5102193428713715, 62.22519540581984], [-6.509906357041818, 62.225108177658], [-6.509653560289616, 62.22508919154007], [-6.509506095349421, 62.22476985345821], [-6.50990613925994, 62.2247249425723], [-6.50965788700569, 62.22446602443199], [-6.509024147809426, 62.22429501693238], [-6.50829754813866, 62.22377269203122], [-6.507500135397613, 62.22333960300651], [-6.507278136403263, 62.22331362212266], [-6.507373758999158, 62.22313135365486], [-6.5075500187009006, 62.22313568234382], [-6.5077208917004254, 62.22303252308882], [-6.507843493684601, 62.2230366074323], [-6.50833310284993, 62.22312108142603], [-6.508257311931388, 62.223074198015], [-6.507852657684681, 62.2229650280479], [-6.507488592630531, 62.22274147162033], [-6.506958809678127, 62.22275711014426], [-6.506395740178686, 62.222511213877205], [-6.506173017405225, 62.22251745343687], [-6.505990671965792, 62.222423580875464], [-6.506174914358253, 62.222424373179344], [-6.505803804516913, 62.22217213168691], [-6.505699470039949, 62.222014110660616], [-6.504977752597057, 62.2220360835281], [-6.504550027438547, 62.22193403176729], [-6.5045364580216605, 62.22183726158955], [-6.504781740035996, 62.2218490290599], [-6.504578445373786, 62.22164765634346], [-6.504462267682891, 62.22170806531923], [-6.504401343473309, 62.22168631901672], [-6.5044659023329086, 62.221514628608], [-6.50414064685313, 62.22128053552749], [-6.503765744269227, 62.221221632145856], [-6.503685587355998, 62.220999213708176], [-6.503166291255053, 62.22087171733567], [-6.502874209597523, 62.220902655077104], [-6.502397141273099, 62.220571188293206], [-6.501897957670123, 62.22059409131477], [-6.499723393187318, 62.21997608932226], [-6.49813131100948, 62.219775929213014], [-6.497308379357066, 62.21948230391571], [-6.497371234592613, 62.21940379003714], [-6.496516573853104, 62.219163733158155], [-6.495239696273835, 62.21893976555235], [-6.495266234816552, 62.21876083823352], [-6.495076238058254, 62.21867408554239], [-6.49495161957089, 62.2187666599374], [-6.4949726382024915, 62.218870659611895], [-6.494781592046748, 62.21882680849779], [-6.4948301207756645, 62.2187052960422], [-6.49479447438774, 62.218561882985775], [-6.492582617387078, 62.21790052958195], [-6.4907480095911625, 62.217165588082], [-6.490084270239402, 62.21698362129987], [-6.488336403303127, 62.21652839162962], [-6.487012271937873, 62.215605798193145], [-6.4841552249678145, 62.214225329366414], [-6.482766771692798, 62.213843159953555], [-6.4796442479736935, 62.21348205621316], [-6.478025450662005, 62.21348572230254], [-6.476444573133801, 62.213890538558566], [-6.475688554877961, 62.21372603963208], [-6.47503546100909, 62.21378043887415], [-6.471057681897162, 62.213601589032635], [-6.467618182342022, 62.21336419414171], [-6.466368134722899, 62.21334427491196], [-6.4647914432814115, 62.21316887609057], [-6.464709654121499, 62.21304310800016], [-6.464973049297106, 62.212922561749316], [-6.461951594686817, 62.21288023320065], [-6.461440679640013, 62.212727495856086], [-6.460805934217434, 62.21263867180198], [-6.458187261656884, 62.21203944186283], [-6.457588054643529, 62.212079659518785], [-6.4561413452456335, 62.21157169407997], [-6.454493756577929, 62.21112719835467], [-6.453220560011493, 62.210752493236875], [-6.453522406425126, 62.21025966439988], [-6.4520087467725125, 62.21002349259122], [-6.451888271676844, 62.20955371914809], [-6.450434482989684, 62.2093858842288], [-6.45050444707217, 62.20933607491211], [-6.451323226784714, 62.20943299417108], [-6.451626998919003, 62.209212283776], [-6.4504911406318275, 62.20779242952112], [-6.449323931278653, 62.206773462947254], [-6.448571038431449, 62.20574934589301], [-6.447689658959019, 62.20427684807148], [-6.448020197250595, 62.20351912181254], [-6.448316555096141, 62.20294987623478], [-6.44965373109845, 62.201866274023615], [-6.4508503448221415, 62.20089807132296], [-6.451059439169886, 62.20016109753912], [-6.452216902689371, 62.19954730674309], [-6.453362011807731, 62.198800922220556], [-6.4550130872416185, 62.1974086579449], [-6.454873314586393, 62.197157183468455], [-6.4551372324642005, 62.19702238939819], [-6.454760346918384, 62.19674456869133], [-6.45518979807186, 62.19641723493006], [-6.455355777299707, 62.1958806973764], [-6.4553684012697605, 62.195350508148785], [-6.4557729089116735, 62.19412736728144], [-6.455528189656491, 62.19312301179093], [-6.4546307067893665, 62.192158320492545], [-6.453484234903349, 62.19134637645655], [-6.452652630321349, 62.19084765988016], [-6.452616355119479, 62.190757917068254], [-6.453053189112861, 62.19044491379827], [-6.452917105033017, 62.190358188704344], [-6.452523226340245, 62.19047802155277], [-6.452033159861455, 62.190450349670876], [-6.449083613508427, 62.18938184628103], [-6.4451552851473775, 62.18787834136124], [-6.444112578325124, 62.18756120173101], [-6.444141271768646, 62.18732125632232], [-6.443869692226092, 62.18713720185028], [-6.443192245123952, 62.186288183798396], [-6.4428298118230005, 62.18574174220653], [-6.4426812770224675, 62.185217918400014], [-6.441919222872633, 62.18470514668464], [-6.441853493779795, 62.18456870207831], [-6.442023519645416, 62.18419343472485], [-6.442178610690821, 62.18412257048034], [-6.442744511844304, 62.18417933381014], [-6.4427462545983705, 62.18410402693531], [-6.442463005054788, 62.184088301306815], [-6.442357573615821, 62.18401245609274], [-6.442576575866331, 62.18383088319195], [-6.4424137029766175, 62.183586419783914], [-6.442889773199931, 62.1832343015453], [-6.44343834630308, 62.18305439959213], [-6.443556385244252, 62.18292610022381], [-6.44362381738235, 62.182675643772235], [-6.4438879021785125, 62.18252659755572], [-6.444095287923583, 62.18219089803722], [-6.444557898783213, 62.18208223349991], [-6.444690746486415, 62.181971895824596], [-6.444658489562932, 62.181720950310165], [-6.445140956368606, 62.18141536760562], [-6.445361843553345, 62.18115857645421], [-6.445517182545309, 62.18106625216971], [-6.446205396210081, 62.18081545749972], [-6.446178971983388, 62.18064337096259], [-6.446372827742068, 62.18054762402677], [-6.446707894915964, 62.18063891619772], [-6.446853903128538, 62.180625349543625], [-6.446877877435995, 62.180582508958366], [-6.446756395238001, 62.18053528601396], [-6.446719467090534, 62.180474173832174], [-6.4467606383013525, 62.180352629182714], [-6.447138687378873, 62.180250662011794], [-6.447333411632668, 62.18012628488478], [-6.448078143724656, 62.17974685586858], [-6.448590401753468, 62.17980323878215], [-6.448719045525444, 62.17955309789532], [-6.450077705385575, 62.17914462668545], [-6.450267235542744, 62.17891275447707], [-6.450974349829574, 62.178826790931396], [-6.4512036649532165, 62.178530636274], [-6.4522884258177715, 62.17803827267454], [-6.4532037609989645, 62.17789972952731], [-6.454095604596284, 62.177452929907716], [-6.454404101704278, 62.17704606869661], [-6.454731216921448, 62.17682919687452], [-6.456679217888615, 62.176771170963725], [-6.457097978810508, 62.17689513145838], [-6.4575884016963, 62.17689765329251], [-6.457945965025907, 62.17700693064886], [-6.458801641211071, 62.17745559820829], [-6.45908359652511, 62.17752505526053], [-6.459512908011198, 62.17751648371537], [-6.460093198688209, 62.177609000508355], [-6.460478062977136, 62.17753935968865], [-6.461690821400804, 62.17812232189705], [-6.4631556732611015, 62.17840924743656], [-6.46399067052086, 62.178431335074656], [-6.464757970775145, 62.17839228749253], [-6.465217115929106, 62.17842680604912], [-6.465238045525342, 62.17851653445117], [-6.464995402679535, 62.17873021400983], [-6.465109866752924, 62.178755921193456], [-6.465466896384631, 62.1785642653365], [-6.468905170507026, 62.17869984839232], [-6.470492541951735, 62.17866845200186], [-6.471891120080848, 62.178514260849184], [-6.475019873812431, 62.178440398537965], [-6.477602838639868, 62.1784424788413], [-6.4822694448437925, 62.17849077391313], [-6.482820803531956, 62.178518556135806], [-6.483667191401652, 62.17870900578394], [-6.483757102848744, 62.17880617708542], [-6.483621408595144, 62.17903834823974], [-6.483781788287418, 62.17906424380008], [-6.4840619577646414, 62.17888291149736], [-6.484276794551051, 62.178866064177164], [-6.484987248708827, 62.17897699770575], [-6.48691294160816, 62.179237269184554], [-6.48909266465471, 62.179448593076266], [-6.491146296122954, 62.17947298685159], [-6.494050027924791, 62.179530124552656], [-6.494611253554195, 62.17945046504844], [-6.494962766363785, 62.17950233636778], [-6.495197764784178, 62.1796181018314], [-6.497781719648236, 62.17992790342052], [-6.499599427398454, 62.17987581324028], [-6.500485634192308, 62.180009048403775], [-6.500649396569557, 62.18022480767013], [-6.501086503709545, 62.18021974942559], [-6.502250485344162, 62.1806193622394], [-6.50216458475935, 62.18069422994102], [-6.501657584725494, 62.18073835049312], [-6.5016944165332635, 62.18080662773547], [-6.502476468094188, 62.18079601165843], [-6.502789175179275, 62.180869163499594], [-6.503299439990026, 62.18137319367472], [-6.503829644249851, 62.182006253490584], [-6.504490708825376, 62.182973089347136], [-6.505811860152864, 62.18425474605928], [-6.507060977624386, 62.18533189324091], [-6.508704530718568, 62.18624963222405], [-6.510230101378456, 62.18696266172656], [-6.511694579573457, 62.18801569911084], [-6.5127572132405005, 62.18851513313302], [-6.513754983934525, 62.18881711076037], [-6.514885888717921, 62.18899800013627], [-6.516730880677538, 62.18948671327379], [-6.517967533937051, 62.1901015475629], [-6.520082137010685, 62.19124710279274], [-6.521346505274079, 62.19200175619113], [-6.52199531783158, 62.192502703865806], [-6.5227843595427215, 62.193258734323074], [-6.524817151999729, 62.19430712175271], [-6.526420684179959, 62.19499521866478], [-6.528724992268561, 62.195908576036466], [-6.5306399175058845, 62.19675211420735], [-6.530965605742641, 62.196947096091975], [-6.532143503977416, 62.197830210896136], [-6.533146183276277, 62.19865156805263], [-6.533490500570781, 62.19868902164887], [-6.533572945742115, 62.19878611351418], [-6.53353697168785, 62.19903670974955], [-6.534096558733395, 62.19978077915882], [-6.534559870329901, 62.20000504282887], [-6.53464469363824, 62.20034937052708], [-6.536502905541741, 62.20245355248287], [-6.53689193916762, 62.20282592832385], [-6.536889093002371, 62.202856200180605], [-6.537885995221927, 62.2045327605031], [-6.539352288441905, 62.205713274192114], [-6.539837718972758, 62.20643139830176], [-6.541278015463653, 62.2077873272012], [-6.542790980249072, 62.209365497968165], [-6.542625998043443, 62.20958337379346], [-6.542914951461531, 62.20972415842927], [-6.54336652677868, 62.21105107460069], [-6.544173961167034, 62.211791933643866], [-6.545112472807424, 62.21248688621304], [-6.545606744330476, 62.21272880454458], [-6.545669342211382, 62.21309068707383], [-6.546060084448726, 62.213547078728936], [-6.5462713865315845, 62.21373775381287], [-6.546295631025549, 62.214095995338155], [-6.547076200672281, 62.21462903478858], [-6.547616699151072, 62.21489544770927], [-6.547926307966431, 62.215007942066975], [-6.548241021254274, 62.21516763853999], [-6.5489355285917625, 62.21535774853831], [-6.549198598327308, 62.21548096581698], [-6.549107650205409, 62.21592993597466], [-6.549735195386688, 62.216273002484286], [-6.550213537457053, 62.216435579618725], [-6.5505966704063745, 62.21676247990314], [-6.5505239397875785, 62.216986489209106], [-6.551400254910421, 62.21763036459412], [-6.551929310866172, 62.217841246871245], [-6.553116166211604, 62.21836015287299], [-6.55341945925837, 62.218661924846124], [-6.553919375489012, 62.218896017234286], [-6.555459891098847, 62.220108842362606], [-6.556995229335277, 62.22104883974066], [-6.558042636578413, 62.22194467951936], [-6.5587947839472385, 62.22210018350172], [-6.559328828446837, 62.22253185154875], [-6.559990078097554, 62.22285630673537], [-6.560250395591255, 62.223015018115355], [-6.561637087897095, 62.22343063852851], [-6.563627638911552, 62.223809405476736], [-6.564442959570829, 62.2238592708913], [-6.564409981680297, 62.223929832692086], [-6.5653670509563264, 62.224254892398164], [-6.566712652123867, 62.22450373853282], [-6.567259082264889, 62.22450145248857], [-6.5678204073155575, 62.22465355627147], [-6.569051545804203, 62.22462766984363], [-6.569731496979139, 62.224663274739775], [-6.570041956840473, 62.22453827636949], [-6.570360687571042, 62.22465056256456], [-6.5720379767564765, 62.22417001994719], [-6.572814270534631, 62.22326676774091], [-6.57273495313276, 62.22303088183325], [-6.572645977689465, 62.22293128770911], [-6.572175415436906, 62.2229861082902], [-6.572152506966862, 62.22293256225277], [-6.572727014527722, 62.222861411064315], [-6.57286446144184, 62.22230849678225], [-6.573534216994594, 62.22123347388411], [-6.573154589828813, 62.22015025341503], [-6.572260803693727, 62.21905779751626], [-6.571509778805844, 62.218319882002476], [-6.571087210645376, 62.2183870564311], [-6.570993439577835, 62.218332127658805], [-6.571071180891578, 62.21828020605476], [-6.571934684568184, 62.21810913026604], [-6.5711442735249666, 62.217208239734134], [-6.569887581324623, 62.21742808513376], [-6.569790287343638, 62.21772479635646], [-6.569856165991107, 62.2178218698839], [-6.570738169753539, 62.21845553305976], [-6.570733938920252, 62.218508739695004], [-6.57063250177876, 62.21854958892315], [-6.570510825163512, 62.21853678563896], [-6.569578525422801, 62.21785086411547], [-6.569572022684514, 62.21734673913853], [-6.570795279106879, 62.21712431873245], [-6.5706408403901735, 62.21659938043061], [-6.56963720627263, 62.215952929925066], [-6.568970733728227, 62.21516571015887], [-6.56791967465119, 62.214171839547525], [-6.5670719188518705, 62.21306561147121], [-6.565866222381514, 62.21181474060968], [-6.56548346383142, 62.21132981673461], [-6.564863383983039, 62.210811729673644], [-6.564987466282088, 62.2107370452573], [-6.563894804197764, 62.20961554582614], [-6.563065034539555, 62.208817310676785], [-6.562316223209232, 62.20776872123276], [-6.561928767015427, 62.20712612249116], [-6.561146692680699, 62.20667547726596], [-6.559742646809609, 62.20539160875471], [-6.5583360570920775, 62.20382116026378], [-6.557592806452445, 62.20291935327732], [-6.556199055640955, 62.201800207910736], [-6.555870140551346, 62.20175221825627], [-6.555862933978742, 62.201734313045904], [-6.556041685023744, 62.20162046286831], [-6.5556157555776124, 62.20143581114898], [-6.55475464998943, 62.20115981190709], [-6.554565286486537, 62.20104073829495], [-6.554158530954379, 62.20029738759731], [-6.554238424538468, 62.20013645462429], [-6.554616745033148, 62.20001274240878], [-6.555068915930567, 62.20002914460673], [-6.55543341053517, 62.19983371411179], [-6.555337659289775, 62.19963619681853], [-6.5545153393252535, 62.199342381143644], [-6.554312260282502, 62.19914809080686], [-6.555048159706649, 62.19916922084305], [-6.555202961318916, 62.19909472711576], [-6.555011753024754, 62.19868901210339], [-6.554815198771374, 62.19855203350265], [-6.554780459323428, 62.19837273987077], [-6.554644824378388, 62.19825030221303], [-6.554548000886172, 62.19773041944622], [-6.554767396715654, 62.19749858470115], [-6.554771280056774, 62.197312339015724], [-6.554414201380108, 62.19676614335482], [-6.554135151689948, 62.196155953937634], [-6.554141084772438, 62.195482454044445], [-6.5537365542384105, 62.19500779066695], [-6.553472816124156, 62.19402506069471], [-6.552809073899167, 62.19310495652416], [-6.552387976727233, 62.19232210566707], [-6.552071634545551, 62.19204132121615], [-6.552044309204494, 62.191872841999384], [-6.553227126014843, 62.19177418321201], [-6.553213313832793, 62.191702466853556], [-6.551838961463551, 62.191793078836184], [-6.550779498069962, 62.18997562340579], [-6.550277688551781, 62.18901328566254], [-6.550014261954245, 62.18839240554063], [-6.549344183035328, 62.18779110328293], [-6.548968275180556, 62.18705500882969], [-6.5479846593347615, 62.186040333620035], [-6.546116020172255, 62.18445213663412], [-6.545171392843009, 62.18341612839269], [-6.5448400446432435, 62.18312805501825], [-6.543032152027715, 62.18232817003612], [-6.543183267261838, 62.182063807417244], [-6.543030699882277, 62.18203084694162], [-6.5429129794113345, 62.18216291025305], [-6.542797547629954, 62.18217666969382], [-6.541110501123565, 62.18147048397766], [-6.539894361034179, 62.18060875641815], [-6.538495612042542, 62.17967814051688], [-6.537455013113154, 62.17885658617444], [-6.536775644983224, 62.1776139397321], [-6.536027335035955, 62.17711622997887], [-6.535733883401789, 62.176484365245805], [-6.535464054902534, 62.17619295894859], [-6.535414622657066, 62.17562666490864], [-6.534756586535178, 62.17410468371306], [-6.534837105739992, 62.173922311398755], [-6.5349980016940075, 62.17392310489103], [-6.535395311271031, 62.17397865056622], [-6.535711932756978, 62.17386898253066], [-6.53581859016, 62.173532722676114], [-6.535799779737615, 62.172963021571206], [-6.5360671897050056, 62.17153488035084], [-6.536413930647561, 62.17107071104208], [-6.53651398786069, 62.17068072812132], [-6.5362294625829565, 62.16999873801388], [-6.536103103445089, 62.16981188266488], [-6.5362658859188425, 62.169715913456585], [-6.537125929320608, 62.169630259768574], [-6.537909974067797, 62.169508412975794], [-6.538454344230855, 62.16949293202822], [-6.539326828411395, 62.169178069044634], [-6.539779107713124, 62.168796846023966], [-6.540451277442868, 62.168154995797565], [-6.540690427074233, 62.168080848200695], [-6.541103824010865, 62.1680934744394], [-6.541381762901374, 62.16799801443408], [-6.541619129341625, 62.16800267031934], [-6.542228126692394, 62.168191697292464], [-6.542179819129831, 62.1679299981773], [-6.542403212903261, 62.16787720821806], [-6.542937985517322, 62.167951331281245], [-6.543490594096334, 62.16790724390897], [-6.544395383379109, 62.1675028624171], [-6.5445878549821055, 62.167457153884314], [-6.5449712172720025, 62.167444544549035], [-6.545016397822819, 62.16748422366923], [-6.544861042331487, 62.1675838357786], [-6.545310662325622, 62.16770403172829], [-6.546140402567626, 62.167593094861694], [-6.546986876628588, 62.167783248480696], [-6.548206083558792, 62.16773853781885], [-6.548871224368075, 62.167805962940754], [-6.551631203998287, 62.168481084375955], [-6.553721085540192, 62.16894885953123], [-6.554044584192436, 62.16924764003227], [-6.554351368843004, 62.16961086390013], [-6.555162892189347, 62.17039539045282], [-6.55640425158194, 62.171532996274955], [-6.557082666969041, 62.172094819624604], [-6.557280551557604, 62.17253989236543], [-6.55463802640315, 62.17361733654337], [-6.554698695125867, 62.1736462408424], [-6.557339282305717, 62.172669146874156], [-6.557438834882943, 62.172673144348515], [-6.557653436588499, 62.17305386170291], [-6.5584545562868035, 62.173988850064944], [-6.558647304992404, 62.17430489109787], [-6.559521945180156, 62.175021718587914], [-6.561152693892024, 62.176633749033], [-6.562374083687021, 62.17764577346931], [-6.56337509220173, 62.17856367719247], [-6.564221223004068, 62.17879663143515], [-6.5645548083964655, 62.1789772173315], [-6.564793640380777, 62.17929710945125], [-6.56522872270514, 62.17938851767242], [-6.5662801563280615, 62.18009888054584], [-6.566671607433877, 62.180451614634144], [-6.568096376015683, 62.18166513372248], [-6.570556954833089, 62.18282925000663], [-6.571435871820857, 62.18296207710799], [-6.571778649767226, 62.18306738178211], [-6.573811520779053, 62.18417232323464], [-6.573763726321383, 62.18425813429053], [-6.5744664773455, 62.18438651469285], [-6.574656755839237, 62.1844553859121], [-6.576155865768316, 62.18541834298136], [-6.576191569325833, 62.18548846317486], [-6.577721977209409, 62.186238968584185], [-6.578356677608767, 62.18640214590575], [-6.578894128433301, 62.186630606426256], [-6.579052958106649, 62.186980410646356], [-6.5803226128724654, 62.18792997750761], [-6.581487212253932, 62.188525819016675], [-6.584187454826301, 62.18979683607271], [-6.585057294777926, 62.19050253405031], [-6.585554939273389, 62.19130447100525], [-6.583591449687926, 62.19271392793472], [-6.583692928770622, 62.192759690534444], [-6.585636678479568, 62.19143635516295], [-6.58591294453509, 62.19144475104603], [-6.588150601380647, 62.19345027675729], [-6.589413417332095, 62.194202815068486], [-6.589491532309576, 62.19444579127552], [-6.590684380648194, 62.19537093156877], [-6.5913518981735715, 62.19558390773712], [-6.5923327399724005, 62.19617403635828], [-6.592950005784838, 62.19668117612219], [-6.593612942748488, 62.19697657627014], [-6.593479808091578, 62.197307202476985], [-6.594082914877896, 62.19784309244243], [-6.594523455802446, 62.19833737494761], [-6.5953788606920885, 62.19945864549712], [-6.596333633434298, 62.20036775509793], [-6.596794961306049, 62.20039980255978], [-6.597071350037143, 62.20060885231028], [-6.596970616123989, 62.20098933529793], [-6.597371481915923, 62.201444491196234], [-6.59763422584433, 62.20149608536857], [-6.597746037151717, 62.20161339662351], [-6.597619776064958, 62.20172192061336], [-6.597653244740485, 62.201796843723486], [-6.597920912407967, 62.20177669238683], [-6.598121699030636, 62.2018144640578], [-6.598132771018066, 62.201900312904854], [-6.597838103821563, 62.20202091890786], [-6.598534021976132, 62.202949954864366], [-6.598426685073081, 62.20296039968237], [-6.599594481701944, 62.20406127088361], [-6.600514191732929, 62.20474652870088], [-6.601477980953561, 62.20558221632425], [-6.602340075536674, 62.20663935193221], [-6.603852963457252, 62.20774452176844], [-6.606149708013614, 62.20934147923674], [-6.6079968373856435, 62.21073707230708], [-6.610037697275071, 62.21192919150474], [-6.612522116305601, 62.21322236884346], [-6.614623761151708, 62.21449680522967], [-6.6160267602986025, 62.215168785213], [-6.616101868917113, 62.21532630230873], [-6.616038569602602, 62.21551224129918], [-6.616606383861497, 62.21543830198267], [-6.616881671031129, 62.21549617759683], [-6.6179486896015165, 62.21605651522791], [-6.61945506393236, 62.217132831451224], [-6.620590979564677, 62.218501684027046], [-6.6216119750775295, 62.21986308132154], [-6.622533443022618, 62.2212314756764], [-6.622671844752383, 62.22195787737309], [-6.6224797327041625, 62.22201824904363], [-6.622127011973849, 62.222031787505266], [-6.622149589075808, 62.22206763927471], [-6.622655621801441, 62.222061571976276], [-6.622770232756796, 62.222093970007236], [-6.623143644877159, 62.223872551325975], [-6.622980037333045, 62.22413327474454], [-6.624096041015147, 62.2252194622715], [-6.624671775758462, 62.22670152040893], [-6.624703086694479, 62.22742052105247], [-6.625385832377607, 62.22893501981811], [-6.626025935591549, 62.23010598384224], [-6.626991963024371, 62.231678282531284], [-6.628373870509556, 62.234646468548156], [-6.628957660711919, 62.23611418124667], [-6.628990573223794, 62.23746996245004], [-6.62850270572035, 62.23877089200229], [-6.626787465850742, 62.24009433419286], [-6.625562148805176, 62.240714125261206], [-6.622679328369196, 62.2414376543586], [-6.620730816202551, 62.24151925501155], [-6.613671634993794, 62.24114976688529], [-6.611327611643495, 62.24090849064502], [-6.607613796194296, 62.240370843272366], [-6.603814364461323, 62.2392533935937], [-6.599971415316049, 62.23791393902185], [-6.599166224509983, 62.23719673776289], [-6.597873056728068, 62.23552331014136], [-6.597591051431905, 62.23463915363544], [-6.5977458736671935, 62.233777449651576], [-6.597698926120584, 62.23375889649788], [-6.596366384600314, 62.23376662485539], [-6.596276486486269, 62.232285666776875], [-6.59514145047625, 62.231244150495975], [-6.596364363148983, 62.23093677922752], [-6.596160417097545, 62.23069459841567], [-6.594637385340178, 62.23103960345118], [-6.593821317411386, 62.23161511294778], [-6.593614911677371, 62.231548778807095], [-6.594327485736922, 62.231057585407946], [-6.596112098219143, 62.23064832156922], [-6.59602429917745, 62.230530259507965], [-6.595894769222277, 62.230465168366635], [-6.595054942892772, 62.23037881139009], [-6.59452047179725, 62.23008224438068], [-6.5949125503378205, 62.22991142963743], [-6.593898614844581, 62.22938676407616], [-6.5926221646704635, 62.2297485936801], [-6.592469881622338, 62.229662454005236], [-6.59409231196576, 62.22920129419237], [-6.59395652611213, 62.228989919090175], [-6.593139076556762, 62.22873405943176], [-6.592192546290511, 62.22838123306828], [-6.5907453986636, 62.22752292933184], [-6.590362444094768, 62.22748980349928], [-6.59041148180451, 62.22720737409221], [-6.5897926293270475, 62.227034218511], [-6.589434333992635, 62.2268437608766], [-6.5882339683338955, 62.226579792316215], [-6.588133076813783, 62.22667968117257], [-6.587179405564545, 62.22628036404343], [-6.586329023494207, 62.2262532978607], [-6.584667176749545, 62.22680373890131], [-6.5851335814607594, 62.226912136155335], [-6.585338345982993, 62.227109365860954], [-6.585319052461981, 62.227474197475956], [-6.58573894893913, 62.22761823830102], [-6.585700219122275, 62.22765752111228], [-6.585233624172454, 62.22756339895879], [-6.58500867265646, 62.227809639334325], [-6.585344127473875, 62.22796783717942], [-6.585158521177404, 62.228114019465686], [-6.5858045984302445, 62.22860919834914], [-6.585833683775822, 62.22875596768246], [-6.586329116881123, 62.22901472007649], [-6.586735965102855, 62.22896557715759], [-6.586879201638677, 62.229176999746926], [-6.586709512950957, 62.229273179319954], [-6.588067052201409, 62.22991304371237], [-6.5885968042162615, 62.22982849652735], [-6.5887035422038975, 62.22988960792304], [-6.589111282066583, 62.22976172974796], [-6.589240554605701, 62.22984433162072], [-6.588440918159414, 62.23006058658638], [-6.589566579147093, 62.2308752687135], [-6.589911109868396, 62.23092263452692], [-6.589881477129585, 62.230825958401965], [-6.590104317935307, 62.23077998979666], [-6.590287463250709, 62.23085553341973], [-6.590994348676168, 62.23069979326925], [-6.591139385689497, 62.230760937850654], [-6.590478123678233, 62.23093821046734], [-6.590797304818382, 62.23120008567885], [-6.591465567847729, 62.23108722054429], [-6.5915338394424134, 62.23114820180984], [-6.5909265935999635, 62.23128986904489], [-6.591237832251711, 62.23158392890221], [-6.591545035254482, 62.23152738821328], [-6.591559547337324, 62.23159893079872], [-6.59114437342216, 62.23170881984392], [-6.59138821026044, 62.231856076175184], [-6.591810377678147, 62.23180341228219], [-6.591817375773825, 62.231867821242844], [-6.5913487797963795, 62.23195254289457], [-6.592039362966357, 62.23259445450494], [-6.592369670458897, 62.23254513589026], [-6.592391512413916, 62.232638264438], [-6.591746663121103, 62.23272253882069], [-6.591761176256488, 62.232794081366286], [-6.591530279752898, 62.23287582818573], [-6.59199348526568, 62.23328466289862], [-6.5922179382524675, 62.233803929512575], [-6.592550898619854, 62.234212481399375], [-6.5928883791366175, 62.234191748044964], [-6.592864259781905, 62.234298985320756], [-6.59256445349147, 62.234366252314175], [-6.592947287894958, 62.235132660596726], [-6.593488519316406, 62.23541291801161], [-6.593579111556802, 62.23554189406727], [-6.5938633636056725, 62.235496084042936], [-6.5942215051092194, 62.23640904198547], [-6.593968292588441, 62.23642989047769], [-6.594078679570772, 62.23685218401311], [-6.59389418483314, 62.23689469299169], [-6.593885717176115, 62.23697697103446], [-6.593547687736977, 62.23704052628647], [-6.59359546604705, 62.23757720282993], [-6.594002827859955, 62.23891947643157], [-6.59352499033796, 62.24055655567357], [-6.5927907482448145, 62.241788834736], [-6.591517449696926, 62.24252988813521], [-6.589722865972997, 62.24463240874292], [-6.588563591126843, 62.245437995774985], [-6.587233317697499, 62.24644352692145], [-6.585366212324758, 62.24813091080743], [-6.584846883856861, 62.248616083678314], [-6.5848824289535, 62.248862987581084], [-6.584581575701194, 62.24901605849904], [-6.584734114869131, 62.249095116388425], [-6.584595183739181, 62.249166329487224], [-6.584327712066377, 62.249079798385615], [-6.583725539874929, 62.24942534595495], [-6.583680349435596, 62.25004400414479], [-6.582805036750854, 62.25012055863975], [-6.5807305923376695, 62.25245120301575], [-6.580590055071721, 62.253362975014326], [-6.580713367081106, 62.25398564075713], [-6.580656315750289, 62.25429674979837], [-6.580840299752923, 62.254307940390014], [-6.580824180356181, 62.25437221725527], [-6.58054027860141, 62.254382274544625], [-6.580313722035257, 62.25473945937771], [-6.580508237739027, 62.255172654981486], [-6.581136623732164, 62.255928997095], [-6.581451932936887, 62.25653776020984], [-6.58189223042879, 62.2576477326693], [-6.583427886960955, 62.26098504789835], [-6.583733178983253, 62.2611467588052], [-6.583666370468666, 62.26162595996419], [-6.5844688072427955, 62.262607886627606], [-6.584326518893395, 62.26299033389883], [-6.584630848672944, 62.26322708761589], [-6.584390393030634, 62.26345905382011], [-6.584456145761096, 62.26375963506263], [-6.585066148382032, 62.26410809076096], [-6.585548891333785, 62.26418075466228], [-6.5857380605328775, 62.2644244861624], [-6.585796914138012, 62.26464279166348], [-6.58600470395174, 62.26460033550272], [-6.586118991460856, 62.2646793551469], [-6.586086584709244, 62.26482945555422], [-6.586299576658295, 62.26499449702692], [-6.586234942021142, 62.265294880553675], [-6.587460215455594, 62.26622414133833], [-6.589444677030656, 62.267230469352334], [-6.5918499624593245, 62.26838070361181], [-6.592295699312327, 62.26903990641793], [-6.593379405694644, 62.270114008169216], [-6.596184209816822, 62.26958562811941], [-6.598548761545328, 62.26913701687476], [-6.598244776573948, 62.26874592426431], [-6.598127906229889, 62.26876186475426], [-6.59813574384184, 62.268663235115675], [-6.597515055966901, 62.267745680931064], [-6.597870244755886, 62.267295858877965], [-6.597898310538724, 62.26694269296161], [-6.597518870502688, 62.26652689736937], [-6.5977584089844905, 62.266387912781354], [-6.597706471042253, 62.26549723361597], [-6.597699568995531, 62.26398412437896], [-6.597061081953323, 62.26198316412881], [-6.596503446123508, 62.26102332305358], [-6.596666880927069, 62.26081622512067], [-6.59632585632981, 62.260400548871694], [-6.596020108742007, 62.260306827129604], [-6.59562217649321, 62.259490346014694], [-6.59581136539977, 62.25901505264203], [-6.5953781599785195, 62.2586205862967], [-6.5956504793716055, 62.25756248827028], [-6.596530023226661, 62.2556830980093], [-6.5973597438191085, 62.25414340338506], [-6.5981065809269195, 62.2531758304074], [-6.599359549415457, 62.25221654055554], [-6.60149552216376, 62.25116984277996], [-6.604740526405799, 62.250426120661594], [-6.608679625794558, 62.25004864576954], [-6.6114562424665255, 62.25006555594228], [-6.616063327900274, 62.25038692231812], [-6.616615651094731, 62.25038103374336], [-6.617839432485187, 62.250734203853234], [-6.619946202775375, 62.25101780565014], [-6.622351160389954, 62.2513985019799], [-6.625110475468528, 62.25162978762042], [-6.62903290097475, 62.25218530795613], [-6.631016275607119, 62.2525470826826], [-6.63569148869559, 62.2538265926049], [-6.639068472348335, 62.25532857604499], [-6.641748454030028, 62.25673614725961], [-6.644073255689249, 62.258396855471695], [-6.645169233402108, 62.25938265247844], [-6.64729190290063, 62.26054929908401], [-6.64956863690131, 62.261658985956785], [-6.652083203441283, 62.262801376233554], [-6.652341757319579, 62.26307365275629], [-6.651968326113044, 62.26338240327135], [-6.652077426421702, 62.26346979888095], [-6.659456054757526, 62.270813300938755], [-6.659830682498203, 62.272223537976224], [-6.66030351688501, 62.272724125700066], [-6.660318441715783, 62.27307892979467], [-6.660688854113431, 62.27334956589209], [-6.660797738757648, 62.27363322445567], [-6.660610410809233, 62.273750565379906], [-6.660841430379748, 62.27406707181024], [-6.661025282514195, 62.274096736699754], [-6.66144671360745, 62.27450020852789], [-6.6618138940092555, 62.2752438530395], [-6.6616800714753515, 62.27537942218784], [-6.662403761476741, 62.27700281895073], [-6.663790186969936, 62.27858310298065], [-6.664049571495783, 62.279007279083125], [-6.664556675100961, 62.27936100037551], [-6.664967472251879, 62.280230342515715], [-6.665241132627794, 62.280367899577506], [-6.665638797068392, 62.28113323008099], [-6.6664903267505915, 62.282570915529234], [-6.667122156069039, 62.283864224503844], [-6.6674543428770825, 62.28547132830382], [-6.668250337861017, 62.28598779864506], [-6.669338917138877, 62.28749479075343], [-6.669897446404058, 62.287974236180624], [-6.669877850784652, 62.28815329329329], [-6.669661723890506, 62.28818092152825], [-6.668987233907942, 62.28806997621339], [-6.669039744426812, 62.28812400616881], [-6.670172246421652, 62.28840565809941], [-6.6703132305373, 62.28862493024749], [-6.670108701345305, 62.28882459640462], [-6.670314783424816, 62.288897265698736], [-6.67126173754678, 62.290220778871685], [-6.671469727272935, 62.29087409913069], [-6.671400545350819, 62.29154388434206], [-6.671661111619875, 62.29159537565782], [-6.671655110498977, 62.29185330908108], [-6.671493680630533, 62.29184890478172], [-6.671834442182182, 62.29209072755224], [-6.671544009861038, 62.29233654459268], [-6.67180158320207, 62.29251700232417], [-6.671963848681201, 62.29248559712899], [-6.672041752132806, 62.292442995658796], [-6.672482016334995, 62.29237709059216], [-6.672487727889572, 62.29246310743598], [-6.67196964267144, 62.292568024111475], [-6.671849938921448, 62.29275016650801], [-6.672720966673919, 62.29336733846421], [-6.6732719525727076, 62.293506277531094], [-6.674206988784285, 62.29400904877904], [-6.675344478177344, 62.294752934058664], [-6.675485144642311, 62.29499724336395], [-6.676358465498886, 62.29552123472532], [-6.676857520083745, 62.295573909976305], [-6.677198949566112, 62.29579059026048], [-6.677317329967628, 62.29599897218539], [-6.6785225738884115, 62.29647802499313], [-6.680603672428526, 62.297713874749604], [-6.68119165959032, 62.297917410632074], [-6.681419154073613, 62.29841310943504], [-6.681711276254587, 62.29842883403639], [-6.681965922405662, 62.298741829332876], [-6.681640159013878, 62.29884773809738], [-6.681730770869473, 62.29892349507482], [-6.682395169919245, 62.298822860334234], [-6.684212970718611, 62.29979929149685], [-6.687677162716171, 62.30185167203998], [-6.688679014049181, 62.30249083549809], [-6.689247278008796, 62.30289852868674], [-6.689761819827508, 62.30295482375241], [-6.690216264751519, 62.30363786904131], [-6.691468139132862, 62.304464666306764], [-6.691384961482391, 62.30474017250402], [-6.692276232803572, 62.3055185204986], [-6.692817387679678, 62.305764861080675], [-6.692817737046686, 62.306090950555394], [-6.692494281870282, 62.306092957271396], [-6.691889178819649, 62.30595383204179], [-6.69254665107504, 62.30616493073892], [-6.692728388053651, 62.30629839112473], [-6.692852502290714, 62.30625950587736], [-6.692994653228833, 62.30644653809213], [-6.692953043017601, 62.306589678006745], [-6.693129011242733, 62.30663712213919], [-6.693202094384445, 62.306816726138216], [-6.693116684808624, 62.30684134880009], [-6.692848993009286, 62.30676482355444], [-6.693904894515187, 62.30810656462092], [-6.69452192289414, 62.30840344242083], [-6.694787611507108, 62.3089207537116], [-6.695295608239644, 62.30928154360818], [-6.696158798657886, 62.310633095105224], [-6.69650721892704, 62.311942825034805], [-6.697028686525667, 62.3130813280722], [-6.69681972290453, 62.31312689565799], [-6.697383607024099, 62.31444835143011], [-6.69758912068952, 62.31455687873232], [-6.697683472438209, 62.3151665191867], [-6.697844340256522, 62.31555433340871], [-6.698376272466367, 62.315180652800265], [-6.698583645919334, 62.31520670111481], [-6.698527465515868, 62.315665089478316], [-6.6988541421255166, 62.31656612990935], [-6.699197905519404, 62.31704081555322], [-6.6990961832723555, 62.31711203826114], [-6.698619477736344, 62.3170775050343], [-6.698640781242448, 62.317160005613125], [-6.699046790614448, 62.31725873194081], [-6.699042296739628, 62.317459406304316], [-6.698826552113297, 62.31746195043896], [-6.698915984660327, 62.31759495458651], [-6.699378178693452, 62.31759719566385], [-6.699515436880745, 62.31766230675096], [-6.699849397126094, 62.31858492121621], [-6.7001146050934945, 62.31948566104089], [-6.70011187786592, 62.31960753743344], [-6.699613285666271, 62.31985958452806], [-6.700308524647541, 62.31976969186606], [-6.700391052889526, 62.31986684842189], [-6.70020130663717, 62.32009526156721], [-6.699722725304324, 62.32048724727302], [-6.700532515876573, 62.32008968142665], [-6.700582451692653, 62.32027266873102], [-6.700201971087984, 62.32041066996029], [-6.700667126242244, 62.320627888350614], [-6.7007281754999015, 62.32100444503615], [-6.700444567274932, 62.32163379462609], [-6.700762011635783, 62.32226246205135], [-6.700798276028733, 62.32236657637964], [-6.700697982733504, 62.322373272129525], [-6.700460817142616, 62.32229681882827], [-6.700548636461439, 62.32321106046996], [-6.700967392415098, 62.324134080175206], [-6.70177670855684, 62.32516283181913], [-6.703176346247914, 62.32634135797196], [-6.703980714216499, 62.32690423524315], [-6.704225882946349, 62.32731748750048], [-6.704422521991325, 62.32748322570852], [-6.705909346315589, 62.32820339389666], [-6.7060823642840885, 62.32839055738134], [-6.70610477528738, 62.32878128776032], [-6.706583789724429, 62.32907744781901], [-6.70662602501338, 62.329253212504575], [-6.706317490436695, 62.32962449476578], [-6.708581959273581, 62.33179245256006], [-6.709092212176548, 62.33242560894635], [-6.709390906254657, 62.33286773994446], [-6.709190014933347, 62.332891913290716], [-6.708992020934831, 62.33277625766442], [-6.708144516780449, 62.33206636492079], [-6.708043243259462, 62.33211605468273], [-6.708702562059312, 62.33298275400143], [-6.709200987811644, 62.33451171301465], [-6.708555094802979, 62.33515011947475], [-6.708739812100826, 62.336226106402066], [-6.7083641672815535, 62.3368370791809], [-6.70815389662771, 62.33764244684298], [-6.7085792427413855, 62.33865138857712], [-6.708052001066998, 62.33873931247936], [-6.708063846733222, 62.338804507291734], [-6.7082410054367365, 62.339103330073584], [-6.707763570948715, 62.33941923075513], [-6.707651723396226, 62.34014119372418], [-6.707459974781875, 62.34035943883456], [-6.7068884754832725, 62.34082246576659], [-6.707207546459379, 62.34095663252783], [-6.707280451122126, 62.34130841864702], [-6.707067163028561, 62.34149740044679], [-6.706319876298828, 62.34177016702808], [-6.7060656313991425, 62.34199474498215], [-6.705472012106316, 62.342971120459595], [-6.704543011059327, 62.34382382736262], [-6.704310405247914, 62.344479160701965], [-6.70436775536606, 62.34456306032637], [-6.705041197412967, 62.34462216974275], [-6.705190044593165, 62.344739804540254], [-6.70519690366517, 62.34488823274386], [-6.705114278626651, 62.34497395984387], [-6.70535261949109, 62.345154205886985], [-6.705261501065507, 62.345384517615344], [-6.705535189753357, 62.346295788579596], [-6.706012616705779, 62.34705051100696], [-6.705714119451637, 62.34736862953075], [-6.7055116027242185, 62.34736969913236], [-6.705344416307104, 62.34730248870498], [-6.705175283274527, 62.34713397506213], [-6.705096603042422, 62.347147494776785], [-6.705288509135161, 62.34746092756038], [-6.705278756564363, 62.34762712811728], [-6.7051143578901105, 62.3477770494747], [-6.7043432455095715, 62.34819045930027], [-6.704339452928143, 62.34825548688044], [-6.704905172264049, 62.34842899784518], [-6.7047468385756455, 62.34874528972589], [-6.704908512439827, 62.34863886683712], [-6.705017552109651, 62.34864021109655], [-6.7054458113568804, 62.34903617646942], [-6.705872646954474, 62.34972515608245], [-6.705986825152107, 62.34963617637995], [-6.706311198962738, 62.34967643185073], [-6.7065427467723895, 62.349979560681085], [-6.706317054301249, 62.350244381078326], [-6.705951301733915, 62.3503771682244], [-6.705693952790821, 62.35052224067975], [-6.7057390361163245, 62.35081575156642], [-6.70602690945666, 62.35108703761025], [-6.706561598604022, 62.351661612547204], [-6.70649994927889, 62.35178377641921], [-6.706042979876656, 62.35201319367749], [-6.7053078137816895, 62.35260792609809], [-6.70528708957158, 62.35283194339819], [-6.705575640622357, 62.352954926062175], [-6.706585669140078, 62.35298562080434], [-6.7067537951803775, 62.353038390104096], [-6.706784571352048, 62.35317984883247], [-6.707696890478534, 62.353552963121984], [-6.707792767317839, 62.35377844640948], [-6.707596229400941, 62.353812117907026], [-6.70686684371482, 62.353502788972754], [-6.7060291349561405, 62.353322304273824], [-6.7053919563472855, 62.35357102316978], [-6.705315287768111, 62.35368225598359], [-6.705652644905015, 62.35403731156539], [-6.7058358580424, 62.35477022663804], [-6.705515869553905, 62.3554533929092], [-6.705710582520377, 62.35585000504363], [-6.705108286044839, 62.35723859267902], [-6.704534671899173, 62.35893487354148], [-6.704030930733758, 62.36023063019548], [-6.703880679450578, 62.36107145337808], [-6.7037679242304415, 62.36207189160784], [-6.704107257991037, 62.362394391685235], [-6.704120215886917, 62.36257182841124], [-6.703866636593939, 62.36264819019054], [-6.702742964874595, 62.362691923479616], [-6.702502485779425, 62.36281186166095], [-6.702367935776953, 62.36311399848543], [-6.702273692125578, 62.36352875293399], [-6.702144484925277, 62.36374048024806], [-6.701724923585898, 62.363861779370524], [-6.701073623990799, 62.363947659784515], [-6.700295675111532, 62.36486738448457], [-6.699832565185527, 62.36559935667192], [-6.699772927755762, 62.366086862285464], [-6.699992149363407, 62.36633197897531], [-6.700810000366587, 62.36686311321635], [-6.7009087687592155, 62.36703792308904], [-6.700637956401084, 62.36713940339737], [-6.700112296765388, 62.367074904367804], [-6.699457146150422, 62.366827993702074], [-6.698054380514117, 62.36604714061246], [-6.69758392046346, 62.36596881782087], [-6.697214294457818, 62.36603293010622], [-6.696157333349552, 62.3665294818865], [-6.6948263285580865, 62.36678753776405], [-6.693654925697322, 62.36697531655825], [-6.693555570105961, 62.36707889696886], [-6.6937786507537895, 62.367523038812095], [-6.693671820810279, 62.36774949357077], [-6.692997598916811, 62.36796163809535], [-6.6925918429514555, 62.36797459599981], [-6.691996371913808, 62.36777172992247], [-6.691367636934535, 62.36747081075575], [-6.690287533220972, 62.3673015818195], [-6.688971852336019, 62.367295705181505], [-6.687900520313672, 62.36737259881222], [-6.68705090028094, 62.36751734920193], [-6.686696270072902, 62.36745859473389], [-6.685428880008164, 62.36676613098756], [-6.684852451138282, 62.366635821574526], [-6.684447350270811, 62.36663790309298], [-6.684063929297453, 62.36680302405253], [-6.683931376934409, 62.36680495549095], [-6.682278407212642, 62.36644749875517], [-6.682167901721461, 62.366341250491566], [-6.682706022276708, 62.36579830447666], [-6.682671478840566, 62.36532764353114], [-6.6821376731498265, 62.36487239765315], [-6.68131680535344, 62.3646666397813], [-6.680273158498407, 62.36480157227721], [-6.679772276659591, 62.36497604237558], [-6.679157652798801, 62.36483798112599], [-6.67913638072521, 62.364273539059226], [-6.6786889728436725, 62.36407253568347], [-6.677459233699429, 62.36393384535598], [-6.677202142853437, 62.36380396616585], [-6.676654099057403, 62.36332673366053], [-6.676407714086535, 62.36341402993537], [-6.676149631745173, 62.36343244918932], [-6.674288775013797, 62.36238147048977], [-6.6732865727582675, 62.361952680449214], [-6.671868226569074, 62.36158005973747], [-6.670275670944592, 62.36099900923756], [-6.670097990931688, 62.36097503551336], [-6.668542185442846, 62.3614759861825], [-6.6683317677536005, 62.36148046271573], [-6.6683106237410374, 62.36144401774518], [-6.668770039671914, 62.36117866648469], [-6.6688539572940915, 62.36094825390637], [-6.668393081002251, 62.36058062684181], [-6.668184548750329, 62.36028858871413], [-6.668318220407439, 62.36000460024132], [-6.668698715980347, 62.359759927637086], [-6.669289524852084, 62.35951436613525], [-6.667770221322336, 62.35848569279294], [-6.666741770115912, 62.357976957081284], [-6.665698074409895, 62.35785509364869], [-6.665709955642179, 62.35778652012478], [-6.6662237286192605, 62.35739522602637], [-6.666414706280285, 62.35706497234959], [-6.665610012829947, 62.356327614190064], [-6.663482480105095, 62.35584814154163], [-6.662619841459951, 62.35569238407483], [-6.662546270553516, 62.35549246646089], [-6.6628942386703205, 62.35513889903659], [-6.663069238215191, 62.35481565412324], [-6.663120423218476, 62.35408569258532], [-6.663325750550303, 62.35351318400586], [-6.663643953743736, 62.35300729684807], [-6.663557640963081, 62.35236607150873], [-6.663858375884589, 62.351237797838934], [-6.663717981796209, 62.35098280354371], [-6.663568203537305, 62.35101342550835], [-6.663365381392188, 62.350240425434976], [-6.66308807156182, 62.350059631520686], [-6.663010344440584, 62.349928416530894], [-6.662798061835168, 62.349965442787656], [-6.662554649983489, 62.349868263057544], [-6.662157662213948, 62.348958952349015], [-6.66203652648744, 62.34837873132518], [-6.661384862455813, 62.34743354748755], [-6.661335264610566, 62.34708930248878], [-6.661539083257421, 62.34680254464404], [-6.661883357284089, 62.346510418768155], [-6.661406082468686, 62.34655485347713], [-6.661265306463311, 62.34643730465345], [-6.661459743009767, 62.34591534196031], [-6.662080915052114, 62.34502641027614], [-6.662455910202936, 62.34434766061894], [-6.662969357980774, 62.34409023885041], [-6.6631299113127405, 62.343875297762835], [-6.663401322532185, 62.34336880744256], [-6.663601728525925, 62.343270081883006], [-6.664925483326017, 62.34351498876809], [-6.664942771862862, 62.34348627873142], [-6.6637086542893025, 62.34317383102326], [-6.663548140435622, 62.34299454333606], [-6.663720848520179, 62.342707351639525], [-6.664128151973186, 62.34227136929589], [-6.664435897919442, 62.341544713203064], [-6.664509527548279, 62.34056912436838], [-6.663943851676149, 62.34000839611711], [-6.663872893921606, 62.33976515724557], [-6.66280557372237, 62.339136587564916], [-6.661785186983739, 62.33824447857475], [-6.661693819429356, 62.338214935332914], [-6.661618723495453, 62.33812497241941], [-6.66136685102096, 62.33801615482212], [-6.661057492473137, 62.338068428757545], [-6.660651561195902, 62.33795163992113], [-6.660324788409678, 62.337752949856466], [-6.660033816544283, 62.33733929364968], [-6.659797755268929, 62.33722346588755], [-6.659540213644658, 62.33702862853809], [-6.659653870356515, 62.33677833852192], [-6.659380143979857, 62.33662291277321], [-6.659395325569936, 62.33630040218203], [-6.658829535340711, 62.33610407197967], [-6.658329584752906, 62.33606210210558], [-6.658031438528237, 62.33596022240247], [-6.658198551469829, 62.3354020711789], [-6.659080912821137, 62.33458945238405], [-6.658650448634069, 62.33454065874767], [-6.653617976977185, 62.33093502344079], [-6.653096413094139, 62.33083206664921], [-6.652358074731001, 62.330448391314796], [-6.65225610353046, 62.32954840367811], [-6.651439850428899, 62.32887413249766], [-6.651367646812647, 62.32866587859938], [-6.651853063012744, 62.32703777010178], [-6.650378940834444, 62.32584406406238], [-6.649570083867194, 62.32551026889319], [-6.648963148722587, 62.32543907525912], [-6.648676113290184, 62.32519388789392], [-6.647154986481492, 62.325014073983425], [-6.64662190606136, 62.324746055550214], [-6.645882002444084, 62.32347005483388], [-6.645223511021777, 62.32297931678098], [-6.644635807712516, 62.320808139337316], [-6.643777318693751, 62.318700166758255], [-6.642264012903435, 62.31820492804389], [-6.641731429928916, 62.31824871254755], [-6.64168965794105, 62.318062155109075], [-6.64099996291066, 62.317592772565064], [-6.640266719241971, 62.31765344676586], [-6.640280014649485, 62.31742418621112], [-6.638911886227256, 62.316660849501844], [-6.638125435320366, 62.31668900729375], [-6.637988475727592, 62.31630124739365], [-6.637416276669186, 62.31607248000029], [-6.636977883794305, 62.316052300328], [-6.6349750606019615, 62.31510649605372], [-6.632814375783179, 62.31431752535289], [-6.630419812376257, 62.31334093590124], [-6.628707645236194, 62.31217794004077], [-6.628558596551747, 62.31197285202047], [-6.627901790035545, 62.3114354527046], [-6.627520723476864, 62.311268612956844], [-6.626376533299586, 62.310194620055604], [-6.626516266480733, 62.310152287275336], [-6.626383289215203, 62.309922240802315], [-6.625380005355175, 62.309375784309644], [-6.6249824401410855, 62.3089507959753], [-6.624418192728943, 62.308722016547705], [-6.624244443404453, 62.30858132604957], [-6.624231062929825, 62.30849885572501], [-6.624485586744082, 62.30848586594148], [-6.624487364194034, 62.30841424853645], [-6.624064153572527, 62.3084011983614], [-6.621949280533025, 62.30703533388734], [-6.620113791144269, 62.30591096655458], [-6.618543753416667, 62.30463398633109], [-6.617354576110689, 62.303531036590584], [-6.617412417164976, 62.303370054262906], [-6.616641691516624, 62.302469981558815], [-6.615752852421715, 62.30136865037432], [-6.614918592276401, 62.29962601609553], [-6.613604050318023, 62.29800991562401], [-6.613083400264263, 62.29727957484355], [-6.6125439815502425, 62.2963771513131], [-6.612544670318909, 62.29603669857397], [-6.612318353734633, 62.2958527112052], [-6.611994567744279, 62.293711535050235], [-6.611789620465231, 62.29267477508056], [-6.612100506913555, 62.29255458537214], [-6.611934708612948, 62.29241033154795], [-6.612248992875985, 62.290613014707176], [-6.612229558631994, 62.289229631817044], [-6.611755209742773, 62.2878867527423], [-6.6110591207428895, 62.286793531126676], [-6.609882803659734, 62.28552569154813], [-6.609878981191856, 62.28536446129985], [-6.609400712435274, 62.28511095844815], [-6.60851292292775, 62.28399880712028], [-6.607172356829067, 62.28161190557266], [-6.606219625035818, 62.28002993861117], [-6.605786738480892, 62.27950434270676], [-6.605524193597988, 62.27832031341535], [-6.605456521466364, 62.276725183884466], [-6.605308349196696, 62.27649861989675], [-6.605232088138622, 62.2755592266027], [-6.605379741784305, 62.274882716737956], [-6.604876977614535, 62.27377616687498], [-6.604881911742396, 62.27296988528455], [-6.604356053457667, 62.272468899698474], [-6.60402791847577, 62.27211030380118], [-6.6034868339324655, 62.27230204694724], [-6.603409802944039, 62.27225285586529], [-6.603931431518418, 62.27206710803063], [-6.603393033841123, 62.27192608756791], [-6.602712699169494, 62.27164715147899], [-6.6012330516508095, 62.27094424299117], [-6.601324616056458, 62.27082698008827], [-6.601081006734632, 62.270787127790655], [-6.601119692611654, 62.27064517831973], [-6.600967915621475, 62.27060171878899], [-6.599611612519347, 62.26965793788488], [-6.5992557370007745, 62.269179560668945], [-6.596334837728387, 62.26973524620731], [-6.593394130058497, 62.27028625772838], [-6.5935777347549065, 62.27077538338475], [-6.594230762850591, 62.27170716194101], [-6.59480780888711, 62.27260628827048], [-6.595478481677468, 62.27375322272104], [-6.595781742834882, 62.27513461471373], [-6.595719261039844, 62.27577218521494], [-6.595205242520573, 62.276324830377234], [-6.594525883725614, 62.27793014459391], [-6.594114871119534, 62.27866252244706], [-6.592919154838973, 62.27939049361794], [-6.592767842908415, 62.27989139925631], [-6.591928764911039, 62.281420586324124], [-6.592081800046555, 62.28295166489806], [-6.5925471854228395, 62.28340576971402], [-6.592465866517211, 62.283881936822304], [-6.592970838089439, 62.28459432076546], [-6.593229533587231, 62.28470330314767], [-6.593685057117692, 62.28554798207051], [-6.593860103996865, 62.28682830391374], [-6.593321274213116, 62.2877428028165], [-6.593318918874493, 62.288735437241975], [-6.593619473675787, 62.29052898914306], [-6.593060535814123, 62.291919903973344], [-6.5922927512329075, 62.2936537814037], [-6.591827604239522, 62.29528173228494], [-6.591465147964863, 62.29681359050536], [-6.590941033163279, 62.29744138060095], [-6.591332954528648, 62.29866915687372], [-6.591485583411088, 62.29871659871941], [-6.591513357658529, 62.2988350576219], [-6.59120929492795, 62.29898387365249], [-6.591245706374413, 62.3002705972946], [-6.59123900959532, 62.300528616112686], [-6.591103746364833, 62.30039878154516], [-6.591027739693526, 62.30096464527857], [-6.591244755997865, 62.30241008967152], [-6.591674573383632, 62.30396417054916], [-6.5922689871490485, 62.30540455078775], [-6.59304094246354, 62.306827971340866], [-6.593659924067515, 62.30821821754575], [-6.594066499010153, 62.309485557735975], [-6.594614211652994, 62.31005482469302], [-6.595361059635875, 62.31096556728704], [-6.596344771913463, 62.311952936462816], [-6.596141898633942, 62.312055743739926], [-6.601077847716014, 62.317246953537804], [-6.602287458755339, 62.31845409243035], [-6.602963790244895, 62.31881974478323], [-6.603254049107806, 62.31891451998006], [-6.6033197399762935, 62.31906181913807], [-6.604262709828003, 62.31985179234324], [-6.606033447943856, 62.32111217006964], [-6.606181845117916, 62.32133873089714], [-6.606525154773533, 62.321473196452025], [-6.606787145704192, 62.321474640976376], [-6.606997093673105, 62.321701538982595], [-6.6069624872481, 62.3218482816884], [-6.60733184513449, 62.32217281733405], [-6.608528937877999, 62.32297852075527], [-6.609530362603491, 62.32359671032708], [-6.60964093448065, 62.32379442588498], [-6.610592005926666, 62.323964437592025], [-6.611007552405332, 62.32429639774254], [-6.611050055594064, 62.32444706590042], [-6.611349016516904, 62.324506058095935], [-6.612234245432874, 62.32515231348425], [-6.615047315764611, 62.326973601945575], [-6.615468631683198, 62.327079838612036], [-6.615719426863058, 62.32721377501332], [-6.616134642673262, 62.32724825756456], [-6.616146475875907, 62.32739166546915], [-6.615905529205623, 62.32747993435315], [-6.616524064187948, 62.328017270364015], [-6.616908326839322, 62.3280551718789], [-6.61697032339307, 62.32835296749355], [-6.61685903466067, 62.328488525147314], [-6.617157058499429, 62.328586903135026], [-6.617406431440125, 62.32940882652334], [-6.61725806751618, 62.3297986478319], [-6.617505571912577, 62.33007240760781], [-6.61738737440836, 62.33017561522778], [-6.6175074459648995, 62.3303053392114], [-6.61786563035858, 62.33046848957839], [-6.617991449505225, 62.33067705175144], [-6.617881958264074, 62.33074090355151], [-6.617529616038637, 62.330660184971904], [-6.617309721068668, 62.33050855431561], [-6.617162632848573, 62.330539979736], [-6.615606423281508, 62.330209105124815], [-6.615419022138782, 62.33030843453117], [-6.617381429638571, 62.33072750545246], [-6.617731084980337, 62.330922922370284], [-6.617781433909983, 62.33107013015505], [-6.617623912523734, 62.33120184611382], [-6.6177533295880915, 62.33126708497492], [-6.617491253162895, 62.33158098220782], [-6.617832826032258, 62.33241426497848], [-6.617766215116772, 62.33292274067134], [-6.617955145707173, 62.333386019889595], [-6.617857300413531, 62.33360054843961], [-6.61802173321971, 62.33380932072626], [-6.617983854149264, 62.33409580261691], [-6.618149453785246, 62.33425072429165], [-6.617947580835959, 62.334625985252444], [-6.617943720643981, 62.33477998839407], [-6.618189482921369, 62.33481722549329], [-6.618455885763034, 62.33494765100669], [-6.618494859917573, 62.33524882278973], [-6.618359848748632, 62.33540579417761], [-6.618463969053083, 62.335556882294256], [-6.618327981221143, 62.33576043477968], [-6.618157525743907, 62.33579891471212], [-6.617911024921543, 62.33579048569245], [-6.617839937310711, 62.33586172727783], [-6.618334259602885, 62.33612596199229], [-6.618427079727332, 62.33642751431088], [-6.618510376826186, 62.33648532058611], [-6.618391615360882, 62.33661006773472], [-6.618263513077656, 62.33711471001119], [-6.618329052903367, 62.33727268120842], [-6.618195019240465, 62.337390254141724], [-6.618328861876479, 62.337588088278146], [-6.618174633089145, 62.33790266111455], [-6.618285675797582, 62.33808600990871], [-6.618266567247455, 62.33823993214208], [-6.618039505525057, 62.338129392306655], [-6.617937347081394, 62.33890930530572], [-6.61767781874635, 62.33920968953866], [-6.617981553408961, 62.33945962633493], [-6.617856947006743, 62.341244823111204], [-6.617563276513994, 62.34210173218896], [-6.617241883348222, 62.34214095613785], [-6.617252567371212, 62.342477468332184], [-6.617116841043766, 62.34266010481191], [-6.616633542254377, 62.34267546310462], [-6.616553929333295, 62.34282987790291], [-6.616216855306411, 62.343382484501774], [-6.615728809639648, 62.343853411271326], [-6.616142107469578, 62.34460397188247], [-6.615603475626642, 62.344886296434666], [-6.615046875748686, 62.34533459144352], [-6.614715308918963, 62.346046385922705], [-6.614373000433936, 62.34693522921566], [-6.614141744391331, 62.3471528618263], [-6.614169852223894, 62.34758367584702], [-6.614039261700693, 62.348826114894514], [-6.613820584458931, 62.34909451044443], [-6.6137988400937395, 62.34927462777114], [-6.6136152306380875, 62.35079545295619], [-6.6131667602267585, 62.3517624756924], [-6.612919717863548, 62.3518568331477], [-6.612867689169399, 62.351942943678054], [-6.612776009237257, 62.353185957080846], [-6.612433894490434, 62.353177860664545], [-6.612252352947223, 62.35410859524519], [-6.609526433302022, 62.35692262758385], [-6.608121039914884, 62.35813020767111], [-6.607715570667741, 62.35864930301988], [-6.605664312300448, 62.359341834346736], [-6.605440248028858, 62.35956667079775], [-6.602639125758042, 62.360046705708626], [-6.599333760100817, 62.360118386483585], [-6.596095335269928, 62.35986181296086], [-6.595714064851811, 62.35985668371803], [-6.594282526238655, 62.35959157934604], [-6.591755342171183, 62.35916354880897], [-6.591298712166499, 62.35924787955151], [-6.590892140148043, 62.35914838570293], [-6.590820019781531, 62.35905699730574], [-6.589380572319935, 62.358918301225636], [-6.5890747597107575, 62.35870445011932], [-6.588646789087229, 62.35869867433919], [-6.588228156622481, 62.35854482388937], [-6.58779100724646, 62.35844129077383], [-6.586396880740234, 62.35857449667054], [-6.58472225665436, 62.35821198162669], [-6.583978486162676, 62.35790542416881], [-6.582949254780755, 62.357305620093925], [-6.582981511378589, 62.3570383496971], [-6.582693880354746, 62.357157541841886], [-6.5824554961081505, 62.35711085537013], [-6.581761956548725, 62.35687006977285], [-6.580998550876312, 62.3558796202702], [-6.580319237345445, 62.355664302943794], [-6.580211671266687, 62.35539155609092], [-6.580238532892118, 62.35521101464898], [-6.579348559019807, 62.355003712150086], [-6.579445578090505, 62.35482061645829], [-6.579346346910757, 62.353914936780534], [-6.579190508438412, 62.35379353774839], [-6.579513874756043, 62.35285379587356], [-6.5799784002401385, 62.3512722012451], [-6.580404498903226, 62.35017837154476], [-6.580590277822469, 62.34994581596443], [-6.580315002383832, 62.34986607262997], [-6.580237923907401, 62.349731225306414], [-6.580365721027277, 62.34942915839832], [-6.580449143154117, 62.349090228303325], [-6.580373862991419, 62.3485503003779], [-6.580141799645622, 62.34760719365742], [-6.580106859746415, 62.347465192555084], [-6.5802520060846765, 62.3472573421656], [-6.5800873996984155, 62.347276844330814], [-6.579882189807243, 62.3471981351003], [-6.579101141154177, 62.34574801864998], [-6.578752082291103, 62.34572885356216], [-6.5786345897952465, 62.345618802744575], [-6.579196753635484, 62.34521401682369], [-6.578535474086288, 62.34396439917866], [-6.578257192410147, 62.343309611195004], [-6.578289247142635, 62.34229729551532], [-6.577877758351314, 62.34128616885922], [-6.577377820331131, 62.33994839010166], [-6.576357325714781, 62.33872286628278], [-6.576004693568578, 62.33801640966257], [-6.5750402150003096, 62.33654484569845], [-6.574051474897443, 62.33538566555548], [-6.57209203827409, 62.3334576246317], [-6.570336976898958, 62.331895758348246], [-6.567224978362455, 62.329345626546676], [-6.565475252908943, 62.32810162686907], [-6.560870984366521, 62.32496294011284], [-6.557410983527944, 62.32225473013411], [-6.555904848571079, 62.319986437485674], [-6.554866152022197, 62.31874011253513], [-6.55623506384377, 62.31842094774138], [-6.556031203922965, 62.318285835605124], [-6.554469708077125, 62.31859282103503], [-6.550488246265571, 62.315598986434715], [-6.5473600577307725, 62.31294704693022], [-6.545303451066372, 62.31170427160395], [-6.546904525748383, 62.311130341680226], [-6.546862634139451, 62.311000040284846], [-6.545211395635524, 62.31168550080723], [-6.544071662453379, 62.31116808635377], [-6.541805153218275, 62.30997794248723], [-6.541362235938523, 62.309389558491404], [-6.538809052331791, 62.307113609133495], [-6.535527934464993, 62.30447473631834], [-6.53444133343598, 62.30391710890481], [-6.5342468746411235, 62.30381529131706], [-6.535050017210728, 62.30333700968336], [-6.534875477605588, 62.30325625463749], [-6.534102266883633, 62.30376011606607], [-6.530076506204209, 62.303062895655536], [-6.529173062224593, 62.30264453328592], [-6.528458712308171, 62.30143641124578], [-6.5281283723228745, 62.30117393358164], [-6.528164516489938, 62.300574603412834], [-6.52683082813334, 62.29898626758245], [-6.525856524128836, 62.29863629000605], [-6.52431310161125, 62.2989275311408], [-6.522234200312775, 62.29931978025914], [-6.522418920521575, 62.29951413742289], [-6.522612491183869, 62.29955035275385], [-6.523110288581998, 62.29947300564576], [-6.5231877625055885, 62.299572522878194], [-6.522611479465113, 62.29967316681915], [-6.522702597120097, 62.29987672361017], [-6.523018239316069, 62.30018948751251], [-6.524576161435858, 62.299916615147716], [-6.524329123291442, 62.29958631704209], [-6.524859837350035, 62.29995181529663], [-6.524872801474594, 62.29998307682036], [-6.524789366294412, 62.300041367348086], [-6.52363841703455, 62.300235987724584], [-6.523535786747064, 62.300453483250884], [-6.524388710247001, 62.30091933884817], [-6.524609123135347, 62.301235273088544], [-6.525317605413946, 62.301941211646394], [-6.525045781681125, 62.302661701737094], [-6.525664629474727, 62.303280296643884], [-6.526540505968419, 62.305282435843], [-6.527137512930993, 62.30664695956808], [-6.527330354754525, 62.307323889488636], [-6.527914547823642, 62.307830248518655], [-6.527883069325887, 62.30807562234285], [-6.528656836810805, 62.309125241609784], [-6.529157436796779, 62.31027398837944], [-6.530267144798117, 62.310982786877005], [-6.530307647358249, 62.3116008029375], [-6.530691110123655, 62.31211652015702], [-6.5321170413354634, 62.31373794918576], [-6.532200182739728, 62.31378548279198], [-6.533985151940326, 62.31641366912324], [-6.534509116016564, 62.31756621417766], [-6.534968935898031, 62.317883756708746], [-6.53509636716464, 62.31867219755226], [-6.535962798109218, 62.31951284889743], [-6.536603996517184, 62.31994735246785], [-6.53700627813883, 62.32059689521011], [-6.536738188175978, 62.320764731997265], [-6.537082292842319, 62.32176063710481], [-6.537482907839729, 62.32217641962557], [-6.538669982091773, 62.323408362899436], [-6.540240693923515, 62.32601694812458], [-6.542658349583605, 62.328927666789774], [-6.545917206840281, 62.331631182287985], [-6.548775671966948, 62.333406983892935], [-6.552048047989765, 62.33528327374771], [-6.553014769510422, 62.336384594902924], [-6.552432486912654, 62.33647808346513], [-6.553203995024698, 62.336501494829946], [-6.554252731310987, 62.33837628670556], [-6.55501389172225, 62.33926131680263], [-6.555335813942213, 62.34118642271968], [-6.555230657224315, 62.34198790321671], [-6.55565804127772, 62.3443376601281], [-6.555414086047849, 62.344504340280004], [-6.555668241806454, 62.34466690738121], [-6.554923867868453, 62.34696443863616], [-6.554652524500915, 62.34805669855629], [-6.553583962744993, 62.34932623049404], [-6.552682511972181, 62.3505328722442], [-6.551497725014664, 62.35265072319732], [-6.550905753990949, 62.3530259712088], [-6.55087382435444, 62.35352830692916], [-6.550628682428501, 62.35371309618274], [-6.550205423751624, 62.35437287378777], [-6.549150378056889, 62.35505289391164], [-6.547548091386775, 62.35539988028404], [-6.547283053104601, 62.35565300163052], [-6.5466471930513235, 62.355611748281184], [-6.545444296774142, 62.3560437556415], [-6.545190593102738, 62.35660818479992], [-6.54540304031629, 62.357551541946926], [-6.545808750104231, 62.357662020281815], [-6.545520089820254, 62.357791894819], [-6.545144693790136, 62.3578193228971], [-6.545240066085242, 62.358033974856696], [-6.545155667964937, 62.35813772104959], [-6.545425544355491, 62.35842358981257], [-6.544844873812281, 62.35922945242097], [-6.544298292071322, 62.35950042289767], [-6.544621386573618, 62.36005111315195], [-6.54485937535765, 62.36059330231459], [-6.544257058862207, 62.36051626605959], [-6.544116830393162, 62.36064093765827], [-6.544499051092357, 62.36087410380002], [-6.544474176138277, 62.36114141103037], [-6.544008219418457, 62.36136648121635], [-6.54358168872371, 62.3613425459909], [-6.542752265450656, 62.361649477145775], [-6.542870866592953, 62.36174512267614], [-6.544418272949152, 62.36165427855722], [-6.544720908350477, 62.3617922165805], [-6.544262589260358, 62.362144021649826], [-6.5444437565730516, 62.3622333139061], [-6.544977309419101, 62.36229127196051], [-6.545319445125666, 62.36241894909409], [-6.546016106056378, 62.36272874971293], [-6.54569723192475, 62.362970327783046], [-6.545585422805509, 62.363135186243646], [-6.545219255980626, 62.363506392269386], [-6.547115051149716, 62.36357212450626], [-6.550397078823811, 62.36510727422654], [-6.55085909925826, 62.365240531051015], [-6.553898837729808, 62.36612812258208], [-6.556994583276977, 62.36754123463305], [-6.55786450200548, 62.36807029745386], [-6.560197095325942, 62.368868866004895], [-6.562584747077633, 62.36953798528297], [-6.565921541651337, 62.370719045659385], [-6.5670736349567616, 62.370976963378915], [-6.567799887474322, 62.3714425816577], [-6.567912275221602, 62.37163578207713], [-6.570525639625121, 62.37243797983608], [-6.572775389700237, 62.37320265190457], [-6.573120822908538, 62.37316035032224], [-6.575211220880852, 62.37373474069138], [-6.57513664611994, 62.373806082103066], [-6.574924087368889, 62.37384297441672], [-6.575747352476422, 62.37412895613883], [-6.577312979688108, 62.374377980904185], [-6.577002477468883, 62.3744859032926], [-6.5786711304725385, 62.3749569418968], [-6.578087408455841, 62.37469946394851], [-6.581891947607455, 62.37576711117055], [-6.5816612089897415, 62.37597015993426], [-6.583473051439606, 62.37639603155395], [-6.583216532006059, 62.37663850110152], [-6.585208354454456, 62.376426581119645], [-6.585401512863042, 62.37645084011446], [-6.586446047059498, 62.37731484179204], [-6.589119281210492, 62.3785478646552], [-6.58934291673015, 62.37883660961594], [-6.588996966701042, 62.379012901167215], [-6.589708261816363, 62.379224945828796], [-6.590548225971501, 62.380502160785255], [-6.590887443489924, 62.380434298248616], [-6.591786840962098, 62.38063081027386], [-6.59211184448762, 62.38091725704709], [-6.5945912835358875, 62.382769745142156], [-6.594712764112599, 62.382948621121315], [-6.594264547624267, 62.3832645747557], [-6.594321348123519, 62.384487870571476], [-6.594015337796193, 62.384899737182636], [-6.592681556157426, 62.385044658834516], [-6.592248911540394, 62.38523778121285], [-6.588363174277672, 62.38557281902004], [-6.586301608609206, 62.38602259420298], [-6.585167571699354, 62.3861382144911], [-6.584584717027991, 62.387862952106126], [-6.585233490528597, 62.38833098752645], [-6.585321806291718, 62.38866489489451], [-6.58463311571547, 62.38871359678611], [-6.583881443488002, 62.38864556417871], [-6.583377963710654, 62.38884497783554], [-6.582799292998421, 62.38925318448586], [-6.582303428202643, 62.38945631763169], [-6.582413810659689, 62.39018476224702], [-6.580287383208204, 62.39066619402128], [-6.578073705791613, 62.39042295780029], [-6.574567961140892, 62.39152235293216], [-6.574502595560189, 62.39194464307358], [-6.577279703935764, 62.39251033280889], [-6.577351248847521, 62.39311178261596], [-6.575086583103893, 62.393182492733374], [-6.573127947984184, 62.39346714061369], [-6.572623300706462, 62.39331202740481], [-6.568973380161849, 62.39285029957355], [-6.565228534138027, 62.39216657773271], [-6.562327437137288, 62.39194999093584], [-6.561301186535152, 62.39215672910424], [-6.560739660289486, 62.39339692107363], [-6.55991353480527, 62.39388844038519], [-6.559127249708012, 62.39362824916831], [-6.557318814727667, 62.39252209962561], [-6.557810429546785, 62.39201882421196]]]]}, "properties": {"disaggregations": [{"Series": "Partur av f\u00f3lkinum, i\u00f0 livir av minni enn f\u00e1t\u00e6kamarkinum \u00ed landinum", "region": "Nor\u00f0oya \u00f8ki", "sex": "", "age": "", "Units": "%"}, {"Series": "Partur av f\u00f3lkinum, i\u00f0 livir av minni enn f\u00e1t\u00e6kamarkinum \u00ed landinum", "region": "Nor\u00f0oya \u00f8ki", "sex": "", "age": "Aldur 0 - 17", "Units": "%"}, {"Series": "Partur av f\u00f3lkinum, i\u00f0 livir av minni enn f\u00e1t\u00e6kamarkinum \u00ed landinum", "region": "Nor\u00f0oya \u00f8ki", "sex": "", "age": "Aldur 18 - 24", "Units": "%"}, {"Series": "Partur av f\u00f3lkinum, i\u00f0 livir av minni enn f\u00e1t\u00e6kamarkinum \u00ed landinum", "region": "Nor\u00f0oya \u00f8ki", "sex": "", "age": "Aldur 25 - 54", "Units": "%"}, {"Series": "Partur av f\u00f3lkinum, i\u00f0 livir av minni enn f\u00e1t\u00e6kamarkinum \u00ed landinum", "region": "Nor\u00f0oya \u00f8ki", "sex": "", "age": "Aldur 55 - 66", "Units": "%"}, {"Series": "Partur av f\u00f3lkinum, i\u00f0 livir av minni enn f\u00e1t\u00e6kamarkinum \u00ed landinum", "region": "Nor\u00f0oya \u00f8ki", "sex": "", "age": "Aldur 67 + ", "Units": "%"}, {"Series": "Partur av f\u00f3lkinum, i\u00f0 livir av minni enn f\u00e1t\u00e6kamarkinum \u00ed landinum", "region": "Nor\u00f0oya \u00f8ki", "sex": "Kvinnur", "age": "", "Units": "%"}, {"Series": "Partur av f\u00f3lkinum, i\u00f0 livir av minni enn f\u00e1t\u00e6kamarkinum \u00ed landinum", "region": "Nor\u00f0oya \u00f8ki", "sex": "Kvinnur", "age": "Aldur 0 - 17", "Units": "%"}, {"Series": "Partur av f\u00f3lkinum, i\u00f0 livir av minni enn f\u00e1t\u00e6kamarkinum \u00ed landinum", "region": "Nor\u00f0oya \u00f8ki", "sex": "Kvinnur", "age": "Aldur 18 - 24", "Units": "%"}, {"Series": "Partur av f\u00f3lkinum, i\u00f0 livir av minni enn f\u00e1t\u00e6kamarkinum \u00ed landinum", "region": "Nor\u00f0oya \u00f8ki", "sex": "Kvinnur", "age": "Aldur 25 - 54", "Units": "%"}, {"Series": "Partur av f\u00f3lkinum, i\u00f0 livir av minni enn f\u00e1t\u00e6kamarkinum \u00ed landinum", "region": "Nor\u00f0oya \u00f8ki", "sex": "Kvinnur", "age": "Aldur 55 - 66", "Units": "%"}, {"Series": "Partur av f\u00f3lkinum, i\u00f0 livir av minni enn f\u00e1t\u00e6kamarkinum \u00ed landinum", "region": "Nor\u00f0oya \u00f8ki", "sex": "Kvinnur", "age": "Aldur 67 + ", "Units": "%"}, {"Series": "Partur av f\u00f3lkinum, i\u00f0 livir av minni enn f\u00e1t\u00e6kamarkinum \u00ed landinum", "region": "Nor\u00f0oya \u00f8ki", "sex": "Menn", "age": "", "Units": "%"}, {"Series": "Partur av f\u00f3lkinum, i\u00f0 livir av minni enn f\u00e1t\u00e6kamarkinum \u00ed landinum", "region": "Nor\u00f0oya \u00f8ki", "sex": "Menn", "age": "Aldur 0 - 17", "Units": "%"}, {"Series": "Partur av f\u00f3lkinum, i\u00f0 livir av minni enn f\u00e1t\u00e6kamarkinum \u00ed landinum", "region": "Nor\u00f0oya \u00f8ki", "sex": "Menn", "age": "Aldur 18 - 24", "Units": "%"}, {"Series": "Partur av f\u00f3lkinum, i\u00f0 livir av minni enn f\u00e1t\u00e6kamarkinum \u00ed landinum", "region": "Nor\u00f0oya \u00f8ki", "sex": "Menn", "age": "Aldur 25 - 54", "Units": "%"}, {"Series": "Partur av f\u00f3lkinum, i\u00f0 livir av minni enn f\u00e1t\u00e6kamarkinum \u00ed landinum", "region": "Nor\u00f0oya \u00f8ki", "sex": "Menn", "age": "Aldur 55 - 66", "Units": "%"}, {"Series": "Partur av f\u00f3lkinum, i\u00f0 livir av minni enn f\u00e1t\u00e6kamarkinum \u00ed landinum", "region": "Nor\u00f0oya \u00f8ki", "sex": "Menn", "age": "Aldur 67 + ", "Units": "%"}], "values": [{"2009": 5.3, "2010": 5.0, "2011": 4.8, "2012": 5.6, "2013": 4.0, "2014": 3.7, "2015": 3.2, "2016": 2.8, "2017": 2.5, "2018": 2.7, "2019": 2.4, "2020": 2.3, "2021": 2.3, "2022": 2.4, "2023": 2.5, "2024": 2.6}, {"2009": 8.7, "2010": 7.7, "2011": 7.0, "2012": 8.1, "2013": 6.1, "2014": 6.0, "2015": 4.5, "2016": 4.1, "2017": 3.2, "2018": 4.0, "2019": 3.2, "2020": 3.5, "2021": 3.9, "2022": 3.2, "2023": 3.3, "2024": 3.2}, {"2009": 5.1, "2010": 4.4, "2011": 3.9, "2012": 4.9, "2013": 3.4, "2014": 4.2, "2015": 2.3, "2016": 2.8, "2017": 1.8, "2018": 2.8, "2019": 2.1, "2020": 2.4, "2021": 1.5, "2022": 2.5, "2023": 2.7, "2024": 3.1}, {"2009": 4.8, "2010": 4.8, "2011": 5.2, "2012": 6.0, "2013": 3.8, "2014": 3.7, "2015": 3.4, "2016": 2.8, "2017": 2.4, "2018": 2.7, "2019": 2.7, "2020": 2.2, "2021": 2.6, "2022": 2.4, "2023": 2.5, "2024": 2.8}, {"2009": 3.4, "2010": 2.9, "2011": 2.9, "2012": 2.9, "2013": 2.4, "2014": 1.6, "2015": 1.8, "2016": 1.3, "2017": 2.0, "2018": 0.8, "2019": 1.0, "2020": 1.1, "2021": 0.9, "2022": 1.8, "2023": 1.9, "2024": 2.2}, {"2009": 2.5, "2010": 3.0, "2011": 2.3, "2012": 3.1, "2013": 2.7, "2014": 1.9, "2015": 2.3, "2016": 2.2, "2017": 2.6, "2018": 2.1, "2019": 1.9, "2020": 1.6, "2021": 1.1, "2022": 1.5, "2023": 1.6, "2024": 1.5}, {"2009": 5.5, "2010": 5.3, "2011": 4.7, "2012": 6.0, "2013": 4.3, "2014": 4.2, "2015": 3.4, "2016": 2.9, "2017": 2.8, "2018": 3.0, "2019": 2.7, "2020": 2.6, "2021": 2.4, "2022": 2.6, "2023": 2.4, "2024": 2.7}, {"2009": 8.3, "2010": 8.1, "2011": 6.0, "2012": 7.7, "2013": 6.5, "2014": 6.1, "2015": 4.6, "2016": 4.0, "2017": 2.9, "2018": 3.5, "2019": 3.1, "2020": 3.2, "2021": 3.4, "2022": 2.8, "2023": 2.5, "2024": 2.9}, {"2009": 6.4, "2010": 5.6, "2011": 5.1, "2012": 7.5, "2013": 4.8, "2014": 5.8, "2015": 3.2, "2016": 3.6, "2017": 3.0, "2018": 3.7, "2019": 2.5, "2020": 3.7, "2021": 1.5, "2022": 3.8, "2023": 3.0, "2024": 2.4}, {"2009": 5.7, "2010": 5.3, "2011": 5.6, "2012": 6.8, "2013": 4.2, "2014": 4.8, "2015": 3.9, "2016": 2.8, "2017": 2.6, "2018": 3.7, "2019": 3.3, "2020": 2.9, "2021": 3.0, "2022": 2.8, "2023": 2.6, "2024": 3.1}, {"2009": 2.2, "2010": 2.5, "2011": 2.1, "2012": 2.8, "2013": 2.3, "2014": 1.3, "2015": 1.5, "2016": 1.3, "2017": 2.3, "2018": 1.0, "2019": 1.4, "2020": 1.2, "2021": 0.9, "2022": 1.6, "2023": 1.9, "2024": 2.0}, {"2009": 2.0, "2010": 2.6, "2011": 2.6, "2012": 3.3, "2013": 2.7, "2014": 2.0, "2015": 2.4, "2016": 2.4, "2017": 3.5, "2018": 2.2, "2019": 2.2, "2020": 1.9, "2021": 1.6, "2022": 2.0, "2023": 1.9, "2024": 2.0}, {"2009": 5.2, "2010": 4.7, "2011": 4.9, "2012": 5.2, "2013": 3.7, "2014": 3.3, "2015": 2.9, "2016": 2.8, "2017": 2.2, "2018": 2.3, "2019": 2.0, "2020": 1.9, "2021": 2.3, "2022": 2.2, "2023": 2.6, "2024": 2.5}, {"2009": 9.0, "2010": 7.2, "2011": 8.0, "2012": 8.5, "2013": 5.7, "2014": 6.0, "2015": 4.5, "2016": 4.2, "2017": 3.5, "2018": 4.4, "2019": 3.4, "2020": 3.7, "2021": 4.4, "2022": 3.7, "2023": 4.1, "2024": 3.4}, {"2009": 4.0, "2010": 3.3, "2011": 2.8, "2012": 2.7, "2013": 2.3, "2014": 2.8, "2015": 1.4, "2016": 2.1, "2017": 0.7, "2018": 2.0, "2019": 1.6, "2020": 1.2, "2021": 1.5, "2022": 1.5, "2023": 2.4, "2024": 3.7}, {"2009": 4.1, "2010": 4.3, "2011": 4.9, "2012": 5.3, "2013": 3.5, "2014": 2.7, "2015": 2.9, "2016": 2.8, "2017": 2.1, "2018": 1.9, "2019": 2.1, "2020": 1.6, "2021": 2.3, "2022": 2.0, "2023": 2.5, "2024": 2.4}, {"2009": 4.4, "2010": 3.3, "2011": 3.5, "2012": 3.0, "2013": 2.5, "2014": 2.0, "2015": 2.0, "2016": 1.3, "2017": 1.8, "2018": 0.7, "2019": 0.6, "2020": 1.1, "2021": 0.8, "2022": 1.9, "2023": 1.8, "2024": 2.5}, {"2009": 3.2, "2010": 3.4, "2011": 1.9, "2012": 2.9, "2013": 2.8, "2014": 1.7, "2015": 2.1, "2016": 2.1, "2017": 1.6, "2018": 2.0, "2019": 1.5, "2020": 1.2, "2021": 0.6, "2022": 1.0, "2023": 1.3, "2024": 0.9}], "observation_attributes": [{}, {}, {}, {}, {}, {}, {}, {}, {}, {}, {}, {}, {}, {}, {}, {}, {}, {}], "name": "Nordoya", "geocode": "4100"}}, {"type": "Feature", "geometry": {"type": "MultiPolygon", "coordinates": [[[[-7.01317053447202, 62.219161163549835], [-7.013362240935068, 62.21907664977514], [-7.013405868900695, 62.219091726033604], [-7.01317053447202, 62.219161163549835]]], [[[-7.007741566583706, 62.33423272198679], [-7.007892910992452, 62.334164643762506], [-7.008019798507869, 62.33420182324265], [-7.007741566583706, 62.33423272198679]]], [[[-7.007578823665424, 62.33425079493808], [-7.007741566583706, 62.33423272198679], [-7.00768459982313, 62.334258346834076], [-7.007578823665424, 62.33425079493808]]], [[[-6.775177329494245, 62.15442701856816], [-6.775203217091969, 62.15442927580841], [-6.7751982138301035, 62.154422910957656], [-6.775177329494245, 62.15442701856816], [-6.774526868621604, 62.15437030065816], [-6.773960835933302, 62.15394176419837], [-6.774315211838726, 62.15355340956993], [-6.773317787915633, 62.1523425170099], [-6.773381145373378, 62.15184786023778], [-6.773105979549782, 62.15115698465486], [-6.77255587041834, 62.150512596559956], [-6.7717759418752514, 62.15041109249613], [-6.771189992450556, 62.14951321212585], [-6.769731096569415, 62.14867625457368], [-6.768264618115628, 62.14794087903987], [-6.767892275167673, 62.14746452651396], [-6.768036234383223, 62.14698382722345], [-6.767291833313524, 62.14566266575518], [-6.76594162513837, 62.145195961543585], [-6.765606843836807, 62.144580418952636], [-6.763864851707596, 62.14367841677775], [-6.7637370572659306, 62.143612241941355], [-6.758764066245154, 62.14110407524811], [-6.757641576954963, 62.13976398824999], [-6.75739764454856, 62.13902276179197], [-6.7569640432053895, 62.13864710498344], [-6.756971918888687, 62.13817184309144], [-6.756611512268014, 62.13680591966], [-6.756305901739547, 62.13616541332647], [-6.756487516630367, 62.13517690348835], [-6.756406492378623, 62.13406967065378], [-6.756665562637817, 62.13387051129614], [-6.756562556505999, 62.13255742290968], [-6.756381510134104, 62.13240550905294], [-6.756173359085328, 62.13221086020245], [-6.756124733239311, 62.13205316260044], [-6.75598423777372, 62.132030462162255], [-6.755926778011826, 62.13199361021973], [-6.755956569824257, 62.13189438197911], [-6.756034531709822, 62.13181782244892], [-6.755976159437705, 62.131734413291746], [-6.755981363973034, 62.13163284757591], [-6.755948279675942, 62.13153606656473], [-6.755990729792854, 62.131479644394716], [-6.756008216312946, 62.13130660544099], [-6.75596385350006, 62.131235022843086], [-6.755996727254378, 62.13117375003405], [-6.755916069672516, 62.13109970317471], [-6.755990215681638, 62.13093020347068], [-6.755994918731449, 62.13074355316781], [-6.75595781626293, 62.130605138456644], [-6.756014808679513, 62.13055303685392], [-6.7560228506749365, 62.13035986864976], [-6.7560408789504525, 62.12998432845422], [-6.755977247467187, 62.12976893677928], [-6.755987748182707, 62.12961827478264], [-6.75595742119223, 62.129419852401846], [-6.755987347217143, 62.12917785657637], [-6.755970378409419, 62.128981886081114], [-6.755908348333077, 62.12876198628982], [-6.75575275223812, 62.1282603373143], [-6.755605582341594, 62.128275514424594], [-6.755157058858819, 62.127340369336586], [-6.755369824512666, 62.1273169003887], [-6.755416970363146, 62.12720155039694], [-6.755188853943192, 62.12676910477223], [-6.755139317157674, 62.126697850867394], [-6.755010106698269, 62.12665201571873], [-6.754821133769121, 62.12667041095207], [-6.754607353580285, 62.126222664334314], [-6.754782472269512, 62.12620125270724], [-6.7548393047857145, 62.126091572432344], [-6.754641709444412, 62.12589958718176], [-6.754652702134944, 62.125779171350835], [-6.754632631469966, 62.12550184433629], [-6.754499300098624, 62.1254555467755], [-6.7544592676516295, 62.12534371290684], [-6.754632192649821, 62.1252927728865], [-6.754478236094664, 62.12510920678788], [-6.754466182639668, 62.125054128191735], [-6.754385075583237, 62.12500224869155], [-6.754282197616027, 62.12473446961046], [-6.754232077194871, 62.12467429377813], [-6.754207712920199, 62.124470912557214], [-6.754147191625587, 62.12430039758896], [-6.754118704753823, 62.124040504061185], [-6.754116737609031, 62.12396598072603], [-6.7540864336183875, 62.123881059183894], [-6.754123557023227, 62.12381645299968], [-6.754028903614827, 62.123501321645556], [-6.75407308427382, 62.12345536073856], [-6.754038835734349, 62.123381786401715], [-6.7539899709800535, 62.12331866800292], [-6.75402431821844, 62.12323092511016], [-6.75399225590932, 62.12309045431853], [-6.753909098874794, 62.12303967242699], [-6.753954735707179, 62.122993977582865], [-6.753878963050938, 62.12293694093672], [-6.753833241951189, 62.122791400417114], [-6.753779080102845, 62.122738224580154], [-6.753718523107726, 62.12266160189499], [-6.753678978313053, 62.12241337991366], [-6.753685134101361, 62.12232988444454], [-6.753654692686551, 62.122252044247105], [-6.753619696287574, 62.12217046709454], [-6.753561148889121, 62.12212268769655], [-6.753577407844403, 62.12199254414111], [-6.753600473797797, 62.12190023705296], [-6.753684405761387, 62.12186764295932], [-6.753648623436205, 62.12176273687028], [-6.753648334773499, 62.12135444302945], [-6.753896707058291, 62.12041980801613], [-6.754114584739211, 62.11916101675864], [-6.753420793755592, 62.11876442349165], [-6.753451723793399, 62.11842914315392], [-6.753087898448778, 62.118205880579694], [-6.752834468264101, 62.11795451102643], [-6.75260438308722, 62.11758716312667], [-6.752545682724988, 62.11735969219968], [-6.752612636840023, 62.11732271141264], [-6.752658633412751, 62.11728657563075], [-6.752579675287772, 62.1172370637998], [-6.752527979346084, 62.11721808904817], [-6.7525352778224725, 62.117116844330276], [-6.7529994879900475, 62.11634812727388], [-6.753852926413441, 62.11561912118941], [-6.7543032236307265, 62.1152271665355], [-6.755047468006574, 62.11446792248963], [-6.755417648669984, 62.113136271882404], [-6.755709455993764, 62.11277442464741], [-6.756216095630983, 62.11170166866754], [-6.757176154021416, 62.11095084992182], [-6.7573253812139695, 62.110751887701674], [-6.7571070346583495, 62.10959977941771], [-6.756704837895496, 62.1091967086477], [-6.756471398229374, 62.10920056659608], [-6.756479743780481, 62.10936267626522], [-6.7564390930793135, 62.10938711143756], [-6.756441794101849, 62.108830098138405], [-6.756221413613834, 62.10882557516285], [-6.756195607610152, 62.10880911302875], [-6.756203064042044, 62.10869697130691], [-6.756109811543396, 62.108691258247674], [-6.755038028034808, 62.10889708938186], [-6.754997671611929, 62.10890067270011], [-6.754866067161166, 62.108842874250115], [-6.754958758964234, 62.10877862140135], [-6.756127530290386, 62.108555374075536], [-6.756793850584357, 62.10838500167861], [-6.756988623120897, 62.1083703356649], [-6.75774803238104, 62.108513178417745], [-6.757923519556077, 62.10853184876349], [-6.758079317723342, 62.10851321917812], [-6.758250709821674, 62.108372048127016], [-6.758640211288428, 62.108074624356036], [-6.759052880930739, 62.10799565312505], [-6.759786548979939, 62.10772678056582], [-6.759817014494781, 62.10762285802539], [-6.75977080078325, 62.10750108524079], [-6.759765058160087, 62.10742041372094], [-6.75916967819363, 62.10720152551695], [-6.759121744571143, 62.10719329783986], [-6.758982875322054, 62.10726207597005], [-6.758884379931864, 62.107240460398984], [-6.759695014708774, 62.106638785608325], [-6.759845130721749, 62.106602725511536], [-6.759908496114807, 62.106625163617636], [-6.759330003833053, 62.10709669717336], [-6.759686031569338, 62.10726076995165], [-6.760109602942305, 62.10693022582614], [-6.7599176922306645, 62.10685188418086], [-6.760028474814793, 62.10676034910612], [-6.760203407555291, 62.10674586053642], [-6.760504089699224, 62.10685329069961], [-6.760863378363485, 62.106728416687716], [-6.761020801484561, 62.106459213181395], [-6.760463171514943, 62.1064237891487], [-6.7604564187298575, 62.106392687458246], [-6.7609378224074, 62.10637916904036], [-6.760828128616145, 62.10598498848698], [-6.7588726987579895, 62.106097535896545], [-6.758842363292781, 62.10599725297352], [-6.758936595583087, 62.105992430887625], [-6.759889071805876, 62.10542662963092], [-6.760440282919557, 62.10457301109023], [-6.760459869392154, 62.104555802666816], [-6.7616515827878505, 62.10468662960834], [-6.762358486682898, 62.104954490387655], [-6.762458117636727, 62.1049270386153], [-6.762407884676223, 62.1048558652606], [-6.762336770744603, 62.104847344776985], [-6.7623724382818935, 62.10476630131314], [-6.762751261953503, 62.10462731980021], [-6.762928227911023, 62.1045423288605], [-6.762954249780899, 62.104501710441674], [-6.762762788727046, 62.10423672499096], [-6.762853527404557, 62.103660001275735], [-6.763083836061424, 62.10355073356974], [-6.763245048036183, 62.10352375566349], [-6.76418446299077, 62.10352950452557], [-6.764984812620088, 62.10333144350968], [-6.765570919977913, 62.103037176298734], [-6.765483825407234, 62.10260078165726], [-6.765659015264936, 62.10255036940369], [-6.765511986866746, 62.10227506197767], [-6.76606819223838, 62.10209531972481], [-6.766765927051204, 62.101400002398385], [-6.766712964676768, 62.10039458900191], [-6.767382665462183, 62.09898730303877], [-6.7673028679438065, 62.097395007607936], [-6.766942329449277, 62.09608593009036], [-6.766884399136206, 62.09544548523505], [-6.76620396393212, 62.09529983247658], [-6.765873600251008, 62.09500693092167], [-6.765728995973862, 62.09508225704814], [-6.765484664468897, 62.0950862129418], [-6.765330959216744, 62.09493613096131], [-6.76561306945929, 62.094882059007546], [-6.765022547612742, 62.093401549554756], [-6.763992951226689, 62.09243332630013], [-6.7639225838135255, 62.0921973216195], [-6.76319896981323, 62.09134320928038], [-6.7630053483056765, 62.09092124967475], [-6.7632912191149535, 62.090333943066206], [-6.763969431277784, 62.09015393984635], [-6.7651993300521704, 62.09027732714893], [-6.766866174867003, 62.09066839035648], [-6.769454482384209, 62.09182737222818], [-6.769547409119594, 62.0920096889296], [-6.769700301014594, 62.09202732622456], [-6.769808388873673, 62.09329031059563], [-6.7704053377794775, 62.093500500223115], [-6.770681953316687, 62.09373264092224], [-6.770959223778477, 62.094086534359256], [-6.771096150130125, 62.095066722329605], [-6.771765178487328, 62.09574196347148], [-6.773029919977296, 62.09642346586463], [-6.773212770298085, 62.09638026071826], [-6.773274847085117, 62.09651611010378], [-6.7736666156414875, 62.09683754295154], [-6.773803324591431, 62.0967443051702], [-6.775209945816026, 62.09801954262916], [-6.7755235023199125, 62.098101344892584], [-6.776301708878318, 62.09802487762595], [-6.776515901408449, 62.09806396165352], [-6.779015500830933, 62.10050033318909], [-6.778941263957978, 62.10077952605167], [-6.77940132892464, 62.10104358944096], [-6.779471609744354, 62.10126171594691], [-6.780424866728161, 62.10209750658213], [-6.781151685611895, 62.10229311856327], [-6.781190882640597, 62.102425454442105], [-6.781358864547586, 62.102428775354156], [-6.781811801843369, 62.10274649401267], [-6.78325649984007, 62.10391783436708], [-6.784187961856781, 62.10488953280352], [-6.785563433536825, 62.10600371484977], [-6.785488266286653, 62.106164834676335], [-6.785795596171303, 62.10638620975611], [-6.786300324758721, 62.10647840495636], [-6.786132895229992, 62.10656452004716], [-6.7864696918143315, 62.106649809431765], [-6.7886117983329335, 62.10810974481948], [-6.789039793879372, 62.1081376784105], [-6.78914618560708, 62.10807662129396], [-6.789459695111203, 62.10810829173745], [-6.789659392589149, 62.10825826982762], [-6.7894540353053205, 62.108373141384504], [-6.789125586822764, 62.108380825295086], [-6.789096034488306, 62.10850254363603], [-6.7897080406859045, 62.108619601835336], [-6.7900380732759595, 62.10881942268688], [-6.790046609375777, 62.10893393827508], [-6.790283316394384, 62.10893349658882], [-6.792128397495736, 62.10996662260206], [-6.795055580180607, 62.11160546054132], [-6.7972560637687, 62.112614229299176], [-6.799843389235764, 62.11420917043758], [-6.802135564253823, 62.11518196428205], [-6.8050083905452, 62.116142913616876], [-6.810342544990836, 62.1181190789628], [-6.813019021295049, 62.11927704458855], [-6.814584828545246, 62.12010069735004], [-6.81484510527567, 62.12016818729888], [-6.81549857302557, 62.12061427895896], [-6.8193310436474865, 62.12285771340783], [-6.822555820711371, 62.12372461273396], [-6.822814780073263, 62.123623912134335], [-6.823075793686863, 62.123759359276065], [-6.825912107961417, 62.12388981975644], [-6.828734255049458, 62.12412755335959], [-6.828939953567094, 62.12405554361976], [-6.830692182372443, 62.12431327343277], [-6.83230874989626, 62.124739435079185], [-6.832943293218795, 62.12478114393467], [-6.834061437262455, 62.12504004195192], [-6.836809650263416, 62.126358447732045], [-6.839788004988819, 62.127733531567145], [-6.841723724158077, 62.12874577017404], [-6.8430572177577025, 62.12993103241455], [-6.844573565530138, 62.13102997613475], [-6.845897912728499, 62.13203622975195], [-6.8470210947453305, 62.13355466176376], [-6.848131535966575, 62.13558730438605], [-6.847964272082462, 62.135665954852335], [-6.847920912367947, 62.13611802473867], [-6.848839706819704, 62.13742219849836], [-6.849081960514215, 62.13762535204038], [-6.849307922476682, 62.1381262203824], [-6.849565728450363, 62.138340118097666], [-6.850829223024396, 62.13996886844386], [-6.851715986286773, 62.14054174265421], [-6.852127501096253, 62.141113351756324], [-6.852813738677666, 62.14162269107698], [-6.85310861582994, 62.1421160902127], [-6.85610984232019, 62.144973071342385], [-6.856922982272009, 62.14566821129348], [-6.857369132145879, 62.14639026296251], [-6.857859997704907, 62.14674276778058], [-6.858183736595783, 62.14714987603992], [-6.861230703786138, 62.14961933468256], [-6.863119226769093, 62.150731956120985], [-6.864628170204496, 62.151663731845225], [-6.86543414130065, 62.15236238563147], [-6.866547590606442, 62.15276896763522], [-6.86642705260077, 62.1528593123663], [-6.8683988343056805, 62.15390688200547], [-6.868386163200452, 62.15402168942036], [-6.86882679759772, 62.15449996205661], [-6.869500164571484, 62.154768951671755], [-6.872112270161915, 62.15532912577604], [-6.872610963697776, 62.155344497725714], [-6.873891102783972, 62.15566765969471], [-6.875324258977639, 62.155968555519244], [-6.875737395743758, 62.155934126724446], [-6.8759317241191855, 62.15604788559954], [-6.877001812375175, 62.15623592112089], [-6.878326886346037, 62.15616193638732], [-6.87869958149813, 62.15604159397038], [-6.8792633461956125, 62.15621082359994], [-6.880160083259199, 62.15588330011544], [-6.880658184383948, 62.15587708793777], [-6.881050058054168, 62.15584442818214], [-6.8810478233137005, 62.15587945106447], [-6.881362198207901, 62.155884972460505], [-6.881363017744844, 62.15591721410036], [-6.882319290749488, 62.156152396512645], [-6.882213808729655, 62.15622826125448], [-6.881250406205217, 62.1560181959099], [-6.881253139550119, 62.15613296974709], [-6.88040588466739, 62.15628799126053], [-6.880006401350956, 62.15625064331223], [-6.8797629211815, 62.15632367843901], [-6.879659002435648, 62.156467704296865], [-6.880037971762584, 62.1566091476575], [-6.879985562330122, 62.15665601687982], [-6.880687627264927, 62.15684593789453], [-6.881118791963433, 62.15691895947961], [-6.88143368905272, 62.15725800147172], [-6.881698166424906, 62.15772824126262], [-6.8833621525224995, 62.15837928614567], [-6.883845069379866, 62.15837669047713], [-6.884173597815619, 62.15864752525328], [-6.883946711327747, 62.15877423683034], [-6.88473210966616, 62.15922907528592], [-6.885280341952087, 62.159391129414324], [-6.886378785105043, 62.15947493492792], [-6.8873281775082855, 62.159419645164036], [-6.887462385448398, 62.15926476383162], [-6.888130014287335, 62.159286332684765], [-6.888275994860068, 62.158984310202214], [-6.888592745055507, 62.159083036613595], [-6.888822148033731, 62.1593722804063], [-6.88988849410866, 62.15939883208103], [-6.890326918142622, 62.15914192444581], [-6.890827898139773, 62.159246859248626], [-6.890916351320697, 62.15910654064844], [-6.89075440538216, 62.15906430788247], [-6.891329519337426, 62.15907197575677], [-6.892151341732169, 62.159128547330674], [-6.892294476255433, 62.15933935774278], [-6.892916854601748, 62.159393432239284], [-6.893210046298803, 62.15977915681519], [-6.893555885293813, 62.159813137373995], [-6.89356147939883, 62.15972703920844], [-6.89436459218789, 62.15995944986766], [-6.894261217340749, 62.16012135899017], [-6.894900181114831, 62.160232682589125], [-6.895767615950076, 62.16024378059773], [-6.895893676193076, 62.160266779739146], [-6.896645637276906, 62.16040396868489], [-6.896795364991534, 62.160564510645045], [-6.897600837502986, 62.16089371385382], [-6.898040485500281, 62.1609952681956], [-6.89992531027054, 62.16125049773226], [-6.901382383825293, 62.161884448865585], [-6.901814996640849, 62.162007609606356], [-6.903337213100533, 62.16217507317154], [-6.904976424727228, 62.16210521997145], [-6.906829483467981, 62.16200185741249], [-6.907811100429549, 62.16170246015097], [-6.909638154347224, 62.161477294786415], [-6.912522869766831, 62.16119464684138], [-6.915082071348101, 62.160880366540624], [-6.916647307777198, 62.16061715061013], [-6.9184098439222526, 62.15997624121082], [-6.919111749485144, 62.15953485664996], [-6.92026347527379, 62.15929897184498], [-6.921482489426051, 62.159299380796554], [-6.9228955015554074, 62.15938473681116], [-6.924991562498186, 62.159799799937375], [-6.925981145832651, 62.16012413724318], [-6.927406364448521, 62.160984007183245], [-6.92877478779512, 62.16201618417061], [-6.9300949664286575, 62.16296620258786], [-6.930636611361108, 62.16315320043127], [-6.930859995349242, 62.16379023583888], [-6.931439925393288, 62.16397349221842], [-6.931790248866468, 62.1641794466942], [-6.931603618424521, 62.164374163109805], [-6.933903066858703, 62.1658206367468], [-6.9351531498636, 62.16671362950487], [-6.936383987605851, 62.167746637192764], [-6.9368213548530475, 62.16864421915459], [-6.937792944749014, 62.16961195257886], [-6.938174320272996, 62.169848514000954], [-6.938814774455249, 62.17033579604878], [-6.938109553298998, 62.17056393147432], [-6.938307832661866, 62.17067514281704], [-6.93871417395686, 62.17055029270021], [-6.939196741708975, 62.17046499600597], [-6.940265344003039, 62.17100997880299], [-6.940837826686806, 62.17127181205015], [-6.941281941958762, 62.171258024098684], [-6.941847941147662, 62.17130152167002], [-6.942046333741095, 62.17141982102625], [-6.94200785719765, 62.171452017025096], [-6.941763113209388, 62.17143384371802], [-6.941663449145792, 62.17144807533326], [-6.941663029459901, 62.17155893721371], [-6.9419450095205475, 62.171781085733], [-6.941989864300868, 62.1720029485597], [-6.941619906254842, 62.172499823491215], [-6.9409816740155845, 62.173132401818435], [-6.941011121736028, 62.17334353306565], [-6.941789307297659, 62.17384891202249], [-6.942088222449073, 62.17374543978971], [-6.941669232730493, 62.17338004876075], [-6.941831087357946, 62.173151287403655], [-6.942453572091869, 62.17262601840955], [-6.942578190727279, 62.172178918014616], [-6.942505305605673, 62.171441799083524], [-6.942552654419642, 62.17116277253908], [-6.942920636936987, 62.1710201053108], [-6.943570121926445, 62.17124258150548], [-6.9439739323684595, 62.17160801143609], [-6.944201465790682, 62.17201607330795], [-6.9445453248562385, 62.17212736731254], [-6.9449811280984, 62.1722137190989], [-6.946997783895337, 62.17297081052319], [-6.94841230020777, 62.1732513505388], [-6.951819383796887, 62.174575087750895], [-6.952293507381809, 62.174657851824925], [-6.952821526065249, 62.17467623544597], [-6.953518791670166, 62.174508773200614], [-6.953755825307687, 62.17455912921755], [-6.953930661035661, 62.17481692659421], [-6.953646414280994, 62.175056374167454], [-6.953699521879994, 62.17516012481775], [-6.955347716003177, 62.176278100187616], [-6.956859381280182, 62.17710964956455], [-6.957064280510636, 62.17750334924434], [-6.957666581059175, 62.178047787527554], [-6.958054487795013, 62.17857048606044], [-6.958694433883647, 62.179272392528546], [-6.959526202237356, 62.17986714648679], [-6.960152657558782, 62.18012528938333], [-6.961114353414858, 62.18077382988832], [-6.962817552544188, 62.18167347441835], [-6.9642465810817855, 62.18227229412055], [-6.96462793302716, 62.182594686937676], [-6.9656750410397015, 62.18300350136188], [-6.96656946544875, 62.18331204151338], [-6.966844535177054, 62.183441031232235], [-6.9674242706476335, 62.18397108753754], [-6.969190975059911, 62.184384124966364], [-6.969573619264945, 62.184413062704], [-6.969848471836192, 62.184602996957246], [-6.9699691191486375, 62.184630359426684], [-6.970307536473608, 62.184707110708125], [-6.971461519020462, 62.18520900734337], [-6.972004724895184, 62.185284630849054], [-6.97266218314077, 62.18556785352514], [-6.974229413711323, 62.18615960567772], [-6.975988351912606, 62.18665475895756], [-6.9767988466097455, 62.18696317320568], [-6.9774568915312605, 62.187060287422504], [-6.977839715938646, 62.187092884945606], [-6.978649619932006, 62.18750855428855], [-6.979475572085972, 62.187784680517616], [-6.979746780767505, 62.18789662047901], [-6.982007653851073, 62.187072740044094], [-6.982092445664767, 62.18707747357453], [-6.982158254617213, 62.18710186001421], [-6.982155726763992, 62.18715137615066], [-6.980667212742832, 62.18771952006529], [-6.982030575246444, 62.18821458478584], [-6.982056903888, 62.18822600915088], [-6.982127373210344, 62.188183315574754], [-6.982586017695284, 62.188341332712056], [-6.982693747519653, 62.18837674128318], [-6.982643950396878, 62.188409052935285], [-6.982619292412374, 62.18842736672297], [-6.9836017012461875, 62.18875825605091], [-6.983631029541779, 62.18878525381035], [-6.9834687241679205, 62.188897262968084], [-6.983425560464399, 62.18894538092899], [-6.983423238538541, 62.1890466971043], [-6.983973058114293, 62.189076316551876], [-6.984983848235649, 62.18910221164885], [-6.985558291069453, 62.18904178423938], [-6.985726732749432, 62.18904548491424], [-6.987715781982889, 62.189587270843184], [-6.98887879314566, 62.18985296297586], [-6.989766377704365, 62.19000747294973], [-6.990554575125085, 62.19019770321251], [-6.9912733985218765, 62.19046655051941], [-6.992275514576944, 62.19077494951774], [-6.993001945238965, 62.19108312655555], [-6.993322617719882, 62.19140536472626], [-6.993489849706546, 62.19175258479726], [-6.993909818671446, 62.19212500090417], [-6.994145972941131, 62.192493593313124], [-6.995131815127563, 62.19311332344908], [-6.995246130807835, 62.193299449322346], [-6.995183815764519, 62.193628540599086], [-6.995251703923552, 62.19393267074654], [-6.995854897572045, 62.194501985261525], [-6.996090374703837, 62.19511392748047], [-6.996388258596527, 62.195343097044656], [-6.997198856904725, 62.19574079663008], [-6.997297808392942, 62.19595910537549], [-6.997036487238659, 62.19625229202134], [-6.996905239893673, 62.19653128585564], [-6.996834520721787, 62.19713593657107], [-6.996872100305475, 62.197329122674994], [-6.9971089865763325, 62.19750462625646], [-6.9978583237868754, 62.19792010924783], [-6.997865597272062, 62.19803107862275], [-6.998278476862156, 62.198288921574864], [-6.998185491262104, 62.198628792581346], [-6.998964702680898, 62.1992589775452], [-6.999074491437367, 62.19952105032665], [-6.998974970643148, 62.19979407550297], [-6.999970352966947, 62.19970163313253], [-7.000047125753086, 62.19972039618345], [-6.999525487279188, 62.19982673733185], [-6.999495367630203, 62.19985879977838], [-6.999845774147934, 62.20092062175571], [-7.000417792217118, 62.20093680262482], [-7.000433817517139, 62.200956961981014], [-6.99931582197528, 62.2010253435388], [-6.9990718770864735, 62.20106117503746], [-6.9987194004917805, 62.20118276040167], [-6.998520447876557, 62.20144553728034], [-6.998610514180141, 62.20153400056652], [-6.998642054180794, 62.20166174711064], [-6.998854590268327, 62.20165367808372], [-6.998860462008284, 62.20167826954466], [-6.998644480145291, 62.20169194436301], [-6.998614899661522, 62.20185750053043], [-6.9991401964914335, 62.20191578797909], [-6.99912832084748, 62.20195008809134], [-6.99862967132154, 62.20190448288953], [-6.998329725644905, 62.2021533084847], [-6.998522860165503, 62.20231677767347], [-6.998978222869722, 62.20224667606882], [-6.999000469468345, 62.20227653046771], [-6.998551490671492, 62.20234600598939], [-6.998736058936908, 62.202601364343366], [-6.999147371978133, 62.20254346438244], [-6.9991543099507405, 62.20257229030873], [-6.998743958118208, 62.20263891171005], [-6.9988968629483415, 62.202908086806644], [-6.999508795438661, 62.202816091148335], [-6.999183378624108, 62.20219325672919], [-6.999313914291716, 62.20216376286859], [-6.999481726639224, 62.20246919416316], [-6.999674814062836, 62.202915881114166], [-6.999621957271903, 62.202962428000866], [-6.998959838860928, 62.20314777881321], [-6.998623748109674, 62.20316672535142], [-6.998284850633492, 62.203402691414055], [-6.998648434282112, 62.20318584270161], [-6.9989483441217235, 62.20317921180049], [-6.9990413387914785, 62.203267088489525], [-6.999102766424412, 62.20342839001891], [-6.999294693589313, 62.203569577890974], [-6.999660026433647, 62.203911292416194], [-6.999688722321333, 62.2040181712775], [-7.000046460941825, 62.204218838501205], [-7.000168617295676, 62.2042086579996], [-7.0001400862148495, 62.20430017031366], [-7.000365027578055, 62.20447136570844], [-7.000646361848316, 62.204848314095635], [-7.0005929290199935, 62.204903560623904], [-7.000824817561521, 62.20510358109244], [-7.000760430358071, 62.20520247710129], [-7.000840762463677, 62.20533676003572], [-7.0009484988739255, 62.20541407516093], [-7.0011079425151825, 62.205599228142205], [-7.001405255990462, 62.20578672361389], [-7.001570040788447, 62.20582105191369], [-7.001797345339764, 62.20581974354263], [-7.002136195807909, 62.20590801223708], [-7.002937034988585, 62.205817640296914], [-7.004077501429111, 62.20716915687233], [-7.00403026688137, 62.207226648159725], [-7.003167548162275, 62.20740366166786], [-7.003299642239763, 62.207482043001534], [-7.003300557037476, 62.20753232647336], [-7.0033794781988945, 62.20758328224343], [-7.003488520782657, 62.20780433317253], [-7.003443447998402, 62.207811495265425], [-7.003315742467082, 62.20775400345018], [-7.00333220556001, 62.20780172756422], [-7.00325348486797, 62.207867294082], [-7.00345150804469, 62.20800712672221], [-7.003643639860435, 62.208005937987686], [-7.003690670917328, 62.20809449708989], [-7.003422774811514, 62.208183467798875], [-7.003901533043605, 62.208348788688625], [-7.003974848934045, 62.20845567900527], [-7.004063317946136, 62.208542678857654], [-7.004023489117593, 62.20856068869621], [-7.003963528147602, 62.208863782972315], [-7.004094552311577, 62.20901979767764], [-7.004043624307086, 62.20918289330384], [-7.004280166659019, 62.209423998029834], [-7.004242518111857, 62.20951394371764], [-7.004488357053757, 62.20987663812432], [-7.004424328875348, 62.209949687583645], [-7.0045379613035355, 62.2101304972941], [-7.004543315892926, 62.21030310893517], [-7.00445679264996, 62.210349892280156], [-7.004245760443086, 62.21037801066552], [-7.0039801890966045, 62.2105160295901], [-7.003977753985233, 62.210628833422625], [-7.00367316976722, 62.210696541309964], [-7.003982906108354, 62.21069506671288], [-7.004102985232018, 62.21086411994314], [-7.004255859450846, 62.21094252926716], [-7.0044671982448445, 62.210997361146546], [-7.004618154293799, 62.211128256959945], [-7.004656112531136, 62.211246667884296], [-7.004794240776283, 62.21131840147371], [-7.004761962733487, 62.21136183465196], [-7.00501372000195, 62.21159121700209], [-7.004933223322931, 62.211669057266086], [-7.005039556020723, 62.21173315255079], [-7.005025744289514, 62.211846511116974], [-7.0049747419532356, 62.21189398437193], [-7.005011923497629, 62.21195708673392], [-7.004932964182623, 62.211991142157686], [-7.004967290172625, 62.21202754234781], [-7.0050383098927105, 62.212023535048644], [-7.005088139083122, 62.212058093130935], [-7.005129120982963, 62.21226784160486], [-7.00520663635555, 62.212325777807465], [-7.005169236781405, 62.21237981997372], [-7.005384661286806, 62.21266765755118], [-7.0054706651776595, 62.21271350695284], [-7.005432817805041, 62.21279770488924], [-7.00559047964833, 62.21285032799638], [-7.005557731734409, 62.2129038086515], [-7.005655150804314, 62.21307415077957], [-7.005656533980784, 62.21334805350392], [-7.005919097179047, 62.213600569543765], [-7.005824123663396, 62.213755133938044], [-7.005821490898816, 62.21386227939954], [-7.005934638500695, 62.214050800600006], [-7.005922057346052, 62.21414550504234], [-7.005749012632234, 62.214273813902736], [-7.005678222650452, 62.21441148979846], [-7.0056817577169594, 62.214632280552294], [-7.00577540782939, 62.214632188313615], [-7.005954740509412, 62.21459239130655], [-7.006141568771246, 62.21469282976355], [-7.005986321836376, 62.214761070090134], [-7.005997432637929, 62.2149135661411], [-7.005934556945843, 62.215047854763135], [-7.006072324925354, 62.2152159028173], [-7.006140437025933, 62.21541095893436], [-7.006200164768811, 62.215438387303244], [-7.006179209444141, 62.21547336552297], [-7.006361970886298, 62.2157232989728], [-7.00650981365557, 62.21577928084854], [-7.006639863264128, 62.215959515731306], [-7.00652928016037, 62.21611161246944], [-7.006645414217937, 62.216167318824695], [-7.006631199816244, 62.21626056355287], [-7.00673674938595, 62.21633685442663], [-7.006926778168591, 62.21632458875069], [-7.007072284677634, 62.216445349032774], [-7.007465655398578, 62.216653955581606], [-7.007689306450246, 62.216688940094095], [-7.007971624811167, 62.21687862769461], [-7.008308951297757, 62.21720564025351], [-7.008333307797776, 62.21725634920166], [-7.00823570226455, 62.21733107360353], [-7.008232770263802, 62.21741658052683], [-7.008052169593479, 62.217492987837666], [-7.007845323974276, 62.21750061544129], [-7.008078257474741, 62.21771616606433], [-7.008188632859105, 62.2177221467148], [-7.008224405979412, 62.21776009270591], [-7.008501650197406, 62.21786631177865], [-7.008920499077036, 62.218149965824445], [-7.00968825051984, 62.21844175760896], [-7.009950196396175, 62.21843563434797], [-7.0101283968501225, 62.218486481151565], [-7.010293637691696, 62.2185004270883], [-7.010520527613816, 62.21857710547692], [-7.010730507905673, 62.21861260726654], [-7.010864991404262, 62.218693707483446], [-7.011630939509419, 62.218855298813], [-7.011917926758836, 62.218822240641714], [-7.012015997926345, 62.21889267502304], [-7.012263719631309, 62.21891578773539], [-7.012464949440348, 62.21890008378485], [-7.012709459878226, 62.218969200665704], [-7.01275716003523, 62.21901306106838], [-7.012934607400756, 62.219028614632364], [-7.01317053447202, 62.219161163549835], [-7.0133853833835085, 62.219298437730146], [-7.01348848367175, 62.21931867292374], [-7.0135908296169, 62.219420765471504], [-7.013978548303564, 62.21946463740418], [-7.0141062074267815, 62.21964411199569], [-7.014590241297044, 62.21976485305318], [-7.014639580598837, 62.21981017244521], [-7.015235235815355, 62.21949560625494], [-7.015337401500623, 62.219533062100595], [-7.014725022495196, 62.21984164469626], [-7.014820839698838, 62.21994660531676], [-7.015838336079532, 62.22032334787975], [-7.01606711131046, 62.22035112033095], [-7.016419363321685, 62.2204434023094], [-7.016481032657823, 62.220509004911186], [-7.016585897472487, 62.22054937084531], [-7.016574071609444, 62.22060952592727], [-7.017088663475987, 62.2208249499675], [-7.017913201024523, 62.22091839974975], [-7.01825396622839, 62.22113053229244], [-7.01832701115983, 62.22125455532362], [-7.018545557368718, 62.22154456820478], [-7.0185314588145, 62.221592482606965], [-7.019065236805378, 62.22199722272275], [-7.019420765836914, 62.222042774505425], [-7.019802653278424, 62.22224112604583], [-7.019797277695666, 62.22234096064533], [-7.020090545855128, 62.2224386761652], [-7.020643472782523, 62.22296881817954], [-7.020780227565816, 62.22299527206614], [-7.020840875144225, 62.223073784446306], [-7.021396136963059, 62.22316831522538], [-7.021567790913681, 62.223334763587616], [-7.022025722840631, 62.223479522582004], [-7.02212966164953, 62.223622654481964], [-7.0222493871460605, 62.223694915182016], [-7.022275342346248, 62.223765751838634], [-7.022745489522432, 62.22415655475566], [-7.022916279041853, 62.224224514216274], [-7.023277956989607, 62.22424707292452], [-7.023537676702458, 62.224231555931475], [-7.023805380056627, 62.22436776885478], [-7.023881207926257, 62.22429344239081], [-7.024088577433135, 62.22434324880982], [-7.024039553461969, 62.224387076477804], [-7.024141593288486, 62.224447504046466], [-7.023993543576991, 62.224540911850305], [-7.023941083804268, 62.225011623638025], [-7.024380043683876, 62.225141113475516], [-7.024092222035328, 62.22516269593019], [-7.023941270187222, 62.22509717446242], [-7.023952034955478, 62.2252770414891], [-7.024006199930932, 62.22529298212477], [-7.024129119133379, 62.22525164111809], [-7.02435275126815, 62.225223311416364], [-7.0243911258596015, 62.22524836326613], [-7.023963736488087, 62.22544255906667], [-7.023736652850761, 62.2254765842028], [-7.023390339833224, 62.22545415562371], [-7.023163807448988, 62.225411975268884], [-7.023078231474829, 62.22531443797701], [-7.022724725151142, 62.22524019944864], [-7.023011922210083, 62.22533719348181], [-7.023073232232263, 62.22543223129846], [-7.023291088999478, 62.22548649677816], [-7.023576512251004, 62.225522332865545], [-7.023940373387547, 62.225491060320905], [-7.02453687077112, 62.22537601889397], [-7.0246001128811635, 62.22543562538055], [-7.024316468470121, 62.22551135244227], [-7.024317845005656, 62.22555805095591], [-7.02470995359169, 62.22555639709568], [-7.02532152828921, 62.22559354238995], [-7.025422959472326, 62.22568699457749], [-7.02535912523578, 62.22601095516506], [-7.025571695430073, 62.22623192920656], [-7.02565550757203, 62.2267341997531], [-7.025743232656752, 62.226958247653755], [-7.0260170013684, 62.227252711537815], [-7.0262085049969505, 62.22731018863722], [-7.026350679895353, 62.22746041267627], [-7.0264292802070365, 62.22745865601485], [-7.027101680856042, 62.22810976534827], [-7.027072376526077, 62.22822290478323], [-7.027128707374822, 62.228320832138884], [-7.027126938805095, 62.22843651675297], [-7.02734308906325, 62.228541020754484], [-7.027483817577598, 62.228542389193024], [-7.028301511930302, 62.22832517264672], [-7.028354651933601, 62.22838059440481], [-7.027435673925245, 62.22862581779401], [-7.027546284239089, 62.22874103222695], [-7.027805105476398, 62.22884910317113], [-7.0278449581341516, 62.228943115964896], [-7.027990120259941, 62.22900343390386], [-7.0307669796825305, 62.23074369744923], [-7.031388957238915, 62.231104750643304], [-7.032307316134196, 62.231289923531065], [-7.033664326912205, 62.23182177969274], [-7.034404994969884, 62.23203584342859], [-7.035522412962036, 62.23271309918455], [-7.0362186485967575, 62.23293639926989], [-7.036678127629336, 62.23330853408677], [-7.037470128075408, 62.234262909551404], [-7.037551388796603, 62.23445182997633], [-7.03776994754728, 62.23470141312595], [-7.03842093503856, 62.2350166836919], [-7.038771603511841, 62.235901879512205], [-7.039080792649666, 62.236239380947744], [-7.03972450860335, 62.23714261940992], [-7.040996723527297, 62.238249277534365], [-7.041649211787514, 62.23866049448731], [-7.041992563631217, 62.23912613496885], [-7.042170994319899, 62.23929655468305], [-7.043667078269673, 62.23970656480227], [-7.046567058635926, 62.24086683563209], [-7.047650553633053, 62.241592825153724], [-7.047897324739235, 62.24203691387736], [-7.048512010747199, 62.24259230375538], [-7.04927906548389, 62.24281439059997], [-7.04928277374872, 62.24327628780432], [-7.048824065943725, 62.243599572710856], [-7.048817969630641, 62.24371797809863], [-7.049609572946638, 62.24456350727178], [-7.050027876491825, 62.245359939066724], [-7.050429776161484, 62.2468025421841], [-7.050545173934906, 62.24917873102973], [-7.050492989719905, 62.25028446017237], [-7.050421902885196, 62.25070310942594], [-7.050495468979243, 62.25166391434362], [-7.050783855774334, 62.25192421777349], [-7.051580825618905, 62.25189563273514], [-7.052071446541507, 62.25215836131949], [-7.052336772723648, 62.25257555372148], [-7.051963908935881, 62.252925320503856], [-7.0526665270841615, 62.25348522999083], [-7.053440910489003, 62.254379268027485], [-7.0543430547308885, 62.255134694374135], [-7.055550791508552, 62.256318103944906], [-7.056280441336038, 62.256917741497794], [-7.0576639704168205, 62.257958839088175], [-7.05853074763645, 62.25885630608867], [-7.058758380703654, 62.25913642496132], [-7.058893179406903, 62.259511369043835], [-7.059962422705262, 62.260740351100125], [-7.061042820490039, 62.261904848010104], [-7.061407417304658, 62.2629105367943], [-7.06240600605221, 62.26477063619382], [-7.062704236335866, 62.2651149960932], [-7.0626161101486975, 62.26533306504886], [-7.062843313096281, 62.265783265017845], [-7.063216330014038, 62.26577704655447], [-7.063487067284882, 62.265802177342444], [-7.063554684171779, 62.26584710276265], [-7.064034246860687, 62.26673490432185], [-7.0639809666166755, 62.26676082344298], [-7.063903478463718, 62.26676172054008], [-7.063867612066076, 62.26672926542898], [-7.063400904367668, 62.26586937939555], [-7.063249617733796, 62.26585874686649], [-7.062882451702563, 62.265860809956315], [-7.062965960168042, 62.26602625065584], [-7.0629595206241005, 62.26675505129821], [-7.06321487897792, 62.26701766564788], [-7.063566245022892, 62.26700478047489], [-7.063669670628924, 62.26700191046861], [-7.06367541245426, 62.26702954812164], [-7.063683532575428, 62.26706215591848], [-7.063521847873678, 62.26706942185471], [-7.063293594056399, 62.26707489971504], [-7.063391580628811, 62.26754542751386], [-7.064306677231102, 62.26736848233738], [-7.0644516188085245, 62.26710829495152], [-7.064466322090991, 62.267011014891175], [-7.064495368707784, 62.26698152710768], [-7.064583148788965, 62.26697933653277], [-7.064687660076703, 62.2671340179592], [-7.064486503656017, 62.26741182572721], [-7.063386404030731, 62.26765630475088], [-7.063221484351517, 62.267692968223834], [-7.063351440515617, 62.26782924386791], [-7.06347768757248, 62.268730083909645], [-7.063542237381844, 62.26891921848315], [-7.063852984501614, 62.26947200310022], [-7.0640957058117975, 62.27082849148946], [-7.065130377388214, 62.27186069813952], [-7.065331371951994, 62.27184824926012], [-7.066794127082212, 62.27267245419448], [-7.067986569968056, 62.273829373955074], [-7.069200538697727, 62.27521352272851], [-7.069231581069271, 62.27573371580869], [-7.069801187204887, 62.27641951310211], [-7.0701738104437934, 62.27679684060618], [-7.0702688295132665, 62.277578837484256], [-7.070976709018588, 62.27915512107207], [-7.072282632205688, 62.28061969105585], [-7.075235189238519, 62.282272887604336], [-7.075950338107215, 62.28331071883018], [-7.075848493719044, 62.283332093975176], [-7.076378084027773, 62.283790392129625], [-7.0788097218084625, 62.28546833704058], [-7.078576659380899, 62.28555397945005], [-7.079170604395974, 62.28586709874571], [-7.080329301804651, 62.28703707431532], [-7.080592953197138, 62.287079844424234], [-7.080854544118819, 62.2871520281152], [-7.080674104790536, 62.28723445846688], [-7.0814396684933945, 62.28792662475992], [-7.081297833819048, 62.288077942627325], [-7.081133771768254, 62.288142197647254], [-7.081410929477902, 62.28833788487813], [-7.08152827925276, 62.2892520467448], [-7.081698070379753, 62.28931195926789], [-7.081901726195259, 62.2894611768537], [-7.0818944162068105, 62.28976240351442], [-7.081175535681504, 62.29114663079724], [-7.080207674798209, 62.29164064085083], [-7.079992244101447, 62.29169780472523], [-7.079787305228383, 62.29252270836056], [-7.0805787561466245, 62.292864195449624], [-7.081459671011862, 62.2932934596985], [-7.081563465207355, 62.29341364602567], [-7.081097788804681, 62.29347573177121], [-7.08122458794819, 62.29361311073142], [-7.082053383915366, 62.29372845923437], [-7.083026000649923, 62.29445228609671], [-7.082811128780243, 62.29459244847523], [-7.082384046809449, 62.294661613518755], [-7.082392040392125, 62.29475130744667], [-7.083109767090917, 62.29468650028129], [-7.083064833788915, 62.29479971108516], [-7.082538183586269, 62.29501994301265], [-7.082778582523239, 62.29516289600517], [-7.08324413441626, 62.29505117245593], [-7.083682594868883, 62.295068603361116], [-7.084253331401011, 62.29564196079244], [-7.085458397781438, 62.29619710364666], [-7.0858280575926615, 62.2966463309093], [-7.088155949902942, 62.29598540804969], [-7.088338226028651, 62.29596887909448], [-7.089333335773294, 62.296074265760474], [-7.089488730118705, 62.29610476161857], [-7.089542725060426, 62.29615639762442], [-7.0895240022164225, 62.29619940674342], [-7.089447791362525, 62.29622466240679], [-7.088416013134287, 62.2961258648843], [-7.088254611472569, 62.296117187610264], [-7.087028894100391, 62.29647180564568], [-7.086907025780234, 62.29653296676712], [-7.088168696466686, 62.29741658728248], [-7.088479249177873, 62.29760944004706], [-7.08984576433244, 62.297955634369146], [-7.0911161038653745, 62.29821629970859], [-7.092229643447395, 62.29822463722181], [-7.0923513106132745, 62.29826427257319], [-7.092405356036545, 62.29803441137563], [-7.094677417849449, 62.29793381346379], [-7.095343665968257, 62.298112752743435], [-7.095537296920179, 62.29816701280079], [-7.095735353807689, 62.298129685218825], [-7.095882654978169, 62.298099203910255], [-7.09537467292029, 62.29752325513275], [-7.0952709400994625, 62.29740406839327], [-7.095391796641083, 62.2973831898448], [-7.095481366168277, 62.29736314026377], [-7.09502166329955, 62.29682599890819], [-7.094760021393632, 62.29655106853418], [-7.090459118382311, 62.29521073798528], [-7.0903228884860425, 62.29517601765793], [-7.090204259340121, 62.29508247430905], [-7.090291683150729, 62.29497739302594], [-7.0904045737913695, 62.29495129320253], [-7.090534782334654, 62.294947063525], [-7.094499616154942, 62.29616799018779], [-7.095265927689243, 62.29641966027725], [-7.096558764463005, 62.29788322592949], [-7.096947948513196, 62.29833457265299], [-7.097670013794996, 62.2981245308681], [-7.098069000978723, 62.29811344272199], [-7.099032426586894, 62.2981846651645], [-7.100684089686857, 62.29792640912458], [-7.100723188947207, 62.29801903848494], [-7.103310317283994, 62.2980373105264], [-7.106172008673018, 62.29819390974834], [-7.106199364881945, 62.29841258366083], [-7.106905596745614, 62.298370117362275], [-7.110128273093127, 62.29859149923528], [-7.11327100934296, 62.29904070671658], [-7.114771269153107, 62.299245112368396], [-7.115310193633251, 62.299662165416215], [-7.114909991630499, 62.29984606060676], [-7.114821726881979, 62.299808243744984], [-7.1144662501698965, 62.29997676508734], [-7.115887913052821, 62.2999923124826], [-7.1159656717436635, 62.300084202833276], [-7.1151104850710025, 62.30035951822173], [-7.116340988196192, 62.300827837450704], [-7.116394063239009, 62.3011609432019], [-7.115778324579737, 62.301180086994265], [-7.115784126991204, 62.30124470427885], [-7.116530806837785, 62.30139545416262], [-7.116831804920761, 62.30156567090782], [-7.1167580010564695, 62.301861695743575], [-7.116792259616437, 62.3020730093306], [-7.116426782015914, 62.302213035909496], [-7.116231258351199, 62.30287436207178], [-7.115975775802463, 62.302951155908836], [-7.11624638818345, 62.30304295986605], [-7.116315369163935, 62.30312422905888], [-7.116063064734836, 62.303323142199815], [-7.114694492773837, 62.30364079513051], [-7.114012178340379, 62.303607328364706], [-7.1143043981371905, 62.30376692944572], [-7.114205268671547, 62.30386585236064], [-7.114533596756137, 62.30382711874729], [-7.115695426094079, 62.304127914446084], [-7.115738700589758, 62.304698397643676], [-7.11539266659726, 62.30488473262065], [-7.115311094972767, 62.30509474962186], [-7.115218105318622, 62.305175624359954], [-7.114617907913199, 62.30528428738272], [-7.114108127962163, 62.305538508424306], [-7.114386133978677, 62.305626466211464], [-7.114641528189812, 62.30580477708995], [-7.114434174170943, 62.30633336271287], [-7.113528252529869, 62.30673544623229], [-7.112879421391757, 62.30681624617404], [-7.112844171118152, 62.30702536308843], [-7.113483023152377, 62.30709199678958], [-7.1137175292470305, 62.30720961675138], [-7.113580185117549, 62.30774399576455], [-7.112882006439543, 62.30796595202145], [-7.112293189122505, 62.30828641855199], [-7.111719236930821, 62.30825799983876], [-7.111717312353751, 62.30832269214404], [-7.112012203277644, 62.30851105740685], [-7.111978167097919, 62.30864820149407], [-7.111408077549527, 62.30874909113954], [-7.111331031736422, 62.308836821901416], [-7.112435436564574, 62.309099253982495], [-7.112627119559152, 62.30925722715556], [-7.112476190740954, 62.30946854773238], [-7.112130789628557, 62.30966206495101], [-7.11170627206069, 62.31069791276422], [-7.111784051033242, 62.31087606648854], [-7.111456343342576, 62.311184178573555], [-7.111349803725068, 62.31120059792945], [-7.111258513755291, 62.3111305137884], [-7.111182165169204, 62.31113917369891], [-7.110995225903186, 62.3112937242341], [-7.11007577735361, 62.311458901939034], [-7.109479657094929, 62.31170035788335], [-7.1096322035034225, 62.312283096571655], [-7.109480533735781, 62.312745917229535], [-7.109623781096569, 62.31296589135353], [-7.109476514625072, 62.313216664196695], [-7.109625202217834, 62.31349766039015], [-7.109723684422793, 62.31408137102717], [-7.109243907631087, 62.31441407600501], [-7.108668616000949, 62.31462996021181], [-7.108261658362889, 62.31534567670248], [-7.107104468637571, 62.31630945471456], [-7.106632833665472, 62.317080300464646], [-7.105746326990467, 62.31770108260394], [-7.105387039006166, 62.31817508181383], [-7.104653108073589, 62.31842999592952], [-7.104541553214697, 62.31882379167098], [-7.104171028886189, 62.31908606619898], [-7.104387790207454, 62.31960999175109], [-7.10348858268914, 62.31983222417855], [-7.10352855426052, 62.320108067992535], [-7.103217402871033, 62.32025418768614], [-7.103312345041128, 62.32045358385437], [-7.104039214226914, 62.32080959016608], [-7.103382308211032, 62.32097677095585], [-7.1032661988223476, 62.321147894005165], [-7.102885483287754, 62.32129540077241], [-7.102581831601051, 62.32152761329302], [-7.102415564758132, 62.32148055980175], [-7.102385916825717, 62.321322983004926], [-7.102119719360559, 62.32136765263993], [-7.099468687294431, 62.32108838437514], [-7.097961290889141, 62.32046714446954], [-7.097686055866485, 62.320238894786534], [-7.097133756660658, 62.31915367328788], [-7.09648355300715, 62.319223700489225], [-7.095686008528871, 62.31894092127383], [-7.095785842649019, 62.31910780642688], [-7.095456463262538, 62.31905313109281], [-7.09516219575822, 62.31869589665799], [-7.094406455611945, 62.31844814955287], [-7.0939588967555105, 62.31845325304279], [-7.093822073393055, 62.31856367564649], [-7.093406732831161, 62.318409979121846], [-7.093117949223402, 62.31802750184704], [-7.09337165292499, 62.318015442076685], [-7.092972620311677, 62.31760991389071], [-7.0924255755239605, 62.31753780230882], [-7.092484701463411, 62.316986930433046], [-7.091469017253907, 62.317028056711855], [-7.091322695437563, 62.316858467091045], [-7.09146305884238, 62.31670123924556], [-7.090032090392668, 62.31632636496152], [-7.09029972241962, 62.316209838467735], [-7.090290130255511, 62.31610226116996], [-7.089330749075554, 62.31599495699107], [-7.089400102584396, 62.31573137659527], [-7.089101627046596, 62.315762204069316], [-7.089135714518554, 62.315190254248634], [-7.08955440013305, 62.314948695307244], [-7.087965155044344, 62.31461642100478], [-7.087259373086223, 62.31397247626544], [-7.086512343689494, 62.31312455863165], [-7.086665425920177, 62.312413762625], [-7.087458483604984, 62.31221531713471], [-7.087516165157178, 62.31208128457574], [-7.086636824850394, 62.31191850718851], [-7.0858160154265315, 62.311456450214585], [-7.08543466103387, 62.31046489789315], [-7.085834318047864, 62.31027039411769], [-7.0856279490946905, 62.310206162471324], [-7.085826792513991, 62.31001186315468], [-7.085569379315881, 62.30945987643709], [-7.085924909215125, 62.30911540091036], [-7.086207593656004, 62.30899496032725], [-7.08573921527396, 62.307979952001176], [-7.085245160582618, 62.30772003468869], [-7.085145134575792, 62.3077218921462], [-7.085128490925398, 62.3078839551272], [-7.084937524829659, 62.307905567731275], [-7.08492109378253, 62.307808846696744], [-7.084768972668847, 62.3077471540177], [-7.084897195929956, 62.30762611981141], [-7.085248970826162, 62.307586968410035], [-7.084651299653445, 62.3072032783761], [-7.083834331000715, 62.30695669133214], [-7.082374280300342, 62.30694514032385], [-7.080403259987749, 62.3075291190235], [-7.079090793349697, 62.30805006745901], [-7.077387202751271, 62.3080790927128], [-7.075372188467928, 62.307991952463524], [-7.0740937262799575, 62.30785113935237], [-7.072259402111404, 62.30814848393142], [-7.070994297350416, 62.308420560207196], [-7.069226882437881, 62.309302255628715], [-7.068365571266972, 62.31021695419052], [-7.068179932158146, 62.31029956756501], [-7.0671135904207105, 62.31029115981726], [-7.067927177985554, 62.310412129270404], [-7.068343324750543, 62.31057668814193], [-7.068318364480421, 62.31073163347999], [-7.066137304102116, 62.31139122947675], [-7.065912299038843, 62.311377515962675], [-7.065864968968178, 62.31145387665479], [-7.066058794232437, 62.311550817543925], [-7.0652654860295225, 62.31183540255182], [-7.061679133378614, 62.31179231805937], [-7.057243675124511, 62.31227912738383], [-7.054024220640391, 62.31307316320055], [-7.0524744899179215, 62.31354091854504], [-7.048984586028324, 62.314336449224356], [-7.046839962934213, 62.314887198291544], [-7.044953028272035, 62.31573847012178], [-7.043711135624425, 62.31637274210405], [-7.042670326399695, 62.31727624796851], [-7.042117337249491, 62.31748786911581], [-7.042102953767243, 62.31732294901608], [-7.041368167143678, 62.31748767069315], [-7.0408316083799285, 62.31788586921503], [-7.04019745493024, 62.317876239559816], [-7.040141132909813, 62.31793837301757], [-7.0406066745601015, 62.31805173556456], [-7.040557345046588, 62.31819637143382], [-7.039023738833858, 62.318408559890194], [-7.03896081912613, 62.31866126047691], [-7.038378795111369, 62.3188052253038], [-7.038438979755657, 62.318965763475596], [-7.038269305774042, 62.319144970707875], [-7.038384127609096, 62.31922189863699], [-7.038677779440643, 62.31948939901072], [-7.038577315160793, 62.31957748139759], [-7.038649825663976, 62.31987795649446], [-7.038115774923593, 62.320218551749676], [-7.036805575930142, 62.320426499553015], [-7.036519660277305, 62.32015883482158], [-7.036055638965015, 62.320063343542394], [-7.034454562273558, 62.32050570477092], [-7.034054018723544, 62.32085550072718], [-7.032480208493149, 62.32167556960738], [-7.030745356536107, 62.32179802793643], [-7.029542348715615, 62.32199674064469], [-7.027693817279963, 62.3228541679964], [-7.027596363287501, 62.322978191645895], [-7.0276881254920145, 62.32359078998374], [-7.0275124904728505, 62.324057598148016], [-7.026701861969397, 62.324153292658394], [-7.023612748943505, 62.32389151109447], [-7.022477944237008, 62.32442588399436], [-7.022288058906511, 62.32522362894191], [-7.022295202839977, 62.325953791557296], [-7.022563191566195, 62.32684142029896], [-7.0238552122860405, 62.32686386083834], [-7.023877808672188, 62.3269461366289], [-7.023208908498703, 62.32698378493896], [-7.022698861553328, 62.32710661622323], [-7.022459872490978, 62.327640392427355], [-7.0217011374114495, 62.32824425623932], [-7.0210257784718, 62.32852847798435], [-7.021437739034735, 62.3287466169753], [-7.022012666412893, 62.3293127516432], [-7.024529353314996, 62.32920452212339], [-7.02461030922879, 62.32933591781949], [-7.023189125883193, 62.32942727299636], [-7.023029643828534, 62.329548799010546], [-7.022895110849488, 62.329700767772884], [-7.01998301082414, 62.330396328119306], [-7.018400793186408, 62.33086065859192], [-7.017233254391784, 62.331783878176104], [-7.016925636598713, 62.33202711280279], [-7.014963315944529, 62.33193807375202], [-7.013647583783368, 62.33146333644507], [-7.012799125568513, 62.3316609809393], [-7.011287952058218, 62.33125278937714], [-7.007397355831522, 62.3310230347997], [-7.006542080154102, 62.331010815302044], [-7.005880943463187, 62.33130010680991], [-7.005172957175136, 62.331489085243305], [-7.004044557911593, 62.33236916803427], [-7.004690230923425, 62.33262044038147], [-7.004266648123565, 62.332787871936894], [-7.004329603261762, 62.33307054778168], [-7.004043829952767, 62.33316206017242], [-7.004074643706958, 62.33334113522531], [-7.003851737066175, 62.333442343734326], [-7.0036215110410645, 62.333371186319134], [-7.003199986454061, 62.33350114905311], [-7.003108048805816, 62.33386930980885], [-7.003121275877615, 62.33420315918193], [-7.003953170227109, 62.33417332269617], [-7.004590687659967, 62.33421897713122], [-7.0074048391350905, 62.33423837311795], [-7.007578823665424, 62.33425079493808], [-7.0045604265896, 62.33458595607395], [-7.004060673308563, 62.33488266487851], [-7.003661409664339, 62.33482183607856], [-7.003430150060428, 62.334739891814834], [-7.002997651643539, 62.334740793244734], [-7.002332679724021, 62.335004610674154], [-7.001023724081767, 62.33559663012002], [-7.000287912439109, 62.336296494092146], [-7.000057359188166, 62.33631159150566], [-6.998900154220536, 62.33516188155859], [-6.998435652664076, 62.33497290336609], [-6.99803769256907, 62.33465696161476], [-6.997574591541454, 62.334572129208446], [-6.995483146317006, 62.33468994019212], [-6.995243003436619, 62.334593850844314], [-6.995163466578644, 62.33411748518303], [-6.994925006709617, 62.33385966049697], [-6.994433190675186, 62.33380052664051], [-6.994021540388221, 62.3339554695071], [-6.992508664115101, 62.33442176801109], [-6.991942564993284, 62.334759221780715], [-6.991005437642861, 62.33554536984371], [-6.990321476581616, 62.3364921605594], [-6.98816209621889, 62.33708177559903], [-6.986804503739695, 62.33792242663457], [-6.986396655041032, 62.3388460742653], [-6.9865940360624705, 62.340340573189955], [-6.9869361862293236, 62.34045637127248], [-6.987073325101777, 62.34160709142084], [-6.986016401626413, 62.34126733541187], [-6.985858564659192, 62.34132053304041], [-6.985230277170827, 62.340840009061566], [-6.984383163510383, 62.34105685984144], [-6.984391888631599, 62.3404351725415], [-6.981879332581257, 62.33997138760259], [-6.981119926574196, 62.34030869734657], [-6.980523648990267, 62.34074719734682], [-6.9800261701208255, 62.340350408863586], [-6.979253102635472, 62.33989406195324], [-6.977753625587036, 62.33889414850348], [-6.976673949958913, 62.33810210177757], [-6.975809383335464, 62.33802106959427], [-6.974685165448393, 62.33825008898987], [-6.973529461780755, 62.33883537684127], [-6.973113463476826, 62.33948616063129], [-6.972926714620141, 62.33956136565238], [-6.972578340342493, 62.33955343170563], [-6.972207319600401, 62.33919022839171], [-6.9716490365542745, 62.33871191330118], [-6.970272631021891, 62.33806532218739], [-6.969908750627116, 62.33814746163857], [-6.969513660317388, 62.33813677542576], [-6.967485542018121, 62.33763866050139], [-6.967075937517514, 62.337728833963126], [-6.966538596903346, 62.33822729213083], [-6.965853689142832, 62.338351241762226], [-6.965655560582632, 62.33738128804492], [-6.965385318534833, 62.33683658799181], [-6.965105373532969, 62.336633311170274], [-6.963892678574986, 62.336001698253995], [-6.959511137364577, 62.332342034917964], [-6.957184319938257, 62.33186721999079], [-6.955339925190322, 62.33180034128235], [-6.954126258498669, 62.3321566105784], [-6.953813621659198, 62.33238865389565], [-6.953087796482581, 62.33184505204903], [-6.9520060819504215, 62.331110311440426], [-6.950030587051002, 62.330036211161584], [-6.949416225225672, 62.32953004374006], [-6.946358836895113, 62.3293665691354], [-6.9456745038954, 62.329310799831624], [-6.943106395166548, 62.32881145252167], [-6.941611172791193, 62.328942809773096], [-6.941120689370665, 62.32889777806327], [-6.940507978708828, 62.32831618731467], [-6.940314899848572, 62.32785623354149], [-6.94085658747636, 62.327408116453256], [-6.943485559689167, 62.3266130430387], [-6.943839424872517, 62.326229472166695], [-6.94309654541574, 62.32648719595329], [-6.94034338720421, 62.32700070858306], [-6.940075175802109, 62.32647384406596], [-6.939283886577577, 62.32652418514633], [-6.939077562433728, 62.32664286312736], [-6.939292567700542, 62.32607493038265], [-6.93990053761748, 62.32595608115638], [-6.940778452236793, 62.325925777519956], [-6.940396332613443, 62.325699213968555], [-6.940742401610499, 62.3254953423015], [-6.941136450109224, 62.32549900550396], [-6.940563761337962, 62.3247477128205], [-6.9402001869775125, 62.324190354636016], [-6.939258993996168, 62.32392716194144], [-6.938884316307745, 62.32360348378508], [-6.938094740138161, 62.323291193599694], [-6.937667267926268, 62.32309337736019], [-6.93726322273896, 62.323010559262165], [-6.93703429518852, 62.32286165727523], [-6.936724156472362, 62.32281389008377], [-6.936781063903781, 62.322684387352105], [-6.935916139681718, 62.322644567574656], [-6.935419818496997, 62.32256235305117], [-6.935127275366676, 62.322579027660076], [-6.933921196665307, 62.3224880021738], [-6.933586263232498, 62.32239380890839], [-6.933227812385846, 62.32207385570857], [-6.931198311868156, 62.322025179739384], [-6.931134303120639, 62.32217629937324], [-6.930839767608837, 62.32213198202655], [-6.930867631750331, 62.32204926905924], [-6.929680194576124, 62.322044212749724], [-6.929543134264977, 62.32209550086431], [-6.9289241577165654, 62.32203217839867], [-6.927240100800937, 62.32194126617765], [-6.9239413566100545, 62.32111335330354], [-6.920522302155433, 62.32014648686401], [-6.920291144310672, 62.320151836857285], [-6.919994086243683, 62.320251000439555], [-6.9195508813101805, 62.320146808691554], [-6.9192040751467285, 62.3201530346929], [-6.918771348086777, 62.319905364882594], [-6.918250009978714, 62.319773071648875], [-6.918010062374528, 62.31953106011902], [-6.917020817335036, 62.31902946304163], [-6.916813945500973, 62.31906326797192], [-6.916801209372204, 62.31913875382529], [-6.9170351657772535, 62.31921577063433], [-6.917119008589929, 62.319401680006294], [-6.916770184285847, 62.319350596413116], [-6.916899255062342, 62.319292199262364], [-6.9148644970017275, 62.318439940774745], [-6.913944634688019, 62.318152921265145], [-6.913620599394334, 62.31814825246184], [-6.913307406320355, 62.31822956548105], [-6.91304181322031, 62.31812756134877], [-6.9129426622082235, 62.31816063878319], [-6.9131239725575115, 62.3182704484552], [-6.912940482990643, 62.31831492116849], [-6.9126602204244625, 62.31823810170012], [-6.9120995787309, 62.317865868673906], [-6.910820841852698, 62.31767121322016], [-6.910406582418913, 62.31750943337583], [-6.90932967489131, 62.31692234990049], [-6.909154464457504, 62.31698103570627], [-6.910423527287059, 62.31777468937797], [-6.91023382878646, 62.31785865422063], [-6.909975498720571, 62.31774948149378], [-6.909207208143704, 62.31760115266929], [-6.908515046895364, 62.31721194040619], [-6.908523925279883, 62.31702535107624], [-6.907845796753023, 62.31681534794177], [-6.907762148823932, 62.31663311543366], [-6.907771168518753, 62.3164501189994], [-6.907390038323632, 62.31613379313297], [-6.9070452708025165, 62.31619747197955], [-6.907242408793945, 62.31631785105577], [-6.907337175629024, 62.316604025540244], [-6.907175263158558, 62.31660168500069], [-6.907132168088061, 62.31669170632623], [-6.907001281021326, 62.31669270396281], [-6.906950945019192, 62.31657829884297], [-6.906773588212373, 62.31657608506176], [-6.906249108129681, 62.316131835119045], [-6.905159591352644, 62.314963801744895], [-6.903795633147957, 62.31431786788723], [-6.903238178006929, 62.31424673512401], [-6.903156695037846, 62.31412548611394], [-6.903152019946843, 62.3139928244114], [-6.902315973295208, 62.31366919132266], [-6.9021235992977115, 62.31367787697765], [-6.901372550673806, 62.31314204192481], [-6.900966074832019, 62.31298367086302], [-6.90107222818314, 62.312272757820004], [-6.902150676148552, 62.311819849044554], [-6.902726324099195, 62.31152849677556], [-6.905139780695031, 62.31156038774929], [-6.904665734297655, 62.311452809649325], [-6.9054298464521215, 62.31126401465141], [-6.905541321982838, 62.3111448582617], [-6.9063469249211, 62.31104187418118], [-6.907143707739575, 62.31091020604296], [-6.907054969688782, 62.31079612181312], [-6.9084000213488235, 62.310477426483665], [-6.911454933277605, 62.30990525171988], [-6.913128307090689, 62.30950148104563], [-6.913786719204518, 62.309378027852794], [-6.9145865478662385, 62.3093323638293], [-6.914715711496353, 62.309277651113554], [-6.914181429612315, 62.309209959883766], [-6.914109293400691, 62.30913167791389], [-6.919263664984428, 62.30823111847644], [-6.921070730700704, 62.30747115811655], [-6.921550271928973, 62.307521219917966], [-6.9222183127270505, 62.30723987632401], [-6.923155160337845, 62.307150064879814], [-6.923400768230805, 62.30690793413544], [-6.924480426566904, 62.30671296655689], [-6.924576310924252, 62.306378744538485], [-6.926302093417215, 62.30594211715719], [-6.927195504987859, 62.3059279374014], [-6.927577252954402, 62.30583172554115], [-6.927755863329676, 62.305654572315554], [-6.928750075564557, 62.30523082558674], [-6.930875103026565, 62.30411674913189], [-6.93135449905661, 62.30395159767134], [-6.93155094980389, 62.30405406808894], [-6.9315293708211065, 62.30388201839732], [-6.931596595482261, 62.303824127215606], [-6.931966907260767, 62.30362396040943], [-6.932259914022904, 62.30362884665503], [-6.932451091563828, 62.303591466203535], [-6.934114001296136, 62.302699758462296], [-6.93493125931747, 62.302503246669566], [-6.936082989621356, 62.301543795630266], [-6.936405074500509, 62.301498204789176], [-6.936582614896775, 62.301084392912294], [-6.937067303429872, 62.300642990670646], [-6.938424988167823, 62.300358755590175], [-6.939004033604726, 62.30026400528672], [-6.939239749236683, 62.30003696345989], [-6.941092205809814, 62.29930633383572], [-6.943281726549323, 62.298177951320795], [-6.948576698219194, 62.29617381283943], [-6.950990623101739, 62.29514898155469], [-6.953334182296998, 62.29402486973769], [-6.9558618862636985, 62.292706829011955], [-6.96078846033137, 62.29019880745954], [-6.963023150591827, 62.288799782710505], [-6.963559181928827, 62.28845013467959], [-6.963866012399951, 62.28817624765138], [-6.9643388059038775, 62.28813226532248], [-6.964545933837123, 62.28811299639543], [-6.964387264391359, 62.28805106242212], [-6.964848681645336, 62.28764687116878], [-6.965328123271634, 62.287514644284286], [-6.964781253045578, 62.28726664967719], [-6.964848926661131, 62.28722862504066], [-6.965332878660211, 62.287411695364476], [-6.965337486964166, 62.28735099834978], [-6.96568386401911, 62.28708108754464], [-6.965651835969805, 62.28695130819084], [-6.965578235110785, 62.286834934493875], [-6.9657051367057035, 62.286792648743216], [-6.966077804362763, 62.28674047758072], [-6.9659049291953075, 62.28657325477068], [-6.96554127393818, 62.28664790047669], [-6.965365360956643, 62.28661770916632], [-6.964908836571567, 62.28618130856971], [-6.964691657835916, 62.286195209204166], [-6.963855723441391, 62.28579155545934], [-6.963854450151493, 62.28566373322591], [-6.963961834795949, 62.28564503325558], [-6.96358113707631, 62.28554996834225], [-6.963161981017842, 62.28533638390034], [-6.963387194973218, 62.285247807962875], [-6.963334290563916, 62.285225462954244], [-6.962970242096073, 62.28525919745971], [-6.962795916836906, 62.28516559539514], [-6.96303498619481, 62.28514652411507], [-6.962639354429878, 62.284869474381416], [-6.962852715019459, 62.28446700224716], [-6.96257558477078, 62.28418655059757], [-6.962437662677304, 62.284190442782915], [-6.961932633784834, 62.28420469362295], [-6.961422141223392, 62.284077255501316], [-6.961186959181143, 62.283819183747134], [-6.960349230819018, 62.28367015503362], [-6.9600226920602895, 62.2834982318834], [-6.960001680135785, 62.28336841458022], [-6.959680055924886, 62.28302161195605], [-6.959502127957103, 62.28300880744231], [-6.9596062877759515, 62.282884791697356], [-6.9591375500013735, 62.28253225044869], [-6.959116582348514, 62.28240755039544], [-6.9590412533106285, 62.282334128629635], [-6.959137104362846, 62.28225922073369], [-6.9590379378441005, 62.28221858334407], [-6.958895616223354, 62.28225476603439], [-6.9588033319728195, 62.28224377229614], [-6.958644010039711, 62.28211024873219], [-6.9591466392172086, 62.282110918572556], [-6.958928944532049, 62.281841545386996], [-6.958551720953988, 62.28164521236011], [-6.958546937200783, 62.2813762841988], [-6.958048527416556, 62.2806751166678], [-6.957271359729646, 62.28019560034011], [-6.956839135291092, 62.27952492348791], [-6.956811625205463, 62.279174240904126], [-6.9569146571515255, 62.27893263100608], [-6.956648292041135, 62.2788484780657], [-6.9562691439392115, 62.27821549964246], [-6.956400969942243, 62.278003460700596], [-6.9554887869394735, 62.27739340169418], [-6.9555711892058385, 62.27728989583579], [-6.9554366502561225, 62.277220719207996], [-6.955483776276024, 62.27709890316847], [-6.955173707616922, 62.27680319262971], [-6.955291364812334, 62.276712880075266], [-6.955027401111421, 62.276647125683404], [-6.954434217049321, 62.27588586799502], [-6.954342539801058, 62.2754770763926], [-6.953846336456109, 62.274985524790665], [-6.954025985928505, 62.27495538104522], [-6.953684358602839, 62.27364226000711], [-6.953896067059869, 62.27329297302606], [-6.953809359667802, 62.27317356227199], [-6.953947802510761, 62.272965599516276], [-6.954163776414569, 62.27283411935583], [-6.954250562143089, 62.27249949576228], [-6.954876207888298, 62.27184230324798], [-6.955691610852729, 62.271300142369626], [-6.955902632387873, 62.27111141297169], [-6.956409775633989, 62.27114377839609], [-6.956120174895019, 62.27091652210443], [-6.956217764762459, 62.27079866045486], [-6.956448040340698, 62.27078780351718], [-6.956704556643271, 62.270540654705776], [-6.956595859913869, 62.27041619206895], [-6.95701297395517, 62.27021360050199], [-6.9578583493562665, 62.26960181191071], [-6.957850777752924, 62.269500593755694], [-6.9581724945998, 62.269418927995105], [-6.95887374294755, 62.2688811529522], [-6.959007988537078, 62.26869773893981], [-6.95976805962902, 62.26811992339214], [-6.9596924066889825, 62.26801070552863], [-6.960386690760843, 62.26766519679879], [-6.960468250893739, 62.267479878464876], [-6.961022226616751, 62.26714804747421], [-6.961046128793029, 62.26689847133737], [-6.961425292423091, 62.266411677088826], [-6.962074432137181, 62.26459679576581], [-6.961811640676466, 62.26396759785239], [-6.961897422232007, 62.26376795062827], [-6.9617811373124905, 62.26331525640353], [-6.961408738311442, 62.26269146304216], [-6.961454766492695, 62.26201334734088], [-6.961556982269389, 62.26170014954875], [-6.961355214757137, 62.26147777118535], [-6.961374561841966, 62.26076291692322], [-6.961533977706122, 62.260689872844964], [-6.96098571912059, 62.2595716285286], [-6.96110831301304, 62.25954879204588], [-6.961112412750211, 62.25951912052609], [-6.960989459027866, 62.25950616970075], [-6.960958937174538, 62.25945584421018], [-6.960710835603371, 62.2590467591282], [-6.959534277505675, 62.258036591385505], [-6.959610152837311, 62.25794435277418], [-6.9594168745466565, 62.257915225181016], [-6.959106639800009, 62.25803777099693], [-6.958886845281029, 62.25798723875075], [-6.958962544931407, 62.25787965629581], [-6.959846537333465, 62.25766964131289], [-6.959716574398123, 62.25761171076251], [-6.958921996015921, 62.25776830403979], [-6.958314916536282, 62.25735581269978], [-6.958401415557568, 62.2572277509867], [-6.958024838901946, 62.25706721148511], [-6.957886461397172, 62.25681602560283], [-6.957749752075959, 62.25679508683694], [-6.957729298790822, 62.25666511462835], [-6.957869326894109, 62.25617693859888], [-6.958015529814578, 62.25610086807667], [-6.957644479150238, 62.25582680505886], [-6.95776494022051, 62.2558111309203], [-6.9577270532598865, 62.25574885831036], [-6.957597596880249, 62.25574205674623], [-6.957376463863813, 62.25532133753366], [-6.957221866752722, 62.25520927979499], [-6.9572996259423885, 62.25508430416583], [-6.957022017966933, 62.25494905710634], [-6.957098672015234, 62.25471160206236], [-6.956731760792478, 62.2541808469755], [-6.956329186671747, 62.25381789382179], [-6.955679409378471, 62.252367554285016], [-6.955575652351064, 62.25229522832535], [-6.955704543520916, 62.252245791980755], [-6.955601806954335, 62.252048710169724], [-6.9553574826165, 62.25126298338519], [-6.955182875045942, 62.25042695924354], [-6.954877549594018, 62.24967821716957], [-6.9547470432972025, 62.249558924596855], [-6.954791949775361, 62.24943915867966], [-6.954321448286776, 62.248915642593076], [-6.954174891137312, 62.2488763495881], [-6.95371446570464, 62.24841333153362], [-6.953779164893256, 62.24830067055678], [-6.953329217709899, 62.24732222091664], [-6.952244860306731, 62.246019275887896], [-6.950905682520867, 62.24511685511666], [-6.950561387267473, 62.24463715054893], [-6.950119440429201, 62.24425996848024], [-6.950151590133793, 62.24418318618342], [-6.950134862190169, 62.24417899721182], [-6.950026350884145, 62.24415182400225], [-6.950022820471419, 62.24424284369621], [-6.949881475027146, 62.244365935781374], [-6.949411508958556, 62.24427311591577], [-6.949458838827262, 62.244176861994966], [-6.949228033384503, 62.24411101504956], [-6.949265341012202, 62.24387979667965], [-6.9493885796002965, 62.24369642693979], [-6.949286950576978, 62.24361181938838], [-6.949321242854117, 62.24352786927979], [-6.9487267675860185, 62.24277886753232], [-6.948635254156642, 62.24260219670615], [-6.948322128311222, 62.242402597158446], [-6.9470479229189, 62.241856852386356], [-6.9469830483762705, 62.24171693041967], [-6.946498801906528, 62.241498354377775], [-6.9455708636267826, 62.240940426510726], [-6.945902807881587, 62.24080763098253], [-6.945599212528572, 62.240686741416035], [-6.945282106461945, 62.240764277381636], [-6.945095716132146, 62.24075454830618], [-6.944495401961463, 62.24030516475204], [-6.944156666237488, 62.24017618483238], [-6.942896741691019, 62.239256088010926], [-6.942900725100842, 62.23921108215933], [-6.942371220944399, 62.238828995396986], [-6.94248213644192, 62.238734626941046], [-6.9423662060644284, 62.23876152150401], [-6.942118343050976, 62.23873762852703], [-6.94156471731289, 62.23835253319522], [-6.941382402660065, 62.23830801927871], [-6.941360013196379, 62.23825694053757], [-6.941221676341397, 62.23822764719145], [-6.940552108040878, 62.23762197017768], [-6.940247748264641, 62.23740904185301], [-6.9402031790103935, 62.23732734573529], [-6.939466614422212, 62.236821033961945], [-6.938947318722576, 62.2365892254649], [-6.93792170943877, 62.23635056277467], [-6.936429339335756, 62.23586664259715], [-6.935938082659249, 62.23582496003656], [-6.9357727691670785, 62.235718012752685], [-6.935146113160358, 62.23548442489434], [-6.934647651477349, 62.23537220538515], [-6.934051268893387, 62.23533692612334], [-6.934058642294244, 62.23542791976622], [-6.933965057100093, 62.2355007608533], [-6.933837927635111, 62.23549699564286], [-6.933298250766779, 62.2351035975879], [-6.933105482382202, 62.23515834977122], [-6.932971447317703, 62.23519641960256], [-6.933184660489641, 62.235474135558945], [-6.93260549358103, 62.236649577922236], [-6.932530300241912, 62.237071083730626], [-6.932641500328643, 62.23725487330282], [-6.932424626011634, 62.237516194908714], [-6.932360808856891, 62.23773621725606], [-6.93242108537811, 62.23785980345203], [-6.932405580525908, 62.238090948578474], [-6.93246365871587, 62.238216584734246], [-6.9323654711041645, 62.23851544459361], [-6.932524821218552, 62.238442424150264], [-6.933737960438994, 62.23832376082608], [-6.933843197412938, 62.238327586689856], [-6.9339335412421415, 62.238381552667335], [-6.934296011342927, 62.23897271028503], [-6.9342656787763355, 62.23901165116331], [-6.934120860869364, 62.238993610449114], [-6.933756632255665, 62.23845051646562], [-6.933730186505523, 62.23843422509649], [-6.932911259295628, 62.23852119754999], [-6.9333285412181915, 62.23936480944846], [-6.934472581706715, 62.23911031244043], [-6.934595385817623, 62.23911817796735], [-6.934598057061064, 62.239172367408955], [-6.933445676987245, 62.2394759718883], [-6.933668835931583, 62.23967787900303], [-6.933975079629071, 62.23961062126822], [-6.934528267828904, 62.23995484171577], [-6.934432543962267, 62.240034860073244], [-6.935025635634242, 62.2404290808287], [-6.93459303547156, 62.24058461228725], [-6.935830785916928, 62.24125225597523], [-6.936115463110364, 62.24146831288011], [-6.936552943614085, 62.24161239594379], [-6.9367160761449185, 62.24171627504256], [-6.9369913590624535, 62.24161636837611], [-6.937094759450272, 62.241658029629434], [-6.936828397245451, 62.24177529583146], [-6.937712833322485, 62.24214216354471], [-6.9387303814297265, 62.242682531794955], [-6.938927183786773, 62.242873248418505], [-6.939585594249668, 62.243205926458366], [-6.939984644349335, 62.243458490943326], [-6.940263394250223, 62.24349969448434], [-6.940244075577419, 62.24354371013421], [-6.939976464132076, 62.24352294171698], [-6.941031787840977, 62.244110226588504], [-6.941010736246206, 62.244207432602636], [-6.941087976550414, 62.244263470631], [-6.941228147580623, 62.24424980872468], [-6.9413365004829615, 62.24435383159605], [-6.9415780946612635, 62.24440433021633], [-6.9417461232150535, 62.24456035115162], [-6.942211553468256, 62.24487920784416], [-6.9421899633216695, 62.244915047942804], [-6.943373359562534, 62.245593000028535], [-6.943453201418043, 62.24569299969388], [-6.943743929495569, 62.24584154075521], [-6.943729048861184, 62.24589168191694], [-6.9441100144975705, 62.24607883770304], [-6.944036112364146, 62.24614857415499], [-6.9444710465401025, 62.24624355147742], [-6.9445823155597495, 62.24642221368297], [-6.944899836580279, 62.24662282875078], [-6.945211142368408, 62.247097518440555], [-6.945218741475412, 62.24720896371388], [-6.945378293869454, 62.24739363478129], [-6.9456886659079835, 62.24752881642016], [-6.945722574983163, 62.247641215724144], [-6.9461262268142505, 62.24790500506931], [-6.947295652413702, 62.2489470010923], [-6.947245708767896, 62.24899929131681], [-6.947470637347476, 62.2491377680492], [-6.947617473282355, 62.24983990756813], [-6.947923367045372, 62.25019598651909], [-6.948094731440787, 62.250704790174275], [-6.94820974699744, 62.25081288193761], [-6.948302740486863, 62.251380181468946], [-6.948386992356479, 62.251481194309896], [-6.948396902310857, 62.25183805945735], [-6.948318426085523, 62.25188632954321], [-6.948199183078838, 62.25226706298825], [-6.948429611209741, 62.252524142050014], [-6.9485309461361835, 62.25281020707602], [-6.948470003179859, 62.25285740720313], [-6.9503192831057214, 62.254578620724146], [-6.950579726771599, 62.254993109259466], [-6.950599253960715, 62.25567104233711], [-6.950775151037612, 62.25618596719105], [-6.950930289012798, 62.25635939796193], [-6.950929422958609, 62.25649949789152], [-6.951085622677143, 62.25655327198697], [-6.950988909076749, 62.25676316592429], [-6.951166853229354, 62.256796433510985], [-6.951251992505361, 62.257453751416385], [-6.951498955794676, 62.25806153760609], [-6.951341012677168, 62.25805582809957], [-6.951356893818683, 62.25811304773307], [-6.9515828688859935, 62.25812164386054], [-6.951713477287607, 62.25825116509459], [-6.951656830275444, 62.25828915667243], [-6.951828747524362, 62.25837970636497], [-6.951793719309846, 62.258619091364864], [-6.951886898854151, 62.258732342795255], [-6.951868498226284, 62.25887351311262], [-6.951760376754376, 62.25903743013174], [-6.951494208824263, 62.259185402567596], [-6.951190050381822, 62.259493000293986], [-6.951182373793101, 62.25960857350609], [-6.9508806197981805, 62.2599396897962], [-6.950322844902743, 62.260099695168904], [-6.950362844306161, 62.260154810436966], [-6.950595356146112, 62.260157256244966], [-6.950722127849202, 62.26010987542967], [-6.950849788143924, 62.2601596384246], [-6.950887089913434, 62.26039269123803], [-6.951060887946149, 62.26045051242416], [-6.950912349814623, 62.26051329174354], [-6.950895814878996, 62.260621732465594], [-6.950813345416932, 62.2607150097416], [-6.9503171826373675, 62.2618330382411], [-6.949574129673957, 62.26235349368291], [-6.949155017990165, 62.262805583916204], [-6.948923118845363, 62.26286961055488], [-6.948847351770284, 62.262977187149815], [-6.948709283784622, 62.263226049754664], [-6.94836478747321, 62.26344785602675], [-6.947746370158658, 62.263701063832634], [-6.947464073838575, 62.26377135606425], [-6.946592175740044, 62.26436679347979], [-6.946700867087671, 62.264496372843425], [-6.94671040969669, 62.26458019704076], [-6.94633107708713, 62.26459757257791], [-6.94643768229535, 62.2647394288065], [-6.946375329390502, 62.2648756052981], [-6.94639202293912, 62.265019743648345], [-6.9459109043877385, 62.26541677003963], [-6.945737221675735, 62.26561152985755], [-6.945520162561564, 62.265625400373345], [-6.94524444042844, 62.26593700602645], [-6.945311483370008, 62.26606975989373], [-6.944976812945287, 62.266173934460774], [-6.944975294108999, 62.26624756820459], [-6.944841452552457, 62.26624485599075], [-6.944798001028864, 62.26629098452315], [-6.944646200444639, 62.26624331951159], [-6.944400621381065, 62.266495537140955], [-6.944039430574081, 62.26657829379771], [-6.9432379742368555, 62.26721544516307], [-6.943010879712772, 62.26733160012411], [-6.942888576331678, 62.26763256872158], [-6.942735491643038, 62.267684105420166], [-6.9426023715474185, 62.26800044413875], [-6.941800114930411, 62.26860165924949], [-6.941329318751082, 62.2684980151553], [-6.9411998106097865, 62.26864734424271], [-6.941656513318735, 62.26872572555538], [-6.941363389282403, 62.26902425683073], [-6.941160534686501, 62.269395992494246], [-6.941187982354986, 62.26951965259453], [-6.941121101946723, 62.269644592743475], [-6.940865248995705, 62.26973626981917], [-6.940770547534444, 62.269938996916075], [-6.940150529035434, 62.27051839193037], [-6.939842491716052, 62.2706644049048], [-6.939876126314077, 62.270746126539876], [-6.939655482217738, 62.27085100709576], [-6.939643265020078, 62.270955345491444], [-6.939144409383789, 62.2718381299404], [-6.938617658319897, 62.27255123847595], [-6.93870399005852, 62.27263486275675], [-6.9383927054531505, 62.2731551567814], [-6.938099789011749, 62.27376641688179], [-6.937975214752241, 62.27382196188668], [-6.938018573146266, 62.27400796116371], [-6.937974101265013, 62.27516362091758], [-6.938091632959032, 62.275300348627454], [-6.938051107086017, 62.27543570510998], [-6.938220272185842, 62.27633201383647], [-6.9383465183793795, 62.276521852474026], [-6.938496474693641, 62.27720450188958], [-6.938455551542106, 62.277284374748135], [-6.938568102346606, 62.27740472587598], [-6.938609262626576, 62.277936647425975], [-6.93867627179599, 62.278327788371705], [-6.93860834591772, 62.27858259112046], [-6.938791583686961, 62.278703808818356], [-6.938915238767894, 62.2790307227888], [-6.938914538644447, 62.279196382719284], [-6.939022401376298, 62.27947630164702], [-6.939512151106845, 62.279999618013115], [-6.939398520744633, 62.28005513797098], [-6.939464919140589, 62.280116320115866], [-6.939593955239098, 62.28006689899145], [-6.939678592980484, 62.28020370367547], [-6.939813461578111, 62.28031379981862], [-6.939996225661461, 62.28062112836189], [-6.940172394743095, 62.280687138665655], [-6.940224059355976, 62.28081891286353], [-6.94008390435683, 62.280853025963566], [-6.940225641368235, 62.28099275747923], [-6.94031334580062, 62.28098230381402], [-6.940459337790034, 62.28110769892525], [-6.94051452779151, 62.28138570617936], [-6.940616725871764, 62.28152144123511], [-6.940691783803376, 62.28181166358051], [-6.940216763288822, 62.28194993991072], [-6.9400319126618015, 62.28189723991018], [-6.939983749314047, 62.28191168959169], [-6.940107436327186, 62.28199624196844], [-6.939993762995572, 62.28204664497025], [-6.939571050978388, 62.28190355548162], [-6.939523919677631, 62.2817881233943], [-6.938999725977489, 62.28158599708294], [-6.938791187892477, 62.28158142050999], [-6.938366397180972, 62.28145061282575], [-6.937974275290257, 62.28128902964754], [-6.937701745209603, 62.28124678799093], [-6.937071384117157, 62.281196274155825], [-6.936203237077372, 62.281060462273416], [-6.936287787194414, 62.280944691156705], [-6.935304109321111, 62.280649650936304], [-6.934660761295599, 62.28061653729076], [-6.934543224437827, 62.28047980684622], [-6.933828000252333, 62.280261783077826], [-6.932758873225036, 62.280227710711685], [-6.932501095851837, 62.2801148579636], [-6.932237548672322, 62.280095082488856], [-6.930978659639095, 62.28019339035381], [-6.930548649641286, 62.280211867063606], [-6.930127980090796, 62.28029372441827], [-6.929711262627306, 62.280325457719556], [-6.92852008530373, 62.280643430705595], [-6.9278599771068174, 62.2809559751381], [-6.927264812802929, 62.28116608577793], [-6.926924179604131, 62.281368393891796], [-6.925499114163294, 62.282061206479625], [-6.925006819085348, 62.28224139372063], [-6.923563677501457, 62.28288412263589], [-6.923237268656401, 62.28321727737277], [-6.923007289010333, 62.283274092729926], [-6.922620124276889, 62.28343254436981], [-6.922642516185834, 62.28348361665743], [-6.9223623497272975, 62.28357736805893], [-6.921982470545246, 62.28355888127657], [-6.921443706035489, 62.283700309443205], [-6.921079783141456, 62.2837543864977], [-6.9203992835486465, 62.28374584280724], [-6.920054114378819, 62.283679204418014], [-6.91927246761522, 62.28365249211516], [-6.918583683972725, 62.283515344793756], [-6.9180346515418405, 62.283406020736464], [-6.918000108807449, 62.28347461881461], [-6.918688355780662, 62.283620181411074], [-6.918926234038283, 62.28372084107258], [-6.919022704875373, 62.283707308819565], [-6.919243394128092, 62.283849930207744], [-6.919064001387967, 62.283920924690484], [-6.918936703144838, 62.28392226332383], [-6.918957076735107, 62.283995838561474], [-6.918909329883922, 62.28406140278277], [-6.918673956477091, 62.28399960638593], [-6.918318966889974, 62.28407103684623], [-6.917836077923399, 62.28407222090112], [-6.917702449645255, 62.28410526954244], [-6.917532400320485, 62.28424476221797], [-6.91727950678665, 62.28418913803834], [-6.917116520714948, 62.28412101536983], [-6.917019929191035, 62.28411921168698], [-6.917165446068047, 62.28419861773644], [-6.916941896194557, 62.28423904657505], [-6.916078611165535, 62.28416036600334], [-6.915583043096569, 62.28421986516089], [-6.915332657789765, 62.284203082850176], [-6.915168389106839, 62.284244387221115], [-6.914497615392916, 62.284087515352304], [-6.9144169333903065, 62.28415315953043], [-6.914219316980256, 62.28414341344635], [-6.9142215309655395, 62.28395108559738], [-6.912960710522286, 62.28330335209384], [-6.9115372718858, 62.282683061451884], [-6.91020348239039, 62.28306630486472], [-6.907768239908037, 62.28409999297003], [-6.908038185090521, 62.28411230693418], [-6.90648023160867, 62.28491685647711], [-6.905308439485673, 62.28531308320691], [-6.90501575095767, 62.285311733178844], [-6.9048089538559925, 62.285342017335026], [-6.904812671162989, 62.28544961921995], [-6.902842303844663, 62.28657289788734], [-6.9014642111359725, 62.287020927560675], [-6.898852261349997, 62.28720220852417], [-6.898558338378472, 62.287387371749695], [-6.897316291037744, 62.28754377154002], [-6.897401766602433, 62.28734594856288], [-6.897330900494915, 62.28730340432975], [-6.896510871205238, 62.28763601494281], [-6.894172014419801, 62.2879190946295], [-6.89383157724408, 62.287875076201026], [-6.893582633976595, 62.287801648891985], [-6.893406745543053, 62.2878388475158], [-6.893361784556404, 62.28809383737158], [-6.893225497618725, 62.28816296505628], [-6.891823678577561, 62.288381535784744], [-6.891312873079125, 62.28830656470219], [-6.8907476206916485, 62.288439935593715], [-6.890515844131685, 62.28864245202391], [-6.887611634465644, 62.28928124492668], [-6.884905719820092, 62.289649454633796], [-6.884619901912452, 62.28962644185548], [-6.884453278684329, 62.28948422601929], [-6.8845188726539055, 62.289376149125175], [-6.88401782101708, 62.2893655762538], [-6.884023351688489, 62.289523300089066], [-6.882585854780063, 62.28982813724825], [-6.88065834153573, 62.289541357514764], [-6.880443095884996, 62.289331336915424], [-6.880340773273388, 62.28926756771384], [-6.879026822839471, 62.289352690377434], [-6.878955770626227, 62.2892993609808], [-6.879146923444527, 62.28926205353846], [-6.877422106716181, 62.2890489649164], [-6.877148105146782, 62.28891830000631], [-6.876525686688152, 62.288958816069346], [-6.876854491139477, 62.28911060613927], [-6.876865159586584, 62.289200182096955], [-6.876262131831928, 62.289129315683496], [-6.875987788798904, 62.28921741874955], [-6.8757328367405535, 62.28919422981546], [-6.875475812676013, 62.28911005327878], [-6.875168992667828, 62.28914460386345], [-6.875048747786675, 62.28923164434852], [-6.8751055702400095, 62.28931725642566], [-6.8750161859974135, 62.28940404947745], [-6.874684351239806, 62.289388573227356], [-6.874212094448492, 62.289316730635846], [-6.8737661590614625, 62.28911197591378], [-6.873692409178972, 62.28875750524984], [-6.873373461361023, 62.28911495830975], [-6.872853472556669, 62.28922282521235], [-6.872814117017873, 62.28942035237615], [-6.8725706229239885, 62.28950820181275], [-6.871556018525147, 62.28956595673274], [-6.871428317199642, 62.28966015192031], [-6.871507608334893, 62.28972770554413], [-6.871199851020565, 62.28973709687425], [-6.868181727608716, 62.29021494337812], [-6.866937847614379, 62.29078355461011], [-6.866894949191903, 62.29065120093364], [-6.865447228271072, 62.291113708399564], [-6.86524482455065, 62.29105063846703], [-6.863234768486468, 62.291506569742396], [-6.862227218413509, 62.291779372656805], [-6.861556780392025, 62.2917698904621], [-6.85835976344752, 62.29243528193418], [-6.855334967605375, 62.292959436645326], [-6.853012826113883, 62.293076821589096], [-6.850839127503833, 62.2930315442331], [-6.8503212339045385, 62.29274480670262], [-6.845760029392425, 62.29177364728919], [-6.84562184193744, 62.291559464509504], [-6.84522158070609, 62.29133278919498], [-6.845472884909856, 62.291244927396896], [-6.844911393886326, 62.29127044571455], [-6.844268785250107, 62.29140063966563], [-6.844025837891039, 62.29150640393049], [-6.843615155973621, 62.291433973641304], [-6.842945046609289, 62.29142808749625], [-6.838416881028865, 62.28935180284696], [-6.835948657208623, 62.28830064444197], [-6.834337817621905, 62.28732229370302], [-6.834599987412041, 62.2871016645126], [-6.834415740327931, 62.28711729344622], [-6.834127277540574, 62.28724486624493], [-6.833086879020496, 62.28651713134958], [-6.832093358006519, 62.28557735178004], [-6.831304193355359, 62.28405514650245], [-6.832373894787287, 62.28262373587175], [-6.833229784202672, 62.28219446673961], [-6.8332262573809945, 62.28209045290968], [-6.83397914071754, 62.28203842534741], [-6.834142403803051, 62.282083876871646], [-6.835005710263083, 62.28164735125012], [-6.8381336634216705, 62.28053830531621], [-6.840006018688578, 62.280119656437435], [-6.84165074870522, 62.2800324925605], [-6.841141052577135, 62.279985988462386], [-6.841054276968444, 62.279921980671745], [-6.842177945602831, 62.279906809717666], [-6.841882664171713, 62.27982637445737], [-6.843729317404498, 62.27909944304696], [-6.843905288300506, 62.279067574370956], [-6.846637307499449, 62.278572763135465], [-6.848717593108913, 62.27815604908727], [-6.849495075128249, 62.27792441267345], [-6.849736979593198, 62.27779357750285], [-6.849002308725961, 62.277461737137905], [-6.849153943590431, 62.27738893878329], [-6.8497081661802754, 62.277621664379794], [-6.849860911700045, 62.27758470220997], [-6.850009534831092, 62.27765172416539], [-6.850437642751139, 62.27756613616747], [-6.850993524809376, 62.277382780272085], [-6.851138560998249, 62.27711273461875], [-6.851228698301079, 62.276584908840434], [-6.851519146756085, 62.27652179127013], [-6.851227861304916, 62.276333798438074], [-6.851565390161228, 62.27603312963473], [-6.851420514058901, 62.27599179750647], [-6.851260147388951, 62.27592849190372], [-6.851151200236564, 62.27575801764685], [-6.851108835645032, 62.27548636337699], [-6.851187922716325, 62.27522582131435], [-6.8512208279297, 62.27513294636764], [-6.851244952548635, 62.27508090870113], [-6.851013941908123, 62.27423297474548], [-6.8509804023020555, 62.27379172993423], [-6.851264927956472, 62.27344161338016], [-6.851285430863996, 62.27342098556906], [-6.851547449014747, 62.27345923317707], [-6.851535995791233, 62.273489435918336], [-6.8512372417056335, 62.273806108053115], [-6.851232475083862, 62.273822202765814], [-6.851348804451044, 62.274303417736974], [-6.85154731076779, 62.27498232587774], [-6.852675833222632, 62.274966878700724], [-6.853259867835644, 62.27425962489212], [-6.852302969193907, 62.27405931320179], [-6.852039163326446, 62.27425326657777], [-6.852256945080157, 62.27401393173491], [-6.852278952928808, 62.27392684047934], [-6.853091906158615, 62.27360892177082], [-6.852991061331149, 62.273355012351814], [-6.853371397294716, 62.27269044633613], [-6.853534043372999, 62.272491950539894], [-6.854061785016976, 62.27239128058245], [-6.854106345531509, 62.272344387338926], [-6.853925308032923, 62.27193933811081], [-6.854272868742733, 62.271536718508685], [-6.854873862507356, 62.27113251845044], [-6.854939842067154, 62.27099768943079], [-6.855758613077034, 62.27015898778626], [-6.856191388832295, 62.27006016922695], [-6.856845538052937, 62.27006979303392], [-6.856869207323722, 62.27003756957502], [-6.856631246797698, 62.269997278134376], [-6.856479091010597, 62.2698961841303], [-6.857442860430963, 62.269361785826426], [-6.857712614920374, 62.2693448407633], [-6.858367119339636, 62.269332917437865], [-6.858352198712899, 62.26930422962481], [-6.857806167616479, 62.26928065592433], [-6.857715203151641, 62.269194150543456], [-6.858261326049067, 62.26832456758734], [-6.858346436729224, 62.26830334391819], [-6.858449168996409, 62.26815302741879], [-6.858557252845853, 62.26812838658034], [-6.85889669814974, 62.268090157890825], [-6.85931371893687, 62.26800922212789], [-6.859283766750833, 62.26795884733254], [-6.858867048409457, 62.26802192268764], [-6.858566800295605, 62.26802080503343], [-6.858569445833405, 62.267866524754794], [-6.858781398940109, 62.26758550098953], [-6.859065876594201, 62.26720830983783], [-6.859691748176098, 62.2666151947633], [-6.859800208857998, 62.266579696232746], [-6.860054161788803, 62.266584229277214], [-6.860041448365195, 62.266426391277015], [-6.860143796948498, 62.2662976134706], [-6.860436679100585, 62.26626647579424], [-6.860276334515053, 62.2661940772277], [-6.860448187265406, 62.266054876672904], [-6.860778489625524, 62.266088322130976], [-6.860889267372286, 62.265916582044426], [-6.86037532237586, 62.26581064953436], [-6.860200182698276, 62.26570238324929], [-6.86039542058068, 62.26534431502679], [-6.860877579038178, 62.26506633584534], [-6.8614174217685315, 62.2649966185491], [-6.861844064116093, 62.265252833846375], [-6.862043534604901, 62.265289473350244], [-6.862072576320582, 62.26539360794296], [-6.862287576359315, 62.26542312418636], [-6.862792002055576, 62.265234553952375], [-6.864028151019241, 62.26465122173882], [-6.8643337741918335, 62.26433308627068], [-6.864258570843395, 62.264225191566304], [-6.864320801797561, 62.26418951892504], [-6.864443495222417, 62.264222283689115], [-6.864683297147263, 62.264151451039204], [-6.865140037768135, 62.26353973902007], [-6.8650197856333754, 62.26337423729592], [-6.865182738037879, 62.26329234988521], [-6.865435933917345, 62.26288435279247], [-6.864340287852774, 62.26214127588779], [-6.864002505602858, 62.26209704039294], [-6.8638915592091285, 62.262097025898626], [-6.863017351719815, 62.26209690856571], [-6.86231319403932, 62.26232031352027], [-6.8615413000730285, 62.26245011760312], [-6.860713352529579, 62.26226412971624], [-6.859573323319735, 62.26187242350902], [-6.856921330412991, 62.26169389643949], [-6.855789672328351, 62.26171470853352], [-6.854699888962652, 62.261780505328154], [-6.853778730095888, 62.26252318700686], [-6.853258346186416, 62.26279390922266], [-6.8530171814828105, 62.262840561192945], [-6.852011044723244, 62.263178467480195], [-6.849155316993838, 62.26347738988005], [-6.847061616014247, 62.26349627821111], [-6.8431613856786715, 62.26397686984067], [-6.8419566251597725, 62.26420543312731], [-6.841480212113941, 62.264160519356025], [-6.840765989028489, 62.264505665952626], [-6.8406277881706705, 62.26449077380859], [-6.840418036029719, 62.264601173924305], [-6.84038626781922, 62.26465490483614], [-6.8372218153510556, 62.266002122312265], [-6.8354501742623945, 62.266497429888695], [-6.83198743464223, 62.26728382946254], [-6.829027656415474, 62.267928605405324], [-6.828218845092052, 62.26795405273607], [-6.828123278142694, 62.26813660053609], [-6.827845291692725, 62.26818217770868], [-6.827399782103774, 62.26813015758387], [-6.826996711505356, 62.26827567543123], [-6.8258918120602345, 62.268504406103524], [-6.824341508469283, 62.2686740077993], [-6.824038893826814, 62.268801965381726], [-6.821089013638528, 62.26929950038876], [-6.818418035562513, 62.26970842800467], [-6.815248209084095, 62.27001844451329], [-6.8111563238855695, 62.270242163420335], [-6.809724714288267, 62.27022557033494], [-6.807664851872237, 62.27005210605336], [-6.807505087737991, 62.26995451697656], [-6.807122104867248, 62.269845331577905], [-6.803882616961187, 62.26855849146803], [-6.803048827315532, 62.26855505671366], [-6.802895522504666, 62.26846777146657], [-6.802876905213944, 62.26823091715673], [-6.8024653141179225, 62.268017575112445], [-6.8024448619873, 62.267877560312066], [-6.802510098329478, 62.26768772586555], [-6.802286144956206, 62.26772620528234], [-6.801224438781869, 62.26770028043916], [-6.800940555634051, 62.267648932399766], [-6.800205162196756, 62.267459285357695], [-6.797284777618003, 62.2672174766332], [-6.796617981403187, 62.267067679157314], [-6.795132688491864, 62.26665605395942], [-6.794276023693015, 62.266376202941224], [-6.791577246817253, 62.26622495714567], [-6.790966731948698, 62.266344278051434], [-6.790522561763763, 62.26622761015675], [-6.790327617334927, 62.26596137926582], [-6.790484181989496, 62.26583288035113], [-6.790407989301557, 62.26578947561806], [-6.789779890705566, 62.26603078827667], [-6.7892553578682655, 62.26608592993859], [-6.788139449059094, 62.26607762709185], [-6.785958776858122, 62.265799299899015], [-6.784757729988763, 62.2654282622938], [-6.781162301985341, 62.265086394738006], [-6.778433286573937, 62.264525742049116], [-6.775734317007392, 62.263620858071945], [-6.7717145533127665, 62.26181683940147], [-6.77078276955448, 62.26108450102338], [-6.7688693217906915, 62.25979909800531], [-6.767096686533295, 62.25841375791523], [-6.765382275550689, 62.256813410638976], [-6.764592733064427, 62.255536469828904], [-6.764162732111703, 62.254330390950365], [-6.764685703224614, 62.25320273917804], [-6.765238177841144, 62.25214693353073], [-6.76603587749563, 62.251128102740495], [-6.766586230371455, 62.25054574945214], [-6.7665119307861, 62.25003964320456], [-6.766645786159818, 62.25000516276036], [-6.766095965111191, 62.24829162252098], [-6.766111407456807, 62.24715446796861], [-6.76671907671775, 62.24601640929006], [-6.767812688583121, 62.243671536545946], [-6.768066815748796, 62.24327448521339], [-6.768739352664034, 62.24310527110693], [-6.768121847248839, 62.243217371529056], [-6.768099117424825, 62.243199320414725], [-6.769666156810794, 62.2410143863497], [-6.770992058818356, 62.23971437756316], [-6.77366898374861, 62.23814412593948], [-6.775343898350467, 62.237459081601166], [-6.77690070051497, 62.23689539517033], [-6.777987951340339, 62.236362075551824], [-6.778242563129865, 62.2363200880494], [-6.778555779316068, 62.23641828212761], [-6.7786791847651395, 62.23640454251303], [-6.778442666094416, 62.23631017772984], [-6.778499223082477, 62.23617416985244], [-6.779543562444851, 62.23586298221631], [-6.7823555258762305, 62.23520427092886], [-6.784432284420427, 62.23477915360079], [-6.786935886198775, 62.234542331457604], [-6.789469310596314, 62.23436294775959], [-6.7918477104902655, 62.23422953618019], [-6.792876466925975, 62.23423517862414], [-6.794437393743294, 62.234344079298246], [-6.796043881234284, 62.23470754275836], [-6.796634577883204, 62.23484117941198], [-6.797387670688646, 62.23519157173528], [-6.797670846977804, 62.23529068253948], [-6.798018179669649, 62.235396734086294], [-6.7978221235346545, 62.23548609945789], [-6.797881615450958, 62.23555976117746], [-6.797959277317822, 62.23557149508059], [-6.797926797136645, 62.235586781452156], [-6.798039766791487, 62.23571363010203], [-6.798862860995563, 62.23622393797564], [-6.799383803677813, 62.23654685231913], [-6.7996785397786965, 62.23663545818779], [-6.799873505457882, 62.23656905585275], [-6.800090858789743, 62.236713534549985], [-6.799863701060924, 62.23682036614322], [-6.801073721202186, 62.237520824262006], [-6.801252907301175, 62.23753918918548], [-6.801796422635203, 62.23788848586969], [-6.801900494700966, 62.23782818499256], [-6.8041136718739, 62.23869870532206], [-6.8043767388827066, 62.23859826933119], [-6.804482124171771, 62.2386524526844], [-6.8036604366320415, 62.23896904745219], [-6.804261385085389, 62.2393179837843], [-6.804668059452764, 62.23922250797418], [-6.805579461596008, 62.24008905377059], [-6.809143183948973, 62.2413997808311], [-6.809554455433959, 62.24123299070303], [-6.8106490499151064, 62.2411613485761], [-6.810811184053601, 62.24116569649762], [-6.810877141758757, 62.24123038626012], [-6.8106210902328845, 62.2413030244865], [-6.810625812440146, 62.241325542935336], [-6.809669022435104, 62.24139190401215], [-6.80918257435677, 62.24170905293964], [-6.809342131935078, 62.241839408113655], [-6.8092868339041726, 62.241951834955536], [-6.809243815272548, 62.24199568643265], [-6.810649462178155, 62.24233931141988], [-6.812110608510526, 62.24235243034528], [-6.812143605343053, 62.24223417535263], [-6.8122050561630125, 62.24223083280371], [-6.812271785331684, 62.242367444782424], [-6.813802081696247, 62.242377234636], [-6.814802189012843, 62.24228357809733], [-6.8149934901346985, 62.24227673535148], [-6.814985865206631, 62.24224905425974], [-6.815238552048105, 62.242198978796225], [-6.815343546885301, 62.242304319668285], [-6.815373612719868, 62.242258467448025], [-6.814971263032009, 62.241699663763285], [-6.812672549414255, 62.241805464450636], [-6.812400601430359, 62.24190362173708], [-6.81219278585276, 62.241878806306254], [-6.812430334128346, 62.24173997829739], [-6.8149171766865475, 62.24154242379146], [-6.814969894414046, 62.24154271343284], [-6.815508668512363, 62.24210743073978], [-6.816482605686438, 62.24208627642117], [-6.817108913314742, 62.24174351273333], [-6.817757166591187, 62.241521121424014], [-6.818470718064862, 62.24119754151555], [-6.819260258951022, 62.24050841469023], [-6.8200428188088145, 62.240615577374044], [-6.820113206713206, 62.24055491485274], [-6.819662467224522, 62.24039163838357], [-6.819323289450223, 62.24042968196404], [-6.819602505788492, 62.23988561831699], [-6.819265507729824, 62.23981605436481], [-6.818421282303916, 62.23889077746628], [-6.817299914444766, 62.237993015003696], [-6.816993467586379, 62.237927156603675], [-6.816332202820332, 62.23750838171073], [-6.816341638802544, 62.23734028923273], [-6.8159238695224476, 62.23707310744427], [-6.815576319198109, 62.23705428924434], [-6.815506147438635, 62.23700184379171], [-6.815578196199903, 62.23682327948018], [-6.815209937729568, 62.23642735283261], [-6.814657353540765, 62.23588746255689], [-6.8144824902288486, 62.23591586651808], [-6.814286955686548, 62.23563897502737], [-6.814429429395159, 62.235608715566656], [-6.814034670784881, 62.23502354200995], [-6.81424317551184, 62.23497690427924], [-6.8143739412900874, 62.234978151924395], [-6.8138790659651605, 62.23455819045475], [-6.813410403481056, 62.23270925455916], [-6.813654501067059, 62.23076602141429], [-6.81408415965753, 62.230398230508186], [-6.814434827750401, 62.22973598663832], [-6.814114493517822, 62.229053765983394], [-6.813389437637829, 62.228014915378836], [-6.812147625704029, 62.226969453561786], [-6.810632028303154, 62.22630171170881], [-6.807723394715857, 62.22548665934219], [-6.806845100271695, 62.22518533815542], [-6.806283848204346, 62.225197309373954], [-6.805167329088416, 62.224485976196604], [-6.804241369644395, 62.223463424062494], [-6.80223211655338, 62.222104400709725], [-6.8004437207729165, 62.22163166436402], [-6.80034311854434, 62.22160507051013], [-6.796775438339035, 62.220087069785286], [-6.794593315891062, 62.21886182681874], [-6.79384422745296, 62.218657812333966], [-6.7915678398396615, 62.21873064418149], [-6.790787182483174, 62.21856947380447], [-6.7885413243829555, 62.21866401881463], [-6.786525571362665, 62.21838638253514], [-6.785937883336418, 62.21817223649953], [-6.785268659444585, 62.218205204221], [-6.784750674469043, 62.21797699137416], [-6.783559215091137, 62.21798977378821], [-6.783197586885421, 62.21800618043951], [-6.782253862460466, 62.21792684089097], [-6.778760613208913, 62.21776106702893], [-6.776205128030091, 62.21757780538288], [-6.772687468387736, 62.217472805882444], [-6.7724159286306715, 62.217224075573235], [-6.770174285271065, 62.21711019373538], [-6.767393328094303, 62.21743515913401], [-6.76645533631499, 62.21767585130565], [-6.764620310565847, 62.21814669631775], [-6.756682296299312, 62.22094540174345], [-6.755325280284853, 62.22157807149961], [-6.75275084691015, 62.22209812679842], [-6.750027340745636, 62.222712594729934], [-6.7467291871510335, 62.22333645959661], [-6.743899574584856, 62.223654882030466], [-6.741822006147624, 62.22365444989531], [-6.73941378216845, 62.223800427142436], [-6.738399096547338, 62.22367942427971], [-6.736737517105215, 62.22331138182163], [-6.733288334638333, 62.2224944603921], [-6.730519179200244, 62.22179234332581], [-6.727593755793851, 62.22102368983736], [-6.725920847368548, 62.22048583085474], [-6.723888854506803, 62.21913215559145], [-6.722388637377547, 62.217837531807696], [-6.721258283289391, 62.21675392593028], [-6.721285072570588, 62.21667140748221], [-6.721138912397812, 62.216658506046926], [-6.7183137332111205, 62.21538070215887], [-6.718045102804494, 62.21529740707093], [-6.717811400133316, 62.21522494135174], [-6.717896825834047, 62.215193843628555], [-6.715964449646057, 62.214529006450576], [-6.715306464663566, 62.21433168516109], [-6.714385935523462, 62.2140231120274], [-6.7131073784549375, 62.21353912311045], [-6.7124998567734275, 62.21348817245835], [-6.708975837913659, 62.21395983677641], [-6.702523486584322, 62.213764036807056], [-6.702284028807371, 62.2137274230926], [-6.702235566565253, 62.213621226363195], [-6.702534950691514, 62.213510529036846], [-6.706507845669425, 62.21361486533817], [-6.706580049081679, 62.213603559586275], [-6.706590229176063, 62.21352779905632], [-6.706657522205825, 62.21349397570888], [-6.707772740422164, 62.213525281415585], [-6.707789139184214, 62.21340518142063], [-6.708266078450729, 62.21339128629448], [-6.7095742336563, 62.21321465605636], [-6.709660117264829, 62.21317602023777], [-6.709607432105366, 62.21310168326652], [-6.709765840888932, 62.21309067474934], [-6.709810547503482, 62.21314845904862], [-6.70989885238153, 62.2131645131668], [-6.710949822061822, 62.21302774945238], [-6.710997748895486, 62.21298240923885], [-6.710942430279323, 62.21292328334619], [-6.711041063584475, 62.212923795111344], [-6.710889061926919, 62.21286634432229], [-6.710583365988717, 62.21266701948143], [-6.710484478492363, 62.21253278224612], [-6.710388727414373, 62.21225279102941], [-6.710275793788758, 62.21217210138995], [-6.71015608051172, 62.212181081681294], [-6.71008745602492, 62.21216800960614], [-6.709608635880533, 62.21233824363225], [-6.709555453615373, 62.21231168926116], [-6.709610598576923, 62.21229958003317], [-6.709616354212109, 62.212284501796475], [-6.709980711257227, 62.21213518562658], [-6.709660783782532, 62.212025046595876], [-6.709479717588014, 62.21181295960335], [-6.709347048575953, 62.21178985302676], [-6.709316973947985, 62.21189763402573], [-6.708977666582413, 62.2120716924376], [-6.708823257205697, 62.21209446450745], [-6.708548992491486, 62.21198830804491], [-6.708435136448635, 62.21196308678674], [-6.707101029789528, 62.21247267345628], [-6.70685792836905, 62.21249846869066], [-6.706636795819221, 62.212477939545686], [-6.706482992162193, 62.212391095313], [-6.706327615004442, 62.212363121882525], [-6.70573736395686, 62.21256463279529], [-6.705534267899158, 62.21259539591548], [-6.705332656316609, 62.21264970614926], [-6.705207692385431, 62.212649258180306], [-6.705162552437947, 62.2126320824621], [-6.704906108653172, 62.21272858174039], [-6.704789472729745, 62.2126613833646], [-6.706035429811966, 62.21218771193932], [-6.7060893073663435, 62.21213015348163], [-6.706068815407848, 62.21211634783024], [-6.705347865303674, 62.211616566383356], [-6.705473422647082, 62.21157105570513], [-6.705522454072738, 62.211569845416655], [-6.706222956403562, 62.21204383514155], [-6.707585034995258, 62.211522867280074], [-6.706037188075614, 62.21087360198046], [-6.705546064316196, 62.21111481607381], [-6.705462362914756, 62.21108506251743], [-6.705376598066513, 62.21108508245953], [-6.7050471252482655, 62.21122813959703], [-6.705166588094229, 62.211303644502685], [-6.705211546568861, 62.211357448329366], [-6.7051661278796, 62.211398536513], [-6.705072751808427, 62.21141270589988], [-6.705002279739024, 62.21138092606097], [-6.704754890503129, 62.211346672260184], [-6.704563410900638, 62.21125471412331], [-6.704090939732088, 62.211153263962736], [-6.7040262139169755, 62.21111673033205], [-6.704151482171643, 62.21105981374156], [-6.704786499023267, 62.21119348759796], [-6.704824192579846, 62.21118836429202], [-6.705564093443688, 62.210790551824005], [-6.705612801280043, 62.21078471240567], [-6.705721958224489, 62.210696733143685], [-6.705062556154821, 62.210580437454915], [-6.704494439238631, 62.210863202027944], [-6.704413550273726, 62.210920672683166], [-6.704353662261514, 62.21093701100817], [-6.7042958116620035, 62.21092393445232], [-6.704273806717372, 62.21088191192773], [-6.704580874738368, 62.21069449320178], [-6.704862731787761, 62.21055931452053], [-6.704518169348741, 62.210524756564226], [-6.703752479735279, 62.21050429137095], [-6.703444131610853, 62.210523435445054], [-6.703453194951483, 62.21054845492637], [-6.703302796477284, 62.21058430552655], [-6.703267808064958, 62.21056137132466], [-6.703130009852117, 62.21059841766161], [-6.702509016754014, 62.2107566701248], [-6.702035929832046, 62.21094735382044], [-6.701970567679586, 62.21104341696591], [-6.7022518131821, 62.21124217806157], [-6.70225538935922, 62.21126854338914], [-6.702032979211382, 62.21127007200195], [-6.702564648916177, 62.211605044035586], [-6.702711497311941, 62.2116617008372], [-6.702748463142643, 62.211729558932184], [-6.703014127028797, 62.21189304558207], [-6.7033184288549315, 62.211957871401516], [-6.70344080717407, 62.212015200232024], [-6.703440634297158, 62.21208594567518], [-6.703388728197376, 62.212113638336454], [-6.703292442848864, 62.21212048613101], [-6.703011828268699, 62.21208307634404], [-6.702740268479559, 62.211959265720274], [-6.702644973453743, 62.21194799344254], [-6.701885277985059, 62.21145275965687], [-6.701853873002666, 62.21144595539299], [-6.701683916352687, 62.211316281540284], [-6.701479447302677, 62.211291710112306], [-6.700906341667587, 62.211282406355025], [-6.700125404218973, 62.2112295270575], [-6.699541581409141, 62.21114614937727], [-6.698396155576546, 62.210646662000585], [-6.697489997702839, 62.210093759494406], [-6.695867582202614, 62.20983944001791], [-6.694465387219413, 62.20949888385566], [-6.691318582776041, 62.209042958285046], [-6.690784403979234, 62.20909109147171], [-6.6904084738624485, 62.20891227915414], [-6.688631760337198, 62.20876143097746], [-6.687072092862783, 62.20866921083738], [-6.686544235162841, 62.20869498722982], [-6.682262242254844, 62.20803516861106], [-6.6799590013896, 62.20741698782504], [-6.67761080066109, 62.2068171393883], [-6.674634154986059, 62.20621247615667], [-6.671583569120467, 62.20566576490759], [-6.668971401638583, 62.205329434637214], [-6.666985908346179, 62.20485907603736], [-6.6616554414615825, 62.20359608834499], [-6.659347543066765, 62.203027753493465], [-6.658719895089815, 62.20286552809157], [-6.6579550264023295, 62.20289429187171], [-6.657230941330576, 62.2029798547907], [-6.655995830664897, 62.20294150665405], [-6.655476061794716, 62.202967928835186], [-6.655258439396128, 62.2028983529735], [-6.655117664222821, 62.20302813924669], [-6.654288812160978, 62.20282047693616], [-6.651088281821203, 62.20276584454452], [-6.648780696734949, 62.20240967648184], [-6.648386167709491, 62.20232353685815], [-6.646187946203958, 62.202012991545224], [-6.645927317856163, 62.201821820854164], [-6.643639018353367, 62.20136515290288], [-6.64136677514251, 62.200732739360674], [-6.640012640269737, 62.20023216484755], [-6.63985225017742, 62.20024784506695], [-6.638254549929787, 62.1996025085704], [-6.63669383684994, 62.198523309049115], [-6.635603287024353, 62.19770161103189], [-6.635615506782651, 62.19762630928604], [-6.6357445882478014, 62.197592951997756], [-6.635750426302523, 62.19754277138145], [-6.635437482488964, 62.19758484956717], [-6.634914188223018, 62.19714514529873], [-6.634962010417318, 62.196997903058055], [-6.634263088539626, 62.19618358085033], [-6.633783751656882, 62.195890342923796], [-6.63327008202684, 62.195106646011936], [-6.633232582180557, 62.19454098396975], [-6.6330755088429605, 62.194445647262015], [-6.632316306884105, 62.193467054354045], [-6.631697064068181, 62.19253025991398], [-6.631461990286206, 62.19142179128495], [-6.6311385648430425, 62.191188126508955], [-6.631007278846383, 62.18979222616018], [-6.6304310156834045, 62.18897323803758], [-6.630256941487452, 62.188444568401714], [-6.630355149024443, 62.188210915293155], [-6.630145529240228, 62.187947675072955], [-6.6299954262639895, 62.18704626250185], [-6.629760147536862, 62.18592701011147], [-6.629384706824784, 62.18514574278767], [-6.629352836756541, 62.18486167197184], [-6.629302403575499, 62.18441212973265], [-6.6295939889800355, 62.184420431930846], [-6.630081853819971, 62.18356726362236], [-6.630435620540497, 62.18281200599272], [-6.630646289691245, 62.18270992418133], [-6.630595029346509, 62.18257427986179], [-6.631134457867926, 62.18147355023327], [-6.632426407238351, 62.18079984300306], [-6.634359328719013, 62.18024955442843], [-6.637750323855661, 62.17994467149446], [-6.640331300663777, 62.18009443849953], [-6.642329647418527, 62.180431878469136], [-6.647506767515219, 62.18168389275054], [-6.6492292137509, 62.182016463448576], [-6.649481171594827, 62.182186205283834], [-6.65127997248797, 62.18251088468136], [-6.651786202567984, 62.18271428461678], [-6.652817069261298, 62.18280920688759], [-6.653273927504944, 62.18292341759021], [-6.653573208552602, 62.183125017253914], [-6.655251741101736, 62.183508035462886], [-6.656230793320484, 62.183836215578076], [-6.656815025668061, 62.183881275734194], [-6.657407286243922, 62.1841232774126], [-6.661556768839587, 62.18495390585639], [-6.663881817445966, 62.185392060310654], [-6.666552826006885, 62.186049229018], [-6.667849003318666, 62.186446221647316], [-6.668396079700537, 62.18670285774274], [-6.669260419106641, 62.18703916036895], [-6.669312483642187, 62.186999272514875], [-6.668632693794821, 62.18667926823116], [-6.668661574920844, 62.18663602835208], [-6.669759665727699, 62.186873540395695], [-6.672831635968747, 62.1875771782599], [-6.676215348639214, 62.18840699327068], [-6.6820112607787285, 62.1895376634111], [-6.68346639630633, 62.18987574625684], [-6.686364446155112, 62.190247564643755], [-6.689817362411195, 62.19050321846967], [-6.690372698491237, 62.190584195271484], [-6.691771961411855, 62.190865414024756], [-6.694887946543451, 62.19094133822594], [-6.695014093514656, 62.19102612275983], [-6.693920040107082, 62.19275899074318], [-6.694081751692613, 62.19277550322823], [-6.695101211998171, 62.19109346980701], [-6.695272062383442, 62.19095938729171], [-6.697595733764604, 62.191156948661195], [-6.697859537402028, 62.19123341895896], [-6.6982771315275516, 62.191509062753184], [-6.698361781643766, 62.19151540420516], [-6.698082708741411, 62.19125283145913], [-6.698134847181495, 62.19121661566479], [-6.700006150611602, 62.191414625619196], [-6.707626749645519, 62.1921372677314], [-6.711902154987867, 62.19261423807791], [-6.714490870415094, 62.19280607635934], [-6.714899055654027, 62.19277600249959], [-6.715758294517873, 62.19278601176506], [-6.715959473767442, 62.19282720944709], [-6.715937926348797, 62.19286321661868], [-6.715602906707373, 62.19292001338809], [-6.71563566420397, 62.19296984260141], [-6.716360122341847, 62.19287366305274], [-6.716874127972584, 62.19287969237839], [-6.718698272822144, 62.19304569651535], [-6.724341219377674, 62.19339866754859], [-6.727157975699625, 62.1936450184636], [-6.7285116434103385, 62.19392268845405], [-6.730997267112844, 62.194128976776696], [-6.732675583425301, 62.19450742816591], [-6.732937402458982, 62.194852880041694], [-6.733325536172118, 62.19497736849101], [-6.733569221971569, 62.19502632660821], [-6.733940863374323, 62.19507072880466], [-6.738655292362577, 62.19378803924777], [-6.738840462915797, 62.19376609592518], [-6.738956697199205, 62.19378459824291], [-6.73903352960831, 62.19381861937045], [-6.739068705661134, 62.19386489055621], [-6.739030211641226, 62.19395323640384], [-6.734859659759567, 62.1951101410254], [-6.735015986632973, 62.19521710633496], [-6.737065767867858, 62.19598565276315], [-6.737749110745259, 62.196077141338655], [-6.738123918321491, 62.19595064112764], [-6.738162379095581, 62.1959246027566], [-6.739333415964097, 62.196138497114674], [-6.739277244301405, 62.196203571373], [-6.738200139922018, 62.19600835478489], [-6.7377061254032915, 62.19631049937586], [-6.739000586457405, 62.196825466504706], [-6.739575787075846, 62.19652993610167], [-6.740189950660382, 62.196575126528856], [-6.740165853750718, 62.19663793991328], [-6.739603196574264, 62.19660050096448], [-6.739046597762595, 62.19689400007922], [-6.739374817314344, 62.197053227879685], [-6.739476385273664, 62.19700442464188], [-6.739553246500993, 62.197038176444465], [-6.7394504564909345, 62.197087902540446], [-6.740518248471868, 62.19755422910942], [-6.7411127932277175, 62.197282799003304], [-6.7403799274370115, 62.19690645597479], [-6.740209760647296, 62.196873879636925], [-6.740362093021744, 62.19680282829917], [-6.742568680008317, 62.197804082857935], [-6.743620569046336, 62.19757307066058], [-6.744009439114747, 62.19734021386584], [-6.743876102568151, 62.19709429374767], [-6.74403481991561, 62.196859941896584], [-6.7439120682796085, 62.19650286599867], [-6.744032266510577, 62.19608626252695], [-6.743990048484751, 62.19581434992549], [-6.74418210630953, 62.19546508202729], [-6.743977346456124, 62.19515892589075], [-6.743498523067685, 62.19490191468017], [-6.7432396141589885, 62.19404820378207], [-6.7433616076146565, 62.19385006583483], [-6.744509507839079, 62.192546161845236], [-6.746263657108074, 62.19142994740073], [-6.746391433366765, 62.19119239767847], [-6.747127376761792, 62.19065533492683], [-6.749002498968411, 62.19075595887226], [-6.74896086047459, 62.19067753401582], [-6.747426083847163, 62.190648959313805], [-6.747178560330976, 62.190597538911526], [-6.747098783613262, 62.19052298355297], [-6.747293608489455, 62.19041733117025], [-6.7477825853800475, 62.190376873023745], [-6.747940518555548, 62.190307341448644], [-6.747913954964269, 62.19022521042289], [-6.747658672445075, 62.189991231267875], [-6.748373679187305, 62.188967123701666], [-6.749219352786193, 62.18795258346881], [-6.749959366202043, 62.18733306535158], [-6.751200386153321, 62.18695248604081], [-6.752010592151881, 62.18654364208042], [-6.7526109694114425, 62.185886027396364], [-6.752791147712967, 62.18526461297712], [-6.752310100246743, 62.18459568260241], [-6.752225222586199, 62.18458218779052], [-6.7522231023016195, 62.184535647290055], [-6.752361499331911, 62.184545070842425], [-6.752396924684952, 62.18447669326199], [-6.752227294471137, 62.18445320713629], [-6.75221034830507, 62.18441746951254], [-6.7520719519043055, 62.18440804580933], [-6.751943842019252, 62.18445939024132], [-6.751741044731782, 62.18437539311586], [-6.751215299197685, 62.18445189825348], [-6.75093787862406, 62.18459428397133], [-6.751023777847837, 62.184632844833814], [-6.7509718249000015, 62.184672763306736], [-6.750769939803913, 62.18461014723986], [-6.7511356397411815, 62.18438102791324], [-6.751385194672995, 62.184303460682294], [-6.75184506519382, 62.18429914868778], [-6.7521506100858435, 62.18427482885823], [-6.751914039875164, 62.18412294982767], [-6.751812121961905, 62.18389110246857], [-6.750950206971661, 62.18327588027765], [-6.7506274119500205, 62.18246033903224], [-6.7505716375200615, 62.18231942045486], [-6.750245863448243, 62.18151644151749], [-6.748113648139919, 62.17916148475869], [-6.74810983680971, 62.17871368737176], [-6.747707096508522, 62.17861719147288], [-6.747268983877082, 62.178409959388624], [-6.744099966129639, 62.1776049505287], [-6.740783522400471, 62.17711286673272], [-6.741474972239613, 62.17697391873413], [-6.741404412230815, 62.17693874334991], [-6.7407637798602025, 62.17700920746764], [-6.740026410874255, 62.176973049533416], [-6.738142132377498, 62.176453311834784], [-6.73577237027501, 62.17551173523206], [-6.734499531641605, 62.17513668295701], [-6.733407636625752, 62.17468466892047], [-6.731700671671899, 62.17418820589193], [-6.7284714782967665, 62.172667000805276], [-6.7282179871291685, 62.17265144821851], [-6.727895670371518, 62.172457449384545], [-6.7275777951413644, 62.17237081154113], [-6.725751650958601, 62.17212972363505], [-6.724461595046182, 62.17188007678955], [-6.724403247348224, 62.17176958600226], [-6.7240395740824015, 62.17186606177822], [-6.720769801301164, 62.17155219714246], [-6.720036836078555, 62.17161269800059], [-6.717567357730552, 62.1713874669374], [-6.717360084206911, 62.171368560208705], [-6.716449248921642, 62.17139128013138], [-6.711211679742875, 62.17055430384656], [-6.710163700169476, 62.17040978909608], [-6.7099593196442475, 62.170468994067015], [-6.709698170945562, 62.17045346035521], [-6.70954585844808, 62.17029364679102], [-6.709754127041048, 62.17014481384526], [-6.709638109834577, 62.170117220755664], [-6.709148565576223, 62.17031869055882], [-6.707635622482255, 62.17005308242233], [-6.707097620290893, 62.17001142103007], [-6.706201429040357, 62.16983329164341], [-6.70394658958826, 62.169592184827096], [-6.702246340200162, 62.16905236170614], [-6.700279631101807, 62.16836803818135], [-6.696351461465807, 62.16600342406883], [-6.695032430220241, 62.164668430775954], [-6.694634265871363, 62.16410955606387], [-6.692859740873244, 62.163058045491645], [-6.691028802055203, 62.1623078722437], [-6.689984502830051, 62.16205938009397], [-6.690018548822172, 62.16195516959234], [-6.692375581923884, 62.161525646097125], [-6.692204630399134, 62.16146623800165], [-6.69006080746449, 62.16186160055387], [-6.688961165318242, 62.16194671270714], [-6.688407745738849, 62.161897895505064], [-6.686817115377536, 62.16158622232763], [-6.686104619530592, 62.1613955775367], [-6.684594975846603, 62.16119054573539], [-6.682446331398155, 62.16109504162851], [-6.6800099602914615, 62.160891080328675], [-6.6783440406513765, 62.16079478738537], [-6.675394149680741, 62.16001497861668], [-6.675297448551437, 62.15989403419487], [-6.675696702370148, 62.15972932763546], [-6.676752644074403, 62.15932952350512], [-6.676536342369578, 62.15928127695482], [-6.675103267291406, 62.15982766063977], [-6.67479885862315, 62.15987696661738], [-6.673172026685741, 62.159422127491574], [-6.670941781793362, 62.1586286136649], [-6.668356899447144, 62.15814990073217], [-6.6656345189011335, 62.157493294122695], [-6.663570402110659, 62.15682007072495], [-6.659870399908564, 62.155648832535306], [-6.658325313883906, 62.15511788567609], [-6.657470878188393, 62.15443042216978], [-6.656722882203127, 62.154107395027516], [-6.655096867602043, 62.153852928350595], [-6.652954315300337, 62.15312290385057], [-6.6526826442398574, 62.152838712235685], [-6.6499081438554155, 62.151809635616914], [-6.647995681073142, 62.15088769624959], [-6.646092317863704, 62.15019133568988], [-6.645014729375928, 62.15005020801175], [-6.643763562829568, 62.14977440547422], [-6.641889944647249, 62.14886282309766], [-6.641530050751243, 62.14885876599018], [-6.641010529447984, 62.14869127422916], [-6.639517816408439, 62.14850712339073], [-6.639176765464063, 62.148399049087125], [-6.638947262614761, 62.14801408679292], [-6.637562332424743, 62.147449259103894], [-6.636763689546957, 62.1468006756636], [-6.636092223144383, 62.146663076663444], [-6.635096047613827, 62.146055558320626], [-6.633118328501782, 62.14520555157173], [-6.6311837803128855, 62.144674098057145], [-6.628511680594393, 62.14348254491686], [-6.625207109986465, 62.14236081983255], [-6.6232899735740025, 62.141875609652054], [-6.622465678855005, 62.14193985652079], [-6.6205827651302815, 62.14134691097602], [-6.619341783748376, 62.14112456591539], [-6.619022116063475, 62.14117384503666], [-6.617873425220539, 62.140961422228976], [-6.616946558735053, 62.140944231359356], [-6.616438936972361, 62.14067987647511], [-6.616168201791998, 62.14060689155806], [-6.615854705952064, 62.14061667312751], [-6.612044554497483, 62.14006128308583], [-6.61153568426387, 62.139764743593126], [-6.61004228259826, 62.13954083565339], [-6.6091686043540046, 62.13931171131045], [-6.608770926201031, 62.13931867754839], [-6.608123369457426, 62.138998092715035], [-6.607234158233208, 62.13876195342603], [-6.606427628440948, 62.13828516703761], [-6.605116066364554, 62.137812488318936], [-6.605228865527061, 62.13776146249974], [-6.606105453943253, 62.13766814367222], [-6.605180493309029, 62.137693734244], [-6.604323358079152, 62.13729255964353], [-6.603537858171925, 62.13696597534536], [-6.603635202599281, 62.13691145116993], [-6.604994980003314, 62.13684274630749], [-6.603162771638412, 62.13676491660634], [-6.602657313708533, 62.13651754214855], [-6.60152718928442, 62.13609698139332], [-6.600774351664121, 62.13580958168636], [-6.600310335094928, 62.135583674670755], [-6.598627249810282, 62.134873020707076], [-6.598018347797153, 62.13438883109137], [-6.59664474421281, 62.13375615463359], [-6.594669041247658, 62.13302492943887], [-6.593746014887823, 62.13262837675254], [-6.592981969688669, 62.132072779534376], [-6.591475253482025, 62.13129281553625], [-6.5909371799165335, 62.13089485291062], [-6.590518364850447, 62.13071266043449], [-6.590446247419039, 62.13054350031575], [-6.589910165701593, 62.130253674113625], [-6.5896925404435, 62.12968511348802], [-6.5892486699455715, 62.129391231820414], [-6.5892333186082315, 62.128944442339545], [-6.589797481614002, 62.12862158911414], [-6.5911362275867935, 62.12858417616431], [-6.591569475946071, 62.12871947887569], [-6.592004111709059, 62.12892681520987], [-6.59201436102727, 62.129078108566574], [-6.592181185272192, 62.12892612176365], [-6.592981053830778, 62.128890727142114], [-6.593280692887406, 62.128853552431465], [-6.5935912840260436, 62.12901455231422], [-6.593844787279268, 62.128981154231504], [-6.595475025348542, 62.129338894820926], [-6.597297914731264, 62.12970318919654], [-6.597505885344424, 62.129709579299025], [-6.598048354129916, 62.129473323026595], [-6.598210996093164, 62.12953387698414], [-6.598314742886734, 62.12974254905652], [-6.598538860069885, 62.1297921365737], [-6.598922510076523, 62.12972578785446], [-6.600209698060668, 62.12982180680947], [-6.600433719314688, 62.12986779798618], [-6.600739707631708, 62.13020172411983], [-6.601837219502806, 62.130453368557625], [-6.602311013753769, 62.13069304403826], [-6.6028040034661615, 62.130709117109966], [-6.60314596032046, 62.13089883062574], [-6.604397694106779, 62.13116784719964], [-6.605107048326788, 62.13123003300923], [-6.605936996774821, 62.13158718886262], [-6.6062694754083795, 62.131668804682874], [-6.607473898444784, 62.13186227111645], [-6.607814777793452, 62.13199071809458], [-6.608012933624529, 62.13231423455623], [-6.608321487879542, 62.13234910141875], [-6.610070134101574, 62.132846802080316], [-6.61059099104512, 62.13312586803902], [-6.611938349956627, 62.13357110048272], [-6.6135235069149205, 62.13395406160807], [-6.614692293603719, 62.13430981419092], [-6.615260941758662, 62.134249926615496], [-6.617695434510102, 62.134773694897], [-6.617727793687518, 62.134859998550745], [-6.618065927079906, 62.13481903200306], [-6.620591972203368, 62.135291885476825], [-6.622159989742655, 62.13557038622121], [-6.622552499709832, 62.13548419100519], [-6.624349973600657, 62.13585576195727], [-6.630158318182354, 62.136830821369834], [-6.632526409752651, 62.13749837092025], [-6.633853386144564, 62.1375765227602], [-6.6364562321688645, 62.13798044610953], [-6.637436569206722, 62.137997162496376], [-6.6411105368968455, 62.13858877013687], [-6.648372799873893, 62.13991236355185], [-6.652386335895033, 62.14056168124102], [-6.655840906401243, 62.14100802840555], [-6.659384626024996, 62.14138180998798], [-6.661189220341182, 62.14172068669234], [-6.662779240368102, 62.14166732996623], [-6.665028207348222, 62.14181953269228], [-6.665092496303194, 62.141894149856704], [-6.667563131611147, 62.142040797175376], [-6.669277445847758, 62.14222271897549], [-6.675439239530624, 62.14278436853783], [-6.6758422935845365, 62.14271992828968], [-6.677377982324738, 62.14283518561083], [-6.677840742299198, 62.14292069274248], [-6.678161818601524, 62.14290703720671], [-6.678887182672452, 62.14305107955186], [-6.679503762924977, 62.14296677050402], [-6.681521872703289, 62.143274833381085], [-6.683538750413312, 62.14336071921367], [-6.685539115913959, 62.14360791137423], [-6.685557263485469, 62.1436794132671], [-6.687951327553157, 62.14400541929322], [-6.689793920447362, 62.1441358015808], [-6.693556136425149, 62.14421667972562], [-6.695554916336903, 62.14405177105431], [-6.6980038004981415, 62.143474481673884], [-6.700199593177734, 62.14288864183741], [-6.701237741698947, 62.14246973680186], [-6.70169796942088, 62.14228402336546], [-6.7023944430125875, 62.14172607417659], [-6.702593001020595, 62.14171356363367], [-6.702769948644178, 62.14136804718199], [-6.703263387633382, 62.1410841594517], [-6.703818924768534, 62.141003850136975], [-6.703596662340123, 62.14081243073165], [-6.703609751814973, 62.140758598024526], [-6.703305367866401, 62.14061807134065], [-6.703209059880375, 62.14069413801857], [-6.702968827456174, 62.14062111334738], [-6.702879135845036, 62.1406756516667], [-6.702809455435678, 62.14065842553855], [-6.7032265924433005, 62.14037875018692], [-6.702710677131995, 62.139935647937946], [-6.701783906162777, 62.13902781311481], [-6.701601942606015, 62.138849560380024], [-6.7004437303169455, 62.13805048753447], [-6.700170548143325, 62.13773413598381], [-6.698458832994233, 62.13668927822622], [-6.696677031338229, 62.13597812575087], [-6.6953073201743445, 62.13561076206481], [-6.692481899515175, 62.13512802055777], [-6.687694215198986, 62.13442510979259], [-6.684928884798105, 62.13397975533851], [-6.682303951402985, 62.13360582683662], [-6.678799979905314, 62.13355633126694], [-6.676596496050881, 62.133468762645094], [-6.6739987828447065, 62.1333071130602], [-6.6718285408063815, 62.13294896501042], [-6.670173564315169, 62.13257780886423], [-6.670202076210919, 62.13245869445508], [-6.67007214543767, 62.13250975226454], [-6.667847834695652, 62.131748123457946], [-6.666157049597912, 62.13110318747951], [-6.6652844817419, 62.130580750113914], [-6.663525166564086, 62.129182940492754], [-6.663377860198397, 62.12912586652943], [-6.663241507149736, 62.128841729890176], [-6.6629317946428905, 62.128749413645316], [-6.662843186491786, 62.12855514921589], [-6.662204954776364, 62.128193947533504], [-6.661975349446766, 62.12786334286695], [-6.661497808490427, 62.12784379021669], [-6.661447534389408, 62.12763499796265], [-6.66181666999248, 62.1276153704041], [-6.661743392423998, 62.12741391159234], [-6.661240622820831, 62.12728627906624], [-6.6610282816681705, 62.12705293250181], [-6.661141307781914, 62.12692994886734], [-6.660771995432616, 62.12653871204691], [-6.660380212891161, 62.1265836328601], [-6.660253027246065, 62.12637515712574], [-6.660698156699325, 62.12630483035546], [-6.660548646340294, 62.12613970356126], [-6.660426791140462, 62.125812262068514], [-6.659905921346777, 62.12554416281405], [-6.659656143274597, 62.125361448958124], [-6.659603544728679, 62.12503373997456], [-6.659390031408718, 62.12513194955381], [-6.658924890848848, 62.124964539941345], [-6.659091798556449, 62.12483411844187], [-6.658834272305396, 62.12465504296567], [-6.657669126419283, 62.12410138897676], [-6.657290910976832, 62.12404534128049], [-6.657226210540096, 62.12387984894701], [-6.656591478540481, 62.123691605293274], [-6.656772312837723, 62.12349255627058], [-6.655797396929828, 62.12322286393217], [-6.655591663762649, 62.12332461122264], [-6.655467767412033, 62.12329270522148], [-6.655434649113561, 62.12317030498411], [-6.655033993352291, 62.12314682249947], [-6.654499879964466, 62.1229868488195], [-6.65474983601862, 62.12277676179356], [-6.654227241023725, 62.1228078672269], [-6.653717714535868, 62.122734321862886], [-6.653491559726884, 62.122576687125495], [-6.653028329363228, 62.12249216142789], [-6.6525062205906185, 62.1225591830398], [-6.65078717899474, 62.122404247439796], [-6.6456649504931535, 62.12176257555125], [-6.642436591841315, 62.121148919721506], [-6.640122645424264, 62.12045218374162], [-6.639369286197335, 62.12008046716478], [-6.638820425005854, 62.11954217621266], [-6.638590893681302, 62.11960434603309], [-6.638326718983879, 62.11946848319776], [-6.638586490522262, 62.119377379308624], [-6.637429408408242, 62.118401862826374], [-6.636039344886142, 62.11730482710756], [-6.63536675188994, 62.11713100912944], [-6.633873430135364, 62.116268595752096], [-6.634085879363088, 62.11610558042279], [-6.635414509131552, 62.11556683415188], [-6.635420566240547, 62.11547670145809], [-6.633699728323786, 62.116035054041454], [-6.63224802329943, 62.11533108875259], [-6.630704734908724, 62.11425624427959], [-6.629617944196929, 62.11330924185753], [-6.630922029044982, 62.11310933597216], [-6.630835448639542, 62.11299795475903], [-6.629576864844198, 62.11317242074641], [-6.629296424424616, 62.112959127555264], [-6.627946252872665, 62.11193218420986], [-6.627272160405574, 62.11167901571822], [-6.625494491014518, 62.11079968762822], [-6.624351191461935, 62.11012309782793], [-6.624345090214518, 62.10978440319394], [-6.624196063584122, 62.109626423221336], [-6.623790688851723, 62.10891095024479], [-6.624182416245418, 62.10845526550986], [-6.625199615612006, 62.10813771930506], [-6.627482256634108, 62.10803122024456], [-6.6299300316949115, 62.107704209209935], [-6.633280670153493, 62.10629601978548], [-6.6348512161310165, 62.105965238146425], [-6.635152941653078, 62.10605766611318], [-6.636217441749107, 62.106637196803284], [-6.636363289461648, 62.106614905752814], [-6.6354062168389865, 62.10603146483431], [-6.63557271365301, 62.10588660850219], [-6.638340109533779, 62.10538874944102], [-6.639324763903691, 62.104981120389674], [-6.641614444798615, 62.10444910228963], [-6.6441281626165285, 62.103977426510646], [-6.646085294300624, 62.103360305388165], [-6.6480719928785525, 62.10267452448202], [-6.649253178011329, 62.10210379284494], [-6.6510584701798665, 62.10159886331911], [-6.65211799446099, 62.10150792860427], [-6.656208643486084, 62.101872653551176], [-6.656744274535191, 62.101729893624885], [-6.65695185394043, 62.101729008074344], [-6.657169750039069, 62.101857768685306], [-6.657839790485904, 62.10191265448011], [-6.658476505703594, 62.10183058795563], [-6.66031299820097, 62.1017543483757], [-6.660715256209674, 62.101867902977105], [-6.66116726702667, 62.101783151463145], [-6.661657007289748, 62.10165126971159], [-6.661964869407003, 62.10166437145014], [-6.662074300186659, 62.10176121349581], [-6.663434886242755, 62.10172654523156], [-6.664205456136532, 62.1014133584903], [-6.667235135174808, 62.10139307237866], [-6.66998088497432, 62.10151464768162], [-6.670275540801728, 62.10152769104891], [-6.672940298697151, 62.10172147103181], [-6.673129241236967, 62.10155854421615], [-6.6735005545708965, 62.10166139494428], [-6.673736169395014, 62.1015269955311], [-6.675606122209471, 62.10196935762435], [-6.676002053660459, 62.102151356564285], [-6.67622363036104, 62.10247112097244], [-6.677546937316718, 62.10326539358142], [-6.680522982493115, 62.104012653956445], [-6.68120737500591, 62.10400607305766], [-6.681263555536161, 62.10412113093623], [-6.681399747895681, 62.10400875663802], [-6.681780532427607, 62.10420170738167], [-6.681941904177689, 62.10419381509471], [-6.683179654074895, 62.1045523073312], [-6.683307844501229, 62.104429202703095], [-6.685757419101139, 62.10423449065906], [-6.685973252894075, 62.10425874928797], [-6.686019092985245, 62.104240570960684], [-6.685824852050913, 62.10414412723505], [-6.68594560856341, 62.10403544123104], [-6.6873739384793165, 62.10392463359821], [-6.6876985333125525, 62.10399523974646], [-6.688021807656263, 62.10362982840753], [-6.6885721258370685, 62.10308316151227], [-6.689148173692387, 62.10229863366923], [-6.689607093893748, 62.101413655023656], [-6.6896902998365455, 62.10059881121471], [-6.689984134205694, 62.10029476633127], [-6.689858520511729, 62.100172807273516], [-6.69003063273585, 62.09955939767967], [-6.690196474580649, 62.099396512660995], [-6.689912589871837, 62.09866981590171], [-6.690142327646768, 62.098629117037454], [-6.690293408893113, 62.09849148448039], [-6.68999950015041, 62.09841358435919], [-6.689733347759672, 62.09855531143473], [-6.689594512083689, 62.09853431865271], [-6.689738910218868, 62.09845439646615], [-6.689390994163954, 62.09835862418509], [-6.689003333861626, 62.09783059196123], [-6.689306830576199, 62.09763103994155], [-6.688783779880201, 62.09761898410922], [-6.688333317341398, 62.09702274174902], [-6.6873653032488125, 62.096309928501555], [-6.686835097618871, 62.0963267458691], [-6.6865315532284075, 62.09614425693378], [-6.686744039675612, 62.09600280622808], [-6.6862959951231025, 62.095896642633704], [-6.685659220703286, 62.09521476267565], [-6.684924911925851, 62.0942594682893], [-6.684526068935056, 62.09316567775722], [-6.684400813361063, 62.09229778425077], [-6.6841620754163165, 62.092273587269965], [-6.684159880142452, 62.09216913045542], [-6.684390691335471, 62.09217164638246], [-6.684526683101279, 62.09167372934019], [-6.684463885240878, 62.0908559931906], [-6.6853511160022085, 62.08987179939317], [-6.68601800304217, 62.08863637831447], [-6.685938845661177, 62.08852138650979], [-6.686076110214527, 62.08846675850646], [-6.686375325600727, 62.0880582124175], [-6.686266711157756, 62.08800818149837], [-6.686326689250592, 62.087932238717606], [-6.686441582053201, 62.08791737020047], [-6.686896072019346, 62.086826988185756], [-6.687200428319994, 62.0866778258005], [-6.6870988486669125, 62.08658822807601], [-6.687415773007457, 62.0859237297207], [-6.687570665094813, 62.084463540944654], [-6.6875494747477475, 62.08304736606389], [-6.68773307697636, 62.081871646934275], [-6.687796111148158, 62.080808298386735], [-6.688122188866901, 62.0798410171473], [-6.688534531870465, 62.07895266154788], [-6.689209720405043, 62.07814241026999], [-6.689129406748372, 62.077969758495136], [-6.68938267325439, 62.07757947430464], [-6.6893168369376514, 62.07661390310612], [-6.6895108245249695, 62.0763283952169], [-6.6896443169065485, 62.07571514861662], [-6.690117288936103, 62.075547249965865], [-6.6898304210429655, 62.07542241566403], [-6.689893907434537, 62.07514101231057], [-6.69010650936599, 62.07502110901627], [-6.690794246221053, 62.074830667812236], [-6.68971741660201, 62.07477784629237], [-6.6893009940023695, 62.07470040774506], [-6.689284066842994, 62.0746283866069], [-6.689597659130758, 62.074554974272786], [-6.689850436049067, 62.07414295341111], [-6.689492622518765, 62.07316792487287], [-6.689368678730849, 62.072608917891756], [-6.689210263371641, 62.07189440820002], [-6.689196487151847, 62.07183227095645], [-6.688697382807673, 62.071470534995356], [-6.688416513953152, 62.07088439100957], [-6.688726904096555, 62.06990275032902], [-6.6883480613421655, 62.06940717750741], [-6.688090877856888, 62.06884971057395], [-6.688136008733984, 62.068569859314714], [-6.688137053747272, 62.06829740544793], [-6.688266826448065, 62.068221731455154], [-6.68826597459376, 62.068099429686306], [-6.688579506933723, 62.067973046374746], [-6.689270215243757, 62.06804393970052], [-6.689829767539532, 62.06803237020383], [-6.690088894670532, 62.067798140398004], [-6.6893226740156395, 62.06787485300816], [-6.688885159794886, 62.06781429778467], [-6.688844807268572, 62.06750143998498], [-6.689534814077373, 62.06749321967041], [-6.6892949533073205, 62.067166253699945], [-6.688597322962655, 62.06718170763566], [-6.687329484353045, 62.066769939948934], [-6.687642950332686, 62.066629192138066], [-6.68649168091943, 62.06643664635961], [-6.6857299434276545, 62.066042040244355], [-6.68516032139556, 62.06464465609001], [-6.685114494818661, 62.064532229670576], [-6.684730057108723, 62.064370911878854], [-6.684647011791838, 62.06339992738654], [-6.6851595240341695, 62.063215740899444], [-6.684954124743032, 62.06112622468218], [-6.685030406474169, 62.06105414743192], [-6.685191619817678, 62.06110066254558], [-6.685809759318813, 62.060671781920476], [-6.68631252131829, 62.060199845863686], [-6.686415328568989, 62.0595018684465], [-6.686880962280452, 62.05921345923194], [-6.687515856998391, 62.05900392875504], [-6.687536545212337, 62.05865860095291], [-6.688792439353813, 62.057325912615504], [-6.6914940007089125, 62.05672478746133], [-6.6946578153196254, 62.056500698484705], [-6.6982298686509045, 62.056542007802875], [-6.700757579324987, 62.05741575809447], [-6.700859025451922, 62.057670997899926], [-6.7012352518802025, 62.057745941059224], [-6.7012801336954695, 62.0576127286368], [-6.70312674241268, 62.058584640747824], [-6.7039063858034815, 62.05934594910375], [-6.705537840134066, 62.06026056035176], [-6.7065483632282925, 62.06112579366053], [-6.706870147787845, 62.061103747868266], [-6.707046993403897, 62.06117177516631], [-6.707048124295739, 62.06131930974812], [-6.708758425455051, 62.06248550588951], [-6.712471535803262, 62.063900225697196], [-6.714458915484248, 62.065163137468055], [-6.716335075766911, 62.06689015906501], [-6.716664643748977, 62.06688240401593], [-6.717369988820593, 62.06788113441589], [-6.717448124120358, 62.068026419645705], [-6.718633056319089, 62.06873499467325], [-6.718466306950379, 62.06884025313002], [-6.716952530264816, 62.06918257195045], [-6.718606849849671, 62.068944117553116], [-6.719111436344953, 62.06955085068026], [-6.719416918212263, 62.07054404884656], [-6.719509614676939, 62.07056883163106], [-6.719934616333231, 62.071402927274654], [-6.7199667731934465, 62.07182436322847], [-6.719776838724973, 62.071929779834576], [-6.720085619292676, 62.07199323052599], [-6.721554261408822, 62.07348180644393], [-6.7230415606270775, 62.07476138598122], [-6.723731410524178, 62.0751705409126], [-6.724699325138017, 62.07574459361389], [-6.726077853273523, 62.07695608649369], [-6.726143201982269, 62.07713960048295], [-6.726396729755497, 62.07713119876594], [-6.726477259439028, 62.07730373920417], [-6.727842562426484, 62.07825588025594], [-6.72811217272775, 62.07828347314289], [-6.728789852988423, 62.07905865718552], [-6.72965316773165, 62.07953018542639], [-6.729807954598244, 62.080293457713374], [-6.730323279540691, 62.08066939634039], [-6.730401149548842, 62.080708652258124], [-6.730302529474541, 62.08077042087342], [-6.730341710169668, 62.08080985002507], [-6.73048663779573, 62.080758717299695], [-6.730580624630061, 62.08084115380959], [-6.730550624563852, 62.08087370174921], [-6.731062323297308, 62.08108033689812], [-6.731138222774422, 62.08103309905363], [-6.731573997011755, 62.08127969720457], [-6.732428181517996, 62.081333206911225], [-6.732679758907539, 62.08123839003411], [-6.733020189598386, 62.08134120450429], [-6.732960718704299, 62.08143522011663], [-6.733314608133177, 62.081455115465175], [-6.73364809742696, 62.08158690420333], [-6.733821307154175, 62.081780620226425], [-6.735331042065451, 62.08228514429718], [-6.73711489850612, 62.08301527007821], [-6.738594228467302, 62.08388386613116], [-6.739481798366446, 62.08475166521754], [-6.739951178004548, 62.08547014189787], [-6.740261961655865, 62.08666869655023], [-6.740033425729986, 62.08780861224083], [-6.739117174695437, 62.08948882537812], [-6.739127036585466, 62.08979330410361], [-6.741390278947711, 62.09016428375888], [-6.741589682954036, 62.09022634595437], [-6.7418295830560275, 62.09048302545018], [-6.741831261270507, 62.090740494589525], [-6.741999461870958, 62.091199064120985], [-6.742130126720944, 62.091377528664694], [-6.742300573645733, 62.091462119380566], [-6.7433857059982865, 62.091676119923875], [-6.743467057001738, 62.09176636686223], [-6.7432169526580745, 62.09183521817891], [-6.7426234425019285, 62.0917314544514], [-6.7423817183002095, 62.091774610641345], [-6.742274328588571, 62.09182329818344], [-6.742139175163278, 62.09182001557058], [-6.742066897185516, 62.09179489126544], [-6.741988260685018, 62.09171431239253], [-6.741893142033114, 62.09156063311596], [-6.741755273438426, 62.09141392349098], [-6.741559344924417, 62.091097645957966], [-6.741353899121032, 62.09046168642189], [-6.7412941097557395, 62.090416232282166], [-6.741067458092743, 62.0903347358804], [-6.7395212479928395, 62.09009372843769], [-6.73941250286702, 62.09012717348773], [-6.739384422474179, 62.09057802399456], [-6.739421956088167, 62.091023518008775], [-6.739468177066005, 62.091102805782036], [-6.739611382276955, 62.09110594426621], [-6.739623389408247, 62.09182451623449], [-6.740712292758806, 62.09178717298665], [-6.7406881875865885, 62.09189066654765], [-6.739769697199727, 62.0919230361053], [-6.739799896605996, 62.092137229380185], [-6.739760691987111, 62.09206761819992], [-6.739644909642811, 62.092090255505674], [-6.7396712743683835, 62.09222539564314], [-6.739598150360283, 62.09225108201753], [-6.739678445562191, 62.09236570795697], [-6.739898624620937, 62.09263801390928], [-6.740051218396775, 62.0929414116328], [-6.7403785248299215, 62.09319067725897], [-6.741171648553165, 62.09401268989613], [-6.741148146567291, 62.09423413134063], [-6.741218435437174, 62.094296151012436], [-6.741615664021351, 62.094309726910105], [-6.74165546750492, 62.094325729236964], [-6.741689898879641, 62.0943444271348], [-6.741689851501828, 62.094355379795466], [-6.741692613551162, 62.094441974951145], [-6.741787996238975, 62.09444469861439], [-6.741871107742016, 62.09444758110654], [-6.7418715916771985, 62.094500380956305], [-6.741832163210337, 62.09481200018361], [-6.7413122496967866, 62.094796961385846], [-6.740503141953037, 62.094812124515954], [-6.740780462835653, 62.095189158771994], [-6.740650734821236, 62.09522582685307], [-6.741013417502001, 62.09563486983484], [-6.7408152421496395, 62.095718723669556], [-6.740729462644108, 62.09566147877104], [-6.740819712591805, 62.09557092525437], [-6.740292142332, 62.09500413540392], [-6.739863867607357, 62.09511430754998], [-6.7402347029867125, 62.09554494388901], [-6.740158201874255, 62.09555617444339], [-6.740308806005591, 62.09576441462459], [-6.7404776274961895, 62.095745623299635], [-6.740501623732007, 62.09578875144549], [-6.740348749351198, 62.095832672877656], [-6.740604081337356, 62.09625307223812], [-6.741152431703844, 62.09670815126167], [-6.741028360994507, 62.097011475583066], [-6.74114511932525, 62.09742530213664], [-6.740986299179781, 62.09754140203364], [-6.741465732626462, 62.09835717661467], [-6.741382261611184, 62.09840797794259], [-6.741978912580476, 62.09930960929329], [-6.741983729363053, 62.09952588329527], [-6.743577843450059, 62.10171275481675], [-6.7435774456291995, 62.10204072210959], [-6.744218409786222, 62.10285570545083], [-6.744105308227845, 62.10295711160305], [-6.7443143985652725, 62.103366961951174], [-6.74417643719111, 62.10339281556812], [-6.744463287554951, 62.103841910499455], [-6.7448512114987675, 62.10433377137349], [-6.745465847220269, 62.10500107606084], [-6.7456227812696685, 62.10548674808094], [-6.745655984771087, 62.10594068724612], [-6.745731976616006, 62.106246644319334], [-6.7457638604402215, 62.10663573937032], [-6.745492382621585, 62.10723160025443], [-6.745652331998447, 62.10750112627282], [-6.7456323175544295, 62.10764175787592], [-6.745224904451297, 62.107654605985324], [-6.744662512718412, 62.108309652106286], [-6.74378980077622, 62.109189571200936], [-6.7425696303016736, 62.11001713436269], [-6.740633215181009, 62.11081576410807], [-6.738434703388802, 62.11124090362162], [-6.737050507097775, 62.111261922489064], [-6.733849034761893, 62.11085573082485], [-6.7334670985034, 62.11098370398105], [-6.733188836019609, 62.110916570422454], [-6.732652799002035, 62.11078851781054], [-6.732534959042445, 62.11081252624722], [-6.732281928287465, 62.11075165798628], [-6.732100432203156, 62.110709064167445], [-6.731903838321166, 62.11067353125331], [-6.7316470764828455, 62.11063938261564], [-6.731405859970348, 62.11061368533466], [-6.731371591988664, 62.11068170871659], [-6.731149322662372, 62.110657138451764], [-6.731171032648326, 62.11061125620591], [-6.730713367038377, 62.11056417100261], [-6.730204313248615, 62.11053102904769], [-6.730099986581837, 62.110522163103305], [-6.729808311243992, 62.11049669521304], [-6.729343916265371, 62.11046764014746], [-6.729021225898576, 62.11044994888527], [-6.728686411715873, 62.11043728333393], [-6.728346228118498, 62.11041594565437], [-6.728096337398938, 62.11040506698729], [-6.7280872484795005, 62.1108544685647], [-6.727940246930775, 62.110857030413506], [-6.727772977962296, 62.10972024062316], [-6.727244577065217, 62.10970717759902], [-6.726478451543017, 62.109694644472796], [-6.72603061504731, 62.10969318878848], [-6.725415881683445, 62.10968722122735], [-6.724939922787423, 62.10968714055926], [-6.724713864267176, 62.109701813395425], [-6.724528744663876, 62.10979681401928], [-6.724442138354514, 62.109896351464904], [-6.72434245507901, 62.11000799214103], [-6.72422486684333, 62.11014245754431], [-6.72404573894087, 62.11031323403465], [-6.723890900243472, 62.110486968419046], [-6.7237524546394845, 62.11062349678524], [-6.7236799221377685, 62.11073695707482], [-6.723636545642985, 62.11085930034828], [-6.723629175108215, 62.11102956909229], [-6.724869948240855, 62.11107757944148], [-6.72496541725545, 62.110620618355455], [-6.725109553010866, 62.11062970231411], [-6.725125902140112, 62.11057081304269], [-6.72606250146179, 62.11064081282644], [-6.72586596852806, 62.1112388601408], [-6.725686412342051, 62.111230012256215], [-6.725351632350099, 62.112250334951355], [-6.727166771777722, 62.11222373925057], [-6.72852422115553, 62.11155524446926], [-6.728640714274616, 62.111577796472716], [-6.728662180053868, 62.11162549096069], [-6.72731979737724, 62.11229831948862], [-6.72552773117998, 62.11233796461236], [-6.725542729114915, 62.11249786264649], [-6.725340008754073, 62.112501858945976], [-6.725256005027934, 62.11255914303196], [-6.724873666269861, 62.1126044148106], [-6.724913147829043, 62.11477148552689], [-6.724754303302354, 62.114771955325224], [-6.724652199634001, 62.11480514932897], [-6.724335083503788, 62.114943788416795], [-6.72427061162316, 62.11505982361481], [-6.724156359928227, 62.115177375055005], [-6.724171240413224, 62.115469521337566], [-6.724143871408069, 62.11575989588246], [-6.724091159924057, 62.116030317204576], [-6.724026263671772, 62.11633619996977], [-6.72394406423533, 62.116588242917736], [-6.723899121726065, 62.11673548422312], [-6.723766853196933, 62.11682935989201], [-6.723925325717129, 62.11696167362793], [-6.724228168670131, 62.11699723948522], [-6.724535971899368, 62.117085085842945], [-6.724635052857823, 62.1172095724226], [-6.724594945741632, 62.11737956347615], [-6.724334611510813, 62.11753549426422], [-6.72361757781142, 62.118011033173254], [-6.723452793427763, 62.118217159273925], [-6.723467294493579, 62.11853783228235], [-6.72359412932912, 62.11871023492249], [-6.723565712574376, 62.11953199814867], [-6.723820400249306, 62.12028039289048], [-6.723984123807024, 62.121094090453404], [-6.724744190982817, 62.12244191513721], [-6.724736820957298, 62.12281672630805], [-6.725408380918712, 62.123620733350634], [-6.726227526597198, 62.12418471029708], [-6.7265861797075885, 62.124119399368595], [-6.72659779217082, 62.124133326673366], [-6.72625920333838, 62.12419699175773], [-6.726442233819922, 62.12450137785812], [-6.726639324902424, 62.12479830900803], [-6.726758644391705, 62.12493003872354], [-6.72676203137591, 62.12502184302655], [-6.726693873077604, 62.125150334527], [-6.7269664032934315, 62.1254711192296], [-6.727955416858299, 62.12529497593805], [-6.728071225961581, 62.125300969385286], [-6.728500695500979, 62.12521957654744], [-6.728552934750265, 62.12517230976076], [-6.727612828505771, 62.124123675182545], [-6.7275047386806754, 62.12406659599441], [-6.727108432568495, 62.12393305172649], [-6.727184609910663, 62.12388617822372], [-6.727681015352479, 62.124070834474146], [-6.728576824646122, 62.12508875494299], [-6.728719089444126, 62.125186346685204], [-6.728789336977298, 62.12529056860873], [-6.728751666401702, 62.12533789477743], [-6.728109163046184, 62.125489506155915], [-6.727697289864062, 62.12556758621514], [-6.727594713451427, 62.125557966849215], [-6.727564998392601, 62.12549330292141], [-6.727488393191989, 62.12548511506445], [-6.727191433043914, 62.1255329814623], [-6.726837188864953, 62.12561680786115], [-6.72687637130072, 62.12580936083314], [-6.727284306084175, 62.12575169789184], [-6.727317678759342, 62.12580027900435], [-6.726930356210878, 62.12585641279281], [-6.727074427768788, 62.126203990231744], [-6.727789482775105, 62.12614400220296], [-6.727682497332054, 62.125766831152895], [-6.727686463596994, 62.12574841898775], [-6.727881789167504, 62.125741917291045], [-6.728079638135514, 62.12608207066248], [-6.728875306645617, 62.126015085298874], [-6.728971922218734, 62.12597725474752], [-6.729162420618275, 62.12594787635227], [-6.72919044276784, 62.125988558187565], [-6.729508147463639, 62.125873547082726], [-6.72998999837196, 62.12641259579983], [-6.729945195749284, 62.12638346351413], [-6.729700450031824, 62.12643871812716], [-6.72961460170978, 62.126494879639274], [-6.72813830807374, 62.12674529471663], [-6.727792594263663, 62.12682875185999], [-6.727853508838877, 62.126998775292485], [-6.727772254771981, 62.127021145168015], [-6.727729560628478, 62.126843394000346], [-6.727650364979705, 62.12682288156908], [-6.7268338244529, 62.12690528360409], [-6.726674154547792, 62.12707091589243], [-6.726713157878991, 62.127182616809186], [-6.726931742091512, 62.127869537554034], [-6.727903657718782, 62.12866856250807], [-6.727929927068584, 62.12881982769532], [-6.729221536380227, 62.12981190920151], [-6.730012640455488, 62.13007841793629], [-6.730088075316137, 62.130370009584475], [-6.730266367348975, 62.130419617204645], [-6.730220086846166, 62.1307693688487], [-6.730391379396152, 62.13121542962094], [-6.730547225973632, 62.13130112068689], [-6.7307041976076, 62.131797763052774], [-6.7308680621748715, 62.13189426908092], [-6.7310913120528495, 62.1318967578156], [-6.731054193777108, 62.131954598186226], [-6.730908031841066, 62.13196252961829], [-6.730997162590702, 62.132171116674655], [-6.730930025267827, 62.13226877762822], [-6.731119919433319, 62.132502088641914], [-6.731395297445863, 62.13241789278991], [-6.731504644405905, 62.13248944375208], [-6.731267983744798, 62.13258423958297], [-6.731231626199799, 62.132678095097056], [-6.731496747720427, 62.13283901586477], [-6.731468706170102, 62.13296532914075], [-6.731316124043751, 62.13303088588179], [-6.730844021019802, 62.13376221515438], [-6.73133227006022, 62.135390202170576], [-6.731255543516889, 62.13563689724007], [-6.731309393334504, 62.138000663375436], [-6.731807950375151, 62.13947191162385], [-6.7327321270704505, 62.14105031656742], [-6.73424235362532, 62.14236885908891], [-6.737594415887678, 62.14450852277817], [-6.73982681896476, 62.14587406585353], [-6.742095012947748, 62.147540111855214], [-6.743543151763126, 62.14870469227814], [-6.744164584364591, 62.14920441076029], [-6.7460261063284985, 62.1503010180894], [-6.747368333900601, 62.15142758834485], [-6.747959579562957, 62.15217797612929], [-6.748037582049787, 62.152220802667124], [-6.748106116562062, 62.1522163942311], [-6.7485042293217505, 62.152399261130775], [-6.748699623738524, 62.152530892447466], [-6.749064587095335, 62.15258819041993], [-6.749365367962479, 62.15254620732895], [-6.749406261430278, 62.15257628333354], [-6.749614867648791, 62.152508876924365], [-6.7496769980691, 62.15256650114007], [-6.749556296637214, 62.152596306640696], [-6.749522263488966, 62.15256481575584], [-6.749048920253945, 62.15273832814689], [-6.749016685006053, 62.15278065728011], [-6.7491485762221775, 62.15291437233953], [-6.749143286980066, 62.15298205312931], [-6.749581502150989, 62.15285292354675], [-6.7499138379233745, 62.15277365361511], [-6.749975288564, 62.152831401316234], [-6.749155921138883, 62.153032427808846], [-6.749402293328926, 62.153228540195435], [-6.749689161115525, 62.153572469172516], [-6.749700566280796, 62.1536847187841], [-6.75000265988199, 62.15397017735732], [-6.750148918986483, 62.15413725355999], [-6.750525254886941, 62.154354954736895], [-6.750872000806406, 62.15447865914291], [-6.751262075229613, 62.154526913220295], [-6.75106043165838, 62.15459061948676], [-6.751225033080437, 62.15478586881457], [-6.751402457204672, 62.15480553503961], [-6.751658874636638, 62.15496878440197], [-6.7521734718980975, 62.154784547403686], [-6.751646104068822, 62.15441588681384], [-6.7512189397415865, 62.154383821313175], [-6.7512073124917675, 62.15429986724815], [-6.751725668225482, 62.15430827277928], [-6.752403955659888, 62.15481342205452], [-6.752290595775393, 62.15489535003271], [-6.752506214733518, 62.15512491284224], [-6.7523557628229405, 62.15522302869856], [-6.753382813934101, 62.15609393543509], [-6.753836936333401, 62.15600073757193], [-6.753753169315859, 62.155924054733454], [-6.753843747651531, 62.15590873294265], [-6.754353956150425, 62.156268756744325], [-6.7542418373277116, 62.156333917416255], [-6.754339095222116, 62.156469534916226], [-6.754009347600211, 62.15657309855662], [-6.754343989130996, 62.15688835099569], [-6.754098624953398, 62.157060257704586], [-6.754995451712252, 62.157852045538284], [-6.75503646863938, 62.15789307487386], [-6.75540650475941, 62.15832777564041], [-6.756683226851836, 62.1598062799928], [-6.757580206266304, 62.16057332523817], [-6.757616203061131, 62.1608420812866], [-6.759181462119242, 62.1620436809343], [-6.759803455895162, 62.16246761544108], [-6.760419488000644, 62.16297772937965], [-6.7613300259542655, 62.16364423243502], [-6.76230851736085, 62.16463673924424], [-6.763776327793744, 62.166308412171844], [-6.764427204218138, 62.16701200443554], [-6.764558552376475, 62.167441653236565], [-6.766114108673231, 62.169270747555096], [-6.766907950663653, 62.169833788132586], [-6.7675436652052685, 62.17054448080595], [-6.768970929794588, 62.17133415804327], [-6.769162551496771, 62.17170264245614], [-6.769876246760938, 62.17210106607934], [-6.770033669896603, 62.17229761003592], [-6.770667789727461, 62.17254580587877], [-6.771460522236959, 62.173047839193], [-6.771800601697581, 62.17317899224496], [-6.772640446506229, 62.173361710974206], [-6.773138446551429, 62.17333792242916], [-6.773441925948497, 62.173175174504834], [-6.773562645866212, 62.173074224436995], [-6.773954315097475, 62.17309397561729], [-6.774017172460595, 62.173169052054114], [-6.774233002284664, 62.17322180331121], [-6.774366483326775, 62.17336821992449], [-6.774206826760775, 62.17343712328423], [-6.774248215330005, 62.17358753921731], [-6.773967088739899, 62.17371787801796], [-6.7741006195424704, 62.17387147800724], [-6.774511168436555, 62.17406327822403], [-6.775031331579466, 62.17436573717442], [-6.775017839055856, 62.17445538992997], [-6.775167310839816, 62.17455151624282], [-6.775326514810185, 62.17458306752812], [-6.776181815063771, 62.174320167741534], [-6.776806778301911, 62.174490169040446], [-6.776823243180804, 62.174506593104816], [-6.776823275283871, 62.17451925249222], [-6.776895417792672, 62.17456736287934], [-6.776856688204233, 62.174582184400066], [-6.776819285533, 62.174576288165774], [-6.776750988560067, 62.17455562202223], [-6.776370063758218, 62.17444277059959], [-6.776268670258478, 62.174421663602494], [-6.7756026520460475, 62.17463857890589], [-6.775533524304836, 62.17468029544845], [-6.77548965678151, 62.174718017734335], [-6.776360459196548, 62.17508049831956], [-6.7767085919071715, 62.17494655977371], [-6.776732029996823, 62.17494567840063], [-6.776732087546498, 62.17494567932277], [-6.77654811933844, 62.17510774584274], [-6.776521974414393, 62.17513165707897], [-6.777240898062254, 62.1753222846314], [-6.7774547800911895, 62.17535210562458], [-6.777636007374145, 62.17537413118412], [-6.7778201642386575, 62.17532473919134], [-6.777991642208296, 62.17528062046464], [-6.777708347013481, 62.17513396327826], [-6.777114952326297, 62.17482782809983], [-6.777050303272942, 62.17485956184366], [-6.777007646569245, 62.17486507323717], [-6.7770411836750615, 62.17477699841685], [-6.776946846265135, 62.17469630179299], [-6.777037985273062, 62.17468178119639], [-6.777085040546138, 62.17470533895277], [-6.778201672980119, 62.17525291996538], [-6.778302180604463, 62.1753202475633], [-6.778238038738213, 62.17536734221094], [-6.778089545308741, 62.17542017874437], [-6.777712387774968, 62.17553846526368], [-6.777963767179872, 62.17558237078559], [-6.778399502824918, 62.17551231710045], [-6.778492951900719, 62.175576389258225], [-6.7782186240790825, 62.175663751471376], [-6.778551202886721, 62.175798447825684], [-6.77876558073002, 62.175779614372594], [-6.7789309907382425, 62.17561383640854], [-6.779016335218091, 62.17566009198003], [-6.778934512678102, 62.17578599935495], [-6.779746674512915, 62.17611223568683], [-6.780925996063847, 62.17637933882562], [-6.783689657723937, 62.17720943029455], [-6.784058332451491, 62.17722923363313], [-6.78476954592639, 62.17740920947147], [-6.785199652874044, 62.177518047207045], [-6.785466585256046, 62.17744509742837], [-6.786236341770022, 62.17756708873978], [-6.7866016204960165, 62.177791346980506], [-6.7894613739903384, 62.178068648183704], [-6.790288267770855, 62.177989524905726], [-6.790998318465909, 62.178190620990925], [-6.791291523378472, 62.178637536681116], [-6.792534861619713, 62.17902262775707], [-6.793800344956254, 62.17972677234449], [-6.796456883851386, 62.18089775866437], [-6.798585373975412, 62.1821212755482], [-6.799052836593126, 62.18245619951821], [-6.799856923082835, 62.182742860648084], [-6.800240349537342, 62.18309251835365], [-6.80096839477618, 62.18340822257957], [-6.801461904364154, 62.18387202247318], [-6.803391060378749, 62.1850893384488], [-6.804825483523049, 62.185778270953854], [-6.806997888174192, 62.18652095383723], [-6.8090010843034925, 62.187242974894474], [-6.810736484693732, 62.187994947670965], [-6.813198973341766, 62.1890087412048], [-6.815543129328313, 62.18986172085923], [-6.816600910455774, 62.19014706349091], [-6.817956420646107, 62.19037010379157], [-6.818515120902808, 62.190643456563166], [-6.819178017113531, 62.19076941390001], [-6.819629214496661, 62.1910469087005], [-6.819929442812053, 62.19108852165046], [-6.82139327653095, 62.19168741808747], [-6.822001826877105, 62.191781266265494], [-6.82230458561312, 62.19193755857189], [-6.822423565733061, 62.192116284974986], [-6.822932040117057, 62.19219634963392], [-6.823500203069053, 62.19255574572126], [-6.824084638189896, 62.19260306112862], [-6.824488506122018, 62.19281273399702], [-6.82528785977509, 62.19286978568528], [-6.826087058475746, 62.19325316823239], [-6.829300951065915, 62.19383986473334], [-6.831720820406624, 62.194269099170214], [-6.835508910127627, 62.194781121847974], [-6.837592321525331, 62.19526569486087], [-6.839021144944145, 62.19560660716951], [-6.839745780453523, 62.19592859681823], [-6.840464144882467, 62.19623631826685], [-6.843153969759462, 62.1969425987163], [-6.844242351685188, 62.19713917620531], [-6.844996592879764, 62.197222901028894], [-6.845620993253253, 62.19712442773177], [-6.846344533136471, 62.19711691473622], [-6.84684256650415, 62.19706921034306], [-6.84755685650744, 62.19689887436449], [-6.848107929191863, 62.196671197700304], [-6.8488060463248885, 62.19627093228369], [-6.849405474159872, 62.19581168787782], [-6.8501513597910595, 62.1953381361649], [-6.850973299421273, 62.19472266480866], [-6.851359264226246, 62.19437847776296], [-6.851743654152431, 62.193929246131944], [-6.8518191225662575, 62.19374622154859], [-6.851696312037275, 62.193381287684524], [-6.851449755458672, 62.193240699830305], [-6.851281696462326, 62.193118060440156], [-6.850917812930979, 62.192977945111444], [-6.850710421415601, 62.19284175952465], [-6.850268809235163, 62.19273394337063], [-6.84989325175474, 62.19246598368315], [-6.8496953128380795, 62.19230691540021], [-6.849469619941963, 62.19225302885925], [-6.8492744366395995, 62.1922766688914], [-6.848806967806245, 62.1925793141705], [-6.848711352224073, 62.19254920329438], [-6.8486650983723205, 62.19258060831836], [-6.8484853820175875, 62.19259990837981], [-6.848433849619535, 62.19256870284907], [-6.84874125101914, 62.19237029497501], [-6.848330766788602, 62.19215173175658], [-6.848039543188979, 62.19202705368246], [-6.847291876117257, 62.191786221270476], [-6.846848522477235, 62.19206841509761], [-6.846845086224727, 62.19212705713248], [-6.847787600185708, 62.192529833078844], [-6.847571902599596, 62.19253355475862], [-6.846643577249422, 62.1921537016276], [-6.846600010065068, 62.192113470766515], [-6.846771719231259, 62.19196884785482], [-6.84687207607161, 62.19169173157356], [-6.846830797333085, 62.191632548711596], [-6.846588746311993, 62.19149747984249], [-6.8458362929432806, 62.191199039660326], [-6.845440143542703, 62.1910419137547], [-6.845352176287945, 62.19088460813617], [-6.844528805678461, 62.190795428409736], [-6.843419737887379, 62.190284617871185], [-6.842678144788828, 62.189743328867564], [-6.842009034196758, 62.18968211669954], [-6.841450016561346, 62.189394402570436], [-6.840693884558713, 62.18922248369621], [-6.840448692797182, 62.18890454360514], [-6.839613755267334, 62.18863623004316], [-6.839573054789316, 62.18853603502252], [-6.838382422543215, 62.18814744401248], [-6.838128259368621, 62.18810928152506], [-6.837065138611977, 62.187587461374825], [-6.83587109503346, 62.18670403759228], [-6.834568463615309, 62.18611526008563], [-6.833311774648986, 62.185174724467316], [-6.831915163953724, 62.18448596830548], [-6.83125028298016, 62.183929830210175], [-6.830764220668187, 62.183806692459676], [-6.83048918894926, 62.183521213781304], [-6.829782696548731, 62.183495984653625], [-6.8296965521493584, 62.18341392856747], [-6.829929312527072, 62.183186841964286], [-6.828807996498839, 62.182457287659844], [-6.827226423817821, 62.182074149538494], [-6.826517778052632, 62.181607885978394], [-6.825402483577287, 62.18113641468795], [-6.824131355917444, 62.18021378584629], [-6.823128414296745, 62.17927559993739], [-6.821717773427966, 62.17827839756301], [-6.820380404493641, 62.177470862051415], [-6.819473785330023, 62.17706294653325], [-6.818934713704221, 62.17696864802997], [-6.818756771047317, 62.17689780006444], [-6.818659795948831, 62.176675962423985], [-6.8190057544259695, 62.17643496167414], [-6.817558888709231, 62.17587534592643], [-6.815714304338542, 62.17502010170947], [-6.81546072056913, 62.174999770277864], [-6.813468783759995, 62.17441042960315], [-6.812746340148346, 62.174345805577815], [-6.812293344415964, 62.174326454537784], [-6.808876690467196, 62.17312347931703], [-6.808515610956051, 62.173100090637455], [-6.808411846917977, 62.172906955739634], [-6.806602614406853, 62.17224857539746], [-6.805930461908369, 62.17202589271498], [-6.8050159802782915, 62.17158552206802], [-6.804098573856681, 62.171016177420675], [-6.802633883502128, 62.170320190913884], [-6.801445291737023, 62.169967206599516], [-6.801270843890207, 62.169706240047745], [-6.800692264265706, 62.169547588714885], [-6.800423970189123, 62.16955608385005], [-6.799685648297505, 62.16945549580129], [-6.798966261148097, 62.1695306309078], [-6.798469173846242, 62.16938370441925], [-6.79833330644406, 62.169343544878316], [-6.798075844600209, 62.169136739373016], [-6.797909300684069, 62.168875803687094], [-6.797539263320946, 62.16879146335775], [-6.79752971398785, 62.168698211595476], [-6.79774995195692, 62.16860043786687], [-6.7970200571440165, 62.168180716915984], [-6.796031762464424, 62.16822831343168], [-6.79561625740381, 62.16816209888919], [-6.79509544385054, 62.16783825091162], [-6.794626196458682, 62.16741008990442], [-6.793491643310227, 62.16706399798599], [-6.793173796485298, 62.166904073970834], [-6.79302411165794, 62.16671827500003], [-6.79268304225054, 62.1665477455319], [-6.792478624683933, 62.16631205583392], [-6.790480519352192, 62.165378237747426], [-6.789095373804199, 62.1647893940992], [-6.789113792828694, 62.164660495937966], [-6.788290276693049, 62.16414792797693], [-6.787509001347731, 62.163825192594736], [-6.787089392650411, 62.16356891350763], [-6.786905995793774, 62.16349646270235], [-6.785810570663889, 62.163553263915915], [-6.785124913918242, 62.163656875157514], [-6.784691008399952, 62.16366763241269], [-6.783728551184314, 62.16395185053859], [-6.783604528231551, 62.16384410908923], [-6.784948366365209, 62.163495416387384], [-6.783425167540863, 62.16243126186459], [-6.7842438275580275, 62.16231209764603], [-6.784206736238766, 62.16204719542766], [-6.783866176381176, 62.162068149514106], [-6.783759661604302, 62.16197837427933], [-6.784331060074618, 62.16189054181356], [-6.784114369707125, 62.16176372361658], [-6.783601280523999, 62.16182600210117], [-6.783063808853073, 62.161161431874504], [-6.783051599935231, 62.161149080625535], [-6.782043714788431, 62.16135445211729], [-6.781935185044771, 62.16129759209719], [-6.782880508195419, 62.16103151818656], [-6.781900399457946, 62.160358214320794], [-6.7810248063589995, 62.16065268992243], [-6.780907770749797, 62.160559960777455], [-6.781859213579601, 62.16022575969858], [-6.782031069549504, 62.1600098058909], [-6.781434512303718, 62.159714945857196], [-6.780306912676316, 62.158949131426176], [-6.779603978772327, 62.15832477569252], [-6.779433969645303, 62.15826100366271], [-6.779285357977098, 62.15811470765712], [-6.777872859712303, 62.15728559312279], [-6.7777145838646735, 62.157046039013444], [-6.777389775535595, 62.15690769060719], [-6.7773228941637385, 62.156638985907385], [-6.776796550097832, 62.15603180886729], [-6.776820588494944, 62.155708987824525], [-6.776557293798119, 62.155577458989086], [-6.776473353079987, 62.15523001275304], [-6.776326816595289, 62.15518411989228], [-6.776301780718781, 62.15511692239664], [-6.776142915124252, 62.15513215108844], [-6.775482313476895, 62.155241680462666], [-6.7754433230074715, 62.15520541245877], [-6.775766950204339, 62.1551251784651], [-6.775474531499176, 62.15484257490246], [-6.775237349439485, 62.15462994229905], [-6.775181058724407, 62.15462284436212], [-6.775171926400957, 62.1545890304657], [-6.775172577638276, 62.154589310253535], [-6.775152342991093, 62.154572107020385], [-6.774508328620306, 62.15468064084871], [-6.775012736668518, 62.15525623255095], [-6.7751626234926245, 62.155235474298095], [-6.775246446912336, 62.15523879430689], [-6.775283064364409, 62.15527601187389], [-6.775096643072836, 62.15533694404295], [-6.775198195774809, 62.15542305603167], [-6.775178050750142, 62.15546744309058], [-6.7750897177428575, 62.15546279378098], [-6.7747697525651915, 62.15520645617397], [-6.774267962391321, 62.15463449670294], [-6.7743224776816415, 62.15459515041062], [-6.775177329494245, 62.15442701856816]]]]}, "properties": {"disaggregations": [{"Series": "Partur av f\u00f3lkinum, i\u00f0 livir av minni enn f\u00e1t\u00e6kamarkinum \u00ed landinum", "region": "Eysturoyar \u00f8ki", "sex": "", "age": "", "Units": "%"}, {"Series": "Partur av f\u00f3lkinum, i\u00f0 livir av minni enn f\u00e1t\u00e6kamarkinum \u00ed landinum", "region": "Eysturoyar \u00f8ki", "sex": "", "age": "Aldur 0 - 17", "Units": "%"}, {"Series": "Partur av f\u00f3lkinum, i\u00f0 livir av minni enn f\u00e1t\u00e6kamarkinum \u00ed landinum", "region": "Eysturoyar \u00f8ki", "sex": "", "age": "Aldur 18 - 24", "Units": "%"}, {"Series": "Partur av f\u00f3lkinum, i\u00f0 livir av minni enn f\u00e1t\u00e6kamarkinum \u00ed landinum", "region": "Eysturoyar \u00f8ki", "sex": "", "age": "Aldur 25 - 54", "Units": "%"}, {"Series": "Partur av f\u00f3lkinum, i\u00f0 livir av minni enn f\u00e1t\u00e6kamarkinum \u00ed landinum", "region": "Eysturoyar \u00f8ki", "sex": "", "age": "Aldur 55 - 66", "Units": "%"}, {"Series": "Partur av f\u00f3lkinum, i\u00f0 livir av minni enn f\u00e1t\u00e6kamarkinum \u00ed landinum", "region": "Eysturoyar \u00f8ki", "sex": "", "age": "Aldur 67 + ", "Units": "%"}, {"Series": "Partur av f\u00f3lkinum, i\u00f0 livir av minni enn f\u00e1t\u00e6kamarkinum \u00ed landinum", "region": "Eysturoyar \u00f8ki", "sex": "Kvinnur", "age": "", "Units": "%"}, {"Series": "Partur av f\u00f3lkinum, i\u00f0 livir av minni enn f\u00e1t\u00e6kamarkinum \u00ed landinum", "region": "Eysturoyar \u00f8ki", "sex": "Kvinnur", "age": "Aldur 0 - 17", "Units": "%"}, {"Series": "Partur av f\u00f3lkinum, i\u00f0 livir av minni enn f\u00e1t\u00e6kamarkinum \u00ed landinum", "region": "Eysturoyar \u00f8ki", "sex": "Kvinnur", "age": "Aldur 18 - 24", "Units": "%"}, {"Series": "Partur av f\u00f3lkinum, i\u00f0 livir av minni enn f\u00e1t\u00e6kamarkinum \u00ed landinum", "region": "Eysturoyar \u00f8ki", "sex": "Kvinnur", "age": "Aldur 25 - 54", "Units": "%"}, {"Series": "Partur av f\u00f3lkinum, i\u00f0 livir av minni enn f\u00e1t\u00e6kamarkinum \u00ed landinum", "region": "Eysturoyar \u00f8ki", "sex": "Kvinnur", "age": "Aldur 55 - 66", "Units": "%"}, {"Series": "Partur av f\u00f3lkinum, i\u00f0 livir av minni enn f\u00e1t\u00e6kamarkinum \u00ed landinum", "region": "Eysturoyar \u00f8ki", "sex": "Kvinnur", "age": "Aldur 67 + ", "Units": "%"}, {"Series": "Partur av f\u00f3lkinum, i\u00f0 livir av minni enn f\u00e1t\u00e6kamarkinum \u00ed landinum", "region": "Eysturoyar \u00f8ki", "sex": "Menn", "age": "", "Units": "%"}, {"Series": "Partur av f\u00f3lkinum, i\u00f0 livir av minni enn f\u00e1t\u00e6kamarkinum \u00ed landinum", "region": "Eysturoyar \u00f8ki", "sex": "Menn", "age": "Aldur 0 - 17", "Units": "%"}, {"Series": "Partur av f\u00f3lkinum, i\u00f0 livir av minni enn f\u00e1t\u00e6kamarkinum \u00ed landinum", "region": "Eysturoyar \u00f8ki", "sex": "Menn", "age": "Aldur 18 - 24", "Units": "%"}, {"Series": "Partur av f\u00f3lkinum, i\u00f0 livir av minni enn f\u00e1t\u00e6kamarkinum \u00ed landinum", "region": "Eysturoyar \u00f8ki", "sex": "Menn", "age": "Aldur 25 - 54", "Units": "%"}, {"Series": "Partur av f\u00f3lkinum, i\u00f0 livir av minni enn f\u00e1t\u00e6kamarkinum \u00ed landinum", "region": "Eysturoyar \u00f8ki", "sex": "Menn", "age": "Aldur 55 - 66", "Units": "%"}, {"Series": "Partur av f\u00f3lkinum, i\u00f0 livir av minni enn f\u00e1t\u00e6kamarkinum \u00ed landinum", "region": "Eysturoyar \u00f8ki", "sex": "Menn", "age": "Aldur 67 + ", "Units": "%"}], "values": [{"2009": 3.3, "2010": 3.7, "2011": 3.1, "2012": 3.7, "2013": 3.1, "2014": 2.6, "2015": 2.7, "2016": 2.5, "2017": 2.7, "2018": 2.6, "2019": 2.1, "2020": 2.0, "2021": 2.1, "2022": 1.7, "2023": 1.9, "2024": 2.4}, {"2009": 3.6, "2010": 4.6, "2011": 3.7, "2012": 5.0, "2013": 4.6, "2014": 3.7, "2015": 3.8, "2016": 3.8, "2017": 4.2, "2018": 3.5, "2019": 3.1, "2020": 3.0, "2021": 2.5, "2022": 2.4, "2023": 2.8, "2024": 3.3}, {"2009": 3.2, "2010": 4.2, "2011": 3.3, "2012": 3.4, "2013": 3.1, "2014": 2.3, "2015": 3.6, "2016": 2.8, "2017": 1.9, "2018": 3.1, "2019": 2.5, "2020": 1.4, "2021": 2.5, "2022": 0.8, "2023": 1.2, "2024": 2.1}, {"2009": 2.8, "2010": 3.4, "2011": 2.9, "2012": 3.7, "2013": 3.0, "2014": 2.2, "2015": 2.4, "2016": 2.3, "2017": 2.6, "2018": 2.4, "2019": 1.8, "2020": 1.9, "2021": 2.3, "2022": 2.1, "2023": 2.0, "2024": 2.7}, {"2009": 3.6, "2010": 3.2, "2011": 3.2, "2012": 3.1, "2013": 2.5, "2014": 2.1, "2015": 1.7, "2016": 1.9, "2017": 1.6, "2018": 1.7, "2019": 1.3, "2020": 1.6, "2021": 1.7, "2022": 1.3, "2023": 1.4, "2024": 1.6}, {"2009": 3.6, "2010": 2.7, "2011": 2.1, "2012": 1.8, "2013": 1.3, "2014": 2.2, "2015": 2.0, "2016": 1.0, "2017": 2.2, "2018": 2.4, "2019": 1.2, "2020": 1.1, "2021": 0.8, "2022": 0.6, "2023": 0.8, "2024": 1.4}, {"2009": 3.4, "2010": 3.8, "2011": 3.3, "2012": 3.6, "2013": 3.3, "2014": 2.9, "2015": 3.2, "2016": 2.8, "2017": 3.1, "2018": 3.0, "2019": 2.4, "2020": 2.1, "2021": 2.1, "2022": 1.7, "2023": 2.0, "2024": 2.2}, {"2009": 3.5, "2010": 4.9, "2011": 4.3, "2012": 4.7, "2013": 4.4, "2014": 4.7, "2015": 4.4, "2016": 4.2, "2017": 4.8, "2018": 4.1, "2019": 3.6, "2020": 3.0, "2021": 2.7, "2022": 2.2, "2023": 3.1, "2024": 3.2}, {"2009": 3.9, "2010": 5.8, "2011": 4.2, "2012": 4.5, "2013": 4.5, "2014": 2.4, "2015": 5.0, "2016": 4.1, "2017": 3.1, "2018": 4.9, "2019": 4.3, "2020": 2.2, "2021": 3.9, "2022": 1.4, "2023": 1.6, "2024": 2.2}, {"2009": 3.1, "2010": 3.5, "2011": 3.0, "2012": 4.0, "2013": 3.3, "2014": 2.4, "2015": 2.7, "2016": 2.7, "2017": 2.7, "2018": 2.6, "2019": 2.2, "2020": 2.1, "2021": 2.2, "2022": 2.2, "2023": 2.1, "2024": 2.3}, {"2009": 3.3, "2010": 2.5, "2011": 2.4, "2012": 1.9, "2013": 2.1, "2014": 2.1, "2015": 1.9, "2016": 1.9, "2017": 1.9, "2018": 1.6, "2019": 0.8, "2020": 1.3, "2021": 0.9, "2022": 0.9, "2023": 1.2, "2024": 1.0}, {"2009": 3.6, "2010": 2.4, "2011": 2.2, "2012": 1.5, "2013": 1.5, "2014": 2.1, "2015": 2.1, "2016": 0.9, "2017": 2.5, "2018": 2.6, "2019": 1.2, "2020": 1.3, "2021": 0.8, "2022": 0.7, "2023": 0.8, "2024": 1.1}, {"2009": 3.2, "2010": 3.5, "2011": 2.9, "2012": 3.8, "2013": 3.0, "2014": 2.3, "2015": 2.3, "2016": 2.3, "2017": 2.4, "2018": 2.3, "2019": 1.8, "2020": 1.9, "2021": 2.1, "2022": 1.8, "2023": 1.8, "2024": 2.7}, {"2009": 3.8, "2010": 4.3, "2011": 3.1, "2012": 5.4, "2013": 4.8, "2014": 2.9, "2015": 3.2, "2016": 3.5, "2017": 3.6, "2018": 3.0, "2019": 2.7, "2020": 3.1, "2021": 2.3, "2022": 2.5, "2023": 2.5, "2024": 3.4}, {"2009": 2.7, "2010": 3.0, "2011": 2.7, "2012": 2.5, "2013": 1.9, "2014": 2.1, "2015": 2.3, "2016": 1.7, "2017": 0.9, "2018": 1.7, "2019": 1.2, "2020": 0.7, "2021": 1.6, "2022": 0.3, "2023": 1.0, "2024": 2.0}, {"2009": 2.6, "2010": 3.2, "2011": 2.8, "2012": 3.4, "2013": 2.7, "2014": 2.0, "2015": 2.1, "2016": 2.0, "2017": 2.4, "2018": 2.2, "2019": 1.5, "2020": 1.6, "2021": 2.4, "2022": 2.0, "2023": 2.0, "2024": 3.0}, {"2009": 3.9, "2010": 3.7, "2011": 3.9, "2012": 4.1, "2013": 2.8, "2014": 2.2, "2015": 1.6, "2016": 2.0, "2017": 1.4, "2018": 1.7, "2019": 1.7, "2020": 1.8, "2021": 2.4, "2022": 1.7, "2023": 1.6, "2024": 2.1}, {"2009": 3.5, "2010": 3.1, "2011": 1.9, "2012": 2.0, "2013": 1.1, "2014": 2.3, "2015": 1.9, "2016": 1.1, "2017": 2.0, "2018": 2.1, "2019": 1.3, "2020": 1.0, "2021": 0.8, "2022": 0.5, "2023": 0.8, "2024": 1.6}], "observation_attributes": [{}, {}, {}, {}, {}, {}, {}, {}, {}, {}, {}, {}, {}, {}, {}, {}, {}, {}], "name": "Eysturoyar", "geocode": "4200"}}, {"type": "Feature", "geometry": {"type": "MultiPolygon", "coordinates": [[[[-6.889211768495773, 61.95889417289395], [-6.885932648597144, 61.95798562534739], [-6.885599518222092, 61.95773916831365], [-6.889211768495773, 61.95889417289395]]], [[[-6.884174263706946, 61.95678110974725], [-6.884001807796446, 61.95677163992729], [-6.8837811154834165, 61.956833338734135], [-6.883497839813766, 61.95678005838094], [-6.883464922076609, 61.95656444585976], [-6.883074129501124, 61.95645034937025], [-6.882923177505662, 61.956609000778336], [-6.882687101698915, 61.9566670499033], [-6.8829466891459, 61.956388106033174], [-6.884169157204126, 61.95677728843498], [-6.884174263706946, 61.95678110974725]]], [[[-6.882579793117736, 61.95659224743032], [-6.882579243683897, 61.95659186443089], [-6.882579923848539, 61.956590576414726], [-6.882579793117736, 61.95659224743032]]], [[[-6.881666889454537, 61.95574592142516], [-6.8814612440432015, 61.95564179795367], [-6.881423396041742, 61.95567066295412], [-6.881354040823802, 61.955620488022994], [-6.881384125662445, 61.95558809210521], [-6.881307336328029, 61.9555378925951], [-6.881246616659389, 61.955577627989726], [-6.8810925626741515, 61.95545935571072], [-6.881145724956739, 61.95542686590826], [-6.880003569949512, 61.95504856749651], [-6.878953363117937, 61.95401926039738], [-6.8797950872650295, 61.95482469898945], [-6.879985213995313, 61.954911896461], [-6.880327741061404, 61.95498523266013], [-6.8811251165753475, 61.95529893157547], [-6.881059861095256, 61.95534654595952], [-6.8812027592035045, 61.95542005037136], [-6.881151593063194, 61.95546301968862], [-6.881190829266313, 61.95549279400954], [-6.881363902365485, 61.95542901111191], [-6.881403208092593, 61.95550740451668], [-6.881353726521529, 61.95552609077377], [-6.881430737981192, 61.95556481665136], [-6.881521962314939, 61.9555322718039], [-6.881824131053576, 61.95568240836722], [-6.881666889454537, 61.95574592142516]]], [[[-6.6742202370432455, 62.00787179086263], [-6.674234424742616, 62.007868663021306], [-6.674754868212632, 62.00839343571993], [-6.674731767795591, 62.00839389126471], [-6.6742202370432455, 62.00787179086263]]], [[[-7.170639191317349, 62.15079655395414], [-7.170758793363839, 62.15035383594371], [-7.170852882029597, 62.15020616100509], [-7.170639191317349, 62.15079655395414]]], [[[-7.233239369450984, 62.27235535297579], [-7.2336287245438555, 62.27240237593586], [-7.233307358644824, 62.272399609275325], [-7.233239369450984, 62.27235535297579]]], [[[-7.170639191317349, 62.15079655395414], [-7.170436491290617, 62.15154683699175], [-7.170733250231692, 62.15156708872581], [-7.170563877503818, 62.15223466249265], [-7.172508755042298, 62.15235249211645], [-7.172616167689903, 62.15232446548596], [-7.172632029626822, 62.15229047500731], [-7.172659482223861, 62.15221535550459], [-7.172750221039192, 62.15210254385475], [-7.173118165282106, 62.15211017421591], [-7.173402930590118, 62.151902624608766], [-7.17358078231666, 62.15164465608997], [-7.173687454845325, 62.1504937805982], [-7.17392721451237, 62.150128283787126], [-7.17359838367372, 62.15001309643225], [-7.173538282910015, 62.14981940528289], [-7.172620778657865, 62.14943094287559], [-7.172667784548979, 62.149258859277346], [-7.172680850326731, 62.14904184209508], [-7.171001847344346, 62.148998216284724], [-7.171089783049708, 62.14894937841641], [-7.172653071254975, 62.148945573741614], [-7.17267981746174, 62.1486670340822], [-7.172616509549649, 62.14866377617561], [-7.1726775547799715, 62.14864725650954], [-7.172704948919703, 62.14849816292903], [-7.172744193834504, 62.148499577734015], [-7.172830572335359, 62.14839048764465], [-7.172887766853895, 62.14839330585395], [-7.172897829474374, 62.14835681534447], [-7.173075252061264, 62.14835527540096], [-7.172738038043249, 62.1474982405119], [-7.172912977075052, 62.14653202604097], [-7.1731799566704995, 62.145689020383024], [-7.173384363930509, 62.14560572103093], [-7.173975134526932, 62.144982391710826], [-7.17547324014508, 62.14452103556675], [-7.175827344193276, 62.144411981373175], [-7.178026643390083, 62.144427455136615], [-7.1821615684317575, 62.14450848281091], [-7.185752060277947, 62.14421624070082], [-7.1896871869334795, 62.14442704361897], [-7.189866568614608, 62.144504821716126], [-7.189891019707203, 62.14460562941824], [-7.190349863824553, 62.144497011369744], [-7.192347398337218, 62.144678071101616], [-7.19259684490073, 62.14486086480343], [-7.195874177256819, 62.14529941766438], [-7.203165117196947, 62.14643021526163], [-7.20595770332982, 62.146901593984374], [-7.207068616394056, 62.14713447844946], [-7.208600089152378, 62.14739788520311], [-7.210958979357834, 62.147730297750876], [-7.214005256825691, 62.14856898011786], [-7.216550039102254, 62.150170932715014], [-7.217533661269636, 62.151308640995985], [-7.218199379921458, 62.15153522508577], [-7.218014498815741, 62.15174297928361], [-7.219129536669423, 62.1526441383446], [-7.219550682301936, 62.152755732712976], [-7.219925288867702, 62.152964028908485], [-7.219794581378532, 62.15304645682058], [-7.219655815517647, 62.153204090326966], [-7.219402695667587, 62.15325038852155], [-7.219417731278675, 62.153311349512705], [-7.220191755664867, 62.15334444346014], [-7.22087958060039, 62.15380054594061], [-7.220741394242506, 62.153882878802264], [-7.220924100236405, 62.15413762938023], [-7.221260674748331, 62.15432083930649], [-7.221129349586496, 62.15452506561525], [-7.221533563331474, 62.15499161868879], [-7.22178661413261, 62.154999082132974], [-7.221808583152955, 62.155207069610476], [-7.221562736274092, 62.15532877421824], [-7.222104641797349, 62.15585283209848], [-7.222426389090626, 62.15589977186627], [-7.222525590526442, 62.15601459022083], [-7.2222721198484106, 62.156125516915004], [-7.2225620567192665, 62.1564305587018], [-7.222804353520452, 62.15712643462179], [-7.222195811344905, 62.15777846499187], [-7.221512223053819, 62.158050382547856], [-7.220537486581981, 62.15828965916472], [-7.219011391589052, 62.158381375551], [-7.2186288462539805, 62.15821247058493], [-7.2179313565276955, 62.15816159289615], [-7.218413072270242, 62.158448911210975], [-7.218403450067851, 62.158897141678665], [-7.2187867751843955, 62.15887962449457], [-7.220196221719807, 62.159160714834705], [-7.221013544670906, 62.15983919690458], [-7.220475128096623, 62.16023316096695], [-7.221039362338919, 62.16090785678871], [-7.222599165030509, 62.16191692078613], [-7.222568039526762, 62.16199937079254], [-7.222291432892441, 62.162121042126415], [-7.222605643570095, 62.16215361208276], [-7.222474798558544, 62.16225749375482], [-7.221822696968556, 62.16235729787846], [-7.221699530681973, 62.16246109776598], [-7.221759760420009, 62.16269425944107], [-7.222073878169854, 62.1627841862081], [-7.22317750514464, 62.16289284351178], [-7.2231471029944645, 62.16283186590338], [-7.22525469217473, 62.16306340795686], [-7.225169848421039, 62.163181613883324], [-7.224042898869242, 62.16312679954468], [-7.224012131916132, 62.16317694071083], [-7.2246476265605715, 62.16336764711708], [-7.224754628809693, 62.163464521306], [-7.225742413482949, 62.16375595304442], [-7.226193756764171, 62.16400739821653], [-7.226682561175244, 62.16448829880783], [-7.226973201499317, 62.16463562970299], [-7.227287652893807, 62.16466460130992], [-7.229163287179542, 62.16538347700472], [-7.229537904702366, 62.16563482881903], [-7.2301277501568535, 62.16579674175032], [-7.2307404438573695, 62.165998168562176], [-7.230900807472577, 62.16614167515034], [-7.231067910360809, 62.1665613690684], [-7.2316041340131605, 62.166701767395516], [-7.23179591066127, 62.16665888280862], [-7.232180127133826, 62.16647276973115], [-7.233176961000819, 62.16650952297863], [-7.233591256941191, 62.16645609519228], [-7.233828782337289, 62.16652087378428], [-7.233613301839281, 62.166707164882034], [-7.233812153633752, 62.16683284684367], [-7.234731845347201, 62.166991398143985], [-7.235964712607179, 62.167422755725525], [-7.236416780843856, 62.167505606115235], [-7.23657656860671, 62.16786434214257], [-7.237151814560246, 62.16783619680021], [-7.237772281948224, 62.16799451571524], [-7.237772035875059, 62.16809127351362], [-7.237595063168625, 62.16821307362697], [-7.237939722291393, 62.1683639387297], [-7.238382431490772, 62.168862789268886], [-7.238343430152208, 62.169038492268136], [-7.238028495278488, 62.169145795456856], [-7.2353202842136595, 62.169412343966485], [-7.235580450135651, 62.16952731351683], [-7.236554352010282, 62.1695640188172], [-7.23653889384523, 62.1695855442085], [-7.235572180896292, 62.169695866891516], [-7.235033823614957, 62.17003962181105], [-7.2358474168728835, 62.16991487950114], [-7.2370134667243535, 62.16983338717952], [-7.237189433034957, 62.16993390958843], [-7.238103189811213, 62.16969086681668], [-7.238962334606044, 62.16963427387688], [-7.23935327056077, 62.1697026948222], [-7.239490570802369, 62.16990720375304], [-7.239782051386731, 62.169893129167605], [-7.24080030074525, 62.17036372595112], [-7.242922870961917, 62.17087469160726], [-7.24355073885039, 62.171162061365806], [-7.2441864405691065, 62.171417124104025], [-7.244868699707464, 62.171518117299094], [-7.244991035693173, 62.17159712684036], [-7.244898392207486, 62.17175482917409], [-7.244620972058856, 62.172109549738785], [-7.244674491530274, 62.17216345400422], [-7.245594549572675, 62.172243036554754], [-7.2478113343230035, 62.172226882620436], [-7.249375551833506, 62.17239302133722], [-7.251077470021266, 62.172598755996454], [-7.251207773104184, 62.17265981860945], [-7.251207077644667, 62.17282837739355], [-7.251414491427338, 62.172767531324816], [-7.2529634068280195, 62.17293011508501], [-7.254235499204073, 62.17323227505295], [-7.255293279785946, 62.173455344057174], [-7.255362025638097, 62.1735486599797], [-7.25539222624201, 62.17372792913468], [-7.255653315785358, 62.173638490122656], [-7.2561975210847915, 62.17376434954973], [-7.257606977588066, 62.17435704748758], [-7.258854579697865, 62.17516114618431], [-7.260527659846982, 62.17645248017454], [-7.260520266406434, 62.176455502138765], [-7.260523030819068, 62.176536526024094], [-7.260359505327278, 62.17732174967847], [-7.258861379283292, 62.17795901083934], [-7.259083841743045, 62.17798424095902], [-7.259452439223213, 62.17790915795233], [-7.259574960095839, 62.177955932681776], [-7.25892941373532, 62.17829250997331], [-7.258706755640931, 62.17836762740262], [-7.258284702709323, 62.17841035293186], [-7.258219900943468, 62.178509127060366], [-7.2584907216582595, 62.17852800860595], [-7.258536430228247, 62.178675068283546], [-7.258367052093721, 62.178825532903346], [-7.25717750369667, 62.178950176839024], [-7.257828646507515, 62.17925545239145], [-7.257881993763295, 62.17936311433226], [-7.257774216034417, 62.17947413950826], [-7.255978020224927, 62.179738182767615], [-7.255700863639165, 62.1800392517576], [-7.256498017460349, 62.180283626717845], [-7.256696684616248, 62.18050253020624], [-7.256588697119583, 62.18066381679988], [-7.2560197182804025, 62.18103993941167], [-7.255972886221777, 62.18127649364401], [-7.255857195807001, 62.18144136305954], [-7.255242944301386, 62.181605891046104], [-7.2553270577490405, 62.1817028105854], [-7.255741580173376, 62.18163495612835], [-7.255771840167878, 62.18175327934002], [-7.255141038295677, 62.182262003369594], [-7.254664350850725, 62.18255212513881], [-7.254111579015013, 62.182609082530774], [-7.2499000418009105, 62.182412258154564], [-7.249814743975077, 62.182648864494915], [-7.25203925363114, 62.18280829912319], [-7.253565786040486, 62.18293495317841], [-7.253595817744653, 62.18310712933516], [-7.253350339677774, 62.183114093979704], [-7.251709006807278, 62.182926392054675], [-7.249545694823148, 62.182781367267175], [-7.249384123276572, 62.18293183033956], [-7.250557635297511, 62.18301519973637], [-7.251578052031436, 62.183059022070296], [-7.251669929874654, 62.183134409795436], [-7.251477695499599, 62.18322390177297], [-7.250111757775399, 62.18327302254722], [-7.250011766491, 62.183348236723994], [-7.250080624603606, 62.183416423914714], [-7.252366636129157, 62.18357950004728], [-7.254805739834514, 62.183839517343024], [-7.254897166477005, 62.18402969854205], [-7.254735841288168, 62.184076140267294], [-7.2543523824505005, 62.184004179565456], [-7.2545275229481145, 62.184441711633085], [-7.254871554283667, 62.18476827046274], [-7.254878321063263, 62.18504445335034], [-7.25445470922949, 62.185499500442994], [-7.253862036225005, 62.18605483491997], [-7.253091844375041, 62.18689695681231], [-7.252874069267879, 62.187735884414614], [-7.25256371577627, 62.18871097747804], [-7.252530323971769, 62.18945681135681], [-7.252407428818051, 62.18953918907652], [-7.252092390418855, 62.18963216312191], [-7.252299108433971, 62.18976859542936], [-7.252275513921334, 62.189947905673115], [-7.251420123067069, 62.1909190075082], [-7.251002859446094, 62.19171116927628], [-7.250733885874727, 62.19180777252047], [-7.250971471054166, 62.19191551362887], [-7.250677453003334, 62.1925858085269], [-7.2502934173944, 62.192675216965526], [-7.2505000172362, 62.1928438736059], [-7.2503527989580805, 62.19327402767745], [-7.249638419986041, 62.19342766817977], [-7.250014205747877, 62.193521265311745], [-7.249705424814204, 62.19399076156447], [-7.248857737060732, 62.19491159174242], [-7.24788955884939, 62.19523355243387], [-7.245261487092143, 62.195998866785345], [-7.242926221362334, 62.19643438308244], [-7.242941074659038, 62.19659577809265], [-7.242671888156002, 62.19668159273932], [-7.242311247175169, 62.1966777471456], [-7.240906897086579, 62.196540318318355], [-7.237133476668484, 62.19572314757935], [-7.237071360288971, 62.19590241605467], [-7.239257294445544, 62.196338101585795], [-7.24123577189484, 62.19685971708322], [-7.241802718731883, 62.19713635184648], [-7.242927712803396, 62.19806236003007], [-7.243057367529353, 62.198291987855676], [-7.242993306032436, 62.19900906935006], [-7.24185547939166, 62.19940980667234], [-7.23808987812214, 62.200421338526596], [-7.236591286754233, 62.200767910577774], [-7.23534672087086, 62.20098915909524], [-7.23590717788017, 62.200971683979375], [-7.237789301876829, 62.2006792630527], [-7.2393176292431, 62.20055152870436], [-7.241006694528692, 62.20053145958771], [-7.242295788754116, 62.20074408062225], [-7.242732179203946, 62.201056397908005], [-7.242699323362223, 62.20162289936524], [-7.242720035398119, 62.2022433054344], [-7.24251155510776, 62.20254073184754], [-7.242419458834004, 62.20273021448613], [-7.242163875466498, 62.20300792582605], [-7.242599057988569, 62.203232264024464], [-7.242059875276826, 62.20356149912064], [-7.242040446094452, 62.20373403907096], [-7.241672524538021, 62.20453308363356], [-7.241492848413708, 62.204770914353624], [-7.241018418041996, 62.204887967600705], [-7.237537229921312, 62.20539936559915], [-7.2374940553563905, 62.20591681707144], [-7.238465569309891, 62.205661028646155], [-7.240975798626475, 62.20542337823977], [-7.241101032725371, 62.20553411062073], [-7.2397629629855835, 62.206280114199544], [-7.239698637307289, 62.20651383920468], [-7.2388806082703665, 62.20712810454463], [-7.238636076644279, 62.20720462084775], [-7.2384263727114355, 62.20710861284794], [-7.238306769060061, 62.2069044206207], [-7.238043092432696, 62.20679785411817], [-7.237746753856133, 62.20697522922225], [-7.238038047768978, 62.20730429993136], [-7.2380104281949516, 62.20745528325242], [-7.2377826980925155, 62.20759645811695], [-7.237420256183306, 62.20755856000172], [-7.237352325679915, 62.20761272045423], [-7.237795106865257, 62.207822628548584], [-7.237521977697291, 62.20838060634564], [-7.236838339884496, 62.209551006411914], [-7.2361237882332, 62.210333611395946], [-7.235337991449939, 62.21214376661044], [-7.2349094172472155, 62.21225339438887], [-7.23517548692714, 62.21247129776009], [-7.23489660004269, 62.213129817697165], [-7.234677298513635, 62.21330681917096], [-7.234840228516851, 62.21337791350031], [-7.235184678506214, 62.21329019570205], [-7.235435673810812, 62.21352612800741], [-7.235277227102072, 62.214051180443576], [-7.23510545092327, 62.21430337579779], [-7.235318637226135, 62.21456467855828], [-7.235381060732441, 62.21498814594782], [-7.234891364564425, 62.21548601317598], [-7.235157894041753, 62.21609904059678], [-7.235395139882411, 62.217538195156564], [-7.235616347578004, 62.21781737105414], [-7.235537822600231, 62.21811230909632], [-7.235846184168864, 62.218143240893085], [-7.235816805034871, 62.218581519386], [-7.234677658808314, 62.218565080774525], [-7.234533200231195, 62.218648337307066], [-7.234758201363527, 62.21873709438267], [-7.234706363439048, 62.21883795327649], [-7.232526969122966, 62.218754335987136], [-7.232388211274654, 62.21948760740262], [-7.233372736768309, 62.21946529801231], [-7.2344534913246, 62.219632877174725], [-7.23584841434128, 62.22011509085432], [-7.235860303899403, 62.220693288371734], [-7.235452157210794, 62.22105423377758], [-7.235853686540285, 62.22111713511159], [-7.2359713033383946, 62.221220773301646], [-7.235736073429024, 62.22137980244052], [-7.233450207725324, 62.22211919599785], [-7.233321434095824, 62.222216742943246], [-7.234999816993405, 62.22225233578539], [-7.235362855952236, 62.22232255861183], [-7.233832824758951, 62.22276035833514], [-7.234428308509171, 62.22289780398803], [-7.234013541438169, 62.222942800264455], [-7.2334431933287195, 62.22289866241288], [-7.233361358461196, 62.22303549198292], [-7.234241085006384, 62.223150071624374], [-7.234159535037906, 62.22330844735072], [-7.232925017523363, 62.22352586355836], [-7.232727382381623, 62.22401881996592], [-7.232841824737252, 62.224341611451116], [-7.233877497099172, 62.22455960261847], [-7.2340957904594045, 62.224691538627845], [-7.233882321232122, 62.224796716860645], [-7.2327044848860575, 62.22477681151974], [-7.232518023759249, 62.22506499029529], [-7.232810065793946, 62.225422801549], [-7.233196109465591, 62.22623643501427], [-7.233431399467121, 62.22719795888205], [-7.233313583843597, 62.227453441127885], [-7.232282700686974, 62.227856728618114], [-7.2323104467014225, 62.228086504844825], [-7.232939005378398, 62.228327957580895], [-7.233215989507338, 62.228703796910935], [-7.23311350269758, 62.22932927976549], [-7.232380216592098, 62.22961266258894], [-7.230626052050206, 62.229645642125334], [-7.229934843341128, 62.23048201349936], [-7.229452736761971, 62.2306206563189], [-7.2298846479692465, 62.23141603308806], [-7.229777790963084, 62.23221029480737], [-7.231877408708471, 62.23211834747236], [-7.2323564890665, 62.23220961945432], [-7.232458922458695, 62.23231683682527], [-7.2320645497417555, 62.232613143243555], [-7.231704668176215, 62.232700928945455], [-7.231691268853969, 62.23280514793917], [-7.232086477568391, 62.23293269373526], [-7.232076844726586, 62.23321288767425], [-7.23167775434418, 62.23364565614559], [-7.231136739674084, 62.23354390036643], [-7.231075011067154, 62.23428407336796], [-7.23125770811255, 62.234189906629105], [-7.231450623892133, 62.23421058124192], [-7.231989082313656, 62.234563806921884], [-7.232053958283201, 62.23471793952804], [-7.231487730979684, 62.23488926982497], [-7.2306560286126755, 62.234882190976066], [-7.2299915307296985, 62.234763062305575], [-7.229117772151976, 62.23571154930918], [-7.229177791857796, 62.23676724813811], [-7.229804516605546, 62.23729600686149], [-7.2311983600698735, 62.237677712441545], [-7.2313481851945465, 62.23785662188126], [-7.2312433762176305, 62.23799719739361], [-7.230540832914783, 62.23828401569612], [-7.229789106146018, 62.23917454975975], [-7.229592511449535, 62.23934779492243], [-7.229690445093319, 62.239627562619255], [-7.229502002251038, 62.23982586434891], [-7.229610982118776, 62.2406371438909], [-7.22970515553657, 62.24222787805834], [-7.23007078474409, 62.24240576499538], [-7.229757668199567, 62.24329074964473], [-7.227671032324288, 62.244442171940165], [-7.225799252004197, 62.24479879894513], [-7.223662684724132, 62.24501298409474], [-7.221806680979417, 62.24502113643829], [-7.22374935779126, 62.2451167748635], [-7.2236597209719635, 62.24525358956208], [-7.222482780828281, 62.24531628725661], [-7.220224648365204, 62.2452435234062], [-7.215980724347276, 62.24482743343854], [-7.213884060406124, 62.24473599202258], [-7.21223120663521, 62.24449170839158], [-7.211635523683396, 62.24474929021906], [-7.21205937144526, 62.24475823909986], [-7.212186625813329, 62.244966051580136], [-7.211863664358979, 62.24498900786871], [-7.211462784891192, 62.244969133830416], [-7.210258959238794, 62.24640021184999], [-7.209537475753305, 62.246525477276904], [-7.208925669703734, 62.24635208567847], [-7.2071516886790175, 62.24661466987898], [-7.205077185441315, 62.24687138009125], [-7.2015326562175765, 62.24717737088927], [-7.201169966219893, 62.24753450276274], [-7.2009487151552305, 62.247639622649864], [-7.1996633511256425, 62.24768457018792], [-7.199266148941545, 62.247851409096995], [-7.199137835929664, 62.2479956974665], [-7.199725509747939, 62.248111732942256], [-7.199658428343345, 62.24822333374099], [-7.198590448696838, 62.24835716414947], [-7.197557296777297, 62.248300428974275], [-7.196834094416165, 62.248343028488684], [-7.19369377053267, 62.24925410574657], [-7.193130645983102, 62.24921690353682], [-7.192840728552899, 62.248959566330754], [-7.191013739376504, 62.24847149473021], [-7.191381630650793, 62.24757562609524], [-7.1910562671857425, 62.24667550117493], [-7.188674687533973, 62.24617542652083], [-7.186241129016727, 62.2457795620071], [-7.183792519732938, 62.245398178235455], [-7.1836569299498665, 62.245556809644576], [-7.184562788603088, 62.245811705185], [-7.185234907015042, 62.24592378888242], [-7.185208431372365, 62.246150177925905], [-7.183938880440625, 62.24661517441019], [-7.183484137327879, 62.24700499055083], [-7.183491922754693, 62.24782738636535], [-7.18437537045483, 62.24852414851221], [-7.184850067799801, 62.24877718328181], [-7.1849265898295736, 62.249154007665894], [-7.1860787916182085, 62.24980651128683], [-7.1872259077839225, 62.25017529643052], [-7.188158392278592, 62.25020377905561], [-7.189031305040962, 62.2503366787881], [-7.18971836236407, 62.25001772653753], [-7.1905112258852535, 62.24918474531252], [-7.191651352317765, 62.249194362911865], [-7.192139768063515, 62.24935752092406], [-7.194185404154464, 62.24958604670547], [-7.195472027429651, 62.249602201628925], [-7.199131435635377, 62.24884689537249], [-7.200639906337884, 62.24839158450557], [-7.202605778819492, 62.24770439489794], [-7.204086939799417, 62.247425162316354], [-7.206123985629218, 62.24722964803519], [-7.207788565312909, 62.24688138301738], [-7.209478721676653, 62.24666941309425], [-7.209843808434367, 62.246829395043925], [-7.210912575212655, 62.24674225423928], [-7.21171865342939, 62.24660227151194], [-7.212334838673548, 62.24699830960881], [-7.2126871248890705, 62.24728405146873], [-7.213481976016518, 62.24736687592465], [-7.221445996397104, 62.24737529841282], [-7.221798557463886, 62.24729112343368], [-7.221963366787029, 62.24743765179119], [-7.2216053966862415, 62.24763673910766], [-7.221945141997498, 62.24768551221505], [-7.223173660774164, 62.247493416197734], [-7.226257037152706, 62.2480041740813], [-7.226641674590937, 62.248354468529485], [-7.22659360186191, 62.24864916160074], [-7.226752440333304, 62.24887836516425], [-7.227264437662562, 62.24905929068592], [-7.227709752594822, 62.24898543788083], [-7.228190905626243, 62.24878934014937], [-7.2286287884311555, 62.248737111393964], [-7.229262811581388, 62.24884930209583], [-7.2293163133533955, 62.2492046188331], [-7.228078381854837, 62.24993551489226], [-7.230296780269409, 62.25036461030325], [-7.231581150256913, 62.2505607983001], [-7.233125140261347, 62.25072268049275], [-7.2340287310664095, 62.25105193214511], [-7.234426100104219, 62.25089935947736], [-7.235326863690677, 62.25032774396902], [-7.235549304221342, 62.25003876097724], [-7.236459969526107, 62.25049802048648], [-7.236826345726741, 62.25107828290166], [-7.2370317603625205, 62.25133229833805], [-7.237461648993175, 62.251635651736976], [-7.238433565994186, 62.25206587334177], [-7.238561032238985, 62.25227366130313], [-7.238517810003621, 62.25241753490122], [-7.2377736831316675, 62.252934454420284], [-7.236957519535628, 62.25332605279626], [-7.2369909978017555, 62.253455190100716], [-7.2376493083364934, 62.25363182553073], [-7.23761394428326, 62.25378279953921], [-7.2373923139133085, 62.253862839124835], [-7.236428207251434, 62.253809694116946], [-7.2360548188983405, 62.2543824653249], [-7.2360115710226784, 62.254896231195744], [-7.236377498818303, 62.255458536359875], [-7.2367761664723735, 62.255736901550925], [-7.237071256430908, 62.256216806623684], [-7.237337075685916, 62.25640956322093], [-7.238180189479978, 62.25657462324295], [-7.238348108084595, 62.25649479989502], [-7.238575594504341, 62.256317804340206], [-7.238924440375507, 62.25642400481291], [-7.239114353687448, 62.2566674080998], [-7.239530686271352, 62.25704983825434], [-7.239530878090269, 62.25742691380856], [-7.239311870885826, 62.257643421928826], [-7.238843683175681, 62.257728153557835], [-7.237720679163557, 62.25781581329314], [-7.237590955418913, 62.25788104031536], [-7.237662640159779, 62.25799567146265], [-7.2381331997063425, 62.25839584635466], [-7.238568550330677, 62.25858419387875], [-7.238775937317555, 62.2589244878246], [-7.2392578382663295, 62.25912706528286], [-7.239352806976198, 62.259248721813066], [-7.239331610555907, 62.25933498030033], [-7.238393747059068, 62.259439798203594], [-7.238256805149432, 62.25952306563983], [-7.23817551310939, 62.2596922176992], [-7.238277242266029, 62.259767196669515], [-7.239215123062855, 62.26003595204704], [-7.239333045689591, 62.26015035925215], [-7.239320490766696, 62.260283311390445], [-7.238408547323915, 62.260524440891984], [-7.238174100478728, 62.260741021330595], [-7.238416248226241, 62.261271503734946], [-7.238425385905124, 62.2617096379532], [-7.238270652582651, 62.262055132431456], [-7.237728662263966, 62.26266813967734], [-7.237733829396044, 62.262923117544844], [-7.237881338532373, 62.262972736171456], [-7.238924654636921, 62.263122461475916], [-7.239102987529879, 62.26317193018678], [-7.239092931721857, 62.26343057483827], [-7.238886469242489, 62.26350694978462], [-7.2374493695495135, 62.26369663986416], [-7.236413862989493, 62.26393116659123], [-7.236354561321, 62.26441627494399], [-7.23618740928766, 62.26452832919233], [-7.236466977018308, 62.26463841387665], [-7.236519633132886, 62.26495072041761], [-7.236466665810277, 62.26499044047062], [-7.236259709752595, 62.265045263563565], [-7.236438952024042, 62.26514860184436], [-7.2365259190834275, 62.265252386611124], [-7.236421793892896, 62.26580595086409], [-7.236146408254736, 62.26627764021014], [-7.235507911095591, 62.26633444380961], [-7.233724233840271, 62.26617359729754], [-7.232909294227109, 62.26626701547273], [-7.232609939074808, 62.266702939860366], [-7.232365541244564, 62.26680817484156], [-7.232390218318492, 62.26688352588171], [-7.23259875575698, 62.266904125126295], [-7.232730530386643, 62.266943047582046], [-7.233101283717072, 62.267361627740776], [-7.2331053580594205, 62.26755555670923], [-7.232623148706912, 62.267715757469205], [-7.2322675559560885, 62.26766708183612], [-7.231158946340267, 62.26772588435341], [-7.230800324139913, 62.26790344655114], [-7.230708558784726, 62.26830969224415], [-7.23091093593766, 62.268409382216596], [-7.231204550111954, 62.2684475799408], [-7.232174946976095, 62.26841089741744], [-7.232756664184122, 62.26859151568011], [-7.23287508691986, 62.26872388597017], [-7.232607358617523, 62.26882927419028], [-7.23056483600916, 62.26882038422818], [-7.229995619787743, 62.26888037753821], [-7.228626367032909, 62.269389304677134], [-7.228555192428371, 62.269676971473686], [-7.2291105925700085, 62.27007672858627], [-7.229143584549391, 62.27018431937202], [-7.227988583677102, 62.27049392034217], [-7.227512918325174, 62.27086646553496], [-7.227346874367307, 62.27125408148221], [-7.227589855149754, 62.271591164723446], [-7.227867142321347, 62.27175060399967], [-7.228447435085747, 62.27175603168716], [-7.2296047927018865, 62.271850618906825], [-7.229891674800263, 62.27184313628583], [-7.230425248203892, 62.27170522857498], [-7.230567808191614, 62.2717181702949], [-7.2307800605960555, 62.27177129347962], [-7.2315111749832095, 62.27176666894808], [-7.232376977739108, 62.27179398098274], [-7.233239369450984, 62.27235535297579], [-7.231691478155225, 62.2721683997491], [-7.231644150852592, 62.272200291075514], [-7.231821994459953, 62.27237739806041], [-7.231645715535756, 62.27255880419255], [-7.231073069673446, 62.27264003182326], [-7.23096962763994, 62.27272883465937], [-7.231183321139579, 62.272978024752746], [-7.231692388153679, 62.27294643315566], [-7.2324134073568604, 62.273006211253154], [-7.232938776772494, 62.27315047823468], [-7.232933302498949, 62.27329025154464], [-7.232431499275161, 62.27333262113166], [-7.2291116144145215, 62.273817588008455], [-7.229062972764253, 62.27388168492727], [-7.229257082175401, 62.27403754989177], [-7.229482905802329, 62.27436570435353], [-7.22928918176733, 62.27599540024513], [-7.229632978269478, 62.27606287115678], [-7.229590042792494, 62.276180805815045], [-7.229272209353713, 62.27623905682456], [-7.228928392623394, 62.27637246313088], [-7.229190967705031, 62.27694827850887], [-7.229039949140267, 62.27747054456698], [-7.227890227830555, 62.27794492087384], [-7.227037438328412, 62.278106312500334], [-7.226970942158628, 62.278234807241844], [-7.227249787300946, 62.278982899506794], [-7.227453376513235, 62.279095803343054], [-7.22743115667133, 62.2792676763393], [-7.227651051900011, 62.27935556538824], [-7.2278484846055076, 62.279626094959966], [-7.228179310837778, 62.280227643077716], [-7.228374140774028, 62.28036197585116], [-7.228665833347861, 62.28038229110266], [-7.229911839340429, 62.28020631962019], [-7.230238973475679, 62.28010510109332], [-7.230844812932684, 62.2803611579243], [-7.23106385673068, 62.28067127084558], [-7.230488604483234, 62.280820680777076], [-7.228606816469317, 62.28091245849408], [-7.227584660713392, 62.280875220169044], [-7.227364520006734, 62.28099170689734], [-7.227211282374996, 62.280976113343506], [-7.227245845179567, 62.28107672312582], [-7.2280174521844724, 62.281226653988654], [-7.2281675736466, 62.281328284820965], [-7.2279562393038335, 62.281416161981774], [-7.227167424946663, 62.28151347446643], [-7.226787380583412, 62.28198722603155], [-7.226699469539379, 62.28266763886391], [-7.226920452289527, 62.283124896387335], [-7.227345133278976, 62.28328980141788], [-7.227556262025757, 62.283599908874216], [-7.228188133937285, 62.28378091110146], [-7.2288378402612485, 62.28370381409891], [-7.229237013689674, 62.283531527684055], [-7.229677114604372, 62.28349933373003], [-7.229998784539708, 62.28334069069532], [-7.230767598950182, 62.28336508848128], [-7.23122379133088, 62.283713038595565], [-7.23101398424784, 62.28416311232646], [-7.230459386742852, 62.28457074896405], [-7.228667387375735, 62.28472784785998], [-7.228023599623564, 62.284851514188674], [-7.226951330522581, 62.2849106637466], [-7.226693036100421, 62.28502325328461], [-7.226336732679974, 62.28567278280411], [-7.226232474365715, 62.286381799191126], [-7.226486738555533, 62.286774765102834], [-7.2262546341852385, 62.28700230821908], [-7.225849254382655, 62.28713151370273], [-7.226046277109508, 62.28741290038877], [-7.226444388595137, 62.28746993906087], [-7.226839620536591, 62.287602336499674], [-7.226814263298283, 62.28786033677479], [-7.226449630120066, 62.28792893762956], [-7.225794965472048, 62.28793783531035], [-7.225804428618545, 62.28808847975612], [-7.226303793611644, 62.28831851489432], [-7.226250716758846, 62.28849376449105], [-7.225820634949427, 62.28866582912929], [-7.2258747850191405, 62.28885635654482], [-7.226248462262012, 62.288949077247544], [-7.226275527160935, 62.289046180756344], [-7.226224874228906, 62.28916042587584], [-7.229470725531758, 62.289044188455605], [-7.230216760130905, 62.289068387640185], [-7.230493799217218, 62.289267937327274], [-7.230394247471283, 62.28945713863137], [-7.22988182237867, 62.28956758330742], [-7.227195484031652, 62.289745793649686], [-7.227000127916209, 62.28982310237214], [-7.227058902639194, 62.29028969314172], [-7.227246509247528, 62.29041675387456], [-7.2281526941801255, 62.290478096590554], [-7.228323997638039, 62.29063017037645], [-7.228224445629666, 62.290815779993665], [-7.22755430517189, 62.29102168768093], [-7.227339153708194, 62.291206274895636], [-7.227268876925848, 62.291431570253955], [-7.227546516578871, 62.292215545778284], [-7.227517824841279, 62.29295747697391], [-7.227787137541054, 62.29336131158266], [-7.228038628859316, 62.29343155896402], [-7.228103805927376, 62.293539648197516], [-7.227754706219849, 62.293805648355985], [-7.227221410895272, 62.294851632294765], [-7.226479560757086, 62.295252151709846], [-7.224919849848218, 62.29649328957059], [-7.224757379946079, 62.297341934628754], [-7.2253322445290555, 62.29745500000614], [-7.22660773661742, 62.29739401846016], [-7.227246390248371, 62.29765481178729], [-7.226404019370326, 62.29821101188739], [-7.225603367612422, 62.298354574950814], [-7.224432400530812, 62.29846028641172], [-7.222602813141932, 62.29786879767918], [-7.221052164169416, 62.29729547546549], [-7.2194877512487, 62.29807505981599], [-7.2191407875823295, 62.300038837534885], [-7.218994311925714, 62.30028299214164], [-7.219443453377782, 62.30050406001166], [-7.2194693479538845, 62.30062735907752], [-7.219132050660183, 62.300746107625585], [-7.218858316361509, 62.30091171349508], [-7.2182545284171935, 62.30107309990707], [-7.217974242425879, 62.30134632984175], [-7.217396130079473, 62.301631099059904], [-7.217156524108566, 62.302335326674], [-7.217952478613531, 62.30228955949116], [-7.217787931517508, 62.3025951725055], [-7.2181415021739275, 62.30277426304226], [-7.218082361262845, 62.30287000564927], [-7.218068758996618, 62.303100509434316], [-7.218197061745068, 62.303499004949934], [-7.2164212632645235, 62.303602187714034], [-7.215696305942463, 62.30378381549652], [-7.21525141260284, 62.30393420876409], [-7.2155013954884035, 62.304304438501106], [-7.213717111912614, 62.30462275445152], [-7.212786055894037, 62.30459690748655], [-7.2122141855698, 62.30444865390536], [-7.211638328794696, 62.30400638904904], [-7.211023328215156, 62.303782449430365], [-7.208970672845496, 62.30348169852795], [-7.206517298669279, 62.30302918597317], [-7.204910645392153, 62.30228585881255], [-7.203346204275254, 62.301942750488095], [-7.201808530069503, 62.30170767965886], [-7.200544007725477, 62.302111788529864], [-7.200348973362021, 62.30217470437527], [-7.199733479408227, 62.302155087168394], [-7.198738319390979, 62.30199951353056], [-7.197791922740972, 62.301779847188506], [-7.1966259942731305, 62.301855871361376], [-7.196345934021759, 62.301728021355004], [-7.196281967589646, 62.301594799434895], [-7.195928639566688, 62.30157021021949], [-7.195707303600261, 62.30171176690522], [-7.195383440327709, 62.301723281739754], [-7.195196369887258, 62.301581823125815], [-7.19516326590169, 62.301251710468634], [-7.195389824719438, 62.30117116847518], [-7.195146244533427, 62.30110096457165], [-7.195282095142351, 62.30097661265918], [-7.195176634206429, 62.30091833994922], [-7.195141045297226, 62.300842750975434], [-7.195266441311573, 62.30079007072659], [-7.195162568924841, 62.30069232469727], [-7.195239227183048, 62.300313009391424], [-7.195357622470991, 62.3002386963192], [-7.1966953395234246, 62.29991322288656], [-7.197059076209444, 62.29986972842957], [-7.19740332244223, 62.299732811392474], [-7.197003524251548, 62.29971507353157], [-7.195620892093413, 62.29981790503547], [-7.195406593402569, 62.299783804535096], [-7.195264652898394, 62.299671383696314], [-7.194783913423782, 62.29897886145599], [-7.193831796769815, 62.29793806777443], [-7.192935679426828, 62.297812008002346], [-7.19253271566714, 62.29787661460321], [-7.191874386030872, 62.298355016940285], [-7.192141446811268, 62.29854717293958], [-7.191563921198352, 62.29858768288736], [-7.190592932505021, 62.29913443951133], [-7.1897740369979735, 62.29938913277228], [-7.188949168020965, 62.30044154012356], [-7.187721400196426, 62.30129139641988], [-7.187281849804813, 62.3014955369703], [-7.186862521141538, 62.30157795665821], [-7.187136664224259, 62.30175519759384], [-7.1872162028569235, 62.30188853701539], [-7.1862284943270796, 62.30226848181261], [-7.185678909309604, 62.30310326934621], [-7.185202529262222, 62.303313117752595], [-7.184606329258015, 62.30393133407241], [-7.184366033039267, 62.30409838752402], [-7.18450497631327, 62.30428599873005], [-7.184199142848508, 62.30460963583658], [-7.183274342346222, 62.30471723447128], [-7.180901841073382, 62.30540095552034], [-7.180503502373268, 62.30549547908872], [-7.180032563706612, 62.305738592639365], [-7.1797237212833895, 62.305733940613415], [-7.177654526467897, 62.306422286730225], [-7.175839511061264, 62.3068407827498], [-7.1743394523974935, 62.3071213904393], [-7.173096108719605, 62.30780895058445], [-7.173132592088552, 62.30785942474916], [-7.172285305012462, 62.308302995468814], [-7.172270775271197, 62.30854300147776], [-7.171006362999527, 62.308924232688526], [-7.169280275155421, 62.308917014829916], [-7.168399861978545, 62.308970167068125], [-7.1672152419035555, 62.30870183459551], [-7.165365148441732, 62.308195040058784], [-7.165614290742389, 62.30812911388415], [-7.165540649563874, 62.30804601461278], [-7.1644420778329385, 62.308094457459624], [-7.161286542758971, 62.30709073469939], [-7.158714482470611, 62.30617469401857], [-7.156626822519482, 62.3052349946258], [-7.156617021070853, 62.305098608991], [-7.155938397334422, 62.305114137233296], [-7.154709908670207, 62.304830662923045], [-7.153404855120436, 62.30434581800669], [-7.153587394398045, 62.30421476254826], [-7.1530627643636215, 62.30423518873437], [-7.151214696247215, 62.303659379521655], [-7.1499364449141, 62.30308500578212], [-7.149957969916478, 62.30293826374865], [-7.149710757768793, 62.30295392161343], [-7.149426586190595, 62.302937043806445], [-7.149265179780079, 62.30274200521076], [-7.149603610053342, 62.30256572094359], [-7.149428378982115, 62.302517616528846], [-7.148715662085264, 62.30261514617589], [-7.148512863252634, 62.30249145503834], [-7.148319834642377, 62.30250406022432], [-7.146959684458543, 62.30186448039017], [-7.14714105923702, 62.301762051298915], [-7.146085731771395, 62.3013940909191], [-7.145918295144747, 62.30115956280139], [-7.145598605632071, 62.30125350772942], [-7.145252346586989, 62.301243155409466], [-7.145152974650241, 62.301068747245246], [-7.144230694828685, 62.30049070727774], [-7.14366751414211, 62.30039607608573], [-7.143517528883853, 62.300223083810465], [-7.143854788139476, 62.29996556417934], [-7.143766491603401, 62.29981475682933], [-7.1428555206537725, 62.29997630750848], [-7.142880681569204, 62.299661223072896], [-7.14377893607595, 62.29843278491699], [-7.1442820161062945, 62.298259514518016], [-7.145041398216938, 62.2981541922986], [-7.144664924896361, 62.297913450610935], [-7.144538655975951, 62.297524002536086], [-7.144826426865192, 62.29720929058475], [-7.1450020408590795, 62.29687385834737], [-7.145216194686142, 62.29656505033759], [-7.144440190942815, 62.29711762758313], [-7.144608351936436, 62.29651943827246], [-7.145294209024605, 62.295794044449806], [-7.146137335045562, 62.29490226331115], [-7.146636388195087, 62.294391906663336], [-7.146664886878861, 62.294285308762376], [-7.146621945991332, 62.29415914422377], [-7.146707084981332, 62.294034611494475], [-7.146783924775172, 62.29399820324333], [-7.146881386436463, 62.293905322416684], [-7.147178445576561, 62.29384521060358], [-7.14730693211372, 62.29386690884485], [-7.147405725265097, 62.29379377480848], [-7.147050098841261, 62.293720046786945], [-7.147207222755543, 62.29362874905911], [-7.147566395505692, 62.29330703767043], [-7.147842567873649, 62.29298947312394], [-7.147993882920673, 62.29289849230572], [-7.148429173503027, 62.29280525347694], [-7.148365517917417, 62.29252477570431], [-7.148238780581878, 62.29240167189512], [-7.148754762904364, 62.291581418793506], [-7.148533449991275, 62.2912219389995], [-7.149222613338509, 62.2906801617625], [-7.148464725138125, 62.29016217989839], [-7.1480422535430215, 62.290079639531484], [-7.146164242517126, 62.289871361423636], [-7.1467939504043105, 62.28964512222013], [-7.146759805118809, 62.28946145696996], [-7.147441372815429, 62.288998783456535], [-7.14629874978959, 62.28911143080183], [-7.145554368037332, 62.28974358431912], [-7.144939311082463, 62.289325179088394], [-7.144138121002244, 62.289220438769696], [-7.143578155874813, 62.2895414406959], [-7.1429373362055575, 62.28979724641145], [-7.141596567546868, 62.29060709983008], [-7.140920297633767, 62.29132051980447], [-7.140821157130041, 62.29136847572761], [-7.140500821276256, 62.29141796759039], [-7.14006614440122, 62.291286059954565], [-7.139739290893032, 62.29130146152824], [-7.140369698587051, 62.29154548250373], [-7.140426378200835, 62.291664364692316], [-7.139989551649822, 62.29222662299905], [-7.137621336966512, 62.29392255865666], [-7.1371460869222245, 62.29435717549603], [-7.136062835921343, 62.29475551876476], [-7.1362213863912665, 62.294832320974116], [-7.135842213607629, 62.29522684784827], [-7.135351098890865, 62.29539055376163], [-7.134363808599306, 62.295493758852416], [-7.1345409280725836, 62.29573812664422], [-7.1334112240753464, 62.295964904877785], [-7.131568887036777, 62.29618615976133], [-7.128818400566904, 62.29602852282477], [-7.1268287215126875, 62.2957307100447], [-7.126241802757178, 62.295585573334385], [-7.125236180833196, 62.29550822628726], [-7.124597921915814, 62.29530521350433], [-7.124171031779048, 62.29519740816975], [-7.124160175533596, 62.295089727470334], [-7.124419636054718, 62.294962975946355], [-7.124652837093999, 62.294911360140986], [-7.124646806122468, 62.29487187357848], [-7.1236790352611, 62.29499564184919], [-7.122810765777544, 62.294948311645], [-7.121917664893051, 62.29476088214026], [-7.121304498191361, 62.294694360656266], [-7.1211522358659645, 62.29465344071452], [-7.121057054364323, 62.29453789037859], [-7.120845316531518, 62.29462560466491], [-7.1204928626194315, 62.29458288158224], [-7.120442722235807, 62.29449639286215], [-7.1201618140189495, 62.29458344233367], [-7.11948211889776, 62.294464671320576], [-7.118221815923874, 62.294007732646314], [-7.116610198063585, 62.29367618857922], [-7.115514074189874, 62.29358614694762], [-7.114741482332544, 62.293662226010454], [-7.1146544645693615, 62.29363869779334], [-7.115153865499496, 62.29335597163513], [-7.116765513881605, 62.293170144918825], [-7.116755505874662, 62.293145145553304], [-7.116628651578148, 62.29310815437156], [-7.113624269520059, 62.29316292753587], [-7.1130397241678525, 62.29309882099034], [-7.111548189767501, 62.29264272712347], [-7.1106768280394235, 62.29221773781012], [-7.110569285037786, 62.29205093718992], [-7.110601383002856, 62.29197848546166], [-7.11069453701957, 62.29189761617852], [-7.110675592225384, 62.29185840241819], [-7.110350344072823, 62.291846810425554], [-7.1099982704684095, 62.291792575691716], [-7.107388426208343, 62.290564023860924], [-7.107879598489457, 62.29053299533049], [-7.10789783830624, 62.29047875722741], [-7.1072835387924345, 62.29042598039104], [-7.106577159017525, 62.29029233001895], [-7.105890098632998, 62.29002896243921], [-7.1041554733635515, 62.2889200473705], [-7.103504482313817, 62.288368481247645], [-7.103129372358099, 62.287969764487706], [-7.103053664678294, 62.287640650783395], [-7.102186767951998, 62.28726225194671], [-7.101658845010881, 62.28653228844842], [-7.101139833609664, 62.28598906092556], [-7.10108395074423, 62.28570985475117], [-7.101065136470925, 62.28463235410119], [-7.101174595996762, 62.28456194627584], [-7.101732856102343, 62.284421805928375], [-7.101628350176815, 62.28437352542186], [-7.101158125706441, 62.28446522665348], [-7.100933299557781, 62.284451659255794], [-7.099736005654599, 62.28382808366392], [-7.097713716999773, 62.2830335433], [-7.096798228205522, 62.28273556609857], [-7.095640247509334, 62.282358644542796], [-7.09330367955884, 62.281670776507404], [-7.092434265921822, 62.28160851404555], [-7.092084823935595, 62.28149663982073], [-7.091234134992872, 62.28094891679079], [-7.090240920949361, 62.28036090473724], [-7.089548865304634, 62.2796915618532], [-7.089102005615444, 62.278740849967306], [-7.088905477177073, 62.27817695169909], [-7.088955192527961, 62.27778078949878], [-7.089063094445677, 62.27769241696263], [-7.089473942194783, 62.27763064187953], [-7.0895357293679, 62.2775432520558], [-7.089502654613954, 62.277432478956236], [-7.0894229587695365, 62.27731550086285], [-7.089880844375178, 62.276652685352936], [-7.090592840564842, 62.27636042299432], [-7.0907970282333945, 62.27621778794881], [-7.090825271987397, 62.276177862419196], [-7.0903012290629315, 62.27508283263604], [-7.088723271849899, 62.273965258521145], [-7.088821220240831, 62.273921362152166], [-7.0888979831242755, 62.27393220001662], [-7.090578972988637, 62.275123713917736], [-7.091066578128273, 62.2761652825414], [-7.091919577383998, 62.27581576560289], [-7.092158897474431, 62.27581841644328], [-7.092177513329608, 62.27576768588109], [-7.091908424048693, 62.275690303021776], [-7.091856975980105, 62.275543911961684], [-7.092311683441022, 62.27483035634556], [-7.092137707106262, 62.27481421192467], [-7.091948251520454, 62.274772568806185], [-7.091493036890597, 62.274878624248394], [-7.091397117832338, 62.2748415836458], [-7.092209064590798, 62.27450173570795], [-7.091637294538165, 62.27410432698576], [-7.091562777421876, 62.27412197645477], [-7.091144994220136, 62.273830711888735], [-7.090863237335799, 62.273905391947885], [-7.090722961055314, 62.273817295515386], [-7.091104201640878, 62.273701790832696], [-7.091136619599758, 62.27368266682872], [-7.090265230349053, 62.273066878377314], [-7.090219821684652, 62.27305377840616], [-7.089945862144301, 62.27309355571505], [-7.089904446461576, 62.273056902599656], [-7.089967798441891, 62.27302994498791], [-7.09050576063405, 62.27288535417574], [-7.087693976453365, 62.27165290679932], [-7.087097322562356, 62.27101822244242], [-7.0862527670263, 62.27059935765497], [-7.085500753040847, 62.26981799219058], [-7.085470747790432, 62.26935861717163], [-7.084762882489021, 62.26903837846154], [-7.083979637512342, 62.26824617910433], [-7.0803985758912615, 62.26390853592171], [-7.080077735797621, 62.26342959051232], [-7.080146162237994, 62.26292098298443], [-7.0801726018525075, 62.26272445509639], [-7.07961290228756, 62.26212868852745], [-7.079416961837362, 62.261578800143425], [-7.079008807956155, 62.26120748569083], [-7.078577778167851, 62.260529901504], [-7.077356486750341, 62.25907332275066], [-7.0772787930593175, 62.25847721036654], [-7.077063661800271, 62.25796034577653], [-7.076866417724381, 62.25774640448402], [-7.076106264036175, 62.25724614266461], [-7.075678266934524, 62.256573633918194], [-7.074729818582466, 62.25583800032986], [-7.074323734044013, 62.2548856345039], [-7.074176718276234, 62.25429169225656], [-7.074135204848821, 62.25298432473447], [-7.073953263779034, 62.251865762725515], [-7.074027318312243, 62.2516188579387], [-7.074314435176329, 62.2515753466554], [-7.075271493212983, 62.25153203806973], [-7.075171919321806, 62.251369353567405], [-7.074696259287322, 62.25133539394253], [-7.07437620071827, 62.251421626839544], [-7.074128546080165, 62.251444051200345], [-7.07393230765293, 62.25136647098657], [-7.073339984380329, 62.250771262718615], [-7.0734429359487665, 62.25061384079234], [-7.072570299237901, 62.249923922867275], [-7.071372822599915, 62.24924297860683], [-7.0680573284615535, 62.2475225010366], [-7.067640897110585, 62.24738503193231], [-7.064181901843222, 62.245314621973435], [-7.062664876223584, 62.24412009068652], [-7.061417331823835, 62.24277068171356], [-7.060788620880651, 62.242195902061624], [-7.060387749248778, 62.24180653840049], [-7.059806456072825, 62.24121920143501], [-7.059586658967862, 62.24070330514537], [-7.058521673227385, 62.23970416392582], [-7.058508113723789, 62.23962426286377], [-7.057564429927152, 62.23887132783899], [-7.056909145013395, 62.238440365275], [-7.056078063778692, 62.23768782523495], [-7.055907508934619, 62.23761331433559], [-7.055772055956834, 62.237615145952226], [-7.05532507188668, 62.23712811108451], [-7.054375429260863, 62.23658969837338], [-7.052984340915631, 62.23610021465773], [-7.053037283826947, 62.23603338920352], [-7.052260080708775, 62.235819069006396], [-7.051570014155183, 62.23547026619816], [-7.051437145266501, 62.23517659344385], [-7.050905231002663, 62.23516233444488], [-7.050837687314028, 62.23501305847976], [-7.050518652776485, 62.234783273585386], [-7.050591029305014, 62.23472306790632], [-7.050608880161301, 62.23467295947396], [-7.050442335393981, 62.23462089421631], [-7.04964754323973, 62.23391540874577], [-7.0494592647233505, 62.23358864964153], [-7.04961490294163, 62.23358263721165], [-7.049227644518231, 62.23291051243214], [-7.048883643471214, 62.23271636909855], [-7.048068210138948, 62.232412825273094], [-7.047963983044683, 62.2323434091077], [-7.047870208288125, 62.2320961334438], [-7.048070635842786, 62.23189818547078], [-7.047762016228093, 62.23114683685958], [-7.046957238019763, 62.23063873252724], [-7.046933769709106, 62.23047470528028], [-7.046323641984296, 62.22926129111774], [-7.046121801316296, 62.22903834780301], [-7.045941003058708, 62.228957351028754], [-7.045799184404723, 62.228785115944845], [-7.045653745953292, 62.22867791033464], [-7.045677962647924, 62.228615683685845], [-7.045517887122211, 62.228478963464845], [-7.0452118389945895, 62.22779952826705], [-7.045081789395158, 62.22771924379987], [-7.04432235749299, 62.227128869370716], [-7.044278173975395, 62.22703891232794], [-7.0437751145394385, 62.226704204909964], [-7.043182767748957, 62.226388032150716], [-7.042480019305745, 62.226124826196276], [-7.041666842217484, 62.22574847215453], [-7.0414694801927, 62.22550475837616], [-7.041202480623615, 62.225424694753805], [-7.040954356339544, 62.22531751782377], [-7.040748863015458, 62.22535115660499], [-7.040693750319819, 62.22530217518106], [-7.040463944146587, 62.22531024645696], [-7.039534343735714, 62.22506015533774], [-7.039304022578807, 62.22493958189198], [-7.039287347783481, 62.224891142031495], [-7.03946274214665, 62.22477871468613], [-7.039331835908789, 62.224804157352395], [-7.039192662987695, 62.22486813678436], [-7.038949648863797, 62.224608012022124], [-7.039004664241933, 62.22454559246958], [-7.03896036279702, 62.22445152043705], [-7.039056236159438, 62.22439973114116], [-7.038996419167239, 62.224328420486756], [-7.039150387566241, 62.224217127545806], [-7.039346981898622, 62.22417824898539], [-7.039306305705444, 62.224141050458506], [-7.0393873214280545, 62.22401571206392], [-7.0396539679620185, 62.22400888040171], [-7.039717883963104, 62.22397531143007], [-7.039493903322158, 62.223872780903655], [-7.039361651342137, 62.22387154388415], [-7.039265363391646, 62.22372781583836], [-7.0393543795366424, 62.223707617253986], [-7.040016399898469, 62.22384163951054], [-7.040161553116102, 62.22385751022873], [-7.0403849732076695, 62.2239419886678], [-7.040900858538317, 62.22400707023928], [-7.040444039176504, 62.22388824329071], [-7.040458527885952, 62.22383377970886], [-7.040044487340942, 62.22379104813994], [-7.039864384545288, 62.223655474421854], [-7.040058177092348, 62.22363603475383], [-7.0400215630070395, 62.22358659568949], [-7.040475523926525, 62.223654396417906], [-7.040838285059239, 62.223862382305896], [-7.041048070550332, 62.224083292139554], [-7.04114594361123, 62.224113486487035], [-7.040783826283492, 62.22378253039065], [-7.040291840309522, 62.223526582477135], [-7.040003624667625, 62.22351013091567], [-7.039775924364658, 62.22346508873666], [-7.039877099993931, 62.22342342756167], [-7.039643113460385, 62.223291312665985], [-7.039632810007458, 62.22314745101342], [-7.03967311084359, 62.22307755261008], [-7.039592752225222, 62.222946257669996], [-7.039294385095981, 62.22267382648329], [-7.039089516464938, 62.2226535216635], [-7.039021411141065, 62.22254690549107], [-7.038910505667402, 62.2225042276294], [-7.038800610025723, 62.22239845796385], [-7.038703582186005, 62.22239987163412], [-7.038642000315359, 62.22233212649283], [-7.038490052486768, 62.222305475946754], [-7.0381306357427045, 62.222114676014606], [-7.038100640552947, 62.22205814844812], [-7.037804107626813, 62.22189426753978], [-7.037696224972547, 62.22187326509766], [-7.037586998861753, 62.221760232714615], [-7.036804817154698, 62.22162934824243], [-7.036587852149055, 62.221540646006986], [-7.036432691753276, 62.22153692803768], [-7.035800978002655, 62.22134290295029], [-7.035724178310499, 62.221275659452274], [-7.035299432393837, 62.22111696263337], [-7.035059350686565, 62.22113861362381], [-7.034935366222527, 62.22108425736412], [-7.034538652541828, 62.22101231017089], [-7.034478573419387, 62.22094530237912], [-7.033775375372547, 62.220830687907714], [-7.033740405298391, 62.22077983395399], [-7.033444354664534, 62.22069790720489], [-7.032840701354455, 62.220637928122926], [-7.032179586910317, 62.22049445745163], [-7.032069392242296, 62.22044110166372], [-7.031788657438953, 62.22042545663777], [-7.031609995026757, 62.22038396753304], [-7.030512003647192, 62.220328197003035], [-7.029974785286442, 62.22024051100078], [-7.029833644594442, 62.22025493769538], [-7.029574914082422, 62.220214465294646], [-7.029315469244674, 62.22020270774467], [-7.0291753744290855, 62.22015969765654], [-7.028471826645265, 62.22009532042659], [-7.028285324448661, 62.22010048442338], [-7.02819310652587, 62.22007538782159], [-7.02809994360228, 62.220088428787676], [-7.028053242686282, 62.220052487689536], [-7.02765408180703, 62.21999197588222], [-7.027636171649904, 62.21993920791508], [-7.027159383982578, 62.219845187026685], [-7.02683962058141, 62.219864884753704], [-7.026493983404241, 62.21980943825413], [-7.025649214666486, 62.219763867148124], [-7.025428133333966, 62.219912971590325], [-7.02529567225324, 62.219891610092866], [-7.025158452486942, 62.219896033824746], [-7.025180634501845, 62.219862596519825], [-7.02503428343736, 62.219777033325606], [-7.02492123691694, 62.21978826356987], [-7.024747134026895, 62.21976846416576], [-7.024513383586767, 62.219811012899974], [-7.02413052473158, 62.21978375691817], [-7.023709340438868, 62.21973082003651], [-7.023503810270793, 62.219609135052295], [-7.023380434037321, 62.21959005530634], [-7.023352011036987, 62.21954377993957], [-7.023269863823436, 62.21951621996368], [-7.02316599664278, 62.21943987661455], [-7.023207286297792, 62.21939952999085], [-7.0230591569779675, 62.21924706260639], [-7.0228863523878875, 62.21925456856122], [-7.022880348595877, 62.21916390785649], [-7.022738092711867, 62.219083517091335], [-7.0225405561716805, 62.21908986282839], [-7.0224404258398785, 62.218979909274665], [-7.022280712354115, 62.21891067005827], [-7.022173288410454, 62.218771079010025], [-7.0220635625805965, 62.218755064853326], [-7.022008709226287, 62.218658592071534], [-7.021724943849931, 62.218533636285926], [-7.021318644565233, 62.218400382303344], [-7.020925458688972, 62.218390205512115], [-7.020809419715569, 62.21826485339389], [-7.02086040209639, 62.21821746407524], [-7.020800817213626, 62.21816697407981], [-7.020345013000056, 62.21810276143037], [-7.02024601832621, 62.21806679072775], [-7.019953638664071, 62.21811199742162], [-7.019987514625023, 62.21815565825545], [-7.019889070432322, 62.21819949847598], [-7.019545680751724, 62.2181130964435], [-7.019508230875454, 62.21818877540248], [-7.019234095422766, 62.21823433037691], [-7.01900850614872, 62.21813748732329], [-7.0188814380591085, 62.21814851273175], [-7.01878176936598, 62.21807877874447], [-7.018678636724557, 62.21810019916134], [-7.018420796656842, 62.21809068801989], [-7.0183415045243605, 62.217991710701234], [-7.018140219365744, 62.21796433378961], [-7.017938408106088, 62.217833357242206], [-7.01797595966841, 62.21775911638318], [-7.018092969148726, 62.21753448097193], [-7.017963427015988, 62.21755983304797], [-7.017898842887643, 62.21753880396318], [-7.017861250315614, 62.217613672592165], [-7.017647554242773, 62.2175673564678], [-7.017415967267768, 62.217333170375696], [-7.017282630542566, 62.217325433180164], [-7.017219916273799, 62.21723180840296], [-7.017123152269879, 62.217205921181545], [-7.017178373751304, 62.217164338762664], [-7.017129747117501, 62.21704353579746], [-7.0172014391922275, 62.2168972499773], [-7.017136480192032, 62.21681149266528], [-7.017281081021989, 62.21670296207861], [-7.017351049458342, 62.21649192910954], [-7.017199424225024, 62.216525672821824], [-7.017140271586731, 62.21646872399886], [-7.017111234657897, 62.21631013901427], [-7.017035077806262, 62.2162209530113], [-7.016874946911592, 62.216033424564685], [-7.016715027942428, 62.21607638520876], [-7.0165095280203, 62.216043110666206], [-7.016334535337561, 62.21594922924868], [-7.016223831024433, 62.21570177509944], [-7.015932532573533, 62.215575173080474], [-7.015916826185065, 62.215468574040294], [-7.015834215917458, 62.215394054243234], [-7.0158571611384, 62.215352011488406], [-7.0157987428312, 62.21526338447774], [-7.015829486991616, 62.21512872299095], [-7.015626837296374, 62.2148554487027], [-7.01541245237288, 62.21470848926187], [-7.015426230582444, 62.2145980023601], [-7.015323253900512, 62.21455263515557], [-7.015108673277055, 62.2143617759327], [-7.015012108349808, 62.21433301734249], [-7.014725585224699, 62.21396078616809], [-7.014525076347734, 62.21387802790096], [-7.014494873322835, 62.213693482484516], [-7.014239084733957, 62.21338641188187], [-7.013849269052377, 62.213217373110865], [-7.013738908665809, 62.21309999499717], [-7.013653037439982, 62.21309589487841], [-7.013611779950215, 62.213054457254685], [-7.013358096297222, 62.21279966322927], [-7.013242031660057, 62.212611017145036], [-7.012749087389902, 62.212484307141594], [-7.012704058262074, 62.212423339055285], [-7.01216508241033, 62.212230527664246], [-7.0119123636618355, 62.21177178818976], [-7.011998819525431, 62.21163217925965], [-7.011930775644452, 62.21154987586149], [-7.011793271274557, 62.21149180329129], [-7.011622342398891, 62.21127220843516], [-7.0112357706455, 62.21120958319915], [-7.011170398667468, 62.21115397872921], [-7.011056260650478, 62.21115880817288], [-7.010744336265622, 62.21095496773606], [-7.01042751430865, 62.210796479041804], [-7.010289246324705, 62.2106593980398], [-7.0102683550732685, 62.21057938480069], [-7.009854294808839, 62.21022425646845], [-7.009677797456625, 62.21020090196279], [-7.009224594569666, 62.209789195482635], [-7.0090518788343505, 62.20954748841333], [-7.008871712076205, 62.20946303788153], [-7.008865416755869, 62.20941842265031], [-7.008753106495882, 62.20937507080403], [-7.008532669899213, 62.20918088451749], [-7.008055615923371, 62.20896569347968], [-7.007647847495464, 62.208956973793995], [-7.007322223591514, 62.20897959326667], [-7.007193368835, 62.208956918800766], [-7.007050578218228, 62.2088392490308], [-7.006987320737678, 62.20873124805401], [-7.006988449145747, 62.20866734924353], [-7.00720931717311, 62.208486582418], [-7.00721344983356, 62.20844714366712], [-7.00714218108426, 62.208387861764415], [-7.0071275922310985, 62.20835246333534], [-7.0070169074352835, 62.208217300368055], [-7.007021092602926, 62.20813908248087], [-7.00701581765015, 62.20804394221484], [-7.006788612583928, 62.20789157749622], [-7.006776438100839, 62.20778736138606], [-7.006842664235422, 62.20772457607697], [-7.006748150301447, 62.20770598453015], [-7.006755692830791, 62.20766147791157], [-7.006539865756075, 62.20759042650313], [-7.006419734321126, 62.20760764375085], [-7.006300379368771, 62.20754004099144], [-7.006226305499166, 62.20745333896023], [-7.006264117649276, 62.20737246176652], [-7.006529625610468, 62.20731953837642], [-7.006532127402181, 62.20723770558569], [-7.007092050832085, 62.20709856404126], [-7.007205099831907, 62.20704870364881], [-7.007269981070042, 62.206977101579376], [-7.007266950336106, 62.206929660455884], [-7.007097303224361, 62.206855098040144], [-7.007007934631554, 62.20682262147462], [-7.006884719420887, 62.206565373156366], [-7.006739367593075, 62.20657738128528], [-7.006765491462395, 62.206495887425625], [-7.006735457523099, 62.20646735900703], [-7.006810286285533, 62.206452005068314], [-7.006938240078427, 62.20646775497355], [-7.006948432548543, 62.20639465027335], [-7.006887036343669, 62.206351937379075], [-7.0069933439434795, 62.206188288912415], [-7.00693072272519, 62.206123295915994], [-7.006816222599518, 62.20607254983917], [-7.0067113079167065, 62.2059579363931], [-7.006430615062335, 62.20595552429821], [-7.006385877093129, 62.205817446941694], [-7.006537181471154, 62.205764590294464], [-7.006491706847133, 62.205617256260176], [-7.006520509173688, 62.20552134816921], [-7.006502428223719, 62.20535501727635], [-7.006344591759864, 62.205311458681514], [-7.006400629361852, 62.20514053607337], [-7.006295071539332, 62.205053292339606], [-7.00622441383046, 62.205054971267415], [-7.006212630573996, 62.2051288610357], [-7.006106434280086, 62.205071770154646], [-7.0060658457760825, 62.20499919332737], [-7.006133348304929, 62.20496075393464], [-7.0060785297381045, 62.204914544290396], [-7.006152722036714, 62.20484747503993], [-7.00611184448454, 62.20477929272103], [-7.006207098093884, 62.204698880963726], [-7.006082334567115, 62.20460265383387], [-7.006109783876856, 62.204503943562756], [-7.006038717850408, 62.204389186937085], [-7.006088962806136, 62.20423326235849], [-7.006058034511005, 62.20417455872659], [-7.006059660935169, 62.20393373351095], [-7.005976243251791, 62.203898603609616], [-7.005966071408621, 62.203810753876205], [-7.005861768989196, 62.203768770997], [-7.00589292984461, 62.203683758832135], [-7.006000458631662, 62.2036416750269], [-7.0059825076746804, 62.20359608429972], [-7.005949506987214, 62.20359516171888], [-7.005989108977035, 62.20356879970402], [-7.006145490061244, 62.20347077322248], [-7.005805742995497, 62.203194885201945], [-7.0055614312011985, 62.20311615152441], [-7.0055145629760105, 62.20304851131429], [-7.0054335851895555, 62.20300264385994], [-7.005347636641287, 62.20278120769051], [-7.0053920636784515, 62.2025209786008], [-7.005278026404199, 62.2024838824359], [-7.005178744973857, 62.20241827218939], [-7.005235892961889, 62.20235311311086], [-7.005131364760605, 62.20227378266595], [-7.0054103713679154, 62.201877960854404], [-7.005230411064246, 62.20172115425589], [-7.005179439163618, 62.20172464132488], [-7.004879287637497, 62.201612608059676], [-7.0048115107816304, 62.20155606779505], [-7.004689684325512, 62.201503059934424], [-7.00467501175073, 62.20127349066993], [-7.004833556845445, 62.20118626903548], [-7.004778324230085, 62.20100638749005], [-7.004622390800041, 62.20091680263678], [-7.004485567169687, 62.20073844179583], [-7.004345532191396, 62.2006613833011], [-7.004304859293465, 62.200590240832696], [-7.004333584232705, 62.20051596616819], [-7.004162073489671, 62.20034459322418], [-7.004038634442716, 62.20021783462306], [-7.0038364302364196, 62.20026034251898], [-7.003820005121591, 62.200241264032904], [-7.00398637342817, 62.200205916367835], [-7.003954498103426, 62.20008119168454], [-7.003859310738286, 62.19979577801898], [-7.003541791417306, 62.19966475715536], [-7.003541312775266, 62.199595018052534], [-7.00357916002529, 62.19925251150949], [-7.00391045973109, 62.198769659598035], [-7.003955105673017, 62.19848199156067], [-7.003839646050054, 62.198167434732234], [-7.004046948430091, 62.198013768047346], [-7.004989969906663, 62.19766375530274], [-7.004953419015761, 62.19708054259758], [-7.004848953986966, 62.196139524032475], [-7.005340140177387, 62.19578921143857], [-7.005049831269856, 62.19556358216327], [-7.005410197291684, 62.195399275624794], [-7.005863257447494, 62.19503818015226], [-7.006476401698909, 62.19488118124412], [-7.007849331289289, 62.194148534533575], [-7.008715579099582, 62.1938736105479], [-7.0114545349172595, 62.19202916183058], [-7.0124118044861286, 62.19205830812071], [-7.014373332173915, 62.19158717130904], [-7.016181583431015, 62.19123760804788], [-7.017375799142078, 62.19139210051094], [-7.017620632756534, 62.191453047873324], [-7.018539542062714, 62.19147505135141], [-7.0195969137829675, 62.191271731033545], [-7.0212129849563585, 62.19111873678359], [-7.021114092699539, 62.19083240384053], [-7.021267301295588, 62.19082534123783], [-7.021427674283928, 62.191029335266734], [-7.0215655940513235, 62.191015142323046], [-7.021588288121652, 62.19107956000629], [-7.023127966200299, 62.190901487193], [-7.024346064445196, 62.190701676482185], [-7.025051367107238, 62.19046789216687], [-7.025539904323223, 62.19043719171737], [-7.025953517012276, 62.1904447156871], [-7.0264505076482555, 62.19022633809004], [-7.026757470537137, 62.18996464731977], [-7.026932231426944, 62.189709057632996], [-7.027363416930935, 62.18921026793988], [-7.027477861183245, 62.18924192123228], [-7.027629116724651, 62.18897184045591], [-7.027506823220119, 62.18898258078237], [-7.027371163707268, 62.18876267934312], [-7.02730610820652, 62.188410269369164], [-7.027550238618768, 62.18768836965357], [-7.02754458944475, 62.18727152460459], [-7.027374611343943, 62.18693377300104], [-7.027121150671868, 62.186617806340905], [-7.026378645976065, 62.1859991922166], [-7.025476384241645, 62.185515915570576], [-7.02551191134732, 62.185474804492785], [-7.0254337831961635, 62.18543883636855], [-7.025236707033688, 62.18545535111292], [-7.02497656486365, 62.185316468806064], [-7.024714061719978, 62.18525100049301], [-7.0245890603643, 62.18528552393517], [-7.024526523442809, 62.185199578912005], [-7.024459902882666, 62.1852889014892], [-7.024425439065619, 62.18528449715319], [-7.024475770330472, 62.1852163883413], [-7.023983419732179, 62.185227585872006], [-7.0237386534517, 62.18513083265801], [-7.022100620145631, 62.18496899162844], [-7.02200118902434, 62.18487951244678], [-7.021774745849191, 62.184751149055785], [-7.021508099626879, 62.18503218302738], [-7.021432901338212, 62.18506001657747], [-7.021294847206715, 62.18507079591719], [-7.02077481678557, 62.18502989904136], [-7.020692723472453, 62.18499856648706], [-7.02071200477926, 62.18496805094502], [-7.0207881929737574, 62.18495154267206], [-7.021336849888171, 62.18498647401583], [-7.021605502908422, 62.184712973563975], [-7.021057519430304, 62.18462189389902], [-7.020749336196878, 62.18460223960858], [-7.020590707836233, 62.184548630446486], [-7.020400706201831, 62.18451656688814], [-7.020203840838507, 62.18451313097385], [-7.020049659448187, 62.18454145313077], [-7.019925462699724, 62.18455920622481], [-7.0198325879539585, 62.184812059919416], [-7.0198093026987065, 62.18488327297045], [-7.020264981925124, 62.18491526644063], [-7.0204096956669, 62.184940759645364], [-7.020389081440231, 62.18498579857544], [-7.020171428888142, 62.18499176118159], [-7.018787153414991, 62.184894990742926], [-7.018673695981524, 62.18487918806498], [-7.01866710107789, 62.18484489225914], [-7.018645304438693, 62.18484332440293], [-7.018595645983087, 62.18483893512337], [-7.018600399076752, 62.18481323949612], [-7.01861118649912, 62.184792208175985], [-7.01935844729032, 62.18484802539451], [-7.019596385448106, 62.18486380806039], [-7.019659187006793, 62.18466407218015], [-7.019696908127316, 62.18455419547784], [-7.018227057635588, 62.18451499650965], [-7.01796377935029, 62.18450782646289], [-7.0179133189611, 62.18469786344562], [-7.017952632309525, 62.18474294980494], [-7.018147662965649, 62.18475390322933], [-7.018264581295245, 62.18477170372519], [-7.017967243805406, 62.184792710482625], [-7.0178168968021515, 62.184784369753245], [-7.017831650041114, 62.18472766736154], [-7.017879163466398, 62.18450338662957], [-7.017598557204723, 62.184418390755695], [-7.017102676430366, 62.18436886588999], [-7.015916064166018, 62.184343113540734], [-7.01411721295117, 62.18419180507549], [-7.013336682298357, 62.18401968186166], [-7.013060165750702, 62.18400647802647], [-7.012854656068028, 62.184061706231695], [-7.012597677792669, 62.1840757117062], [-7.012222870665336, 62.184175823054524], [-7.011809030736028, 62.18419153061435], [-7.011609260364247, 62.18460142476928], [-7.0115773999806965, 62.18462736033887], [-7.011537011500339, 62.18462516597347], [-7.0115061754452, 62.184626699170686], [-7.0114984691210696, 62.18467389677635], [-7.0114996469076285, 62.184708654053914], [-7.010864186483529, 62.1846999089719], [-7.010733170869962, 62.18469852529341], [-7.010729012438174, 62.184646265305346], [-7.010599720773946, 62.184567391074836], [-7.010576766732722, 62.1845219983117], [-7.010551391061449, 62.18440520485105], [-7.010513658514166, 62.184257174368476], [-7.010502979476195, 62.18414768323192], [-7.010331739544402, 62.18410214000626], [-7.010154370726543, 62.18411485827054], [-7.009948320670746, 62.18414018158041], [-7.009738494955891, 62.18412352853061], [-7.009515685822077, 62.184082271933754], [-7.009277060038107, 62.184053714824174], [-7.009151129991392, 62.184017347903286], [-7.008903905986531, 62.18403489766147], [-7.008008498658397, 62.18393057713926], [-7.00741148372634, 62.18388367739498], [-7.005498573606602, 62.18352828013913], [-7.00495516019069, 62.18348142166732], [-7.004028546132817, 62.18351307514067], [-7.00352348411787, 62.18348767862202], [-7.002721379276094, 62.182886088965965], [-7.002239332226201, 62.18278561286787], [-7.001856902826154, 62.18266008724872], [-7.0018346042098205, 62.182488397347335], [-6.999516305512251, 62.18206100897004], [-6.998299682548253, 62.1818133911594], [-6.995881943112096, 62.18143603399376], [-6.993685800336105, 62.18114460443473], [-6.992606535498972, 62.18110090195768], [-6.990204411486148, 62.18063758092654], [-6.987618255163569, 62.18028860862207], [-6.98724333431554, 62.180198878522006], [-6.986234491369462, 62.1797866551816], [-6.982653473917469, 62.17937234059756], [-6.9821329020296785, 62.17936477304737], [-6.9817847241910975, 62.17924993991104], [-6.980881281775903, 62.17938210117303], [-6.980762285374682, 62.179111760462874], [-6.98060235265717, 62.17891481234909], [-6.978630439800479, 62.17812252302095], [-6.978715172865111, 62.17798658852598], [-6.9777227305458736, 62.17730244617066], [-6.977249147353301, 62.17703727590134], [-6.977236014340404, 62.17648275410627], [-6.977099675124968, 62.176114055893606], [-6.976503203524066, 62.175966934431756], [-6.976611374015598, 62.17571293603399], [-6.976298028458131, 62.17559103735669], [-6.975864108722136, 62.17496816727929], [-6.975245272591944, 62.174887158493156], [-6.974739861805213, 62.17475615485821], [-6.9744496676354055, 62.17459841219677], [-6.974428191290059, 62.1742299508612], [-6.974146312682381, 62.17392196360948], [-6.97381731395709, 62.17385369253009], [-6.97376423555471, 62.17374276933267], [-6.97285484061706, 62.173391322513574], [-6.972701804704755, 62.173405514752105], [-6.972602658944129, 62.17333745661156], [-6.972824937400069, 62.1732267854593], [-6.972382275353964, 62.172925781311136], [-6.971547785660539, 62.17298234911178], [-6.971479363358478, 62.172885653611885], [-6.972298618333158, 62.17277545025663], [-6.9722687244620785, 62.17262518663831], [-6.971779721274718, 62.17241722342569], [-6.971427667157899, 62.172409743005815], [-6.971000060839679, 62.17219118386527], [-6.970360497651369, 62.171951383825835], [-6.9681880703908705, 62.1711367960382], [-6.965803951819869, 62.17029024691757], [-6.965231417627085, 62.169974835865126], [-6.964803169909253, 62.16989575072554], [-6.964528478225325, 62.16972016920309], [-6.964001076956208, 62.169562244401355], [-6.959791315706374, 62.1680841774458], [-6.95933304202054, 62.167872669826465], [-6.958301247101219, 62.167596165801385], [-6.957247285205638, 62.16717300047214], [-6.95584132426726, 62.16674580756449], [-6.954084143206741, 62.166175172821866], [-6.94953891367673, 62.164607087476995], [-6.947783239495056, 62.1637679742883], [-6.9468153975374305, 62.16297272877136], [-6.945489766548949, 62.161826375935284], [-6.944409694826265, 62.16057304925316], [-6.943328215016556, 62.15960229353225], [-6.943260488728035, 62.15936967778936], [-6.942072006426098, 62.158384486645346], [-6.941848699877787, 62.15772776700676], [-6.941491494603093, 62.15667720611594], [-6.941443064684842, 62.15566825773784], [-6.941631063544287, 62.154781138182585], [-6.941237203166668, 62.15404364928292], [-6.940816400543046, 62.154068282896056], [-6.940809078492359, 62.15398953382603], [-6.941222423659249, 62.15392205803254], [-6.941002142057278, 62.15361051015307], [-6.940591178831172, 62.15322727489953], [-6.940179356540411, 62.15297275871556], [-6.93977941159469, 62.15297897233685], [-6.939249774092333, 62.15289623235222], [-6.939014920775959, 62.15222408282195], [-6.939020725881766, 62.152205855577435], [-6.938605892531461, 62.151138402070444], [-6.938509243099001, 62.15066147756421], [-6.9384172156028345, 62.15068291145401], [-6.938347177228143, 62.15071679149034], [-6.937444890235681, 62.15094584760026], [-6.937342598580642, 62.15093193738303], [-6.93672852782886, 62.15075726101945], [-6.936699518178831, 62.15063922760475], [-6.936741656042074, 62.1506163791777], [-6.936772333393764, 62.15060404311034], [-6.936839775951886, 62.15062050544347], [-6.936877138372677, 62.15067975451599], [-6.936892694879975, 62.15072612895305], [-6.9370066360134865, 62.15075637185702], [-6.937461405621105, 62.150869427740744], [-6.937608742083539, 62.150830413828714], [-6.938283749731228, 62.150647711251835], [-6.9381420193486685, 62.150547751996484], [-6.937894790927308, 62.150369558119536], [-6.937941192742003, 62.15035453806164], [-6.937743651370674, 62.150290914052384], [-6.9368090054625124, 62.15033841387397], [-6.936815242150067, 62.15039344733462], [-6.936843097008936, 62.150525647569985], [-6.936785722211148, 62.150528474503076], [-6.936686204452684, 62.15053588109103], [-6.936668157628002, 62.150468283296405], [-6.936601611362554, 62.15034071402493], [-6.935696786223377, 62.15037572295469], [-6.935724764490926, 62.15048629018572], [-6.935805056118569, 62.15075590487922], [-6.935755679683875, 62.15076244136031], [-6.935696497188701, 62.150763625036184], [-6.935675631688498, 62.150714927088806], [-6.935594860598093, 62.15042699159739], [-6.935515476781444, 62.150434607340415], [-6.9348723410692354, 62.15052943528824], [-6.934942341835902, 62.15074431570444], [-6.934911707573769, 62.15075741508717], [-6.934914856905276, 62.15077317216091], [-6.934930456049568, 62.15081182707055], [-6.934869169791731, 62.150818544951896], [-6.934811316816788, 62.15081992759875], [-6.934807357721699, 62.150790692601284], [-6.93480079314045, 62.15076590741634], [-6.93477778719838, 62.15076278181197], [-6.934753324541495, 62.150755684520746], [-6.9347284629852055, 62.15070369508138], [-6.934661929019435, 62.15070575631186], [-6.93074343680028, 62.150960639796736], [-6.930705323289388, 62.15093987217394], [-6.93052237061685, 62.15032086183843], [-6.9292517167249645, 62.15047040319861], [-6.92919555942882, 62.150773426972904], [-6.927459167042028, 62.15089784377976], [-6.924487914293073, 62.1511830188133], [-6.92415915901805, 62.15124815617525], [-6.920017014710324, 62.15142900845608], [-6.917029091159338, 62.15149215239353], [-6.914386010939207, 62.15124504587233], [-6.911715722605367, 62.15082224082474], [-6.909163989025778, 62.150233833118115], [-6.906067660878008, 62.14918828484788], [-6.9058400708983845, 62.14897441788963], [-6.904640848653679, 62.14780665627879], [-6.903928152909627, 62.14719377004708], [-6.903377169075385, 62.14692060576319], [-6.902787341063161, 62.146099051186816], [-6.902619544505793, 62.14582018859831], [-6.901653758216506, 62.14519789380041], [-6.901469191592593, 62.144916357331034], [-6.901375031657466, 62.144772724394045], [-6.901405846796808, 62.144639759809564], [-6.898999642622159, 62.1434455229705], [-6.8962683742341495, 62.142398358865314], [-6.895501925749597, 62.1421699017392], [-6.892610911409223, 62.14160835784726], [-6.889600715034984, 62.14102202695978], [-6.889334808932364, 62.14099481630701], [-6.887026444805288, 62.140289927308515], [-6.8856947018834544, 62.13971256673153], [-6.884980672264666, 62.13933619955361], [-6.883969474213565, 62.138646915104786], [-6.8829527651339335, 62.137476165103976], [-6.882427729094079, 62.136349368317134], [-6.882198220630443, 62.13604574350847], [-6.882294455498652, 62.135908960594335], [-6.882146772972876, 62.1358236619246], [-6.882475052917914, 62.13578908752393], [-6.882339248246081, 62.13535474579783], [-6.8824289795579645, 62.1351791704111], [-6.882195357919842, 62.13478615640451], [-6.881882734354339, 62.13414280865667], [-6.881933230502554, 62.13386707333565], [-6.8815977931246675, 62.13325955525419], [-6.88079702294253, 62.132724730467544], [-6.879612178102905, 62.132008244152054], [-6.878320597822225, 62.13132431684749], [-6.876976216038469, 62.130683288100016], [-6.8767001557795115, 62.13060526272957], [-6.875048879295941, 62.129864797839126], [-6.8749712789398485, 62.12974330864743], [-6.8734802475961665, 62.12896667774333], [-6.872854966421524, 62.12838844121436], [-6.872807872347932, 62.128266880289274], [-6.873250331330471, 62.12818353813107], [-6.873234615049793, 62.128147835548496], [-6.872829217644699, 62.12812365690249], [-6.872771916306821, 62.127748143734195], [-6.872899907475432, 62.12756885197539], [-6.8732400596331304, 62.127210303386036], [-6.873743534562436, 62.12640035560832], [-6.873289355600229, 62.126090122533846], [-6.872995921775788, 62.125800939394864], [-6.873029938588303, 62.125400075024864], [-6.873307278180956, 62.12489494614397], [-6.873473175888368, 62.12468337805168], [-6.873523188888755, 62.124346948685364], [-6.873399586929154, 62.12422556002383], [-6.873620225289946, 62.124124807203216], [-6.8736231049117835, 62.1236810906967], [-6.873374832265241, 62.12331674075106], [-6.8730418915086755, 62.12291311516498], [-6.873223054145813, 62.122705193291935], [-6.873022849306341, 62.12255533622907], [-6.8730578107385965, 62.12151393698088], [-6.872966622498384, 62.120844964984116], [-6.872846576824984, 62.1203335548135], [-6.872890679712895, 62.120158181996764], [-6.8729641527687315, 62.1200178238248], [-6.873657668685375, 62.11985161391999], [-6.874765551745678, 62.119845454930626], [-6.876225174620671, 62.11986712459255], [-6.877539230825038, 62.119856832674834], [-6.87863708595722, 62.11961815028328], [-6.879378049025959, 62.11960920730747], [-6.880012652462572, 62.11963274715489], [-6.880668207264258, 62.11949886939699], [-6.881550638963648, 62.1191353123563], [-6.8819824740535065, 62.11879789760223], [-6.883943147246924, 62.118524874593135], [-6.884193328973643, 62.118334602619534], [-6.884544061106007, 62.11826939668466], [-6.8852287326305825, 62.118293686697896], [-6.885541829763639, 62.118252493047386], [-6.886190784397086, 62.11820440396959], [-6.8866941433279445, 62.118113691664185], [-6.8873610033590795, 62.11831248244364], [-6.888714258445786, 62.11838796976041], [-6.8891789312460165, 62.118258055549646], [-6.889828684826328, 62.11829219553734], [-6.890517791155696, 62.11841939996961], [-6.893007330343543, 62.118302342691834], [-6.894196913539364, 62.11809545845106], [-6.897001379789792, 62.11764980256615], [-6.899300106933766, 62.11720107159665], [-6.901935899192069, 62.1165414935138], [-6.901715713368029, 62.116326227298025], [-6.901826764930055, 62.11630604068272], [-6.902045662899002, 62.11652497693311], [-6.904175046600801, 62.11584489298306], [-6.904426460565759, 62.115698199708035], [-6.903504369591818, 62.114865439219834], [-6.903472535419712, 62.11475931081335], [-6.9035610181745435, 62.11465722122479], [-6.903665785472647, 62.11461244766053], [-6.904907005377313, 62.11424162809864], [-6.904985696866109, 62.11429590210992], [-6.904951684027097, 62.114322759755694], [-6.90381457536532, 62.114677164848494], [-6.903734346901167, 62.11473380108214], [-6.903709762031723, 62.11481844527475], [-6.903744739843194, 62.11486291029693], [-6.904353214944771, 62.11532651194635], [-6.904924697845765, 62.11515579829034], [-6.90465911193844, 62.114955856813715], [-6.904706500623861, 62.114942389446924], [-6.904974815663697, 62.115147228905116], [-6.905551622993088, 62.11497869402527], [-6.905068908027042, 62.11460874957521], [-6.904943810988283, 62.11458870479984], [-6.904889347090255, 62.11454857766299], [-6.904986425613368, 62.11449742056781], [-6.905101483452017, 62.114493496324194], [-6.905175423476358, 62.11452134957621], [-6.905583026701842, 62.11480284328305], [-6.906696546678595, 62.11453630647281], [-6.906880366875276, 62.114641813507795], [-6.907316913072834, 62.11447492190325], [-6.908338535024485, 62.11408434328972], [-6.909895500369626, 62.11331101548222], [-6.91197553002741, 62.11219274715931], [-6.913490964988371, 62.11116182216711], [-6.913791396910695, 62.11072448120879], [-6.914670772310718, 62.11016398177204], [-6.914804763093935, 62.1098701944389], [-6.915256663677731, 62.10932506876393], [-6.9159758019173125, 62.108786477973055], [-6.916442354362957, 62.10819479721424], [-6.9170919095810905, 62.107577589480634], [-6.919230262559039, 62.10692431876328], [-6.919345583270515, 62.10699194578432], [-6.919961166014739, 62.10673268186932], [-6.920174961142229, 62.106724941230645], [-6.921777822237542, 62.1060157383257], [-6.922511977807248, 62.10545920734695], [-6.922825892774597, 62.10552271921319], [-6.924730510393601, 62.10452283541784], [-6.925788802705707, 62.1041003488934], [-6.926302983876553, 62.103793763535904], [-6.926240964382439, 62.1037373275545], [-6.926303213057822, 62.10371205509849], [-6.92633891054017, 62.1037294133678], [-6.926699034776324, 62.10364901056704], [-6.927028524825005, 62.103472763799246], [-6.927888067048312, 62.103171720944864], [-6.9285061398607, 62.102990624145434], [-6.928618878783107, 62.102955082018234], [-6.9284316882166355, 62.102764053020664], [-6.928626218750812, 62.1026472060843], [-6.929222440974824, 62.102461811362744], [-6.929201238491068, 62.102444850209515], [-6.929441218713178, 62.10239843600517], [-6.929501340874338, 62.10241527002032], [-6.929714429866199, 62.10242387027109], [-6.930056274849102, 62.10234735120387], [-6.930221269583692, 62.102359136680136], [-6.930290823168584, 62.102285296609644], [-6.93062529103999, 62.10218257774559], [-6.930813712712657, 62.102165419676155], [-6.930956295411185, 62.10211156815194], [-6.931151322881878, 62.102109374829624], [-6.93133209559909, 62.102080170877095], [-6.931447749678598, 62.10211261056142], [-6.931527038450466, 62.10207978020843], [-6.931564036361398, 62.10202117240677], [-6.931693606653114, 62.10196509684471], [-6.931982820413846, 62.101903685648885], [-6.931915492936375, 62.10183731588547], [-6.931769012579495, 62.10186937600168], [-6.931726010333464, 62.10182674653934], [-6.93198982007624, 62.10176785546745], [-6.932126422000862, 62.10191900954176], [-6.93216540417106, 62.101902463099165], [-6.9321778651849195, 62.10183475368699], [-6.932312362491021, 62.10175128054088], [-6.9331267046975675, 62.10156574293882], [-6.9330406670464, 62.10145980062504], [-6.936559529772972, 62.10086846268064], [-6.936591540372556, 62.10089473165494], [-6.936630043207712, 62.10094756250851], [-6.937263441363923, 62.10087058675403], [-6.937289688490341, 62.10092533547273], [-6.937446260464514, 62.100912380105896], [-6.937422065568109, 62.10094342222832], [-6.937438388202835, 62.100989719027396], [-6.937587550828118, 62.10097472297697], [-6.937578663056186, 62.100957479810745], [-6.937952267870597, 62.100860120786585], [-6.938105847214089, 62.1007271832991], [-6.938383947525694, 62.100612887795855], [-6.938472396377566, 62.10063605581622], [-6.938599358246053, 62.1005811561244], [-6.938932205434268, 62.10053073140389], [-6.939303148492264, 62.100431515823914], [-6.9395022374622535, 62.100448358360815], [-6.94023631720124, 62.100451805271874], [-6.940424351039423, 62.100519571764636], [-6.940477925134842, 62.10059067006052], [-6.940585136286766, 62.10114648738431], [-6.941420320783542, 62.10118114670018], [-6.9426612772390035, 62.10126148480226], [-6.943760195024401, 62.101534257521514], [-6.9442092894841965, 62.101545631696894], [-6.944784181340343, 62.10151071801505], [-6.944918118761215, 62.10139134267823], [-6.944184656939164, 62.10131753927412], [-6.9436423369305444, 62.10106471868006], [-6.9434599874013765, 62.10076440388235], [-6.943534393634835, 62.100166069201606], [-6.943726648713315, 62.100037273410685], [-6.9438332330523815, 62.10000476993019], [-6.944137397502729, 62.10008080071247], [-6.944566135755315, 62.10005576510734], [-6.944922085208631, 62.09983027121631], [-6.944919831283847, 62.09972986281603], [-6.9444753818393945, 62.09992386092143], [-6.944249363967539, 62.099851998850944], [-6.944139178064151, 62.09972476127839], [-6.944259658344659, 62.09944114490476], [-6.943979847715888, 62.09914589170701], [-6.943127520181441, 62.09879859169739], [-6.942097945012341, 62.09878659218462], [-6.9420480512312865, 62.098646406120096], [-6.941676685421017, 62.09827277931155], [-6.94155334697623, 62.098368600149676], [-6.941441028475845, 62.098420766603766], [-6.941350890142085, 62.098443826305555], [-6.941216738218472, 62.09845914822131], [-6.941065086558921, 62.09845623715584], [-6.940927870828298, 62.09844071211499], [-6.940762730367005, 62.09841550692806], [-6.935408823224393, 62.097619326252996], [-6.935710780575381, 62.09741464942245], [-6.935434350177389, 62.097221158773614], [-6.932274650319902, 62.09675778448638], [-6.931118489496259, 62.096669523547455], [-6.9306976293146185, 62.096607455763106], [-6.930177024985852, 62.09672161064118], [-6.929773678626908, 62.096798142886016], [-6.929749504446518, 62.09667129045507], [-6.929650823853153, 62.09666980541608], [-6.929666386012423, 62.09673972038468], [-6.929580478749076, 62.09680268623261], [-6.9291748043617485, 62.09670216653105], [-6.928834853210435, 62.096581397674115], [-6.92873233476805, 62.096595762415284], [-6.928554182671167, 62.0965498343816], [-6.9284513441786775, 62.09655034206654], [-6.928333560526143, 62.096543605685966], [-6.927399351349138, 62.09675278754049], [-6.926599806784814, 62.096869027086726], [-6.92588735302498, 62.097059966162774], [-6.925883669499727, 62.09704011587269], [-6.925430876673488, 62.09707749850415], [-6.924884780279292, 62.09708172788461], [-6.924619913564294, 62.09721204010922], [-6.923793156601049, 62.0974287973398], [-6.923159774958284, 62.097711831771015], [-6.922847428275578, 62.09775129548007], [-6.921809825049218, 62.09763949172188], [-6.920652132434516, 62.09772192422064], [-6.921093993205226, 62.09796789863329], [-6.921035467166538, 62.09798702120108], [-6.9206633894590475, 62.097760947467], [-6.920546393416394, 62.09773508552516], [-6.920066916194781, 62.0977108959816], [-6.9191070118656475, 62.0978963856579], [-6.919119391151245, 62.097845104365], [-6.919066548816684, 62.0978872398299], [-6.918576160616516, 62.098014554220384], [-6.918209437085198, 62.097991398453885], [-6.917658492318132, 62.098030610352176], [-6.917595188153609, 62.09808924995367], [-6.9175257890954915, 62.098095082531074], [-6.917441676694876, 62.09802487954324], [-6.916329807583695, 62.09835614613704], [-6.916088714106915, 62.09838569704818], [-6.915858385744195, 62.09848678003278], [-6.915901285935856, 62.098530230260884], [-6.915787570070834, 62.09856326956178], [-6.915717053412664, 62.0985253105813], [-6.91509585622271, 62.09881775770668], [-6.914422515901323, 62.09906812944403], [-6.914395291869865, 62.09903298563685], [-6.914359538812819, 62.099081391784345], [-6.913912673829275, 62.09928238625627], [-6.912417830211927, 62.099685891151566], [-6.911923325407974, 62.099963646445495], [-6.911803319494693, 62.10003105078241], [-6.9106778405975815, 62.10042397694314], [-6.908528871520749, 62.10146369975784], [-6.908592689987804, 62.10168892029665], [-6.9083799980302745, 62.10178966547827], [-6.908074944747161, 62.101815489431345], [-6.908297248931611, 62.10190081265592], [-6.90816847952664, 62.1019763421569], [-6.9079618075925175, 62.10193389780377], [-6.907819166314479, 62.102152497270836], [-6.907095742186111, 62.10233332009508], [-6.906707106672769, 62.10239872482738], [-6.903510870725572, 62.104020701880465], [-6.901309850816523, 62.105221395020834], [-6.900654390060954, 62.10533759075446], [-6.9001312986861665, 62.10567879150699], [-6.899391830962488, 62.105798734681876], [-6.898160660503148, 62.106345719953566], [-6.895700254432548, 62.1069171993204], [-6.888260409143996, 62.108234401115084], [-6.88481253007795, 62.10865776060904], [-6.8808788678916635, 62.1086564150906], [-6.877689437837022, 62.10825241191309], [-6.875349257670302, 62.10797879523083], [-6.873650265513122, 62.10765349051416], [-6.87123067180107, 62.10707576899839], [-6.868948052767567, 62.106436909793466], [-6.866305001202418, 62.10565213679253], [-6.863017551899498, 62.104575288381646], [-6.861337492322509, 62.103838315074285], [-6.8596909254195415, 62.10336964129156], [-6.858460182707875, 62.10325427728763], [-6.857443468198626, 62.10278983256885], [-6.857919429742975, 62.10300725835948], [-6.85870798855914, 62.10255977433144], [-6.858884043620953, 62.1023933134994], [-6.859022391374727, 62.10220808952582], [-6.859200480101733, 62.102009708305886], [-6.8593585349294095, 62.10182018327306], [-6.859551020495523, 62.10154897309071], [-6.859722282824896, 62.10130486128063], [-6.859678345220739, 62.10123122948216], [-6.859628475377293, 62.1010981905525], [-6.859617177467646, 62.100970236849555], [-6.859637104772288, 62.10081076061099], [-6.8596381700804345, 62.10064190732447], [-6.859648657279914, 62.10047773343799], [-6.859646516118403, 62.100359042610236], [-6.859682964699514, 62.10024543730612], [-6.859719997760798, 62.100122710752416], [-6.859777041015575, 62.099991136375046], [-6.859851511759089, 62.09989174701122], [-6.859958619252134, 62.099738035641664], [-6.859993791204952, 62.09949205291192], [-6.8600492747082535, 62.09923265735508], [-6.86016571268985, 62.098933014624784], [-6.860294188513765, 62.098597036791986], [-6.860513648503525, 62.09820753098507], [-6.860579842196906, 62.09808520113131], [-6.860677217540365, 62.097931356838], [-6.860786368564542, 62.097745725049556], [-6.86094731302486, 62.097510591834656], [-6.860966646133325, 62.097360245525806], [-6.860936202265009, 62.097227462300665], [-6.861003540978644, 62.09708689840099], [-6.861126478874118, 62.09683755854226], [-6.861195457240534, 62.096519010906256], [-6.861330902050422, 62.09607358564314], [-6.861413798864108, 62.09584195023938], [-6.86150522838872, 62.095628689242], [-6.861852625658126, 62.09506293404443], [-6.861965526057781, 62.09481801711945], [-6.862082627920954, 62.09465987123421], [-6.862208865054673, 62.094510987677275], [-6.862361929103936, 62.09439897665434], [-6.863137676810627, 62.09367478020604], [-6.863581163631736, 62.09327921303337], [-6.863917294310156, 62.09304191540284], [-6.863952394036366, 62.09310173660736], [-6.863977773934588, 62.09316141675267], [-6.863974274507607, 62.09321613538367], [-6.863931911677073, 62.09327032597341], [-6.86392698213865, 62.093347852694365], [-6.864050113372706, 62.09339974075771], [-6.864311364915919, 62.09342157543767], [-6.86457289853753, 62.09343885332651], [-6.864882152062047, 62.0934704680957], [-6.865229423863886, 62.09351629669443], [-6.8657704692544055, 62.09357391097386], [-6.866282374188624, 62.093631118707144], [-6.866774839496006, 62.09368806077674], [-6.867190142426344, 62.09373481631071], [-6.867681446627688, 62.09380999771179], [-6.869250274819843, 62.09407333404064], [-6.871592303644671, 62.09441566227029], [-6.8730965536930695, 62.09431750989432], [-6.877159922708354, 62.094053347072766], [-6.879835037598472, 62.09389800675245], [-6.881155175689737, 62.09378813988831], [-6.881929005136782, 62.09370279425636], [-6.8823724013286744, 62.093612963117806], [-6.882887286767593, 62.09346932646107], [-6.884006817601855, 62.09314676471294], [-6.889025507401643, 62.09160811767585], [-6.889313646696372, 62.09151160531463], [-6.889738997671444, 62.0913986821673], [-6.890142881283673, 62.091317426385906], [-6.890466740034835, 62.09127159583864], [-6.89119047069592, 62.091208337718314], [-6.893026358511848, 62.091246806659626], [-6.895428179679791, 62.09141153654114], [-6.895916364225579, 62.091381604791856], [-6.89727606628259, 62.091258416770515], [-6.898341885016335, 62.0908574236159], [-6.89961262191261, 62.090445483412886], [-6.90047577557143, 62.09017411253061], [-6.9019510999516624, 62.089755775466394], [-6.903849348184682, 62.08926093259403], [-6.904641854184291, 62.089029664142686], [-6.905684929837139, 62.08867851944339], [-6.906510814258475, 62.0883792209221], [-6.907077770643439, 62.08817686323451], [-6.908334813004287, 62.087668822711464], [-6.909135455212105, 62.08730528003686], [-6.909605205301531, 62.08710161413574], [-6.909974659540944, 62.08694680422866], [-6.910525268896559, 62.086694011224964], [-6.911029257840419, 62.08640865132446], [-6.914123275015, 62.084660839904465], [-6.918120573685436, 62.08465019795636], [-6.92306413585466, 62.08506277596994], [-6.9246093152558466, 62.085078709410666], [-6.931906690223271, 62.085485652408174], [-6.93760203886556, 62.08537820152002], [-6.939376557270846, 62.0850550917657], [-6.939672242609564, 62.08500124146088], [-6.957264946954999, 62.0817961600466], [-6.957265896791577, 62.08179598554962], [-6.9570405956751395, 62.08150865424677], [-6.9585860271495, 62.079913139854526], [-6.961502139151951, 62.07680055434866], [-6.962673781228522, 62.07593599188664], [-6.963420585960421, 62.07529351033167], [-6.964252380072897, 62.07441448722184], [-6.9657942963819295, 62.06998767398177], [-6.966589286330589, 62.068938814184534], [-6.966786549002924, 62.06808190269166], [-6.968232172842869, 62.06732678292059], [-6.969202274087125, 62.066824978306414], [-6.969789556436852, 62.066504766874694], [-6.9702514256819885, 62.066168878267895], [-6.970867534280293, 62.06571644737753], [-6.971762026680624, 62.065044206222794], [-6.973990966326571, 62.06325824708315], [-6.97562636930394, 62.06187931759255], [-6.978514409998896, 62.059298441447], [-6.978937827838337, 62.0589527804957], [-6.979192794683138, 62.05878747643077], [-6.979425724013074, 62.058658431858404], [-6.979846561511305, 62.0584865559267], [-6.9802473147954585, 62.05832350614965], [-6.981700008059754, 62.05787027092507], [-6.982558831643258, 62.057558785496305], [-6.983691015901259, 62.05709599552419], [-6.984714980359744, 62.05664981572195], [-6.9850583250298195, 62.056472153683984], [-6.9853333151344, 62.05629800112099], [-6.985587581491995, 62.05614183252412], [-6.985704804735285, 62.05599725791014], [-6.985793508672402, 62.055843101941825], [-6.985907450221158, 62.05560700204809], [-6.986041310305041, 62.0549503607579], [-6.986724272071411, 62.05506154575917], [-6.98720570817061, 62.055133022361396], [-6.987455189840291, 62.05518261818751], [-6.987862427267325, 62.05520263226662], [-6.988066207171379, 62.05521034753618], [-6.9883069279853, 62.055246079225185], [-6.988519452167835, 62.0552676561321], [-6.98880908827272, 62.05529957428237], [-6.989082199199676, 62.05529006422879], [-6.98965954909457, 62.05538130374127], [-6.9901328934427465, 62.05542977851277], [-6.990497080173106, 62.05550857848264], [-6.990994759462985, 62.055626034296395], [-6.991505374917447, 62.055697946678094], [-6.991777508142199, 62.055702134123656], [-6.992041215445591, 62.05568790322182], [-6.99231657234529, 62.055646397921365], [-6.992520676476518, 62.05564954191178], [-6.992704686852548, 62.0556615235449], [-6.9929153139492115, 62.0557105091567], [-6.993093238057114, 62.05580930952238], [-6.993290276766459, 62.05591298343519], [-6.993506110970702, 62.05602608655972], [-6.993690783630939, 62.056028928758266], [-6.993865089240934, 62.05604075896604], [-6.994085748263178, 62.056085327942945], [-6.994227032294904, 62.05615153770996], [-6.994291859961782, 62.056198279707836], [-6.9945828105693915, 62.05621190923003], [-6.994815100599339, 62.056229202679404], [-6.995007241482116, 62.05626418181996], [-6.995198423005256, 62.05631286381817], [-6.995360763747518, 62.056356530993746], [-6.995746988222124, 62.05639906357231], [-6.995934558354467, 62.0564210029027], [-6.995877090508202, 62.05635073194405], [-6.9960916622137574, 62.056613102040224], [-6.9960150602624225, 62.05675679245706], [-6.99706424231129, 62.056807009864606], [-6.997394052525657, 62.05773427658897], [-6.997249171494483, 62.05930837894914], [-6.993657105421753, 62.059146950860004], [-6.991880182226898, 62.059211729243685], [-6.993396724877689, 62.059208076201976], [-6.9971190273472565, 62.05943423772505], [-6.997226212008094, 62.05962825986749], [-6.996507163423374, 62.06161219605805], [-6.996024738492021, 62.06207578428116], [-6.995121449627809, 62.06379015435847], [-6.995060690724535, 62.06534276265204], [-6.9951451922081915, 62.06559076871523], [-6.995299071048229, 62.06789087028772], [-6.995292335880922, 62.068925563662475], [-6.9955558617248315, 62.07037218376475], [-6.9953407277652575, 62.07185989266299], [-6.9956495610633045, 62.07314504181035], [-6.995960516644819, 62.074168807375685], [-6.995655845771423, 62.07493812831206], [-6.995808431783962, 62.07554485692281], [-6.9954630790134935, 62.07580997306457], [-6.993337463127511, 62.0761841981362], [-6.992007771348335, 62.07645297638943], [-6.991321992992183, 62.07662884531728], [-6.99215594561771, 62.076519403472474], [-6.994592894520896, 62.07610949287696], [-6.995238032016518, 62.07604155219973], [-6.995548550522604, 62.07614542893385], [-6.99519162025217, 62.07678651698037], [-6.9949366448879235, 62.07748366291595], [-6.995412944495414, 62.078305147573815], [-6.99598585195643, 62.07876768941903], [-6.996831807175978, 62.07950277719255], [-6.997744279381835, 62.08019061497561], [-6.997836222690548, 62.08050102649803], [-6.99915160909352, 62.08176419013338], [-6.998861586580581, 62.08176385538735], [-6.999540841180988, 62.08221804401879], [-6.999495509101871, 62.0826802460969], [-7.000156598809634, 62.08322770953934], [-7.000134978243919, 62.08355362348305], [-7.001193427804454, 62.08471223732462], [-7.001765128726859, 62.0856042862806], [-7.002037375538108, 62.085855356082156], [-7.002201149749311, 62.08637614554659], [-7.003226174257754, 62.08732033517897], [-7.003265665486127, 62.08764919554341], [-7.0038474316569435, 62.087832462176856], [-7.004280059661322, 62.088385942875604], [-7.004744836782908, 62.08851679783531], [-7.0053833133343755, 62.088861168765455], [-7.005616128778991, 62.088986738236805], [-7.0064221379664176, 62.0893750287601], [-7.006956630346284, 62.089526539949944], [-7.007130064842107, 62.08963559505455], [-7.00745802325635, 62.08992901878421], [-7.007840135071786, 62.09008578306322], [-7.008436597813833, 62.09010424325425], [-7.008618351679554, 62.090223829428545], [-7.0091766505861655, 62.0906936400557], [-7.009209032653239, 62.091029756421705], [-7.009618678287731, 62.09112900980315], [-7.011723355197507, 62.0928771934643], [-7.011751365631096, 62.093277700715326], [-7.01142303142495, 62.09342810592205], [-7.010903755206267, 62.09462939682972], [-7.010533760550047, 62.095764517006934], [-7.010489644351367, 62.0966991964319], [-7.010888773481982, 62.09763961770748], [-7.011255969699893, 62.09815171727837], [-7.0114641773040685, 62.098442079860284], [-7.013602304579602, 62.099488345508504], [-7.014296674368528, 62.099623716351296], [-7.015759799972084, 62.10000826435651], [-7.01628008975535, 62.10032811979845], [-7.017220261877397, 62.100492941110495], [-7.0185563567627565, 62.100928961962694], [-7.019375090300965, 62.10080880702057], [-7.0196366964618795, 62.100845225849625], [-7.020808326964117, 62.10105399883606], [-7.021803894934168, 62.10155459984291], [-7.02577210991957, 62.10312062776595], [-7.026600736989078, 62.10393443976319], [-7.026971817514963, 62.104023303722244], [-7.02941886371196, 62.105262766444845], [-7.030754850855188, 62.10569148068149], [-7.031520658684709, 62.106022845865844], [-7.032128424595718, 62.10610545496478], [-7.033414706768532, 62.10645955617852], [-7.035065274682954, 62.106762979010504], [-7.036458673440741, 62.10726615088831], [-7.038073674892058, 62.10762002099057], [-7.03983474705197, 62.108433938844215], [-7.039664401065137, 62.108686470029774], [-7.040109725375719, 62.108727873393136], [-7.041112027602531, 62.10978669238385], [-7.041860575408853, 62.11066578929569], [-7.041661961437322, 62.11096155052091], [-7.041126201676333, 62.110946163033994], [-7.04010379448081, 62.1108254107188], [-7.040101505439151, 62.11092924049253], [-7.041814325648807, 62.11124970738225], [-7.0426329410686925, 62.11156254336779], [-7.04286879133272, 62.11198581328583], [-7.042781842312389, 62.11222300926882], [-7.042607591871454, 62.112253581228956], [-7.042895811756999, 62.11235774646156], [-7.042914572399383, 62.112572288691226], [-7.042803217106103, 62.11263795148914], [-7.042165297602797, 62.11256286492534], [-7.04213710987941, 62.11275645593552], [-7.042623486356086, 62.11285471543414], [-7.042338171243468, 62.114719211224596], [-7.042133473559529, 62.11504361310653], [-7.042563177695096, 62.11566513866758], [-7.043816854495642, 62.11626284410694], [-7.045228104304729, 62.11665835918926], [-7.045687223864106, 62.116960983380075], [-7.044811009614215, 62.117454102156884], [-7.044772579196794, 62.1177444984426], [-7.045063494753949, 62.11804896911368], [-7.04534526775822, 62.11802790041229], [-7.045378293172617, 62.11763374552731], [-7.045760287233439, 62.11719280826307], [-7.046871687152255, 62.11622803720106], [-7.0475859581310445, 62.11541457500887], [-7.048058547002418, 62.11539125368152], [-7.047934642482297, 62.11521374140922], [-7.048408068542668, 62.114914752900134], [-7.051494911649152, 62.11461458387763], [-7.052491625329607, 62.11467833449774], [-7.052771412730926, 62.114914946978374], [-7.0531805726892, 62.11484942330209], [-7.054465084356996, 62.11501011447237], [-7.055720083820097, 62.11489542048113], [-7.057261392042666, 62.11470591560452], [-7.058171525608615, 62.11472415515892], [-7.058446183861915, 62.11442387285878], [-7.059105443534447, 62.1143160563295], [-7.0616523923363035, 62.11436195972606], [-7.063982837391084, 62.11450326478186], [-7.067353437254603, 62.11495106206448], [-7.069524548289944, 62.115115633062615], [-7.069746954166169, 62.11527411993435], [-7.070431183998889, 62.11535214659612], [-7.071232605418666, 62.115622018471804], [-7.071658679953558, 62.11587831181139], [-7.072578679510919, 62.11622199912661], [-7.073691871911419, 62.116463249839406], [-7.0744589279381795, 62.11637203021469], [-7.074479110585672, 62.11646486057234], [-7.073834895602476, 62.116565329137345], [-7.073755562775503, 62.11665578822147], [-7.074128170389518, 62.11661922800028], [-7.0745745915949945, 62.11668207753817], [-7.074715066366742, 62.11702406757173], [-7.074928115924188, 62.11700719032346], [-7.074789117142594, 62.11669026604076], [-7.0751132676313055, 62.11660778707907], [-7.075322975600877, 62.116383411378365], [-7.075547961623235, 62.1163020669039], [-7.07566594366262, 62.115788892664405], [-7.076046481818771, 62.11546949223074], [-7.075898890715981, 62.11499158728662], [-7.0769050546641346, 62.11436785753438], [-7.077651401141327, 62.1136002989323], [-7.077996255143247, 62.11347465394135], [-7.0804903550020155, 62.112672438568055], [-7.081854436348744, 62.11245965056368], [-7.084560314101246, 62.1123349836798], [-7.085814914300823, 62.11235969141513], [-7.086349223882399, 62.11249301815299], [-7.086693019643874, 62.112922094854284], [-7.0869203627680815, 62.11345988502107], [-7.087356179731547, 62.11346554546224], [-7.086703792322202, 62.11241012548515], [-7.086905737336121, 62.112325482713686], [-7.088353912663637, 62.11211522946809], [-7.090236248867729, 62.11187836404491], [-7.092041593419802, 62.11191806003821], [-7.093617752040135, 62.11181723526314], [-7.095543828536161, 62.11196994739431], [-7.0971012723302405, 62.11194440882965], [-7.099066688778656, 62.11169222862748], [-7.101100634650201, 62.11157866169459], [-7.10355107133157, 62.11165390054892], [-7.104131351799244, 62.11167171122659], [-7.10690640753903, 62.11183929574708], [-7.109494289745692, 62.11195048167028], [-7.112234252772242, 62.11223799882531], [-7.11311229973354, 62.11225039577791], [-7.116811848250794, 62.1127604135687], [-7.117766933841391, 62.112832112930704], [-7.117705679247533, 62.11300425812526], [-7.117897154018901, 62.11284285921948], [-7.120416914652363, 62.11316244344034], [-7.12137443146605, 62.11319482452364], [-7.121412640751835, 62.113345519893706], [-7.121872324820796, 62.11323784254159], [-7.124346207277674, 62.1132990167238], [-7.124637248571376, 62.1133744110069], [-7.124491543039608, 62.11391255396937], [-7.124614219717563, 62.11390900882274], [-7.124874729435583, 62.11334575998321], [-7.125786241749465, 62.11324176292405], [-7.127356427661338, 62.11332072195646], [-7.130856688514846, 62.11388406395558], [-7.133047397971036, 62.11442230860821], [-7.133239012621206, 62.114425878828165], [-7.136103761727475, 62.115358695826345], [-7.13894580745693, 62.11612992915871], [-7.143312575553359, 62.11743203783141], [-7.144262653169226, 62.1178804849639], [-7.1441706491478705, 62.118006089074875], [-7.144783623869686, 62.11795218352496], [-7.146208785201581, 62.118691171905795], [-7.147411647891871, 62.11902826055078], [-7.147856076819011, 62.11931525469352], [-7.148591749654277, 62.11956628494868], [-7.148415499160382, 62.11965602701807], [-7.148875161699864, 62.11962725217091], [-7.151878838394274, 62.12043771137107], [-7.156224308428693, 62.12229914734569], [-7.158930307293851, 62.12402439385664], [-7.16221997032492, 62.126675155676445], [-7.163033449925522, 62.12789837531129], [-7.164436801634933, 62.1288703475807], [-7.165587582390208, 62.130082757572985], [-7.1664618311347414, 62.13053820639382], [-7.167673957865144, 62.13168965147592], [-7.167612780767353, 62.13174700899624], [-7.167919327553882, 62.1318115622345], [-7.169339224311855, 62.13338618705348], [-7.1702521362872975, 62.134071284960896], [-7.1704900994400065, 62.134440748625465], [-7.170313866508281, 62.134440755972115], [-7.170643615735171, 62.13462364715531], [-7.170658864481113, 62.13520452416215], [-7.170897709118373, 62.13545452420216], [-7.170728305120126, 62.13560847574106], [-7.170405685175042, 62.135733565549366], [-7.170573950968348, 62.13580544260439], [-7.170442384206716, 62.136006121102916], [-7.167609097247727, 62.13701344271355], [-7.164162180716786, 62.13812388891716], [-7.163454365752055, 62.13858549910122], [-7.163131333861799, 62.138760744822875], [-7.162766737482415, 62.1394738378055], [-7.1627373104229415, 62.14049575920312], [-7.162223669056938, 62.14172498779633], [-7.161750506534117, 62.14262083297711], [-7.160593766165213, 62.14375230288358], [-7.1602208823977955, 62.14450836642415], [-7.160484287105564, 62.14525824147741], [-7.161645131339093, 62.14708505593707], [-7.161360415634193, 62.1472531767654], [-7.1604315656519475, 62.14749569355062], [-7.160130787853551, 62.14778935688136], [-7.159948458178923, 62.14871777991906], [-7.16018792889965, 62.14960027593074], [-7.159841265600005, 62.14986873494231], [-7.1596458351848025, 62.14991561105153], [-7.158682039198632, 62.15014678182086], [-7.158612346155457, 62.15026138139744], [-7.158036970416709, 62.15034305385123], [-7.158037667643987, 62.15024620876412], [-7.158298529858434, 62.150200034705556], [-7.158275996635542, 62.1501318745534], [-7.157808594897765, 62.15011318875543], [-7.154795852011383, 62.15018057765975], [-7.1514673682577055, 62.15047330713314], [-7.148631721306133, 62.1504296420516], [-7.1472805541170175, 62.15075386383377], [-7.146959662893435, 62.15085139480707], [-7.1464117047056135, 62.1511192592838], [-7.146306671316243, 62.15114882367734], [-7.146278362761331, 62.15117878532229], [-7.1462868910240225, 62.15123078264003], [-7.1463640598424085, 62.15123962362462], [-7.146647844885452, 62.15120813971114], [-7.148185214668072, 62.15115650869236], [-7.148349449798388, 62.15117016461024], [-7.148758707483326, 62.151208033410335], [-7.1491081737226345, 62.15121074150563], [-7.14931400809018, 62.15127536263349], [-7.149361283308863, 62.15132700609558], [-7.149344125644492, 62.1514384607279], [-7.149456942993089, 62.151549935431035], [-7.149402708628926, 62.15175400683658], [-7.1499566093532465, 62.15176611017804], [-7.150170185439074, 62.15188481691589], [-7.1512372154355885, 62.15190686486276], [-7.15133808752178, 62.15193675436481], [-7.151268070436089, 62.15199031624726], [-7.151275901521341, 62.152046657358134], [-7.151214633994789, 62.15208415153739], [-7.1502336333630385, 62.15207033340029], [-7.149896004987595, 62.152086995568695], [-7.149892855542626, 62.15215848597074], [-7.150226473598347, 62.15216198501093], [-7.150222163207598, 62.1522210546292], [-7.149995282535954, 62.152219203981815], [-7.149956573012745, 62.1526152889782], [-7.149931885769796, 62.15330603862572], [-7.150004816545442, 62.153338545406676], [-7.150207813012946, 62.15333855136943], [-7.150368094035442, 62.15331182131895], [-7.150936448182749, 62.15325188957922], [-7.151430191497703, 62.15319484775875], [-7.151725343558254, 62.15314296697745], [-7.151936652217863, 62.153137533840365], [-7.152142544822164, 62.15315329312936], [-7.152598865805569, 62.15313124991001], [-7.152464904200617, 62.15318462479293], [-7.151675007243276, 62.15338626368453], [-7.151014166579787, 62.1535469095641], [-7.150483967912162, 62.1537001299122], [-7.150309731918127, 62.15378105260977], [-7.150169977257534, 62.15387835007445], [-7.150019530755469, 62.153953342218976], [-7.149916375633724, 62.154032573589085], [-7.150075688106441, 62.154201218718946], [-7.15018198515246, 62.15427663746653], [-7.150385463755124, 62.154498661085604], [-7.150619945086111, 62.15445258886108], [-7.15061834325131, 62.15439984054388], [-7.150800845126714, 62.1543023496298], [-7.151315905376969, 62.15424122076051], [-7.151533036827172, 62.154255622647604], [-7.1516642486289586, 62.15424686915963], [-7.1522241932394826, 62.15417149728945], [-7.153462515461583, 62.15407929653381], [-7.153843919504635, 62.1540622387272], [-7.153994679471867, 62.154070582848505], [-7.1540484141632605, 62.15398942511941], [-7.152911275367173, 62.153051464739846], [-7.152890652026682, 62.15298140812095], [-7.153301261396749, 62.15286384713117], [-7.153418931278492, 62.15285994745272], [-7.153490616755821, 62.152901609585044], [-7.153104080229455, 62.1530357119453], [-7.154181913604464, 62.1539272547408], [-7.154638082935449, 62.153941314371956], [-7.154736622004519, 62.153978809054045], [-7.155181147630153, 62.154004812025946], [-7.155492616502631, 62.154019143079545], [-7.1563725882576135, 62.15414547149651], [-7.15680806225673, 62.154206823228485], [-7.157391085024673, 62.15413952883212], [-7.159706226311737, 62.15411775810155], [-7.160749381361229, 62.15404748872048], [-7.161064794709301, 62.15386155365596], [-7.162475305496268, 62.153856283219255], [-7.164000614463217, 62.1538692141644], [-7.164791192748707, 62.153723311560256], [-7.165297235154861, 62.153713221571245], [-7.165550692723254, 62.153631120369624], [-7.16564344722352, 62.15350928259748], [-7.16510000625342, 62.15337947745952], [-7.164504306504149, 62.15301290240019], [-7.165434659866528, 62.1525731679346], [-7.1671584191891355, 62.15270816427635], [-7.167166431705629, 62.15299805097826], [-7.167195639908035, 62.15329283158702], [-7.168781206093217, 62.153295645385754], [-7.169571425519771, 62.15314549244441], [-7.169893570836167, 62.15285640003331], [-7.170639191317349, 62.15079655395414]]], [[[-6.800308582741599, 62.06535361389988], [-6.801396514772661, 62.06522610393126], [-6.8026521592546505, 62.06527228161363], [-6.801235812629555, 62.065375663762374], [-6.800308582741599, 62.06535361389988]]], [[[-6.823876368156165, 62.060967622056815], [-6.823465452845507, 62.06082886035718], [-6.823383188465983, 62.06076184696543], [-6.8234165620333, 62.06072962440053], [-6.823538198199843, 62.06079624182732], [-6.823883632337481, 62.06094389024595], [-6.823876368156165, 62.060967622056815]]], [[[-6.825780158567389, 62.06046063120306], [-6.825951288520852, 62.0604239314921], [-6.826247723689693, 62.06047734456558], [-6.826204130703, 62.06051539527596], [-6.825883307359796, 62.06049454876844], [-6.825780158567389, 62.06046063120306]]], [[[-6.875153377882902, 62.06111895582294], [-6.875438394983438, 62.06112416499957], [-6.875439104620956, 62.06113400480906], [-6.875153377882902, 62.06111895582294]]], [[[-6.875494530219765, 62.061125190897826], [-6.875842416712392, 62.06113154817997], [-6.87549238504629, 62.061137334575754], [-6.875494530219765, 62.061125190897826]]], [[[-6.876140245310109, 62.06111340053512], [-6.8765384697332665, 62.061117112014934], [-6.876538815357997, 62.061117509178494], [-6.876140245310109, 62.06111340053512]]], [[[-6.756132111627475, 62.02277631964822], [-6.757141910608735, 62.02270749761628], [-6.757040153978247, 62.02271443431162], [-6.756132111627475, 62.02277631964822]]], [[[-6.763524825436651, 62.00453257727887], [-6.763785033275444, 62.004510369103265], [-6.763768650564912, 62.004526129291854], [-6.763524825436651, 62.00453257727887]]], [[[-6.770033149365637, 62.00539152545732], [-6.7701250786199605, 62.00530448595292], [-6.770148103391177, 62.00530348061161], [-6.770033149365637, 62.00539152545732]]], [[[-6.777180692363868, 61.999683454387316], [-6.776969688238624, 61.999642047668495], [-6.77718069144724, 61.999683452894196], [-6.777180692363868, 61.999683454387316]]], [[[-6.8556958149919245, 61.98012092581448], [-6.855792844485342, 61.9801257250069], [-6.8557847142752975, 61.98017425530073], [-6.8556958149919245, 61.98012092581448]]], [[[-6.856167638537128, 61.97999744285418], [-6.855980951605693, 61.979852043015626], [-6.855705929516693, 61.979852703678056], [-6.855667091431356, 61.979791678725995], [-6.855921458962074, 61.979784134912045], [-6.856169832158111, 61.979992828856716], [-6.856167638537128, 61.97999744285418]]]]}, "properties": {"disaggregations": [{"Series": "Partur av f\u00f3lkinum, i\u00f0 livir av minni enn f\u00e1t\u00e6kamarkinum \u00ed landinum", "region": "Streymoyar \u00f8ki, nor\u00f0ur", "sex": "", "age": "", "Units": "%"}, {"Series": "Partur av f\u00f3lkinum, i\u00f0 livir av minni enn f\u00e1t\u00e6kamarkinum \u00ed landinum", "region": "Streymoyar \u00f8ki, nor\u00f0ur", "sex": "", "age": "Aldur 0 - 17", "Units": "%"}, {"Series": "Partur av f\u00f3lkinum, i\u00f0 livir av minni enn f\u00e1t\u00e6kamarkinum \u00ed landinum", "region": "Streymoyar \u00f8ki, nor\u00f0ur", "sex": "", "age": "Aldur 18 - 24", "Units": "%"}, {"Series": "Partur av f\u00f3lkinum, i\u00f0 livir av minni enn f\u00e1t\u00e6kamarkinum \u00ed landinum", "region": "Streymoyar \u00f8ki, nor\u00f0ur", "sex": "", "age": "Aldur 25 - 54", "Units": "%"}, {"Series": "Partur av f\u00f3lkinum, i\u00f0 livir av minni enn f\u00e1t\u00e6kamarkinum \u00ed landinum", "region": "Streymoyar \u00f8ki, nor\u00f0ur", "sex": "", "age": "Aldur 55 - 66", "Units": "%"}, {"Series": "Partur av f\u00f3lkinum, i\u00f0 livir av minni enn f\u00e1t\u00e6kamarkinum \u00ed landinum", "region": "Streymoyar \u00f8ki, nor\u00f0ur", "sex": "", "age": "Aldur 67 + ", "Units": "%"}, {"Series": "Partur av f\u00f3lkinum, i\u00f0 livir av minni enn f\u00e1t\u00e6kamarkinum \u00ed landinum", "region": "Streymoyar \u00f8ki, nor\u00f0ur", "sex": "Kvinnur", "age": "", "Units": "%"}, {"Series": "Partur av f\u00f3lkinum, i\u00f0 livir av minni enn f\u00e1t\u00e6kamarkinum \u00ed landinum", "region": "Streymoyar \u00f8ki, nor\u00f0ur", "sex": "Kvinnur", "age": "Aldur 0 - 17", "Units": "%"}, {"Series": "Partur av f\u00f3lkinum, i\u00f0 livir av minni enn f\u00e1t\u00e6kamarkinum \u00ed landinum", "region": "Streymoyar \u00f8ki, nor\u00f0ur", "sex": "Kvinnur", "age": "Aldur 18 - 24", "Units": "%"}, {"Series": "Partur av f\u00f3lkinum, i\u00f0 livir av minni enn f\u00e1t\u00e6kamarkinum \u00ed landinum", "region": "Streymoyar \u00f8ki, nor\u00f0ur", "sex": "Kvinnur", "age": "Aldur 25 - 54", "Units": "%"}, {"Series": "Partur av f\u00f3lkinum, i\u00f0 livir av minni enn f\u00e1t\u00e6kamarkinum \u00ed landinum", "region": "Streymoyar \u00f8ki, nor\u00f0ur", "sex": "Kvinnur", "age": "Aldur 55 - 66", "Units": "%"}, {"Series": "Partur av f\u00f3lkinum, i\u00f0 livir av minni enn f\u00e1t\u00e6kamarkinum \u00ed landinum", "region": "Streymoyar \u00f8ki, nor\u00f0ur", "sex": "Kvinnur", "age": "Aldur 67 + ", "Units": "%"}, {"Series": "Partur av f\u00f3lkinum, i\u00f0 livir av minni enn f\u00e1t\u00e6kamarkinum \u00ed landinum", "region": "Streymoyar \u00f8ki, nor\u00f0ur", "sex": "Menn", "age": "", "Units": "%"}, {"Series": "Partur av f\u00f3lkinum, i\u00f0 livir av minni enn f\u00e1t\u00e6kamarkinum \u00ed landinum", "region": "Streymoyar \u00f8ki, nor\u00f0ur", "sex": "Menn", "age": "Aldur 0 - 17", "Units": "%"}, {"Series": "Partur av f\u00f3lkinum, i\u00f0 livir av minni enn f\u00e1t\u00e6kamarkinum \u00ed landinum", "region": "Streymoyar \u00f8ki, nor\u00f0ur", "sex": "Menn", "age": "Aldur 18 - 24", "Units": "%"}, {"Series": "Partur av f\u00f3lkinum, i\u00f0 livir av minni enn f\u00e1t\u00e6kamarkinum \u00ed landinum", "region": "Streymoyar \u00f8ki, nor\u00f0ur", "sex": "Menn", "age": "Aldur 25 - 54", "Units": "%"}, {"Series": "Partur av f\u00f3lkinum, i\u00f0 livir av minni enn f\u00e1t\u00e6kamarkinum \u00ed landinum", "region": "Streymoyar \u00f8ki, nor\u00f0ur", "sex": "Menn", "age": "Aldur 55 - 66", "Units": "%"}, {"Series": "Partur av f\u00f3lkinum, i\u00f0 livir av minni enn f\u00e1t\u00e6kamarkinum \u00ed landinum", "region": "Streymoyar \u00f8ki, nor\u00f0ur", "sex": "Menn", "age": "Aldur 67 + ", "Units": "%"}], "values": [{"2009": 4.2, "2010": 3.3, "2011": 4.4, "2012": 5.1, "2013": 4.3, "2014": 3.8, "2015": 3.0, "2016": 3.2, "2017": 3.4, "2018": 2.4, "2019": 2.1, "2020": 1.8, "2021": 2.3, "2022": 2.4, "2023": 1.8, "2024": 2.5}, {"2009": 6.6, "2010": 3.8, "2011": 6.6, "2012": 8.2, "2013": 7.0, "2014": 6.3, "2015": 4.3, "2016": 4.2, "2017": 4.9, "2018": 3.0, "2019": 2.7, "2020": 2.3, "2021": 3.6, "2022": 4.0, "2023": 2.5, "2024": 3.2}, {"2009": 3.4, "2010": 2.7, "2011": 6.1, "2012": 6.2, "2013": 4.8, "2014": 3.0, "2015": 1.8, "2016": 3.5, "2017": 3.5, "2018": 1.0, "2019": 0.3, "2020": 2.3, "2021": 1.0, "2022": 1.3, "2023": 1.6, "2024": 1.3}, {"2009": 2.8, "2010": 2.6, "2011": 3.8, "2012": 4.5, "2013": 3.8, "2014": 3.3, "2015": 3.2, "2016": 3.1, "2017": 2.6, "2018": 2.1, "2019": 2.4, "2020": 1.5, "2021": 2.5, "2022": 2.5, "2023": 1.8, "2024": 2.8}, {"2009": 3.8, "2010": 4.2, "2011": 2.0, "2012": 2.9, "2013": 3.2, "2014": 3.1, "2015": 2.3, "2016": 3.7, "2017": 3.2, "2018": 2.9, "2019": 2.4, "2020": 2.4, "2021": 2.3, "2022": 2.0, "2023": 1.8, "2024": 1.9}, {"2009": 4.4, "2010": 4.2, "2011": 3.2, "2012": 2.7, "2013": 1.6, "2014": 1.9, "2015": 1.9, "2016": 1.4, "2017": 2.7, "2018": 2.2, "2019": 0.9, "2020": 1.1, "2021": 0.6, "2022": 0.9, "2023": 0.7, "2024": 1.7}, {"2009": 4.8, "2010": 3.4, "2011": 4.7, "2012": 5.2, "2013": 4.7, "2014": 4.2, "2015": 3.1, "2016": 3.4, "2017": 3.5, "2018": 2.6, "2019": 2.1, "2020": 2.1, "2021": 2.5, "2022": 2.4, "2023": 2.2, "2024": 2.5}, {"2009": 7.9, "2010": 3.8, "2011": 6.0, "2012": 7.7, "2013": 7.5, "2014": 6.8, "2015": 5.1, "2016": 4.7, "2017": 4.8, "2018": 3.0, "2019": 2.2, "2020": 3.2, "2021": 3.8, "2022": 3.5, "2023": 3.7, "2024": 3.1}, {"2009": 6.1, "2010": 4.7, "2011": 9.2, "2012": 7.0, "2013": 6.0, "2014": 5.0, "2015": 2.8, "2016": 3.6, "2017": 4.3, "2018": 0.7, "2019": 0.7, "2020": 3.5, "2021": 1.4, "2022": 1.3, "2023": 2.0, "2024": 2.0}, {"2009": 3.3, "2010": 2.8, "2011": 4.6, "2012": 5.7, "2013": 5.1, "2014": 4.5, "2015": 3.8, "2016": 4.1, "2017": 3.3, "2018": 2.8, "2019": 2.7, "2020": 1.5, "2021": 2.5, "2022": 2.8, "2023": 2.0, "2024": 3.0}, {"2009": 2.5, "2010": 2.6, "2011": 0.8, "2012": 1.2, "2013": 1.2, "2014": 1.6, "2015": 0.8, "2016": 1.6, "2017": 1.9, "2018": 2.3, "2019": 1.9, "2020": 1.8, "2021": 2.2, "2022": 1.9, "2023": 1.8, "2024": 1.9}, {"2009": 4.1, "2010": 4.0, "2011": 3.5, "2012": 2.5, "2013": 1.7, "2014": 1.7, "2015": 1.0, "2016": 1.3, "2017": 3.0, "2018": 2.5, "2019": 1.6, "2020": 1.2, "2021": 0.9, "2022": 0.9, "2023": 0.9, "2024": 1.4}, {"2009": 3.7, "2010": 3.3, "2011": 4.2, "2012": 5.0, "2013": 3.8, "2014": 3.4, "2015": 2.9, "2016": 3.0, "2017": 3.2, "2018": 2.2, "2019": 2.0, "2020": 1.6, "2021": 2.2, "2022": 2.5, "2023": 1.4, "2024": 2.4}, {"2009": 5.5, "2010": 3.8, "2011": 7.2, "2012": 8.7, "2013": 6.5, "2014": 5.8, "2015": 3.5, "2016": 3.7, "2017": 5.0, "2018": 3.0, "2019": 3.2, "2020": 1.4, "2021": 3.5, "2022": 4.4, "2023": 1.4, "2024": 3.2}, {"2009": 1.1, "2010": 1.1, "2011": 3.7, "2012": 5.6, "2013": 3.9, "2014": 1.6, "2015": 1.0, "2016": 3.5, "2017": 2.8, "2018": 1.1, "2019": 0.0, "2020": 1.2, "2021": 0.6, "2022": 1.2, "2023": 1.2, "2024": 0.7}, {"2009": 2.3, "2010": 2.4, "2011": 3.0, "2012": 3.5, "2013": 2.5, "2014": 2.3, "2015": 2.8, "2016": 2.2, "2017": 2.1, "2018": 1.6, "2019": 2.1, "2020": 1.6, "2021": 2.5, "2022": 2.3, "2023": 1.7, "2024": 2.6}, {"2009": 5.0, "2010": 5.5, "2011": 3.0, "2012": 4.4, "2013": 4.9, "2014": 4.5, "2015": 3.5, "2016": 5.5, "2017": 4.3, "2018": 3.5, "2019": 2.8, "2020": 2.9, "2021": 2.4, "2022": 2.1, "2023": 1.8, "2024": 1.8}, {"2009": 4.8, "2010": 4.3, "2011": 2.9, "2012": 2.9, "2013": 1.4, "2014": 2.1, "2015": 2.8, "2016": 1.4, "2017": 2.4, "2018": 2.0, "2019": 0.3, "2020": 0.9, "2021": 0.3, "2022": 0.9, "2023": 0.6, "2024": 1.9}], "observation_attributes": [{}, {}, {}, {}, {}, {}, {}, {}, {}, {}, {}, {}, {}, {}, {}, {}, {}, {}], "name": "Nordstreymoyar", "geocode": "4300"}}, {"type": "Feature", "geometry": {"type": "MultiPolygon", "coordinates": [[[[-7.008801077295321, 61.99752773443697], [-7.0094447678744105, 61.99772978067697], [-7.00947839777848, 61.99827643531511], [-7.00876933665201, 61.99878777539377], [-7.008776061689399, 61.998950897415824], [-7.009772350872358, 61.999348417315325], [-7.009933675721934, 61.9995300178574], [-7.009532919128916, 61.99956499297583], [-7.007852176445501, 61.99930436647685], [-7.007242626609797, 61.9993526583839], [-7.008121658317276, 61.99995218809114], [-7.006625764405731, 61.999775727910716], [-7.006752546245876, 61.99995683332262], [-7.005869392576638, 61.99995224087865], [-7.004979343425378, 61.999784517841896], [-7.002435504208743, 61.99968585814302], [-7.001888246839755, 61.999607821953845], [-7.000879626870898, 61.999551287659614], [-7.000953584863288, 61.99944247861132], [-7.00029195713161, 61.99952185442532], [-6.99929905078671, 61.999397578955254], [-6.998679034155534, 61.999351959633664], [-6.998305620389765, 61.9992784953879], [-6.998201965686902, 61.99916181412951], [-6.997800935598699, 61.99917170496708], [-6.996328988409282, 61.99865767624425], [-6.996321948214149, 61.998660796812764], [-6.994015576842801, 61.9984629089812], [-6.991366671534493, 61.99831493611355], [-6.990722875784544, 61.99812646580109], [-6.989856788213899, 61.99775646592332], [-6.987710314574457, 61.99699146439501], [-6.985536981990943, 61.99649310873493], [-6.984310940905879, 61.99629933568567], [-6.98166815592216, 61.995747734520265], [-6.980104283987549, 61.99535174938854], [-6.979789703273535, 61.99497647116384], [-6.97909714521792, 61.99471639959099], [-6.978889837116402, 61.9945202611029], [-6.978135788783412, 61.99407354349569], [-6.977302013194731, 61.99373553433975], [-6.975530783083939, 61.99277591180633], [-6.973677967593968, 61.992054760270534], [-6.97106933455845, 61.99120737735262], [-6.968912077107303, 61.99034854615545], [-6.968464303990335, 61.9898952395924], [-6.968356921311667, 61.98933796109955], [-6.968273689406533, 61.9893639363354], [-6.967908577721638, 61.989054046202604], [-6.96811652360197, 61.98890081455382], [-6.967913349887389, 61.98880185345018], [-6.967775741935038, 61.98881032934151], [-6.967196906552796, 61.98870044483633], [-6.967292532398727, 61.988605886534536], [-6.966946152133136, 61.9885622681458], [-6.966443321397014, 61.98825716630796], [-6.966483940979173, 61.98757611575268], [-6.966709790183915, 61.98730025042897], [-6.966484989610995, 61.987233914960356], [-6.96635293275329, 61.98664089946192], [-6.966401990271988, 61.98634869217575], [-6.966310605787235, 61.9863567707827], [-6.966205033370597, 61.9863973176243], [-6.966163640908773, 61.986505781908285], [-6.96623253668691, 61.98650868319767], [-6.966152382084418, 61.98660310981944], [-6.965990872266039, 61.98658663336586], [-6.966119680525407, 61.98636930636213], [-6.965902384480659, 61.98629931000884], [-6.965615430179455, 61.98603177159817], [-6.965627728070013, 61.98595609443539], [-6.965276787397453, 61.98562073002446], [-6.9649072445975735, 61.98557012095685], [-6.964895117141017, 61.98546580471824], [-6.965059959844835, 61.985377835379964], [-6.965026244242959, 61.98530246675282], [-6.964772465311831, 61.98527600888339], [-6.9646913097613785, 61.98516510788101], [-6.964699689399874, 61.98499941986414], [-6.963840520623755, 61.98459307946661], [-6.9628368516931936, 61.9843934121346], [-6.962317334179973, 61.98441985029256], [-6.96219351646245, 61.984384983911184], [-6.961944885999036, 61.9844844594244], [-6.961774569277678, 61.9846228867694], [-6.961359302115787, 61.984579941032116], [-6.9613359419269765, 61.98419832688073], [-6.960805223513514, 61.98395832491718], [-6.960956263486756, 61.98372283765472], [-6.9605576722208, 61.98297370646076], [-6.960721049326101, 61.98285340207569], [-6.960394144872687, 61.98253947607694], [-6.959954869395145, 61.98246789179117], [-6.960095339385416, 61.98234769810149], [-6.9592315338188, 61.98200984541495], [-6.9594115077593255, 61.981918156720944], [-6.96007551559216, 61.982056178757595], [-6.960173025161377, 61.98200483433037], [-6.958381326938643, 61.98162873783301], [-6.957543358879659, 61.980988090128534], [-6.95682438664332, 61.980263555837624], [-6.955573448922347, 61.97926297530031], [-6.9548501217231395, 61.978243097873694], [-6.955001923003025, 61.978212941183855], [-6.95542317942416, 61.97840717576871], [-6.955499037618066, 61.97838846065057], [-6.954875189804457, 61.97792593896594], [-6.954742137286304, 61.97730048444526], [-6.955038526809978, 61.977060067325716], [-6.955513835213825, 61.977264619690516], [-6.955603510224412, 61.977213341937166], [-6.953917109703253, 61.97659491718537], [-6.954101851059807, 61.97643471894031], [-6.953471933700731, 61.97582460091392], [-6.953553690590919, 61.975766204567705], [-6.953063951058271, 61.97539615638084], [-6.952967228530828, 61.975094515405], [-6.953224010088802, 61.97500936198593], [-6.95299849167004, 61.97492135641612], [-6.953255714990492, 61.974479626598175], [-6.953026506572777, 61.974301612512605], [-6.954338273399784, 61.97472336263892], [-6.954472905596527, 61.97501748533674], [-6.954805104207913, 61.97509369481447], [-6.954711030947371, 61.97522776821165], [-6.954782240850717, 61.97528116298244], [-6.954653263879548, 61.97549479699376], [-6.9548546160890865, 61.97555066118644], [-6.95510643067033, 61.97553392820726], [-6.955382002209465, 61.97590590963637], [-6.955488257253839, 61.97588333627615], [-6.955410390849307, 61.97566438963162], [-6.955569820684656, 61.97563407632203], [-6.955572486890834, 61.97551166407564], [-6.955740391254374, 61.975502932253384], [-6.955997501908879, 61.97561222914246], [-6.956514506467319, 61.97608285824458], [-6.95676820182603, 61.97610933134215], [-6.957653659872719, 61.9766054357339], [-6.957628087337054, 61.97672813695228], [-6.95976458695873, 61.977670168110464], [-6.960156870433045, 61.977904267590695], [-6.961208094814227, 61.9783340332254], [-6.964019504904892, 61.97985684385427], [-6.966090966920464, 61.980698610324076], [-6.967059587390301, 61.98116508419301], [-6.967739616418476, 61.981684573060996], [-6.9707260026189815, 61.98352985732971], [-6.972205997159896, 61.98431568902683], [-6.97287577512944, 61.984586776457064], [-6.972888304881601, 61.98470555100528], [-6.974429927031874, 61.98531792358147], [-6.9752002604923415, 61.98542601177454], [-6.977209882406074, 61.986059227183524], [-6.977317260121455, 61.985881794855025], [-6.9792195374828045, 61.98650873721659], [-6.979146014501447, 61.98658145316425], [-6.978843897060603, 61.98649784603738], [-6.978738956616191, 61.98654927401779], [-6.978772426002531, 61.98661736354898], [-6.980327572079218, 61.987002650089906], [-6.981355124159942, 61.98721636171498], [-6.981800067748894, 61.98741750107894], [-6.9839543500792, 61.98784400952365], [-6.985490353774999, 61.98831585595611], [-6.987524979583329, 61.9888045668716], [-6.989954952013364, 61.98886460051971], [-6.9908193166884525, 61.98902217744101], [-6.991300373324756, 61.98916895999998], [-6.991837133615756, 61.989365567552255], [-6.993863387735808, 61.98947611951502], [-6.9956752201109715, 61.989765224438145], [-6.99637017862603, 61.99007920044786], [-6.998429640149224, 61.990423484233325], [-6.999878076950033, 61.99080959852795], [-7.000745332756432, 61.99085179669851], [-7.001688007357336, 61.99104814308282], [-7.001712321754944, 61.99125685581873], [-7.001559522000767, 61.992158734373504], [-7.001885343819273, 61.99261662278631], [-7.002891281277291, 61.99321219377878], [-7.003101558283446, 61.993473062546336], [-7.003077998976666, 61.99381547008478], [-7.004476671320585, 61.99410475659977], [-7.004844831726916, 61.99429572982059], [-7.00598615683445, 61.99465587835209], [-7.0069155300724875, 61.99507561547035], [-7.008530140564477, 61.99539517992663], [-7.0084393644946745, 61.99560133140462], [-7.008016590962239, 61.995918674104956], [-7.007938115198319, 61.996412900196916], [-7.0089300447233684, 61.99703371614892], [-7.008864944831416, 61.99712434348408], [-7.0085619849552865, 61.99720291941081], [-7.008801077295321, 61.99752773443697]]], [[[-6.690119593997024, 62.02174591709358], [-6.690376474870129, 62.02232758268753], [-6.690156655810055, 62.022640848850074], [-6.689926813660879, 62.02263754177639], [-6.68817015696187, 62.0221186233907], [-6.688261565995919, 62.022032163916094], [-6.686414437998751, 62.02172907895975], [-6.684758493816547, 62.02135743609617], [-6.685447106570372, 62.021306043298175], [-6.683792589697755, 62.021182581086094], [-6.6824977321792005, 62.02101889730875], [-6.681906190605793, 62.02069606021542], [-6.681262664669144, 62.02060704852173], [-6.681201185992365, 62.020571178765294], [-6.681499395216727, 62.020509566220234], [-6.681345832316067, 62.020455808797806], [-6.680549465618382, 62.02040660550944], [-6.679106143275655, 62.01977916166051], [-6.677140453031164, 62.01881070223978], [-6.676581346970077, 62.018775523724294], [-6.676648102484541, 62.01843375254566], [-6.676838234231921, 62.01823565126277], [-6.67675940339724, 62.01787607617324], [-6.676175478233797, 62.01753511382377], [-6.670725034970664, 62.01619727150035], [-6.669974327550216, 62.016104779944165], [-6.669973747409567, 62.01601489345445], [-6.670379519640552, 62.01604311220652], [-6.670539032249935, 62.01582349214366], [-6.669244913877622, 62.01573888340699], [-6.669014388873759, 62.01559528182247], [-6.669266804611566, 62.01556255235622], [-6.669204975249228, 62.01546911745634], [-6.668300990903407, 62.015330032222636], [-6.66829875692908, 62.01495962308346], [-6.666537392086974, 62.0147820652087], [-6.666450945404179, 62.01441885136173], [-6.666114771022596, 62.0145200135866], [-6.666260746817222, 62.01460975509507], [-6.66623838414088, 62.01469970279483], [-6.665571846024885, 62.01458903604483], [-6.665639261485571, 62.014362386318254], [-6.666274152999831, 62.01428243838133], [-6.666327216170426, 62.01420324552811], [-6.666059022183902, 62.0141352308626], [-6.6663263911489095, 62.01405930282694], [-6.666580667312984, 62.013066246926876], [-6.666234790727734, 62.012807737457365], [-6.664923946011337, 62.012456942997915], [-6.664529492271605, 62.01173807583944], [-6.666900422281682, 62.01147954781205], [-6.6677176214812555, 62.01119077881562], [-6.669958280560549, 62.00963392252763], [-6.670019893778023, 62.00930091035615], [-6.670038194080024, 62.009301659311944], [-6.669921526124023, 62.00902759880362], [-6.670609057393609, 62.00883961021329], [-6.670232228531536, 62.00851639015039], [-6.670099573346446, 62.00811010882286], [-6.668966014523054, 62.007920996987195], [-6.668405310614751, 62.00758721263443], [-6.666093230849516, 62.00737806742663], [-6.665610042377404, 62.00720244043614], [-6.665540335765148, 62.00705508746481], [-6.666235317277075, 62.006841926964164], [-6.666629577495834, 62.006222778048425], [-6.666035668359447, 62.005417756718316], [-6.666037809681612, 62.0031840654181], [-6.66549045855901, 62.00249780828842], [-6.661518526412627, 62.002294241652564], [-6.661142531695699, 62.00209688969382], [-6.659498791194698, 62.00097674623744], [-6.658194716478431, 62.000348907194805], [-6.65818989531527, 62.00028983482542], [-6.657990618982573, 62.00019657426867], [-6.657484988000127, 62.00003175833746], [-6.657552248475545, 61.99970804840993], [-6.657758174199789, 61.999625169252525], [-6.657260717674132, 61.99954300605865], [-6.656983583413086, 61.99916576966239], [-6.656385475406944, 61.99884287832594], [-6.655788525070586, 61.99872121841849], [-6.6560402261732605, 61.99861667279875], [-6.655870036190013, 61.99823218236855], [-6.654321185769233, 61.997345773903085], [-6.652614693558964, 61.997099545991716], [-6.651593690673518, 61.99627362478869], [-6.651554215779233, 61.99600762884217], [-6.650106479027007, 61.99546983183888], [-6.647490847021253, 61.99531794649479], [-6.645213209176283, 61.995507231684634], [-6.64347626001615, 61.9952249011404], [-6.643123173841517, 61.99494124181497], [-6.64197536789794, 61.99474464957713], [-6.64159119176068, 61.994342292588556], [-6.64130516206823, 61.99360912549929], [-6.641480616957262, 61.99351542369922], [-6.641733293096961, 61.991904357009666], [-6.640591813229455, 61.98967270790645], [-6.638869426940562, 61.987416374446624], [-6.638399575074149, 61.98658622107472], [-6.633432771767244, 61.986986462985804], [-6.631964855390955, 61.98695910598314], [-6.631658466024852, 61.98677237969086], [-6.631203301475507, 61.98578765371857], [-6.631152791609616, 61.984673039716974], [-6.631364413472317, 61.984108309320284], [-6.631246936881729, 61.983396506665315], [-6.631405952870555, 61.98302248278702], [-6.63120427562425, 61.98234308385457], [-6.631509414697807, 61.982213373130996], [-6.631567925608261, 61.97973592395733], [-6.63184896333358, 61.9793114694486], [-6.630563139486948, 61.97696831810582], [-6.630663486318735, 61.975353833489436], [-6.629865766238268, 61.97464263370696], [-6.629573289494946, 61.97408198649252], [-6.62763471701972, 61.9727533270404], [-6.626839180418585, 61.972531139154476], [-6.624763559687335, 61.97121336405069], [-6.623432581028526, 61.97081904697756], [-6.620271874085291, 61.969376349838775], [-6.619000941536914, 61.968676211580934], [-6.617619743961211, 61.967023455590166], [-6.616822573259282, 61.96626539914712], [-6.616605309197148, 61.96533428732014], [-6.613468177286375, 61.96598044066966], [-6.613048127647346, 61.96600234649863], [-6.612863211472387, 61.96554947235856], [-6.614133687778732, 61.96411382006411], [-6.614481074201714, 61.96299530015769], [-6.614883217889619, 61.96230108939419], [-6.614399283679179, 61.96150327310688], [-6.6145814612238745, 61.96118309228603], [-6.613975475319465, 61.960446462775984], [-6.61410468093045, 61.96029893005252], [-6.612470259165753, 61.960300244576175], [-6.61231712396544, 61.96017807928407], [-6.612828523854082, 61.96006985512134], [-6.612398988286642, 61.95958481528462], [-6.612616956752214, 61.958585003879364], [-6.612372653162695, 61.95859962569164], [-6.613347738194043, 61.957919299573256], [-6.613566392788217, 61.95710294114211], [-6.616477220224226, 61.95540350473805], [-6.618949130355006, 61.95479025023071], [-6.621410975638617, 61.953572850596316], [-6.621340229855606, 61.95305874734424], [-6.622560123694542, 61.95257949972228], [-6.622564676025434, 61.951781254319435], [-6.623090803163128, 61.95163338245756], [-6.62302946692772, 61.95156156925597], [-6.621999009581353, 61.95160914775973], [-6.620677003196522, 61.95131909903576], [-6.62127840617024, 61.9508583586331], [-6.623264001300531, 61.95100766126376], [-6.622528809849487, 61.95042938339556], [-6.622908820988742, 61.949983221359936], [-6.623563756442345, 61.94952959148956], [-6.624662811782371, 61.949442331293035], [-6.625268173604231, 61.950020693394514], [-6.625315952296038, 61.95050970552419], [-6.625683048676172, 61.950692741623016], [-6.625783240879846, 61.95089757386059], [-6.626402471090719, 61.95110919760027], [-6.626814231207705, 61.95099732199756], [-6.62856284494964, 61.95104611925481], [-6.62921895653975, 61.95089094515799], [-6.6297231314295235, 61.95095161166295], [-6.6311182053271205, 61.9504577080157], [-6.631231838891984, 61.950216781443686], [-6.6377447015909095, 61.9485782064137], [-6.637486151974884, 61.948455338819805], [-6.637309698228046, 61.94823977995772], [-6.638324590961527, 61.948112987257765], [-6.638636654261937, 61.94791846768246], [-6.639632223793088, 61.94861146968025], [-6.639422103639633, 61.94945305466711], [-6.639995589299189, 61.949643090740985], [-6.639950439327673, 61.94978328614128], [-6.639118880151784, 61.94993514326895], [-6.639226227691499, 61.9500213854354], [-6.639669308453969, 61.95008563716936], [-6.640048152050023, 61.9511639438734], [-6.640285295371996, 61.95126075954633], [-6.640083495186998, 61.95223896742795], [-6.639870723552359, 61.95250522790171], [-6.6399939461856325, 61.95273163289434], [-6.639798598535288, 61.953450909155045], [-6.639243275922233, 61.95390811645264], [-6.63915104421843, 61.95550828587692], [-6.638939667894899, 61.956069347322554], [-6.639624990669086, 61.957377469068], [-6.639497513837075, 61.957891752092976], [-6.640376673154958, 61.959821747194056], [-6.641562635432363, 61.960302314328224], [-6.6419384097940215, 61.960639978597804], [-6.641973962955488, 61.96177255733432], [-6.645980697954747, 61.966061598413255], [-6.648270586425901, 61.96731410348335], [-6.651384560124266, 61.96833908372024], [-6.651766140104805, 61.96823442855078], [-6.652477239619525, 61.9683919118062], [-6.652530509067935, 61.968334277231655], [-6.653976368195504, 61.96874624686832], [-6.654889421862348, 61.96955066776168], [-6.654730641104274, 61.96988161886121], [-6.653882823509913, 61.96991127391131], [-6.655604785468946, 61.97053506633396], [-6.655717430102783, 61.97168914477436], [-6.657905187016949, 61.97373615751253], [-6.659787255643197, 61.974226673795144], [-6.661254985781903, 61.974358075091615], [-6.663430203705482, 61.975362341119215], [-6.663873590671781, 61.975390597653195], [-6.663927586368678, 61.97548040265913], [-6.663278321988405, 61.97552425753251], [-6.663209687756769, 61.97557831343936], [-6.664356758154372, 61.97572435612379], [-6.666762807510168, 61.97700157042468], [-6.6676879170639936, 61.97709399482053], [-6.667825910860174, 61.97715855236447], [-6.667978444361216, 61.97711525157959], [-6.668374934956266, 61.97697093625004], [-6.6687419566446975, 61.97701000619779], [-6.669777730412019, 61.97776745786652], [-6.671179631064919, 61.97841660773776], [-6.672599478990618, 61.97950429685745], [-6.672776338284627, 61.9797126260776], [-6.673579845783958, 61.97990944390608], [-6.6737040116249995, 61.98025084500815], [-6.674830925424039, 61.98085715416345], [-6.6762373833568445, 61.98227921173253], [-6.6763314886118845, 61.98269256114131], [-6.675981310216398, 61.982937523727315], [-6.675179655049178, 61.98308589436047], [-6.6753672971957565, 61.9865877900141], [-6.675301698134553, 61.987163116741044], [-6.673380259690074, 61.99356556956607], [-6.673526930719553, 61.99382788739395], [-6.6737803514420575, 61.99541681266377], [-6.672948661260417, 61.997100566022105], [-6.672883723877586, 61.9978089674063], [-6.673105443362022, 61.997808667371125], [-6.672770598715691, 61.99810030322522], [-6.672707236863659, 61.99911077456956], [-6.672927580637943, 62.00023224993414], [-6.673174228020375, 62.000350978563674], [-6.673290050038239, 62.00051993582557], [-6.673519715319883, 62.00054841083631], [-6.67353606671125, 62.000724579196536], [-6.673398429471824, 62.0007464106578], [-6.6740804841397345, 62.00216981095044], [-6.674185400266459, 62.004284713668994], [-6.673060706100064, 62.00431136118408], [-6.672969722565105, 62.004437413852905], [-6.673368289787952, 62.00455556117541], [-6.673111764220023, 62.005131437998045], [-6.6723550421308575, 62.00527633972144], [-6.671760914748435, 62.00572310647429], [-6.671662314304874, 62.00585122966877], [-6.6716375577206115, 62.005935301428146], [-6.671659055583082, 62.00606648380381], [-6.671811683080614, 62.00621137161044], [-6.673701879100311, 62.00660186198326], [-6.674213444513261, 62.006896726306366], [-6.674306279845567, 62.00709698931523], [-6.6743143140172485, 62.00715943677805], [-6.674337732676922, 62.007197990891974], [-6.674163793035331, 62.00715773467489], [-6.673429754679499, 62.006683648709796], [-6.673333080151925, 62.00677907817596], [-6.672989394388592, 62.00670728902888], [-6.673041741684737, 62.0066395746757], [-6.672421305862501, 62.00651750476022], [-6.672337635172644, 62.00663021245241], [-6.6724091255447675, 62.00664452734323], [-6.672479281099885, 62.0066575626626], [-6.672516964971042, 62.006635572032884], [-6.672426416432492, 62.0072061667684], [-6.672396070886956, 62.007205834448264], [-6.672398873577707, 62.00718038224563], [-6.672262555905566, 62.00720079873301], [-6.672202135791496, 62.007314167966285], [-6.672158458472011, 62.0073458441868], [-6.671536072120053, 62.00737422050474], [-6.671475398033745, 62.00741584541161], [-6.671228016916918, 62.00738608122446], [-6.671172000963597, 62.00743173524846], [-6.671209101711124, 62.00744116054078], [-6.671180556219946, 62.00748727819711], [-6.671111570806744, 62.00747515986168], [-6.671103218474767, 62.007506983049694], [-6.671156352713125, 62.00751156111277], [-6.6711709385257505, 62.00754817100759], [-6.671120287984931, 62.00755108718926], [-6.671121199379435, 62.00757166378662], [-6.671184820173944, 62.007573994580255], [-6.67122329929775, 62.00766290458732], [-6.671156648298592, 62.00767273369861], [-6.671165789178164, 62.007695604076055], [-6.671231458980296, 62.00768611754762], [-6.671245785321827, 62.007716123710296], [-6.671351949239703, 62.00774166404624], [-6.671236287035589, 62.007810464178476], [-6.671512378157464, 62.008007087973866], [-6.671701021618294, 62.007980641497866], [-6.6717391308951095, 62.008009387839664], [-6.671714698502745, 62.00804417205947], [-6.671816210631063, 62.00807811838348], [-6.6719772637719075, 62.00815033075526], [-6.672071514002068, 62.00814680300721], [-6.672113112269929, 62.008157381355325], [-6.672109328472292, 62.008181919133314], [-6.672094467108212, 62.00820393556724], [-6.672097847419653, 62.0082197053036], [-6.672292614166739, 62.00820063404774], [-6.672406463917426, 62.00818558482463], [-6.672435416972176, 62.00825170742718], [-6.672360917549247, 62.00833179767025], [-6.67250687072117, 62.00843419241501], [-6.672526612287801, 62.00850087790908], [-6.672587881116266, 62.00839892578284], [-6.672654701166706, 62.00822425010632], [-6.672614277634871, 62.008375936631964], [-6.672664126135405, 62.00837103104253], [-6.672734058543617, 62.00839079641118], [-6.672866156044816, 62.00848954516086], [-6.672972474796828, 62.00848307777413], [-6.672849899602007, 62.00852734062886], [-6.6729343492841515, 62.0085546234546], [-6.673001669787757, 62.008543547737276], [-6.672974306724121, 62.00856418620108], [-6.673040287388759, 62.008585680497994], [-6.673106618104517, 62.00858006503563], [-6.673082511945512, 62.0086005788676], [-6.673146776645353, 62.00861953014251], [-6.67325610713395, 62.00861365203775], [-6.673233931808806, 62.00858634206431], [-6.673344698667499, 62.00860419183732], [-6.673297723600273, 62.00863401708273], [-6.6733314679955305, 62.00868244244807], [-6.673454276615434, 62.00863261631983], [-6.6733563717287065, 62.00872156048249], [-6.673497593448894, 62.00876587201597], [-6.673589889210548, 62.00859773099769], [-6.673603689070709, 62.00858961348086], [-6.6736604880967345, 62.008603769729696], [-6.67372550690531, 62.00867292427432], [-6.674084801019626, 62.00863107619083], [-6.674314920149014, 62.00863231561929], [-6.6743758234363915, 62.00857000029992], [-6.674647630495559, 62.008466372151524], [-6.6740313673784915, 62.00785951695968], [-6.6741743729235194, 62.00782497810624], [-6.674731767795591, 62.00839389126471], [-6.675164767974236, 62.00838535177106], [-6.675426742474766, 62.00833698052725], [-6.675660294858488, 62.00821950982306], [-6.675803921860883, 62.008103163343506], [-6.676096726008579, 62.00809225950807], [-6.6762659781216795, 62.00800801501186], [-6.676529620586447, 62.00811897511285], [-6.6766949346274345, 62.00811837368538], [-6.676774665214638, 62.00825498870568], [-6.677027887689527, 62.00828144713503], [-6.67713704821409, 62.00843621838388], [-6.677487980047789, 62.008494255588886], [-6.67809479419977, 62.00876585445496], [-6.678447792150829, 62.0089699168647], [-6.678703209713945, 62.00915153326868], [-6.678803181169031, 62.00937822007159], [-6.679164288682257, 62.009603381996456], [-6.680141412777772, 62.01164144447216], [-6.680418436172587, 62.01307981081991], [-6.6805902328368285, 62.013593942012555], [-6.681507457759831, 62.014621425571335], [-6.682805839992826, 62.01537849040368], [-6.68414866885673, 62.01589090192225], [-6.685454348045312, 62.01655091351166], [-6.688409809487347, 62.01957175553301], [-6.690119593997024, 62.02174591709358]]], [[[-6.9174895966001015, 61.955596723942655], [-6.918443115096326, 61.95612267760926], [-6.9202763336341695, 61.95676478973902], [-6.920325366784893, 61.95701636353819], [-6.918873077000157, 61.95752734287768], [-6.91824826910725, 61.957644218124344], [-6.918102453872669, 61.95757629882449], [-6.9177599081183185, 61.957667092627815], [-6.917453265978935, 61.957578068476344], [-6.918034652078103, 61.95826322698754], [-6.918780671440849, 61.95868190107474], [-6.920368830532997, 61.959245524204064], [-6.922572716909064, 61.960188647969005], [-6.924941237470605, 61.96145839326723], [-6.9267239602983555, 61.962294733927], [-6.92770366683799, 61.962442967225456], [-6.928130472559887, 61.96236984423973], [-6.928744282615733, 61.96258744064874], [-6.928900468398634, 61.962266956008676], [-6.929487821284686, 61.96219696007966], [-6.92923307660254, 61.96198548163927], [-6.929147212000278, 61.96184557807998], [-6.928476425036708, 61.96135483792411], [-6.9287422416809825, 61.961242664552145], [-6.930918417144597, 61.96237259299095], [-6.931067071542729, 61.96265267950224], [-6.9315733609383905, 61.96281657887738], [-6.932031220603441, 61.96336901487552], [-6.932886216898918, 61.963909451851556], [-6.9329384239336616, 61.96439475155623], [-6.933649098624752, 61.965011122568555], [-6.933346106574111, 61.96637116104054], [-6.933002585016629, 61.96756594357777], [-6.932759030844114, 61.96881079325889], [-6.932383892208804, 61.968750762301845], [-6.932699624650032, 61.968933163452604], [-6.93259508562564, 61.96912766426129], [-6.931058443372792, 61.969628264623935], [-6.930814803259749, 61.96969373403333], [-6.930546044436687, 61.96958663703572], [-6.928635080901858, 61.96951654478278], [-6.9282669297168535, 61.96940974493454], [-6.927969137921127, 61.96942142795675], [-6.927742379481856, 61.96960906070106], [-6.926102885641338, 61.969847442962994], [-6.925681658846278, 61.96976946339544], [-6.925855338911684, 61.96961084052021], [-6.925237278456276, 61.96967012652009], [-6.925568518037558, 61.96988491751383], [-6.92476014167019, 61.970002204706816], [-6.924143464549663, 61.96957249969837], [-6.922858976962272, 61.96949344701109], [-6.922097794017254, 61.96970766923986], [-6.922281747015643, 61.969768347637284], [-6.922016379880767, 61.969920107699586], [-6.921542452269332, 61.969896263453265], [-6.92152755161857, 61.969935809343], [-6.922262166557795, 61.9700308255598], [-6.92220213235528, 61.97010290809037], [-6.921049426916299, 61.970178084825065], [-6.920352913119553, 61.97008659963371], [-6.915109149732215, 61.96987819167885], [-6.914618366740713, 61.969721379770014], [-6.914467464640884, 61.969883565968864], [-6.914078166271329, 61.96990263252105], [-6.912650861075293, 61.96939596432585], [-6.912530475851104, 61.9695580720545], [-6.9121109987340335, 61.96961680581206], [-6.911174198430136, 61.969223846187944], [-6.911028530944141, 61.96918105964749], [-6.911898202530861, 61.96969644536374], [-6.911753787955905, 61.96975799838088], [-6.910254666881143, 61.96899974119243], [-6.90995764547203, 61.96907253456593], [-6.909558984785154, 61.96896935070952], [-6.909572355506262, 61.96880750756511], [-6.907727891355828, 61.968539188445675], [-6.907759953742916, 61.968661411748116], [-6.9049698705816684, 61.96791383482463], [-6.9047334322654175, 61.967943188379415], [-6.9042337343547056, 61.96767847095754], [-6.904577383173591, 61.96767391069107], [-6.9042769737308625, 61.967462587809], [-6.902856305569636, 61.967488019856006], [-6.902684957770084, 61.96722236730821], [-6.902365810256917, 61.967356214744704], [-6.900848177064206, 61.96693602552308], [-6.9008460627034625, 61.96676703383046], [-6.89919182979614, 61.966411807958565], [-6.898743902516727, 61.966013911870355], [-6.897815633109535, 61.96567835434935], [-6.897673914952805, 61.96531555937041], [-6.8962390263700994, 61.964776367932004], [-6.896114200614428, 61.96456456409129], [-6.894880249880646, 61.96356822896972], [-6.894392749129835, 61.963673719992386], [-6.8943305205260765, 61.963580478463804], [-6.8945656810061156, 61.96345039391603], [-6.894109392741418, 61.962973349590605], [-6.893766561872537, 61.96304971701488], [-6.892951757987079, 61.9619479962712], [-6.892639829743717, 61.96206029522681], [-6.892584790326017, 61.96192380042124], [-6.892821180492782, 61.961883604468824], [-6.892182854845884, 61.961522095007595], [-6.891658158379556, 61.96040164015908], [-6.890648408657273, 61.95962038681301], [-6.890381441416926, 61.95965346714335], [-6.890211624926393, 61.95949205116935], [-6.890386474141675, 61.959423265892845], [-6.889211768495773, 61.95889417289395], [-6.885475078310527, 61.957699375850204], [-6.883646850646043, 61.958037348343225], [-6.883031614121803, 61.95796688878769], [-6.88207191244977, 61.957525086805376], [-6.88189696454464, 61.95737859394476], [-6.882068213130068, 61.957311503848274], [-6.882596385106743, 61.9573762721953], [-6.883234374530782, 61.95771290151595], [-6.883602643609706, 61.95774034759335], [-6.884851603429712, 61.957480637187324], [-6.884829092284586, 61.95727112345529], [-6.884169157204126, 61.95677728843498], [-6.8829466891459, 61.956388106033174], [-6.882687101698915, 61.9566670499033], [-6.8825747332428415, 61.956656923149694], [-6.882589034651257, 61.95647412062325], [-6.882129076867597, 61.95656727700002], [-6.881564857978183, 61.95616205352672], [-6.880959849186879, 61.95741211777908], [-6.880611422623731, 61.95749826942805], [-6.880418595158337, 61.9573427841686], [-6.881159781847639, 61.95599776169576], [-6.880627650939565, 61.95566393625552], [-6.880764749569936, 61.95542201532117], [-6.881527264268788, 61.95580231848373], [-6.881824131053576, 61.95568240836722], [-6.881521962314939, 61.9555322718039], [-6.881430737981192, 61.95556481665136], [-6.881353726521529, 61.95552609077377], [-6.881403208092593, 61.95550740451668], [-6.881363902365485, 61.95542901111191], [-6.881190829266313, 61.95549279400954], [-6.881151593063194, 61.95546301968862], [-6.8812027592035045, 61.95542005037136], [-6.881059861095256, 61.95534654595952], [-6.8811251165753475, 61.95529893157547], [-6.880327741061404, 61.95498523266013], [-6.879985213995313, 61.954911896461], [-6.8797950872650295, 61.95482469898945], [-6.878953363117937, 61.95401926039738], [-6.878677293458522, 61.953912124127555], [-6.878256969808871, 61.9532083470766], [-6.87680183928158, 61.95145375308755], [-6.875432142543848, 61.950504240185666], [-6.8738080718292895, 61.94864214265106], [-6.872479083277237, 61.9472179399885], [-6.872327275406482, 61.94729020038685], [-6.871768806980154, 61.94649331973082], [-6.8701552066974605, 61.94553719529127], [-6.870465251500293, 61.94528118433381], [-6.869701209166892, 61.94451711571666], [-6.869620094934102, 61.94408950405709], [-6.868665705459892, 61.94336907880565], [-6.866896326272656, 61.94139932650834], [-6.866885330827478, 61.94110091234005], [-6.864323627616796, 61.939960069980955], [-6.8622450974066815, 61.93828944428566], [-6.862441401132607, 61.93809839070428], [-6.861568959337585, 61.93787036161986], [-6.861374257225763, 61.937518367622886], [-6.861755124160327, 61.937434773958294], [-6.861234658970774, 61.93729938354489], [-6.861101809653371, 61.93700850161373], [-6.862765039203449, 61.936972114475786], [-6.862703160558625, 61.93688963487587], [-6.8612606133558325, 61.93688222599828], [-6.860678931606578, 61.935999102777394], [-6.860968226113281, 61.93522530610428], [-6.861677985866071, 61.93522008231396], [-6.861118505432661, 61.93500561820986], [-6.861792538093535, 61.93451144268202], [-6.862850253071515, 61.93352728384998], [-6.864688460919381, 61.93274259492987], [-6.867253723735774, 61.93217195905172], [-6.867092001601333, 61.93202131880831], [-6.868851743181273, 61.931768914499564], [-6.870808231474197, 61.93203387156957], [-6.8751074667002445, 61.93369889269404], [-6.877063370075538, 61.93460018534562], [-6.876637614675954, 61.934741393790055], [-6.876157004422735, 61.93475337211259], [-6.876127014265315, 61.93480381359334], [-6.8767690385316955, 61.93489568432146], [-6.877241734046703, 61.934855032387084], [-6.87935138048918, 61.93515176218221], [-6.880400405010173, 61.93546912201613], [-6.880135620412828, 61.935660401710244], [-6.879258794010369, 61.935730929635795], [-6.879267072572143, 61.935795607469345], [-6.879938906912158, 61.93582624473872], [-6.881433379274143, 61.93569671805309], [-6.884831233147478, 61.93720183561537], [-6.8871981445067965, 61.937950922014906], [-6.887145284448991, 61.93799060050029], [-6.886754934225493, 61.93789815391807], [-6.886603073741139, 61.93796683700009], [-6.888075233559527, 61.938552780130614], [-6.888053707784857, 61.93868226816718], [-6.887573975621414, 61.93876621246521], [-6.887858965567596, 61.93899915803488], [-6.887664496214615, 61.9393340971353], [-6.888008933642167, 61.939426644552775], [-6.88886317946472, 61.939366935567314], [-6.889269551937709, 61.939531263753366], [-6.889103322867209, 61.93967550148423], [-6.890303563242745, 61.9398378099601], [-6.891149491426599, 61.94039302360244], [-6.891122548244594, 61.940695070699334], [-6.890512253445431, 61.940718221716295], [-6.887605359138013, 61.940164798626505], [-6.887529863272858, 61.94023689880971], [-6.890422791097764, 61.94091265549263], [-6.890507983156976, 61.94102025701562], [-6.8900749843618945, 61.94118321225013], [-6.888829903082647, 61.94110370808947], [-6.889389877157571, 61.94135397319872], [-6.890619120507555, 61.941375951565746], [-6.891246660669541, 61.94151457332751], [-6.892262192952876, 61.941551488695005], [-6.8928987916338205, 61.94181592951019], [-6.893186048146293, 61.94222153913667], [-6.893027240819586, 61.94235494222852], [-6.8932201209956885, 61.94252344247488], [-6.892911886973464, 61.942930534354225], [-6.892613220154618, 61.94284507472426], [-6.892715246818978, 61.9430928949499], [-6.89220770377978, 61.943410659410176], [-6.892342809403123, 61.94386691025588], [-6.8930081434879265, 61.9446274493328], [-6.893960591618762, 61.9451248397972], [-6.895521650330147, 61.945437157450506], [-6.896008631021759, 61.945310022475475], [-6.896055134336447, 61.94537097332086], [-6.8957299121228175, 61.94562357473176], [-6.897294432908604, 61.94623793421613], [-6.8979119033473, 61.94615354342572], [-6.8983396281285145, 61.94618125868365], [-6.898463355034062, 61.94631395170626], [-6.898089526777143, 61.94632566352837], [-6.897998577489069, 61.946387029495654], [-6.90051802933597, 61.94704204729524], [-6.90048127651843, 61.9471608004097], [-6.901223355277748, 61.947288192252635], [-6.9014132047619565, 61.947204989287606], [-6.902178897508138, 61.9473827413601], [-6.903992201996105, 61.948341602529425], [-6.903810821121984, 61.94849307840115], [-6.904203189610661, 61.94937293512488], [-6.906191969704072, 61.95030247374343], [-6.9068803847177085, 61.950404867893916], [-6.907626474835232, 61.950230276543], [-6.908261897595473, 61.95036884662475], [-6.908302213169905, 61.95054847304469], [-6.908091681346805, 61.95082232585932], [-6.9075802435517755, 61.950827305877404], [-6.907413271744541, 61.950910416069476], [-6.907873312704145, 61.95106023857191], [-6.907846568667492, 61.951383925292525], [-6.908342236708082, 61.95194348805908], [-6.909500919018773, 61.95241498673087], [-6.9107743690184975, 61.95352257497015], [-6.911768518726489, 61.95363846767158], [-6.913103687487255, 61.95477111751501], [-6.913338618992673, 61.95463381745951], [-6.914222118398911, 61.95505567838891], [-6.914808692013703, 61.95569214678661], [-6.9151021784748865, 61.955829942016834], [-6.915308334076109, 61.95582929116889], [-6.915214196597655, 61.95562461364313], [-6.915412093314017, 61.955577333687124], [-6.916057737024557, 61.95590634529903], [-6.916995592527742, 61.9570112169955], [-6.917239812297069, 61.95700332813104], [-6.917277024871241, 61.95691339653638], [-6.917816545416223, 61.956710488413975], [-6.918435772996842, 61.956759167594086], [-6.918487730082643, 61.95664028133582], [-6.917740969964796, 61.95616054590327], [-6.917923527785998, 61.95610611776398], [-6.91746943052426, 61.95581978167273], [-6.9174895966001015, 61.955596723942655]]], [[[-6.77718069144724, 61.999683452894196], [-6.776969688238624, 61.999642047668495], [-6.776509574167678, 61.99948110546119], [-6.776004943019455, 61.99948554054092], [-6.774869723691462, 61.999066806976714], [-6.774907313952945, 61.998991278166876], [-6.773878378458502, 61.998453672878426], [-6.7730814287524295, 61.99823574768046], [-6.772458023836596, 61.99802588140006], [-6.7722864118861965, 61.99791622450966], [-6.772013585903315, 61.99783343852672], [-6.771833329427916, 61.99784240523716], [-6.771695811923576, 61.99771904983415], [-6.771496379671194, 61.99762434910373], [-6.771225979679901, 61.99755859644186], [-6.770593212739344, 61.99747768582272], [-6.770419595237248, 61.99734387852344], [-6.770557384162068, 61.99729259533218], [-6.7708207318503515, 61.99734245169146], [-6.771210489415629, 61.99735146107296], [-6.771322991295476, 61.99722603943731], [-6.771293281880661, 61.99707917855797], [-6.7712285771093255, 61.99705429595011], [-6.770934846877425, 61.996592782777874], [-6.770929999376003, 61.99651541991662], [-6.770873120294704, 61.99645271263444], [-6.770764918599926, 61.99644982379974], [-6.770397768923147, 61.99651696358279], [-6.770260955813834, 61.99655938287751], [-6.77025934295284, 61.996583795532814], [-6.770059577838911, 61.996640576730954], [-6.769972822965449, 61.996573112442285], [-6.77016975057615, 61.996515181183334], [-6.7704089123098505, 61.99644340554827], [-6.7707627717195935, 61.996345444206725], [-6.770249709391866, 61.99614228824476], [-6.770036028705471, 61.996087810702], [-6.7695326563539595, 61.996338945316836], [-6.769494280019789, 61.99632299893196], [-6.769916597262748, 61.99609490298644], [-6.769915375151373, 61.99605704000314], [-6.7693668259173005, 61.99591736650811], [-6.769094436038756, 61.99597018855792], [-6.769499498625308, 61.995875931623715], [-6.769160303663365, 61.995748611682274], [-6.769119389991443, 61.995764236490864], [-6.768733195202476, 61.995617803791056], [-6.768558990429842, 61.99582372066975], [-6.76875314598734, 61.99605056308282], [-6.768960211391616, 61.99600620204935], [-6.768969567395815, 61.99601455050084], [-6.768874153353967, 61.996037329249404], [-6.768991794526567, 61.99661409916615], [-6.769627142688223, 61.99709624232888], [-6.769700847869606, 61.99712414426182], [-6.769662043496732, 61.9971359696549], [-6.769780856134482, 61.99730555900306], [-6.769812119975967, 61.99741644276555], [-6.769743697158374, 61.99758132596724], [-6.7696424854035655, 61.9976125678257], [-6.769564880091807, 61.997607955187135], [-6.7694671045616, 61.997549129041175], [-6.769403322729629, 61.99742391084861], [-6.769454971565088, 61.997354733802034], [-6.7685786266571855, 61.99672424981274], [-6.76793321184377, 61.99567085085448], [-6.767669452711485, 61.99552460959372], [-6.767615122928108, 61.99536666501136], [-6.76748735065955, 61.99531427400408], [-6.767617474233269, 61.99500401813409], [-6.766282640717338, 61.9941610241384], [-6.766328021901452, 61.99406535065786], [-6.765866516629923, 61.99372118275694], [-6.764543335576413, 61.99263384498346], [-6.764587063131565, 61.99234976341744], [-6.76442053533427, 61.99154817882114], [-6.764451812906341, 61.990642061210515], [-6.762539345861296, 61.98944791219005], [-6.760483466799983, 61.988498397594185], [-6.757932641376258, 61.9878492081639], [-6.755160809162322, 61.987297018915314], [-6.753665886968296, 61.98676755465791], [-6.751781620037211, 61.98629268871028], [-6.748977241125505, 61.9854528026833], [-6.746633448613197, 61.98486001713751], [-6.7458968696541985, 61.98449099824396], [-6.744812967390202, 61.983716218867286], [-6.742521392455679, 61.98291833969669], [-6.742201003989702, 61.982987254898866], [-6.737372827753383, 61.98229434244627], [-6.735442156440575, 61.981664772210486], [-6.73528826703059, 61.981531967670975], [-6.735822302016027, 61.98140525480281], [-6.7357609927236854, 61.98138018578162], [-6.735004779916144, 61.981435371698716], [-6.7335828093112, 61.98036628650019], [-6.733664833269965, 61.979071689439095], [-6.736083528060403, 61.97755753701463], [-6.736549059654117, 61.97746327667459], [-6.737659027156795, 61.97671716575405], [-6.738199945615392, 61.975515304368066], [-6.738653737246249, 61.97490683127088], [-6.739262946065647, 61.974628976906054], [-6.740465766945058, 61.973059254160766], [-6.740854586785679, 61.97296147837479], [-6.741265993658443, 61.971821051613674], [-6.740914443158072, 61.971789252446754], [-6.740859555037967, 61.97161318423577], [-6.741470073798333, 61.97151500055493], [-6.741335195180058, 61.96988285220045], [-6.740792408651755, 61.9688626283949], [-6.740145260886823, 61.96816265596324], [-6.739914734483015, 61.96698369181085], [-6.73943029870169, 61.965578615300984], [-6.740099612689042, 61.965217977562624], [-6.740277060283595, 61.96445179723058], [-6.739805703414993, 61.96373351486115], [-6.741266269243461, 61.96296871252947], [-6.74102832033368, 61.9628181043976], [-6.741692001637791, 61.96173828732794], [-6.741166938360979, 61.960998478551275], [-6.741416954517625, 61.96073564929835], [-6.741330573099735, 61.96041576905016], [-6.7424000848823695, 61.96045709141982], [-6.743120295183018, 61.96073985926731], [-6.7443137759598155, 61.96101106884817], [-6.74450438657577, 61.960971182926485], [-6.743192755165387, 61.960247144472774], [-6.741451415104717, 61.96024653186362], [-6.7414716446153005, 61.95990855707572], [-6.741873358797549, 61.958519987272695], [-6.740883204957203, 61.95689643820661], [-6.739708196091682, 61.95603552663608], [-6.739285587244301, 61.954691524730954], [-6.738787176641681, 61.953426723023014], [-6.738326244669231, 61.953075101885965], [-6.737697298831431, 61.95169188058352], [-6.73634273702817, 61.950263151572614], [-6.736079401082303, 61.94976734300226], [-6.735043429789322, 61.94906794731277], [-6.734397875607758, 61.94850811683991], [-6.73450430489622, 61.94743290185876], [-6.734156478526925, 61.94686898859074], [-6.734748304062215, 61.94637898414871], [-6.734493267152892, 61.94598027518407], [-6.734636342574452, 61.94569603657127], [-6.734618438296792, 61.94536165359281], [-6.735834276940505, 61.94462252196657], [-6.735992439717713, 61.9443453539107], [-6.7366763835022585, 61.94393074954349], [-6.738117075611529, 61.942673468023706], [-6.73874152833009, 61.942474616697744], [-6.739006944725077, 61.94226205618332], [-6.73954770418872, 61.942099356941625], [-6.740060981921155, 61.94134694982428], [-6.741134123866234, 61.940945985450455], [-6.741428898857704, 61.940585937843544], [-6.741672833639214, 61.94054235351235], [-6.742400498438086, 61.939698597984574], [-6.742557890925349, 61.93951608865273], [-6.742915377656282, 61.93936446818141], [-6.742730769599949, 61.93917783276473], [-6.742829520198085, 61.9391129216629], [-6.743894721714407, 61.938694030094474], [-6.7451444752261045, 61.93845448962201], [-6.747457546799607, 61.93852602348248], [-6.7497753235310265, 61.93920148186533], [-6.751868320813306, 61.94034827543623], [-6.752894978463243, 61.94084627622508], [-6.754326359433467, 61.94134341836974], [-6.755902597614407, 61.941815162704586], [-6.757081865432325, 61.941950440878706], [-6.758254724947231, 61.94204642293378], [-6.760095960296419, 61.94226636951853], [-6.762256894080217, 61.94236345610053], [-6.763645764078871, 61.94233242012363], [-6.764974466354522, 61.94240211785885], [-6.766317313854144, 61.94232793028412], [-6.76891554061357, 61.942701084646515], [-6.770381469840636, 61.942763346405165], [-6.772911043398287, 61.9431328881257], [-6.77330759337227, 61.94308184035614], [-6.773590574915565, 61.94315330430472], [-6.773905326280095, 61.94340089624986], [-6.774510298132562, 61.94364428974648], [-6.774412366680887, 61.94379551707189], [-6.774588707630377, 61.94391023630322], [-6.774521088392419, 61.94403259465216], [-6.7739653047285335, 61.94422059435907], [-6.774125772218256, 61.94424186312645], [-6.774415149244057, 61.944155051899266], [-6.775063727796001, 61.94413231338328], [-6.775479745528994, 61.94460985473441], [-6.7753437680999316, 61.944786235676794], [-6.775864119404771, 61.944943590470736], [-6.776753529444034, 61.94544897365208], [-6.77823828588127, 61.94591744965464], [-6.780566778084306, 61.947836924968676], [-6.782277968901344, 61.94890174577608], [-6.783560952778865, 61.94987391087298], [-6.7850544182847665, 61.950450096825854], [-6.7867832409227615, 61.95083890184032], [-6.787494252925083, 61.95095617815282], [-6.787968768543308, 61.95110637355097], [-6.788373608365836, 61.95112355879967], [-6.789291757367547, 61.951355660600036], [-6.790563750170742, 61.951199163468424], [-6.792236730312853, 61.95150671615864], [-6.792665331345332, 61.951504812814164], [-6.793167939482126, 61.9515099423694], [-6.793647299014267, 61.95157903071108], [-6.794087673082797, 61.951586084196904], [-6.795950908763885, 61.951150960262424], [-6.796051923467368, 61.951213985403804], [-6.794558005192331, 61.95160823709974], [-6.794639356705595, 61.95168556958363], [-6.79401443132985, 61.951814209321256], [-6.7940529510971555, 61.951853701699584], [-6.794612400716737, 61.95188690965589], [-6.795502726379895, 61.95245676506205], [-6.796755270768861, 61.95268640317188], [-6.799640882989184, 61.952601807864454], [-6.800642695453052, 61.95278318491011], [-6.80089437049652, 61.952753984122864], [-6.801129041607098, 61.95250544503565], [-6.801365301200358, 61.95245462939102], [-6.801755290624938, 61.95252217449289], [-6.803400326998729, 61.95377025045322], [-6.804017932176824, 61.95454934272661], [-6.805247270406525, 61.955391868432706], [-6.807553044850389, 61.95621075722721], [-6.809401025184252, 61.957052044089544], [-6.810641965358148, 61.95830805267782], [-6.813511403276943, 61.95974773659983], [-6.815154857304164, 61.9610544651945], [-6.815216495386169, 61.961107497359926], [-6.81532109398433, 61.96116275491075], [-6.81566935127813, 61.9612363121444], [-6.815889982676647, 61.96124219790791], [-6.816113746461604, 61.96122588535601], [-6.816312987481722, 61.96118873179186], [-6.817385908380202, 61.9608930178719], [-6.817490794022533, 61.96092535732527], [-6.817553144238465, 61.96096927797313], [-6.817598276389208, 61.96102570162034], [-6.81760619338804, 61.961075565385975], [-6.81755835014585, 61.96111524467541], [-6.817443454173682, 61.96114717316457], [-6.817343898075515, 61.961210220063776], [-6.817262464892493, 61.96124010180259], [-6.816384205181575, 61.96150894036649], [-6.816310862508452, 61.96159580777594], [-6.816335932030272, 61.96164020651115], [-6.8166656948574404, 61.96184637002512], [-6.817128577557331, 61.96208646885413], [-6.817694494048485, 61.96232788368233], [-6.818127168965533, 61.9624875599932], [-6.818387076741286, 61.96254418793004], [-6.818634807646866, 61.96255450240843], [-6.818902497141871, 61.962515824996046], [-6.818817689234368, 61.96242151494765], [-6.818996602886151, 61.96237930422772], [-6.8187329209305805, 61.9620441907913], [-6.818798195542133, 61.96210249502539], [-6.819604620517602, 61.961915479412085], [-6.819445762911195, 61.96156658391806], [-6.819309247472085, 61.96133349931985], [-6.8190207975008175, 61.96108357294173], [-6.818817971580614, 61.960921603562404], [-6.817379608965245, 61.96004729390649], [-6.817263422499296, 61.95995886000547], [-6.817457298155881, 61.95981760029021], [-6.817765278524268, 61.9597936143236], [-6.818004882886358, 61.95986957472728], [-6.819557392107749, 61.96086114173106], [-6.819816280595626, 61.961096162517805], [-6.820043531003447, 61.961345118860066], [-6.820181081500661, 61.961563782341194], [-6.820335830775745, 61.961970349576056], [-6.82058568082342, 61.96361963314864], [-6.820920511995183, 61.96390352570989], [-6.821166296844616, 61.96386162439581], [-6.823065464126538, 61.96517361192676], [-6.825154899595335, 61.96640615531465], [-6.827212160979553, 61.967444501607574], [-6.8273821159148875, 61.96765627848018], [-6.828157535804663, 61.96803938145135], [-6.830612838004106, 61.96993263321669], [-6.832557704669186, 61.97116538166311], [-6.832375398369446, 61.9712664794737], [-6.832500019931579, 61.97126768729205], [-6.832673368854017, 61.971269369709105], [-6.833690086293743, 61.97210136000725], [-6.837231991328664, 61.974089214059816], [-6.838923792666343, 61.97516059959986], [-6.838870742071291, 61.97520384952546], [-6.838947574046479, 61.97523970885182], [-6.839206912345924, 61.975195921932034], [-6.840956533103225, 61.97592918043837], [-6.8410274613045114, 61.97614836491356], [-6.8412173968375996, 61.976036511915936], [-6.84321574830462, 61.97719344187321], [-6.844557268112148, 61.97760747595707], [-6.845322489202833, 61.97770643397158], [-6.846576148679931, 61.9784766636598], [-6.846712389657476, 61.97835767997311], [-6.849236587793054, 61.9793227912878], [-6.849521980542096, 61.97957027423768], [-6.850486406917291, 61.97971908430113], [-6.850747531742843, 61.9798371741684], [-6.8518664325107, 61.98013660685916], [-6.852071955770254, 61.98006062417927], [-6.853642999771749, 61.980470510246874], [-6.853984269875478, 61.980363775929845], [-6.854336496442551, 61.98028549772338], [-6.85488638104222, 61.980103027863045], [-6.85527436555522, 61.980213916713126], [-6.855543523919906, 61.98015663804293], [-6.855606237897484, 61.97997502501008], [-6.855697722399547, 61.979985486934275], [-6.855677452430763, 61.98010991033051], [-6.855954956299405, 61.980276380528544], [-6.856077293133075, 61.98027612825244], [-6.856053925499587, 61.980236621487066], [-6.856169832158111, 61.979992828856716], [-6.855854170849683, 61.97972759595432], [-6.855646397412385, 61.97973159572845], [-6.855621813587618, 61.979698672839525], [-6.855964560021807, 61.97968773313603], [-6.856304520081579, 61.97993526553238], [-6.856769400430248, 61.98004553792478], [-6.857243828163136, 61.980074605846326], [-6.857684228847589, 61.980466478623505], [-6.858358761594332, 61.98065193603545], [-6.858315055606004, 61.980864121516966], [-6.860499385005465, 61.981445143021276], [-6.860025869167002, 61.981467780396784], [-6.860080591869781, 61.98158273785375], [-6.860730439114295, 61.98160637870145], [-6.860762463093342, 61.98173211615035], [-6.860579719107492, 61.98179365166177], [-6.8610623057013145, 61.98191120698629], [-6.862741890953645, 61.983158503663496], [-6.863834122025656, 61.98379588515079], [-6.863743733775442, 61.98391478738685], [-6.864057024851922, 61.98391048336294], [-6.86494179308442, 61.984436907852235], [-6.867593535277405, 61.98507774665017], [-6.867629843426902, 61.9849050368884], [-6.8686503222081745, 61.9852549665944], [-6.87091522176055, 61.98616277348841], [-6.872076926955132, 61.98682871943226], [-6.872009412827837, 61.98695112185223], [-6.87155774162097, 61.986883910562476], [-6.871474596292379, 61.986970429774054], [-6.8722103185562755, 61.98715200195062], [-6.873916794896923, 61.98798560086275], [-6.876427198620317, 61.98825626481823], [-6.876551562259384, 61.98843575942925], [-6.877285065618324, 61.98840871652373], [-6.8775520069522695, 61.988346928455485], [-6.878530318239169, 61.9883265192486], [-6.87816641061265, 61.98860793885244], [-6.878488162882247, 61.988661009428995], [-6.880703047428561, 61.98848291996612], [-6.881014518912034, 61.988989111610955], [-6.881260132085869, 61.989063988666295], [-6.881303484261512, 61.9888410197476], [-6.88150973126823, 61.988836826359325], [-6.881634622565104, 61.98905591570415], [-6.882048813421669, 61.9891771020459], [-6.881790584739731, 61.98932512887715], [-6.881231403382393, 61.989233046602614], [-6.881115416600674, 61.98911114279845], [-6.880810865150979, 61.989219762190494], [-6.879502346681599, 61.98911875997809], [-6.879541229576114, 61.98916900463465], [-6.8812119459824475, 61.98953520695015], [-6.882237406200606, 61.98962250956325], [-6.883412908753944, 61.990144473539516], [-6.883543711226291, 61.99088121620115], [-6.88432421824513, 61.99093682274461], [-6.887048897812244, 61.99186118781948], [-6.8888419145628115, 61.99286335059282], [-6.889066599011513, 61.993114483495084], [-6.889718320407938, 61.9932637894589], [-6.890258179622243, 61.99366149921946], [-6.890733263170219, 61.99375378340857], [-6.890942111005197, 61.993958166403694], [-6.890667583030001, 61.99402722634748], [-6.890883895952833, 61.99420649631262], [-6.891903629761051, 61.994448321728086], [-6.892761176633183, 61.99519759273372], [-6.893571487584208, 61.995188332717234], [-6.89574939473704, 61.995078379531556], [-6.897281515744129, 61.99531882219408], [-6.89772337201215, 61.99582462355895], [-6.897961772272082, 61.99593904054348], [-6.897849164191864, 61.996104757417264], [-6.898010373388485, 61.99616188774978], [-6.897836023941586, 61.996295421650224], [-6.8980443421946935, 61.996453011294655], [-6.898472289903371, 61.99642676304078], [-6.899315432882719, 61.99658989051687], [-6.901381316026852, 61.99669952930413], [-6.903299618006029, 61.99724814332757], [-6.90308914655524, 61.997543539500406], [-6.904234202355303, 61.9980151166316], [-6.904436663833653, 61.99830583452394], [-6.904215583566276, 61.99836388293843], [-6.90452222414201, 61.99842779310224], [-6.905404179645324, 61.999252536757794], [-6.906310363026226, 62.00002099303197], [-6.9064120654691425, 62.000583905035526], [-6.908445642476754, 62.00061474853045], [-6.9111373050259415, 62.001282879498355], [-6.910992733324064, 62.00237038768235], [-6.912598855224166, 62.00351742902553], [-6.912564986709643, 62.00401220848685], [-6.911621662149421, 62.00446027888438], [-6.911239389678705, 62.00491674741344], [-6.909642308116398, 62.00568510235616], [-6.909698824146342, 62.00641097873991], [-6.909716954279793, 62.006643870166954], [-6.910409247647061, 62.006786414889156], [-6.911483847240977, 62.00647248812183], [-6.912621861742431, 62.00625853499724], [-6.913350313301335, 62.00689699305248], [-6.91385043659852, 62.00677240501703], [-6.914153713465261, 62.007470504866994], [-6.913434303829304, 62.007723748655046], [-6.911106220759538, 62.007886663093586], [-6.9136944598104915, 62.00802483876621], [-6.914342616570398, 62.008995098495994], [-6.914441307815298, 62.01016560049422], [-6.9149067029113445, 62.0118649880677], [-6.917303731892183, 62.013557353423494], [-6.917562296065569, 62.01380472505715], [-6.9174128219970985, 62.01385076892734], [-6.917479214232542, 62.01391075296309], [-6.918112846453114, 62.01387739893901], [-6.918011632769701, 62.01413146227657], [-6.917593568234712, 62.014085205751776], [-6.917704659325955, 62.014310242413686], [-6.91900560337221, 62.01436882439273], [-6.919168014988268, 62.0144774768486], [-6.918917365805813, 62.0146875424725], [-6.918920083349793, 62.01481003674179], [-6.9193867521549155, 62.015067993232975], [-6.919138988294429, 62.0153141026083], [-6.9190843006289295, 62.01566465803916], [-6.9188820527597095, 62.01572247653151], [-6.918437096456485, 62.01571998686003], [-6.918413449295934, 62.0158033007085], [-6.9189292361196655, 62.0158260701835], [-6.919284365602417, 62.01612579628987], [-6.919129685195477, 62.016474664894865], [-6.9184808878748605, 62.017146186693914], [-6.918635774843388, 62.01743517407096], [-6.919015031723918, 62.01765877594637], [-6.918966426805982, 62.01781102001466], [-6.918685076686218, 62.01783793038024], [-6.918804312798644, 62.01806991141197], [-6.918701350731454, 62.01821235840286], [-6.919187575245536, 62.018520434678734], [-6.919584329082445, 62.018588718231854], [-6.9197177923789654, 62.01871596566213], [-6.9195890470230745, 62.01937055054086], [-6.921464229595205, 62.01968876910924], [-6.9213027827188425, 62.019954855239725], [-6.920500120831074, 62.020077878724855], [-6.920902212830584, 62.02038755368526], [-6.92105493913924, 62.02038105564071], [-6.920946418384482, 62.020184879062214], [-6.921417181271389, 62.02012930470282], [-6.922145014867436, 62.02075351350882], [-6.921743134365623, 62.02117183060583], [-6.92094588217919, 62.021175896940655], [-6.920812707312652, 62.021506328141605], [-6.920948321183748, 62.02156869914522], [-6.921143743286878, 62.02152181669321], [-6.92114203365504, 62.0213199768482], [-6.921552549223823, 62.02136637668035], [-6.921740009585813, 62.0216799994476], [-6.921454854655619, 62.021753810962956], [-6.921888601386869, 62.02243760222769], [-6.921596985788384, 62.0227097194619], [-6.9203031017271615, 62.022917636113995], [-6.921043021739447, 62.023051591381865], [-6.9210361268095575, 62.02315266391929], [-6.920523273196956, 62.023255902680035], [-6.920443621325354, 62.023311440807724], [-6.921519265928215, 62.02333095900489], [-6.921883012430955, 62.02346113155202], [-6.9223642160831735, 62.02398188552406], [-6.922846742198617, 62.02406294024714], [-6.923196169741269, 62.02474833053306], [-6.922914546174627, 62.02486529044128], [-6.92319021727653, 62.02504036826386], [-6.92359348620789, 62.02500037862501], [-6.923360546080235, 62.02514886428697], [-6.923838269299555, 62.02553633409147], [-6.9243608221094695, 62.025818541701575], [-6.927224952708769, 62.02938297368947], [-6.928390695122092, 62.03073415590879], [-6.929543061958583, 62.03197371586389], [-6.929786505603944, 62.031955639739714], [-6.929892915093636, 62.03216183062608], [-6.929409147236237, 62.032245969190384], [-6.9295779446414985, 62.0324777034949], [-6.929608281722679, 62.03251935505979], [-6.930552295918965, 62.03246949385616], [-6.93024200865697, 62.03257445883123], [-6.930228547575204, 62.032902023439334], [-6.930361926300391, 62.033093984762935], [-6.9302358507708215, 62.03333191881821], [-6.930415598546227, 62.034777250576646], [-6.9302790091424304, 62.0356988025761], [-6.930597333097294, 62.03583338566808], [-6.9316030103519894, 62.03601991756979], [-6.932062454100212, 62.036277985033934], [-6.93271737609419, 62.03712340674873], [-6.93309017699983, 62.038348837325856], [-6.933323001485979, 62.038560686601585], [-6.933668417306943, 62.03856145483329], [-6.933700852008824, 62.038852718504664], [-6.934269655830755, 62.03895378242451], [-6.934502990041663, 62.03889891820002], [-6.934739480156664, 62.03894665872402], [-6.935611934851739, 62.03906712287407], [-6.935902151960484, 62.0390192109767], [-6.936928588795384, 62.03934722666107], [-6.937142816232643, 62.039495410781505], [-6.937056677194394, 62.03967196679488], [-6.935965665809872, 62.040220528798855], [-6.936198166121718, 62.04029375670815], [-6.938964226710187, 62.0395779872531], [-6.9399289176077765, 62.03939496348183], [-6.942117912125829, 62.0393597199481], [-6.945129259038657, 62.0391724624573], [-6.9456556910110345, 62.0392654153154], [-6.9469195517803914, 62.03905375539931], [-6.948293004723103, 62.038861038163965], [-6.95060104338068, 62.03826041998652], [-6.951055520538258, 62.03806423781315], [-6.952505976657411, 62.03781358688394], [-6.954053786590544, 62.0375578993186], [-6.955839603962874, 62.03783800033207], [-6.957035050490794, 62.037592559940855], [-6.958636130367462, 62.03745005934732], [-6.961233705671747, 62.037391466168884], [-6.963368435231156, 62.03720139637529], [-6.965482040868019, 62.03688637822603], [-6.966366260061809, 62.0368854836958], [-6.967890099999017, 62.03657557063184], [-6.969797240579969, 62.03624746754985], [-6.970408094273243, 62.03613464069508], [-6.971755020947586, 62.0362353993596], [-6.973385170581265, 62.036228354051474], [-6.975943162084538, 62.036129127373194], [-6.980692818070855, 62.03629174458104], [-6.983156779481927, 62.03710821988823], [-6.9821416172024815, 62.03787378319451], [-6.979313282055746, 62.03851219518095], [-6.978762985962166, 62.03953625561494], [-6.981110055895615, 62.03969652548547], [-6.981237353171062, 62.0402018275073], [-6.984290533358188, 62.041026796009746], [-6.986327733776275, 62.0442537271297], [-6.985901105603011, 62.04422237278022], [-6.9866293752756805, 62.04536581676279], [-6.986159490510745, 62.0459883592036], [-6.988159184502237, 62.046546154025776], [-6.988532355038208, 62.0465767227291], [-6.989214693104394, 62.04598249047911], [-6.990588458593045, 62.04573196599173], [-6.992566827505082, 62.04843710588892], [-6.992566972732935, 62.04901218398918], [-6.99221490849874, 62.04977766763323], [-6.994328707461416, 62.05158170516239], [-6.994497059679722, 62.05150263586294], [-6.994765209421298, 62.05165357219332], [-6.9955926162856406, 62.05298682837998], [-6.99540116093831, 62.05313782987002], [-6.996857411442415, 62.056293125019025], [-6.9967425061849875, 62.05644047994288], [-6.995877090508202, 62.05635073194405], [-6.995934558354467, 62.0564210029027], [-6.995746988222124, 62.05639906357231], [-6.995360763747518, 62.056356530993746], [-6.995198423005256, 62.05631286381817], [-6.995007241482116, 62.05626418181996], [-6.994815100599339, 62.056229202679404], [-6.9945828105693915, 62.05621190923003], [-6.994291859961782, 62.056198279707836], [-6.994227032294904, 62.05615153770996], [-6.994085748263178, 62.056085327942945], [-6.993865089240934, 62.05604075896604], [-6.993690783630939, 62.056028928758266], [-6.993506110970702, 62.05602608655972], [-6.993290276766459, 62.05591298343519], [-6.993093238057114, 62.05580930952238], [-6.9929153139492115, 62.0557105091567], [-6.992704686852548, 62.0556615235449], [-6.992520676476518, 62.05564954191178], [-6.99231657234529, 62.055646397921365], [-6.992041215445591, 62.05568790322182], [-6.991777508142199, 62.055702134123656], [-6.991505374917447, 62.055697946678094], [-6.990994759462985, 62.055626034296395], [-6.990497080173106, 62.05550857848264], [-6.9901328934427465, 62.05542977851277], [-6.98965954909457, 62.05538130374127], [-6.989082199199676, 62.05529006422879], [-6.98880908827272, 62.05529957428237], [-6.988519452167835, 62.0552676561321], [-6.9883069279853, 62.055246079225185], [-6.988066207171379, 62.05521034753618], [-6.987862427267325, 62.05520263226662], [-6.987455189840291, 62.05518261818751], [-6.98720570817061, 62.055133022361396], [-6.986724272071411, 62.05506154575917], [-6.986041310305041, 62.0549503607579], [-6.985907450221158, 62.05560700204809], [-6.985793508672402, 62.055843101941825], [-6.985704804735285, 62.05599725791014], [-6.985587581491995, 62.05614183252412], [-6.9853333151344, 62.05629800112099], [-6.9850583250298195, 62.056472153683984], [-6.984714980359744, 62.05664981572195], [-6.983691015901259, 62.05709599552419], [-6.982558831643258, 62.057558785496305], [-6.981700008059754, 62.05787027092507], [-6.9802473147954585, 62.05832350614965], [-6.979846561511305, 62.0584865559267], [-6.979425724013074, 62.058658431858404], [-6.979192794683138, 62.05878747643077], [-6.978937827838337, 62.0589527804957], [-6.978514409998896, 62.059298441447], [-6.97562636930394, 62.06187931759255], [-6.973990966326571, 62.06325824708315], [-6.971762026680624, 62.065044206222794], [-6.970867534280293, 62.06571644737753], [-6.9702514256819885, 62.066168878267895], [-6.969789556436852, 62.066504766874694], [-6.969202274087125, 62.066824978306414], [-6.968232172842869, 62.06732678292059], [-6.966786549002924, 62.06808190269166], [-6.966589286330589, 62.068938814184534], [-6.9657942963819295, 62.06998767398177], [-6.964252380072897, 62.07441448722184], [-6.963420585960421, 62.07529351033167], [-6.962673781228522, 62.07593599188664], [-6.961502139151951, 62.07680055434866], [-6.9585860271495, 62.079913139854526], [-6.9570405956751395, 62.08150865424677], [-6.957265896791577, 62.08179598554962], [-6.957264946954999, 62.0817961600466], [-6.939672242609564, 62.08500124146088], [-6.939376557270846, 62.0850550917657], [-6.93760203886556, 62.08537820152002], [-6.931906690223271, 62.085485652408174], [-6.9246093152558466, 62.085078709410666], [-6.92306413585466, 62.08506277596994], [-6.918120573685436, 62.08465019795636], [-6.914123275015, 62.084660839904465], [-6.911029257840419, 62.08640865132446], [-6.910525268896559, 62.086694011224964], [-6.909974659540944, 62.08694680422866], [-6.909605205301531, 62.08710161413574], [-6.909135455212105, 62.08730528003686], [-6.908334813004287, 62.087668822711464], [-6.907077770643439, 62.08817686323451], [-6.906510814258475, 62.0883792209221], [-6.905684929837139, 62.08867851944339], [-6.904641854184291, 62.089029664142686], [-6.903849348184682, 62.08926093259403], [-6.9019510999516624, 62.089755775466394], [-6.90047577557143, 62.09017411253061], [-6.89961262191261, 62.090445483412886], [-6.898341885016335, 62.0908574236159], [-6.89727606628259, 62.091258416770515], [-6.895916364225579, 62.091381604791856], [-6.895428179679791, 62.09141153654114], [-6.893026358511848, 62.091246806659626], [-6.89119047069592, 62.091208337718314], [-6.890466740034835, 62.09127159583864], [-6.890142881283673, 62.091317426385906], [-6.889738997671444, 62.0913986821673], [-6.889313646696372, 62.09151160531463], [-6.889025507401643, 62.09160811767585], [-6.884006817601855, 62.09314676471294], [-6.882887286767593, 62.09346932646107], [-6.8823724013286744, 62.093612963117806], [-6.881929005136782, 62.09370279425636], [-6.881155175689737, 62.09378813988831], [-6.879835037598472, 62.09389800675245], [-6.877159922708354, 62.094053347072766], [-6.8730965536930695, 62.09431750989432], [-6.871592303644671, 62.09441566227029], [-6.869250274819843, 62.09407333404064], [-6.867681446627688, 62.09380999771179], [-6.867190142426344, 62.09373481631071], [-6.866774839496006, 62.09368806077674], [-6.866282374188624, 62.093631118707144], [-6.8657704692544055, 62.09357391097386], [-6.865229423863886, 62.09351629669443], [-6.864882152062047, 62.0934704680957], [-6.86457289853753, 62.09343885332651], [-6.864311364915919, 62.09342157543767], [-6.864050113372706, 62.09339974075771], [-6.86392698213865, 62.093347852694365], [-6.863931911677073, 62.09327032597341], [-6.863974274507607, 62.09321613538367], [-6.863977773934588, 62.09316141675267], [-6.863952394036366, 62.09310173660736], [-6.863917294310156, 62.09304191540284], [-6.863581163631736, 62.09327921303337], [-6.863137676810627, 62.09367478020604], [-6.862361929103936, 62.09439897665434], [-6.862208865054673, 62.094510987677275], [-6.862082627920954, 62.09465987123421], [-6.861965526057781, 62.09481801711945], [-6.861852625658126, 62.09506293404443], [-6.86150522838872, 62.095628689242], [-6.861413798864108, 62.09584195023938], [-6.861330902050422, 62.09607358564314], [-6.861195457240534, 62.096519010906256], [-6.861126478874118, 62.09683755854226], [-6.861003540978644, 62.09708689840099], [-6.860936202265009, 62.097227462300665], [-6.860966646133325, 62.097360245525806], [-6.86094731302486, 62.097510591834656], [-6.860786368564542, 62.097745725049556], [-6.860677217540365, 62.097931356838], [-6.860579842196906, 62.09808520113131], [-6.860513648503525, 62.09820753098507], [-6.860294188513765, 62.098597036791986], [-6.86016571268985, 62.098933014624784], [-6.8600492747082535, 62.09923265735508], [-6.859993791204952, 62.09949205291192], [-6.859958619252134, 62.099738035641664], [-6.859851511759089, 62.09989174701122], [-6.859777041015575, 62.099991136375046], [-6.859719997760798, 62.100122710752416], [-6.859682964699514, 62.10024543730612], [-6.859646516118403, 62.100359042610236], [-6.859648657279914, 62.10047773343799], [-6.8596381700804345, 62.10064190732447], [-6.859637104772288, 62.10081076061099], [-6.859617177467646, 62.100970236849555], [-6.859628475377293, 62.1010981905525], [-6.859678345220739, 62.10123122948216], [-6.859722282824896, 62.10130486128063], [-6.859551020495523, 62.10154897309071], [-6.8593585349294095, 62.10182018327306], [-6.859200480101733, 62.102009708305886], [-6.859022391374727, 62.10220808952582], [-6.858884043620953, 62.1023933134994], [-6.85870798855914, 62.10255977433144], [-6.857919429742975, 62.10300725835948], [-6.857443468198626, 62.10278983256885], [-6.857481841251542, 62.102744487761804], [-6.8540097800605615, 62.10185809863926], [-6.851010279796121, 62.10125629540582], [-6.849096501961839, 62.100755870323475], [-6.8487871812994765, 62.10084644270608], [-6.846678833202158, 62.10042991739414], [-6.8457602013823715, 62.10019207846703], [-6.845271602937371, 62.100193092100284], [-6.84323853069985, 62.09919183354547], [-6.842700623454513, 62.09884588790048], [-6.8401802200649815, 62.09796015959922], [-6.835803494572328, 62.096144179567986], [-6.833021996370128, 62.09506560733877], [-6.830936225925326, 62.094064228137555], [-6.828711838722595, 62.09291645665238], [-6.826852864469915, 62.09164268088692], [-6.826116960240945, 62.091289874840506], [-6.82432676835793, 62.09000520157684], [-6.823284804932687, 62.08872257929155], [-6.822720545775604, 62.08791853340362], [-6.821948242757722, 62.086907412454586], [-6.820829334055254, 62.08551761762324], [-6.820703928511485, 62.08543717578225], [-6.821043471620308, 62.08545006525443], [-6.819286152105607, 62.08440096487569], [-6.817346580572123, 62.08341710685096], [-6.815147433904286, 62.082383512364956], [-6.814946088811448, 62.08203324683747], [-6.8132357667769305, 62.08105240853872], [-6.811967492599844, 62.079966944786015], [-6.810624446383607, 62.078176684718244], [-6.809699620087272, 62.07707275110953], [-6.8087956448600275, 62.07573607327934], [-6.808457443071998, 62.07545154578473], [-6.80834286175913, 62.07539990255924], [-6.8066594477017865, 62.07384359850058], [-6.805572451506366, 62.072775934495446], [-6.804390205706532, 62.070971004493785], [-6.804007897583675, 62.070860789449625], [-6.802860296803207, 62.06952459446603], [-6.801462229713916, 62.06834268754136], [-6.801705887333601, 62.068281381429756], [-6.801644656585995, 62.06826002793132], [-6.801263306377505, 62.06826428900882], [-6.800832761818176, 62.06797394423424], [-6.799836715633252, 62.06750234902261], [-6.799219188249891, 62.06670254792277], [-6.7994200981076185, 62.06595671200044], [-6.800024855569758, 62.06545593752831], [-6.800308582741599, 62.06535361389988], [-6.801235812629555, 62.065375663762374], [-6.8026521592546505, 62.06527228161363], [-6.803227748651115, 62.0651719868917], [-6.804212694658862, 62.06471844461262], [-6.804253497620429, 62.064617761348515], [-6.804569709124505, 62.06440117130281], [-6.805307987055657, 62.0643025593577], [-6.805704582231, 62.06445770918157], [-6.806189745965027, 62.06426571562871], [-6.807675595549923, 62.06390650198731], [-6.808803798330705, 62.06374306962837], [-6.810211964200474, 62.063473764567064], [-6.810311514699554, 62.06337469861338], [-6.813074810256206, 62.0631660109867], [-6.814828469997256, 62.06296205696592], [-6.81537135704345, 62.062720614166494], [-6.818129885773222, 62.06255633738363], [-6.819012209330243, 62.06248899676954], [-6.8201019420516005, 62.062503029672264], [-6.82066478244089, 62.062361561337234], [-6.821316554090482, 62.062355547067206], [-6.821340819689673, 62.06227584667505], [-6.8213989749893145, 62.06191737809543], [-6.822584841176197, 62.06188392262853], [-6.822812410113789, 62.061661776230146], [-6.822778550040291, 62.061462600035505], [-6.823628551907195, 62.06128185631011], [-6.823833417276458, 62.06110794019605], [-6.823883632337481, 62.06094389024595], [-6.823538198199843, 62.06079624182732], [-6.823232660719505, 62.060628904982444], [-6.823417420332298, 62.06046703090186], [-6.8233617463921945, 62.060169238179476], [-6.823806861535362, 62.05999912817185], [-6.824250839250638, 62.06004674841389], [-6.824453372491104, 62.060241806939004], [-6.824554837560599, 62.06043753193181], [-6.8248703995683515, 62.06039735155423], [-6.825032573215486, 62.06021480434294], [-6.825883307359796, 62.06049454876844], [-6.826204130703, 62.06051539527596], [-6.826465782465211, 62.0602870074481], [-6.826338940499518, 62.06024438155775], [-6.826610285438605, 62.060217045794595], [-6.827026522935041, 62.06027971399384], [-6.827265702866432, 62.05979620445433], [-6.827659478466692, 62.059768090820874], [-6.827781540926087, 62.05972230060187], [-6.827866006062355, 62.0596746536165], [-6.8280891396249626, 62.0595844307548], [-6.8281258028701455, 62.0595253668438], [-6.828101090022369, 62.05945020191401], [-6.8280732989561965, 62.0593696467808], [-6.828089520859103, 62.059286560132456], [-6.828124389475485, 62.0591907036656], [-6.8281273025212315, 62.05910697696654], [-6.828085206647487, 62.05903223917285], [-6.828062439898956, 62.05894080099423], [-6.828088443736853, 62.0587680803971], [-6.828141292022176, 62.05868514726863], [-6.828268877659557, 62.05854739340956], [-6.828391850763837, 62.05843646466926], [-6.828716184360356, 62.05858059990105], [-6.8288069724279525, 62.05863387313617], [-6.828904767136706, 62.05865543880985], [-6.829003721688158, 62.058638480663596], [-6.828988771912489, 62.05857984486473], [-6.828992282071602, 62.058416628578264], [-6.8290464734878, 62.05836176308709], [-6.829039667889282, 62.05827692312821], [-6.829133047410371, 62.058183601426016], [-6.8291650252127365, 62.05806302818346], [-6.82917600623042, 62.0580104556963], [-6.829270170974113, 62.05798605134397], [-6.829525685840934, 62.05794802945046], [-6.829704710768595, 62.05794706079401], [-6.8299353119367, 62.058000867551264], [-6.830046036349581, 62.05800367419056], [-6.83010065262259, 62.05796616021666], [-6.8303502132618, 62.05804064363489], [-6.830487454827615, 62.05807940947584], [-6.830477785393873, 62.058146627545796], [-6.830583266629195, 62.05818918619889], [-6.8307018498100405, 62.05826615601617], [-6.830754181035077, 62.058342849136515], [-6.830896075117053, 62.0583797124261], [-6.8309756816460965, 62.05833112554916], [-6.831130985158494, 62.05833579793904], [-6.831297588504718, 62.05837708854579], [-6.831431281459878, 62.05840662236472], [-6.831531510822403, 62.058421419147905], [-6.831644448760032, 62.05839532359246], [-6.831748572418201, 62.05833906775369], [-6.831804788257444, 62.05829384829425], [-6.831893888025856, 62.05825377717954], [-6.831795629423843, 62.05822877681651], [-6.831869638019112, 62.05813439540833], [-6.832011931348849, 62.058093937592396], [-6.832061148452961, 62.05815503169484], [-6.832433015336301, 62.058121091701146], [-6.832570634541656, 62.05805974937664], [-6.832616737502212, 62.05801412863601], [-6.832842086912826, 62.0580418123545], [-6.832935758569275, 62.057956303581314], [-6.832966103145391, 62.057867324062656], [-6.833135788727465, 62.05781855015342], [-6.833069692148777, 62.05778519373715], [-6.833099783605749, 62.05773926797238], [-6.833243408684688, 62.057660162242605], [-6.833340528277749, 62.057499302361684], [-6.833442841330835, 62.057454957487266], [-6.833470772069789, 62.05741196047366], [-6.833633936774169, 62.05739428179704], [-6.833729053872661, 62.057342973845536], [-6.834008485693487, 62.05724168902286], [-6.834099600659131, 62.05726047112581], [-6.833808124257015, 62.05737816724331], [-6.833807078452687, 62.05745926565803], [-6.833769473866912, 62.05751346809472], [-6.833848714024453, 62.05756940293583], [-6.8341399288592015, 62.05763339967387], [-6.834355449757542, 62.05763947888605], [-6.834521387208959, 62.05762344064932], [-6.834329686088883, 62.057405080180715], [-6.8340786480821425, 62.05742500888613], [-6.834058490319982, 62.057383476495644], [-6.83435973928796, 62.05735384430539], [-6.834611520542198, 62.05764836565133], [-6.834714382266835, 62.057626140867946], [-6.83493937143138, 62.05768092860807], [-6.835184051887067, 62.05762374755786], [-6.835139715792182, 62.05756254255917], [-6.835147231116846, 62.05746789920684], [-6.835519386587543, 62.05736138777926], [-6.8357057028777835, 62.05743163002811], [-6.835771520432991, 62.0574684013382], [-6.83603755422692, 62.057485674145816], [-6.836267917354363, 62.057436885802986], [-6.836179928819863, 62.05740949963045], [-6.836124911213825, 62.057313913240534], [-6.836354526597117, 62.057193802159674], [-6.836523447932509, 62.05709077719727], [-6.8366895261227345, 62.057084542414316], [-6.83698620575789, 62.05705522232654], [-6.837222802583572, 62.0570473342385], [-6.837412458266549, 62.05705497914161], [-6.837482019607733, 62.05701321630845], [-6.837559566126767, 62.056882742786414], [-6.837689815222607, 62.056875371695426], [-6.837733134015371, 62.056833799721495], [-6.837761932799445, 62.05674024343313], [-6.837866376501453, 62.05671075113998], [-6.8380790528169815, 62.056592482175645], [-6.838195178546705, 62.056567382966655], [-6.8382908063693835, 62.05655372402982], [-6.838391065003028, 62.0565443570261], [-6.83850215174094, 62.0565444154177], [-6.83879998960878, 62.056600802952666], [-6.8389731178242394, 62.05662590954327], [-6.83925261199028, 62.05659307500989], [-6.839494535861154, 62.05653378757214], [-6.839574389141634, 62.056490622479714], [-6.839720761295096, 62.056476265399326], [-6.839820948275494, 62.0564339297102], [-6.840453788604615, 62.0564017576983], [-6.840558301514647, 62.05641168608464], [-6.840776703528503, 62.05638943951006], [-6.84089345795299, 62.056375121275124], [-6.841097329528212, 62.05634141598067], [-6.841294772514304, 62.056303668731985], [-6.841482586026185, 62.05626142556837], [-6.841655262135522, 62.05620953703684], [-6.841733624736809, 62.05618059525865], [-6.842780990098027, 62.055625019782006], [-6.843451750954028, 62.05587239755583], [-6.845152472144155, 62.05592350295271], [-6.846398567260928, 62.055804488567595], [-6.847908581316383, 62.05588184460359], [-6.849178934307367, 62.05622558489016], [-6.851426034988425, 62.056198057382154], [-6.853136205276793, 62.05664433236176], [-6.854989461539672, 62.05705026014249], [-6.856607955966358, 62.0572154200775], [-6.859258412445861, 62.05788071582703], [-6.859709942452885, 62.0580238821272], [-6.860060951789065, 62.05814404295821], [-6.860648095880716, 62.058286890467144], [-6.861983856250611, 62.058686641356154], [-6.863654664881301, 62.059091629096656], [-6.8638627903878895, 62.05914111654694], [-6.8640786707577, 62.05921451440428], [-6.865358792140461, 62.05954210665068], [-6.866044469654531, 62.059689728795476], [-6.867338427246362, 62.05991653464773], [-6.867420371159336, 62.059843077564885], [-6.8681811269981035, 62.05998242049914], [-6.868149711498384, 62.06004115280003], [-6.868201184171664, 62.06005171430516], [-6.868260117538694, 62.05998470697743], [-6.868589564607811, 62.060038984658895], [-6.86853281153084, 62.06011830719907], [-6.871815948842132, 62.060727570602545], [-6.872370547116636, 62.06080537009678], [-6.872419388935441, 62.06077614539662], [-6.872518932535101, 62.06084683229308], [-6.873326096895893, 62.06096422768122], [-6.8733904849146565, 62.06094087079779], [-6.873570036361447, 62.060989777926935], [-6.874458725735162, 62.06108016790469], [-6.874833991257539, 62.061100032213695], [-6.875153377882902, 62.06111895582294], [-6.875439104620956, 62.06113400480906], [-6.8754323063529705, 62.061039740032996], [-6.875510079207265, 62.06103716885263], [-6.87549238504629, 62.061137334575754], [-6.875842416712392, 62.06113154817997], [-6.87584220908005, 62.061108812539054], [-6.876140245310109, 62.06111340053512], [-6.876638870865866, 62.06111854041593], [-6.876632974588707, 62.06114503921764], [-6.877049801487456, 62.061143692715724], [-6.880718114462273, 62.06091317821804], [-6.8816126912638, 62.060881543509865], [-6.883265645538934, 62.0608524678898], [-6.885641505158832, 62.06087795447936], [-6.885887739468963, 62.06086920556294], [-6.8872371471360845, 62.06089769969852], [-6.887783161490725, 62.0608990319237], [-6.888158677645996, 62.0608800447086], [-6.888521245395112, 62.060873948030796], [-6.888834221372168, 62.06089763481427], [-6.889411472923027, 62.06093492602954], [-6.890230948520149, 62.06096777801888], [-6.890992054901294, 62.0609892578322], [-6.8914712129573035, 62.06101251115257], [-6.891743716187498, 62.061059822402456], [-6.892503124771051, 62.06115283712943], [-6.892941268943781, 62.061185434117455], [-6.8932434191803305, 62.061216343328745], [-6.893610760669146, 62.06131436494435], [-6.894522309934624, 62.061457680463356], [-6.895306397497461, 62.06158059152309], [-6.895946693889774, 62.06168954906658], [-6.896114133277533, 62.0617296145234], [-6.896373393119038, 62.06176802462317], [-6.896478080446775, 62.06180775419248], [-6.896651790623612, 62.06181247102909], [-6.896863040934615, 62.06186369686041], [-6.897126868046362, 62.061923263252744], [-6.89747453273864, 62.06204163229763], [-6.89800781337037, 62.062196578306725], [-6.8991688197185255, 62.06257958473558], [-6.899373935706694, 62.06260671641052], [-6.899599917248402, 62.06268001304925], [-6.899999544297492, 62.06291102494009], [-6.90054894090338, 62.06314673393217], [-6.903788362303557, 62.064297733747786], [-6.903843451212612, 62.06431730599424], [-6.90436155377091, 62.06449334474521], [-6.904670038960385, 62.064598505470435], [-6.904704937893494, 62.06458687881467], [-6.9047517157522105, 62.064601511111825], [-6.905262859308399, 62.064273998510124], [-6.905389011960707, 62.06430456429012], [-6.905269938946921, 62.064348607498765], [-6.90518038597204, 62.06440742514014], [-6.905233916783862, 62.064428294356375], [-6.905017808970494, 62.06455109978119], [-6.90507763810553, 62.064569199039695], [-6.90492470792479, 62.0646614416332], [-6.905086845318236, 62.06471901544894], [-6.905202750435868, 62.0646402792716], [-6.905358909383174, 62.06469089926696], [-6.905193655371881, 62.06480215852368], [-6.905302919625867, 62.06482463279601], [-6.906182254436186, 62.064957550506804], [-6.9066996440003585, 62.064992685421224], [-6.907167878938508, 62.06496712262447], [-6.907522734551138, 62.06522352226194], [-6.907951454925963, 62.06538784319228], [-6.909348681777386, 62.06559928218241], [-6.910390756800112, 62.065529991452756], [-6.910477614492529, 62.065556162766775], [-6.910547853468533, 62.065539269275966], [-6.910474926653311, 62.065480765168246], [-6.910956901301855, 62.06533454229341], [-6.911424020650858, 62.06505980524803], [-6.912067278228902, 62.064612288963914], [-6.912350483823123, 62.064250078058976], [-6.912411956711819, 62.06408336090133], [-6.912645226280221, 62.06403564846134], [-6.9127965054989815, 62.06411848719812], [-6.912875790436047, 62.0640305480592], [-6.912914903431739, 62.0639871655519], [-6.912790795629776, 62.063950638958055], [-6.9127432714224835, 62.06360766428715], [-6.9124901470984526, 62.06338668645986], [-6.912287973164023, 62.06325730262862], [-6.9123866513241214, 62.06321289085526], [-6.912345373786285, 62.06319595548837], [-6.912236707565035, 62.06323255861583], [-6.911884071704446, 62.063065728186025], [-6.91182503254644, 62.062914510333904], [-6.911743871980395, 62.062706630099214], [-6.911049346418724, 62.06235804567175], [-6.910953753551359, 62.06238957552876], [-6.910890013893433, 62.062339487572146], [-6.910398327011288, 62.062151304025626], [-6.909195787548965, 62.061841982556174], [-6.908194286853801, 62.0614248651166], [-6.906415116672761, 62.06074366113163], [-6.905669941749991, 62.06048788042096], [-6.903289138912864, 62.05977368291465], [-6.89953064973269, 62.0584742501618], [-6.898804623197375, 62.058290218761506], [-6.896986875930863, 62.057857023820354], [-6.896009065192509, 62.05759073635858], [-6.895288301735466, 62.05746232805826], [-6.895026433046264, 62.05734516929831], [-6.893957672142824, 62.057098776504944], [-6.893794019193306, 62.05708291532984], [-6.893674634331646, 62.05699820624819], [-6.893005762744669, 62.05687384425475], [-6.891485373850686, 62.056662516872336], [-6.891478811589604, 62.05669318293274], [-6.89130837545936, 62.05668912853567], [-6.891241289025673, 62.05665042615885], [-6.891153536705376, 62.05666703354148], [-6.891161388576724, 62.05669093494816], [-6.890707614123204, 62.05665185333843], [-6.890622204450496, 62.05659213281362], [-6.889285852867656, 62.056526512444535], [-6.8883670009920905, 62.05650939874432], [-6.882894975273194, 62.056526637550085], [-6.880787209399792, 62.05645181024999], [-6.879562465225211, 62.05638479909595], [-6.8770294303618655, 62.05615094010713], [-6.876274790289283, 62.056040763630975], [-6.875443053780742, 62.055906864009344], [-6.874327015628648, 62.05569712506748], [-6.872479793494831, 62.05524502975788], [-6.868017421879103, 62.05387712557888], [-6.867928009880456, 62.053883754392835], [-6.867872631514576, 62.05383597369888], [-6.867642361984452, 62.05373438476207], [-6.867254152315862, 62.05365188676109], [-6.867203212260494, 62.05359428982313], [-6.866710309672324, 62.05348813434741], [-6.866667598713336, 62.05344551332091], [-6.8663370182613725, 62.053360706128736], [-6.866222294227651, 62.053277363566394], [-6.86624884361298, 62.053198769714555], [-6.864553098520815, 62.05276157025887], [-6.864569716715671, 62.05263209018639], [-6.864117589204024, 62.05258497305264], [-6.863364146649139, 62.05234266233683], [-6.860981945942844, 62.051605217422086], [-6.860312914851831, 62.05149852952901], [-6.85782017682286, 62.05087725690881], [-6.85405287895458, 62.05034388422374], [-6.853376866670506, 62.05043187095126], [-6.852979206330885, 62.05035620536804], [-6.852460347742363, 62.05011696562451], [-6.852148942622361, 62.05034240563715], [-6.851066862367157, 62.05044130654276], [-6.849600315795888, 62.05034541426167], [-6.848736444145444, 62.05010887088385], [-6.847714291078952, 62.0500012017988], [-6.847251970507498, 62.04979343658551], [-6.846920779640839, 62.04950026919394], [-6.846672257951914, 62.049371515663395], [-6.846688738537624, 62.049479236669704], [-6.846605560601843, 62.04949517788191], [-6.846567965930965, 62.04959675933233], [-6.846366881532265, 62.04957881224409], [-6.846088427363629, 62.049367623854934], [-6.8457550138546805, 62.04923314623861], [-6.845087499928965, 62.04914427244088], [-6.844647040843469, 62.04910903319927], [-6.843607900803153, 62.04869905452365], [-6.842271073760523, 62.048312430233594], [-6.841686710813204, 62.04811396185719], [-6.841583324937121, 62.0480952787956], [-6.8398558062473835, 62.047783068381], [-6.839689184109883, 62.04790498596515], [-6.83918511306875, 62.04784207024115], [-6.83889879338121, 62.04772106027355], [-6.838525795738403, 62.04785393364951], [-6.838363349207653, 62.047838823505906], [-6.838188529242409, 62.04776633077404], [-6.837731585565736, 62.04790435274634], [-6.837048993990487, 62.04781574201101], [-6.836689514085193, 62.047739369104924], [-6.8356854702804135, 62.04766376397879], [-6.835301688054749, 62.04775713696405], [-6.835183765145546, 62.047629599642576], [-6.83474849091859, 62.047659050085784], [-6.834476486604555, 62.04771080930642], [-6.834324340447767, 62.04763426772182], [-6.833373318868597, 62.04764413786775], [-6.833025186981596, 62.04779812551047], [-6.832668408785203, 62.047847833523456], [-6.832448576466354, 62.04769319808013], [-6.831765979774778, 62.04779560983017], [-6.831310876006916, 62.04776772891911], [-6.83106246981763, 62.0481110041658], [-6.8306211117454785, 62.04815857136014], [-6.830450864759099, 62.048046278629684], [-6.830228870681724, 62.04814756470004], [-6.829862378170404, 62.0480785153516], [-6.829226057869075, 62.04827734575799], [-6.828844896193551, 62.048309423498], [-6.826345726351053, 62.04881913071892], [-6.822834874733475, 62.049163196554254], [-6.819566628456722, 62.04937669305089], [-6.815823555821558, 62.04988696070843], [-6.813400045834007, 62.05029420909713], [-6.8107047934105225, 62.05085404588902], [-6.809637526852478, 62.05104236983548], [-6.809553837370472, 62.051144828588605], [-6.806050575434144, 62.0515891488961], [-6.803941536152457, 62.05161589231116], [-6.800973934529846, 62.05127592919614], [-6.798320211388409, 62.0514023724977], [-6.797016103452362, 62.05160568082514], [-6.795339487971797, 62.0515669126908], [-6.792956716777361, 62.05124526236293], [-6.7915157979627665, 62.05089238857353], [-6.791315862802013, 62.05060045904763], [-6.790671456395562, 62.05051097149618], [-6.78999576943501, 62.05031755339405], [-6.789530491220958, 62.05054560601656], [-6.788965322828491, 62.050487095270306], [-6.7884135674587744, 62.050594172801574], [-6.787338102943694, 62.05049067749221], [-6.787079032636207, 62.05013135650864], [-6.786222185523254, 62.04968883934452], [-6.785938011487562, 62.04882544345066], [-6.785581072381357, 62.04858674255287], [-6.781668351711966, 62.04794238159486], [-6.781204734001826, 62.04781764347685], [-6.780625042533039, 62.047661671639574], [-6.779380756196055, 62.04793939436423], [-6.7783084807256335, 62.048066436028265], [-6.77667622962381, 62.047810521521185], [-6.776184667657019, 62.047808357106234], [-6.775398775597022, 62.04805993295669], [-6.774366680539434, 62.048110558857736], [-6.7730430041499385, 62.047780742830625], [-6.772022343886304, 62.04730137583107], [-6.771436475996948, 62.047077439673785], [-6.770943647980524, 62.04744280157835], [-6.769215816885448, 62.04733626807966], [-6.767881316515249, 62.04714745294652], [-6.767478013331533, 62.04680506377995], [-6.767529137163407, 62.04648339394855], [-6.767498105279105, 62.04628582169873], [-6.767369426481564, 62.04621236599204], [-6.766995293026451, 62.046622547996996], [-6.76672256974834, 62.046666891622635], [-6.7655782463037895, 62.04646721110929], [-6.765229464893057, 62.046231908378736], [-6.765633579195133, 62.04571313077263], [-6.766201624525731, 62.04542567688932], [-6.765041163147816, 62.04444076747836], [-6.765306710142751, 62.04430634996148], [-6.766564097481447, 62.04428789658077], [-6.7680185054673725, 62.04414350873886], [-6.76907107511785, 62.04435210337781], [-6.769954562218199, 62.044650076625054], [-6.77037954949809, 62.04468584536872], [-6.770750091881422, 62.04490631283031], [-6.771202380581248, 62.0448983469545], [-6.771360191641143, 62.04485600187577], [-6.77127164253287, 62.04470975584927], [-6.7706214738470445, 62.04454466227551], [-6.770356449855231, 62.04439799191833], [-6.77013080006289, 62.0443587068451], [-6.770072912653272, 62.04430569920147], [-6.770072202768543, 62.044103858676166], [-6.76878811255236, 62.04339854157243], [-6.768982411433691, 62.04323657088282], [-6.769498404346145, 62.04316266259552], [-6.769553594574464, 62.04298874875628], [-6.769365627815958, 62.04294163114306], [-6.768983849815205, 62.04296635125049], [-6.768673658354606, 62.04292489026542], [-6.768777795538681, 62.04249795434941], [-6.767952067301941, 62.04205474080963], [-6.767465059223395, 62.04152999773752], [-6.7670280193734165, 62.041534067106376], [-6.766811716593805, 62.0415162953348], [-6.766229883440365, 62.04114812027735], [-6.765513237545632, 62.040821934637634], [-6.7654852567544435, 62.04075764712091], [-6.7661658829027544, 62.04072762459446], [-6.765412916335926, 62.04004181311499], [-6.762236186305577, 62.03762920994475], [-6.76088777825653, 62.03688164904742], [-6.759540811697109, 62.03566570328671], [-6.760118232985381, 62.03539979634184], [-6.760521056146545, 62.03477300481234], [-6.759164677299212, 62.033312504242545], [-6.758868907134058, 62.03277015136282], [-6.758487952811678, 62.032570146717006], [-6.758466184079328, 62.03224169283243], [-6.757782252027496, 62.031855201199015], [-6.757096558714709, 62.03121322834004], [-6.755378334626584, 62.03042265373602], [-6.755074454267065, 62.030099309282576], [-6.755160932964499, 62.02993945671625], [-6.755301654430294, 62.029716865948586], [-6.755051037278931, 62.0295244819854], [-6.754592512226319, 62.02935654955625], [-6.7544065374826046, 62.02919722289326], [-6.754219759450987, 62.02892383206086], [-6.754072891437772, 62.02879179732626], [-6.753848940436078, 62.02876940805214], [-6.75344985107224, 62.02875191740221], [-6.753264650122106, 62.02870664352264], [-6.753108487629318, 62.02863850738464], [-6.7527670204896735, 62.028506841976785], [-6.752131993310519, 62.02813392747201], [-6.7517113458855205, 62.02780622256991], [-6.751005834446574, 62.027077566666556], [-6.750779498725426, 62.026699306206815], [-6.750913686693894, 62.02639793644212], [-6.751271847551401, 62.026123513100934], [-6.7514760877793965, 62.026109439388314], [-6.751739462359111, 62.026209319858786], [-6.7521323123542265, 62.02674694246136], [-6.752463544283477, 62.02680562947052], [-6.752988743055203, 62.02677269773702], [-6.753252021806851, 62.02685432076288], [-6.753612292927805, 62.026890142963495], [-6.753856221966681, 62.02699005295199], [-6.754097381264556, 62.02668390246487], [-6.754369931068432, 62.026697071231155], [-6.7547987986592, 62.02680575122082], [-6.754936030519795, 62.02695149108108], [-6.7555896813883365, 62.02720117249598], [-6.756087281004139, 62.027396402516565], [-6.756469469088292, 62.02778804012564], [-6.756714000502283, 62.02797006962518], [-6.756827907580614, 62.028010167439746], [-6.757050313835509, 62.02801480379098], [-6.75737975953605, 62.02798172785443], [-6.757832875303929, 62.027945433996685], [-6.758223807956971, 62.027689975841305], [-6.7583778628099305, 62.02731583966648], [-6.758351271692886, 62.02576522471266], [-6.758053752456282, 62.025444988352355], [-6.757648826459624, 62.02517157923216], [-6.757517289612609, 62.02509303803251], [-6.756544828010538, 62.024422905111706], [-6.756258436620695, 62.02408174621237], [-6.756017666629628, 62.02283048386219], [-6.756132111627475, 62.02277631964822], [-6.757040153978247, 62.02271443431162], [-6.757141910608735, 62.02270749761628], [-6.757145321450977, 62.0226128593926], [-6.7553924863631, 62.022663021771855], [-6.754794410885619, 62.022563514086315], [-6.754665253838758, 62.02180840643281], [-6.754304576826166, 62.021708357834825], [-6.753957278784755, 62.0213853261301], [-6.753205744044649, 62.02125009464549], [-6.753070517722516, 62.020671219166466], [-6.753489845235387, 62.02046534832935], [-6.753643330649775, 62.020501065578365], [-6.754499048177929, 62.02030875652396], [-6.754419207762521, 62.01993485961663], [-6.754691395364484, 62.01956022449205], [-6.7551127283004915, 62.01958099320278], [-6.755045763414099, 62.01893364848551], [-6.754486190072715, 62.018852002626716], [-6.7537681638413884, 62.018159228674826], [-6.7547403234809655, 62.018146493905], [-6.754103859936117, 62.0171585854808], [-6.7540833165698, 62.0165687376491], [-6.753246739989502, 62.01630058878408], [-6.753151280364271, 62.01589788531836], [-6.753962563877906, 62.01500787446828], [-6.7549354551784635, 62.01510316050726], [-6.754899162966931, 62.01447014053169], [-6.755719908931095, 62.0146699673392], [-6.75590210794341, 62.01449695574485], [-6.755332978937665, 62.01419590717571], [-6.755856386502349, 62.01365180598485], [-6.7569974298380675, 62.01285818051906], [-6.75720994017815, 62.012336028422645], [-6.757076607857785, 62.01216374139636], [-6.756644665342905, 62.011779723314504], [-6.75664194936479, 62.011473969065946], [-6.756389165948717, 62.01145648212357], [-6.7564999290197525, 62.010992310491204], [-6.756997280750102, 62.01098046310828], [-6.757019417510735, 62.01089768412284], [-6.7567970724512145, 62.01085860601589], [-6.756803036201699, 62.01066073208822], [-6.75713521039032, 62.01063502135375], [-6.757304100925328, 62.01047629194156], [-6.757797308592036, 62.0104843062227], [-6.757859302624148, 62.010420580160655], [-6.757745883275592, 62.01024590574732], [-6.75693657957834, 62.010011439416864], [-6.757141818040975, 62.00989608248325], [-6.757612001260581, 62.00973654802501], [-6.757526598914377, 62.009529019227756], [-6.758203194170829, 62.009261326868454], [-6.758186128726507, 62.00914271609039], [-6.7585594222408245, 62.00901733810304], [-6.758977292169177, 62.009067669408175], [-6.75897903982167, 62.00899192125532], [-6.759070841617045, 62.008990359453314], [-6.75943044852507, 62.00920189060683], [-6.759740746359127, 62.009174696415336], [-6.759682302677903, 62.009036829173645], [-6.75975581641614, 62.008969608290705], [-6.759678323980423, 62.008859623529304], [-6.75965284560288, 62.00873845230318], [-6.759669114420902, 62.008634029920934], [-6.759798382706994, 62.00850729050527], [-6.76005361696547, 62.008527504838554], [-6.760580134269897, 62.00847167627424], [-6.760804448822138, 62.0083303175514], [-6.760824849546493, 62.008169578704134], [-6.76103970407959, 62.00815699386316], [-6.7612868566003925, 62.008289841671484], [-6.76143349208375, 62.008040919252444], [-6.761644579473697, 62.008082231663344], [-6.7617919746866395, 62.00782290647298], [-6.761623669448022, 62.00766718706278], [-6.761930353199985, 62.00745479808728], [-6.7625408492324866, 62.007420345924636], [-6.762847068262261, 62.007328704922685], [-6.762890257961163, 62.00720864772581], [-6.762698878186644, 62.00713309042896], [-6.762796124183867, 62.00699894296453], [-6.762693765628836, 62.00687271019452], [-6.761658278731634, 62.005647731423814], [-6.759509666256866, 62.00515820032095], [-6.75940032461999, 62.00511790803396], [-6.759145301838524, 62.00491848923804], [-6.759128165541339, 62.00478003540061], [-6.759259860447381, 62.00460189059106], [-6.76045932054316, 62.003467298921], [-6.760609719020089, 62.00339575922643], [-6.760899024626247, 62.00339354135965], [-6.7610520621388694, 62.00346030923321], [-6.761094028518244, 62.00353901131772], [-6.761056800295066, 62.00360646240459], [-6.760886609207687, 62.00376288506407], [-6.761187496114437, 62.00383968359494], [-6.760749439236231, 62.00427843517744], [-6.76260310865032, 62.0046976936285], [-6.763279001520396, 62.004539077684825], [-6.763768650564912, 62.004526129291854], [-6.76546310936745, 62.00289595989458], [-6.765872483381274, 62.002762612564], [-6.767183040495929, 62.002960008243946], [-6.767423362703301, 62.002990293274635], [-6.767527735416589, 62.00289241360139], [-6.767824406578356, 62.00296167739236], [-6.7642698657250016, 62.006356975819344], [-6.76444898903587, 62.00643035717753], [-6.764289007197175, 62.00652311405933], [-6.764808272795603, 62.00688607709832], [-6.764928909985916, 62.0069652709658], [-6.76685673407037, 62.00826328451915], [-6.767250967605969, 62.008140826319995], [-6.767599218703969, 62.008528932898265], [-6.768383039946171, 62.008290041232335], [-6.768590361351784, 62.0084403672695], [-6.768121969694646, 62.00858174108846], [-6.768113359166962, 62.008756766875905], [-6.768493735220059, 62.008883675418986], [-6.768906501417612, 62.00915008929999], [-6.76902462622844, 62.00911770227118], [-6.769157005635905, 62.00918026573429], [-6.76957533788024, 62.00907830163686], [-6.769434460699524, 62.008896909258645], [-6.769369143713812, 62.00862004276604], [-6.769267598797254, 62.00854594711611], [-6.769217554179297, 62.008410195563904], [-6.769118215071215, 62.00830596864208], [-6.7690060326523644, 62.00825980261035], [-6.769120743096546, 62.00821137912918], [-6.769166314173035, 62.00814459967725], [-6.768834490259345, 62.007881560106256], [-6.768620178424553, 62.00776936855039], [-6.768633469228062, 62.007705209647455], [-6.768457772000066, 62.007650025427814], [-6.768154175803973, 62.00735116849572], [-6.768169233200761, 62.00726288678055], [-6.768331191021402, 62.00727349680648], [-6.768479556123773, 62.00735239063369], [-6.768614571642336, 62.007378815187], [-6.768610108218706, 62.00732235979948], [-6.768714223071188, 62.00730384238709], [-6.768958112660414, 62.00736416907171], [-6.769437520077898, 62.00771416892178], [-6.769821167013296, 62.007882426593724], [-6.770238646615222, 62.00790937410501], [-6.769976538247738, 62.00774810962901], [-6.770115131489886, 62.00769692895993], [-6.770357760605153, 62.00768576615538], [-6.770537633443224, 62.0078014387032], [-6.770532341576298, 62.0078738073469], [-6.770678282390722, 62.00806695207683], [-6.771335388131917, 62.008599469285826], [-6.771892156421265, 62.00882986257252], [-6.772439963280901, 62.009183020338476], [-6.772705841109911, 62.0094106893974], [-6.7732171653846285, 62.00920965949484], [-6.773590390454765, 62.00896402274712], [-6.774572898471001, 62.00855403533631], [-6.775345642750476, 62.008055187474355], [-6.775739461068419, 62.00758443518312], [-6.775460435278692, 62.007479291853556], [-6.774995172553613, 62.007578451441624], [-6.7749268899438775, 62.00751692721102], [-6.775339366798685, 62.00743702800237], [-6.774998928984108, 62.00716578472394], [-6.774956619061525, 62.006931579813404], [-6.774722628266831, 62.00687160306178], [-6.774551265226278, 62.00674125935348], [-6.774418688629574, 62.00682531173333], [-6.774155346902784, 62.006913629234354], [-6.772135103338341, 62.0074970207685], [-6.772029063428624, 62.007426894805256], [-6.773367776604016, 62.00702975999034], [-6.7712551350976256, 62.00554010641487], [-6.769764403091843, 62.00555633143217], [-6.769688161769768, 62.00542626170371], [-6.770033149365637, 62.00539152545732], [-6.770253228147869, 62.00522296360153], [-6.770839836337604, 62.00519619956323], [-6.770797676160222, 62.00471832732414], [-6.770526395340311, 62.00473810574406], [-6.770327566665619, 62.004206358256596], [-6.770625392864393, 62.00417492842926], [-6.770531744170402, 62.003962001399906], [-6.770643698533065, 62.00392454781499], [-6.770818498242989, 62.00390623070769], [-6.771861858389703, 62.00419460011925], [-6.772148007308067, 62.00435328680157], [-6.772582137937656, 62.00457545852445], [-6.773183039886949, 62.004786449066486], [-6.773542834132046, 62.0047841749186], [-6.774142067649464, 62.00506527823762], [-6.774317657968352, 62.00477213198161], [-6.774672546237635, 62.004663088880676], [-6.774362953088065, 62.00397553209296], [-6.7738782905832, 62.00375025938448], [-6.774272909808294, 62.00291430347145], [-6.772961477228967, 62.00275692114883], [-6.774475965659299, 62.00248186716307], [-6.774277439564913, 62.00200973336513], [-6.774682108692002, 62.00189451675072], [-6.774011368077561, 62.001942413752076], [-6.773448414053981, 62.001609934793734], [-6.7740317887422545, 62.001523999996714], [-6.77392053500394, 62.00114753466317], [-6.774895456192643, 62.00110886417083], [-6.775229731128662, 62.00116785493641], [-6.775378401193965, 62.00139946560104], [-6.775818711966302, 62.00144211847071], [-6.77700802858815, 62.00100402635077], [-6.777360503707917, 62.00057479831686], [-6.777514329836553, 62.00022693469276], [-6.77718069144724, 61.999683452894196]]]]}, "properties": {"disaggregations": [{"Series": "Partur av f\u00f3lkinum, i\u00f0 livir av minni enn f\u00e1t\u00e6kamarkinum \u00ed landinum", "region": "Streymoyar \u00f8ki, su\u00f0ur", "sex": "", "age": "", "Units": "%"}, {"Series": "Partur av f\u00f3lkinum, i\u00f0 livir av minni enn f\u00e1t\u00e6kamarkinum \u00ed landinum", "region": "Streymoyar \u00f8ki, su\u00f0ur", "sex": "", "age": "Aldur 0 - 17", "Units": "%"}, {"Series": "Partur av f\u00f3lkinum, i\u00f0 livir av minni enn f\u00e1t\u00e6kamarkinum \u00ed landinum", "region": "Streymoyar \u00f8ki, su\u00f0ur", "sex": "", "age": "Aldur 18 - 24", "Units": "%"}, {"Series": "Partur av f\u00f3lkinum, i\u00f0 livir av minni enn f\u00e1t\u00e6kamarkinum \u00ed landinum", "region": "Streymoyar \u00f8ki, su\u00f0ur", "sex": "", "age": "Aldur 25 - 54", "Units": "%"}, {"Series": "Partur av f\u00f3lkinum, i\u00f0 livir av minni enn f\u00e1t\u00e6kamarkinum \u00ed landinum", "region": "Streymoyar \u00f8ki, su\u00f0ur", "sex": "", "age": "Aldur 55 - 66", "Units": "%"}, {"Series": "Partur av f\u00f3lkinum, i\u00f0 livir av minni enn f\u00e1t\u00e6kamarkinum \u00ed landinum", "region": "Streymoyar \u00f8ki, su\u00f0ur", "sex": "", "age": "Aldur 67 + ", "Units": "%"}, {"Series": "Partur av f\u00f3lkinum, i\u00f0 livir av minni enn f\u00e1t\u00e6kamarkinum \u00ed landinum", "region": "Streymoyar \u00f8ki, su\u00f0ur", "sex": "Kvinnur", "age": "", "Units": "%"}, {"Series": "Partur av f\u00f3lkinum, i\u00f0 livir av minni enn f\u00e1t\u00e6kamarkinum \u00ed landinum", "region": "Streymoyar \u00f8ki, su\u00f0ur", "sex": "Kvinnur", "age": "Aldur 0 - 17", "Units": "%"}, {"Series": "Partur av f\u00f3lkinum, i\u00f0 livir av minni enn f\u00e1t\u00e6kamarkinum \u00ed landinum", "region": "Streymoyar \u00f8ki, su\u00f0ur", "sex": "Kvinnur", "age": "Aldur 18 - 24", "Units": "%"}, {"Series": "Partur av f\u00f3lkinum, i\u00f0 livir av minni enn f\u00e1t\u00e6kamarkinum \u00ed landinum", "region": "Streymoyar \u00f8ki, su\u00f0ur", "sex": "Kvinnur", "age": "Aldur 25 - 54", "Units": "%"}, {"Series": "Partur av f\u00f3lkinum, i\u00f0 livir av minni enn f\u00e1t\u00e6kamarkinum \u00ed landinum", "region": "Streymoyar \u00f8ki, su\u00f0ur", "sex": "Kvinnur", "age": "Aldur 55 - 66", "Units": "%"}, {"Series": "Partur av f\u00f3lkinum, i\u00f0 livir av minni enn f\u00e1t\u00e6kamarkinum \u00ed landinum", "region": "Streymoyar \u00f8ki, su\u00f0ur", "sex": "Kvinnur", "age": "Aldur 67 + ", "Units": "%"}, {"Series": "Partur av f\u00f3lkinum, i\u00f0 livir av minni enn f\u00e1t\u00e6kamarkinum \u00ed landinum", "region": "Streymoyar \u00f8ki, su\u00f0ur", "sex": "Menn", "age": "", "Units": "%"}, {"Series": "Partur av f\u00f3lkinum, i\u00f0 livir av minni enn f\u00e1t\u00e6kamarkinum \u00ed landinum", "region": "Streymoyar \u00f8ki, su\u00f0ur", "sex": "Menn", "age": "Aldur 0 - 17", "Units": "%"}, {"Series": "Partur av f\u00f3lkinum, i\u00f0 livir av minni enn f\u00e1t\u00e6kamarkinum \u00ed landinum", "region": "Streymoyar \u00f8ki, su\u00f0ur", "sex": "Menn", "age": "Aldur 18 - 24", "Units": "%"}, {"Series": "Partur av f\u00f3lkinum, i\u00f0 livir av minni enn f\u00e1t\u00e6kamarkinum \u00ed landinum", "region": "Streymoyar \u00f8ki, su\u00f0ur", "sex": "Menn", "age": "Aldur 25 - 54", "Units": "%"}, {"Series": "Partur av f\u00f3lkinum, i\u00f0 livir av minni enn f\u00e1t\u00e6kamarkinum \u00ed landinum", "region": "Streymoyar \u00f8ki, su\u00f0ur", "sex": "Menn", "age": "Aldur 55 - 66", "Units": "%"}, {"Series": "Partur av f\u00f3lkinum, i\u00f0 livir av minni enn f\u00e1t\u00e6kamarkinum \u00ed landinum", "region": "Streymoyar \u00f8ki, su\u00f0ur", "sex": "Menn", "age": "Aldur 67 + ", "Units": "%"}], "values": [{"2009": 2.7, "2010": 3.7, "2011": 4.4, "2012": 4.5, "2013": 3.3, "2014": 3.5, "2015": 3.3, "2016": 3.2, "2017": 3.0, "2018": 2.8, "2019": 2.6, "2020": 2.2, "2021": 2.6, "2022": 2.8, "2023": 2.6, "2024": 3.1}, {"2009": 2.9, "2010": 4.2, "2011": 5.3, "2012": 5.2, "2013": 4.0, "2014": 4.1, "2015": 3.8, "2016": 3.6, "2017": 3.4, "2018": 3.0, "2019": 3.0, "2020": 2.6, "2021": 2.9, "2022": 3.3, "2023": 2.5, "2024": 3.3}, {"2009": 3.0, "2010": 4.9, "2011": 7.3, "2012": 7.7, "2013": 4.9, "2014": 5.8, "2015": 5.4, "2016": 4.3, "2017": 3.8, "2018": 3.8, "2019": 3.7, "2020": 3.1, "2021": 4.5, "2022": 4.8, "2023": 5.0, "2024": 5.5}, {"2009": 2.6, "2010": 3.6, "2011": 3.8, "2012": 4.0, "2013": 2.8, "2014": 2.9, "2015": 3.0, "2016": 3.1, "2017": 2.8, "2018": 2.8, "2019": 2.5, "2020": 2.1, "2021": 2.6, "2022": 3.1, "2023": 2.8, "2024": 3.3}, {"2009": 2.9, "2010": 3.5, "2011": 3.6, "2012": 4.1, "2013": 3.3, "2014": 3.8, "2015": 3.4, "2016": 3.3, "2017": 3.1, "2018": 2.7, "2019": 2.6, "2020": 1.9, "2021": 2.2, "2022": 1.9, "2023": 2.1, "2024": 2.4}, {"2009": 2.2, "2010": 1.8, "2011": 2.7, "2012": 2.5, "2013": 1.9, "2014": 1.9, "2015": 1.6, "2016": 2.0, "2017": 2.3, "2018": 1.9, "2019": 1.5, "2020": 1.3, "2021": 1.0, "2022": 0.7, "2023": 1.6, "2024": 1.4}, {"2009": 2.8, "2010": 3.8, "2011": 4.7, "2012": 4.7, "2013": 3.5, "2014": 3.6, "2015": 3.3, "2016": 3.4, "2017": 3.0, "2018": 2.7, "2019": 2.9, "2020": 2.3, "2021": 2.7, "2022": 2.9, "2023": 2.8, "2024": 3.4}, {"2009": 3.0, "2010": 4.3, "2011": 5.6, "2012": 5.2, "2013": 4.0, "2014": 3.8, "2015": 4.0, "2016": 3.7, "2017": 3.0, "2018": 2.7, "2019": 3.7, "2020": 2.7, "2021": 3.2, "2022": 3.3, "2023": 2.9, "2024": 4.2}, {"2009": 3.6, "2010": 6.6, "2011": 10.0, "2012": 10.5, "2013": 6.6, "2014": 8.1, "2015": 6.9, "2016": 5.9, "2017": 5.1, "2018": 4.2, "2019": 4.8, "2020": 4.5, "2021": 5.9, "2022": 7.3, "2023": 7.2, "2024": 7.0}, {"2009": 2.9, "2010": 3.8, "2011": 4.1, "2012": 4.1, "2013": 3.0, "2014": 2.9, "2015": 2.9, "2016": 3.2, "2017": 2.8, "2018": 2.6, "2019": 2.6, "2020": 2.2, "2021": 2.7, "2022": 3.1, "2023": 2.5, "2024": 3.3}, {"2009": 2.4, "2010": 2.9, "2011": 3.3, "2012": 3.9, "2013": 3.2, "2014": 3.9, "2015": 2.8, "2016": 3.0, "2017": 2.5, "2018": 2.3, "2019": 2.4, "2020": 1.5, "2021": 1.5, "2022": 1.4, "2023": 1.6, "2024": 1.8}, {"2009": 2.2, "2010": 1.7, "2011": 2.3, "2012": 2.2, "2013": 1.8, "2014": 1.8, "2015": 1.4, "2016": 1.9, "2017": 2.9, "2018": 2.5, "2019": 1.8, "2020": 1.5, "2021": 1.2, "2022": 1.1, "2023": 2.0, "2024": 1.8}, {"2009": 2.6, "2010": 3.6, "2011": 4.1, "2012": 4.3, "2013": 3.1, "2014": 3.4, "2015": 3.2, "2016": 3.1, "2017": 3.0, "2018": 2.9, "2019": 2.3, "2020": 2.0, "2021": 2.4, "2022": 2.6, "2023": 2.5, "2024": 2.8}, {"2009": 2.9, "2010": 4.2, "2011": 4.9, "2012": 5.1, "2013": 4.0, "2014": 4.4, "2015": 3.6, "2016": 3.5, "2017": 3.8, "2018": 3.3, "2019": 2.2, "2020": 2.5, "2021": 2.6, "2022": 3.3, "2023": 2.1, "2024": 2.5}, {"2009": 2.4, "2010": 3.4, "2011": 5.0, "2012": 5.3, "2013": 3.5, "2014": 3.8, "2015": 4.0, "2016": 2.9, "2017": 2.6, "2018": 3.4, "2019": 2.7, "2020": 1.8, "2021": 3.1, "2022": 2.5, "2023": 3.1, "2024": 4.2}, {"2009": 2.3, "2010": 3.4, "2011": 3.6, "2012": 3.9, "2013": 2.5, "2014": 2.9, "2015": 3.1, "2016": 3.0, "2017": 2.8, "2018": 2.9, "2019": 2.4, "2020": 1.9, "2021": 2.5, "2022": 3.1, "2023": 3.1, "2024": 3.3}, {"2009": 3.4, "2010": 4.1, "2011": 4.0, "2012": 4.2, "2013": 3.4, "2014": 3.6, "2015": 3.9, "2016": 3.5, "2017": 3.8, "2018": 3.1, "2019": 2.8, "2020": 2.3, "2021": 2.8, "2022": 2.3, "2023": 2.6, "2024": 3.0}, {"2009": 2.2, "2010": 2.0, "2011": 3.2, "2012": 2.9, "2013": 2.0, "2014": 2.0, "2015": 1.7, "2016": 2.2, "2017": 1.7, "2018": 1.3, "2019": 1.2, "2020": 1.1, "2021": 0.8, "2022": 0.4, "2023": 1.1, "2024": 0.9}], "observation_attributes": [{}, {}, {}, {}, {}, {}, {}, {}, {}, {}, {}, {}, {}, {}, {}, {}, {}, {}], "name": "Sudurstreymoyar", "geocode": "4700"}}, {"type": "Feature", "geometry": {"type": "MultiPolygon", "coordinates": [[[[-7.665644651633383, 62.102007779576724], [-7.661733196551776, 62.1002826146961], [-7.661459998624044, 62.100184752620514], [-7.661040588891873, 62.099753951992376], [-7.662628751867445, 62.09909727916149], [-7.663768440557284, 62.09934072700734], [-7.663489081613407, 62.09895167151008], [-7.667111385359089, 62.09798241816946], [-7.66905555179483, 62.09755221034038], [-7.669028260731817, 62.097462560503025], [-7.668596112019158, 62.09741308323912], [-7.671283855753896, 62.09680601361081], [-7.67276949115857, 62.09674371080406], [-7.672930357738128, 62.09657661954736], [-7.672568565607423, 62.09623148651123], [-7.673261867870784, 62.096123526540566], [-7.673393590470518, 62.09631280747518], [-7.6740098439728355, 62.09620204124622], [-7.674907725841169, 62.09539780613185], [-7.675360703774109, 62.0954038465029], [-7.675784762359462, 62.09560794806998], [-7.676771334240225, 62.09553652037446], [-7.677524917040996, 62.0952480973455], [-7.677668982588675, 62.09489407841415], [-7.679480594078705, 62.09506564527103], [-7.67994419421243, 62.09529452203081], [-7.680753595177747, 62.095210517297836], [-7.680590498490612, 62.095010803382216], [-7.680938735595504, 62.094751794017625], [-7.6816337768259935, 62.094845199620266], [-7.682789572177188, 62.09478270010821], [-7.68288062250879, 62.094921954938435], [-7.681619605618923, 62.09534889945056], [-7.683463610085532, 62.09651627525058], [-7.68507379857582, 62.096650312533136], [-7.685010303528772, 62.09708255439721], [-7.685280006958514, 62.09726676179621], [-7.687728712202907, 62.09664382363168], [-7.688191677803532, 62.09685830649456], [-7.68664498199121, 62.09772351124126], [-7.683397186466058, 62.0983295904734], [-7.683104527228407, 62.09814928939384], [-7.684341439459733, 62.097697421455905], [-7.684042781691183, 62.09754955338359], [-7.681550975213123, 62.097917497357685], [-7.67899748258803, 62.09876073228527], [-7.67833460244659, 62.09918132834365], [-7.674840594645722, 62.099940838268054], [-7.674224950269061, 62.099904161559294], [-7.673507888078331, 62.10015980130976], [-7.673680059174666, 62.10038814977722], [-7.672964605273914, 62.10051438811481], [-7.671838913585914, 62.100403886261226], [-7.6686403383652255, 62.101250078729336], [-7.6682380452356425, 62.10150602576087], [-7.6666154634193635, 62.101763867259635], [-7.666174336989682, 62.10200947268519], [-7.665644651633383, 62.102007779576724]]], [[[-7.59577344711576, 62.116847854480106], [-7.593851202735265, 62.116791379904505], [-7.591178279149476, 62.116943719596705], [-7.593226237712908, 62.11655303528641], [-7.5904814051298315, 62.11664485862982], [-7.590488458642447, 62.11697206350373], [-7.589030744599739, 62.11682816573935], [-7.586946784151262, 62.11641714639224], [-7.585454650646849, 62.11653609211486], [-7.583949405725153, 62.116187656333146], [-7.583594450046138, 62.11580277507253], [-7.583964055817617, 62.11565523748311], [-7.583387238792114, 62.115463111378396], [-7.582563916848497, 62.11559353051986], [-7.581146225831193, 62.115485139706536], [-7.580527050047611, 62.1152034470427], [-7.580061617055199, 62.11526912967604], [-7.5800480539815345, 62.11548151580685], [-7.579168649100558, 62.11521680418676], [-7.578252676192096, 62.11430866083297], [-7.5785169441905325, 62.11420537960209], [-7.578138191229152, 62.113978915056734], [-7.578833402888752, 62.11372757285283], [-7.577590117511977, 62.11356708449787], [-7.578173698074471, 62.11339600148956], [-7.579062740053685, 62.113531131921505], [-7.57842662301442, 62.112523186766595], [-7.574504294378353, 62.11306139724108], [-7.574242601101505, 62.11287687226054], [-7.5753234254396835, 62.11249237984046], [-7.575982277283368, 62.112460742492296], [-7.5756535713760895, 62.11232013646748], [-7.575752145114112, 62.11211777889143], [-7.575277520648051, 62.111460601777296], [-7.574668047915858, 62.11156732517096], [-7.574489468910952, 62.1115186383332], [-7.574558065231007, 62.11133464078495], [-7.574076536688187, 62.1112134591747], [-7.571490278866179, 62.11158026919431], [-7.570476874192272, 62.11192818189406], [-7.569283167162463, 62.11201529866494], [-7.569152495317786, 62.11184037386398], [-7.570727469017221, 62.11117050290236], [-7.570807648465988, 62.11090360851609], [-7.570306678421718, 62.110858140754694], [-7.567447112082922, 62.111295827888], [-7.566402047704327, 62.11057958522686], [-7.566914736288078, 62.11019340459192], [-7.566628619921886, 62.109796982761104], [-7.566807702709307, 62.109680097716], [-7.565213043865591, 62.1093826710844], [-7.563526769157966, 62.10857189599471], [-7.562848568064428, 62.10798498850311], [-7.562014865158305, 62.10770538055126], [-7.561548451432326, 62.10740059383471], [-7.561822619717295, 62.107351207140205], [-7.561778535563652, 62.10722213825683], [-7.561464926850949, 62.1072467930426], [-7.561433725922608, 62.10706005915718], [-7.560337249878667, 62.106739746619525], [-7.557831748828447, 62.10701568427849], [-7.556831484848506, 62.106787979920256], [-7.5565768303451, 62.10693063059532], [-7.555991641339579, 62.10688952748106], [-7.555794012981083, 62.106585728054526], [-7.554814073272425, 62.106120473650385], [-7.5550618817808175, 62.1058196156777], [-7.554834955232593, 62.10571744590131], [-7.553454204156484, 62.10573794199652], [-7.553168582562967, 62.10552485374763], [-7.551927897417084, 62.10506205890384], [-7.552862468393647, 62.1046719035962], [-7.5531157261035125, 62.10431707648159], [-7.552154359542848, 62.10409970557162], [-7.551814412637824, 62.10369658412889], [-7.55086169328759, 62.10402578163941], [-7.550619905338452, 62.10393457808506], [-7.5505469303388075, 62.10349655253699], [-7.549904209874212, 62.10336605792278], [-7.549211617393563, 62.10367472289357], [-7.548010956613197, 62.10359994103193], [-7.547751656780616, 62.103458557934644], [-7.547220434338196, 62.103424085887895], [-7.5484987514453445, 62.10281489619478], [-7.548562027114129, 62.10250852468727], [-7.547431123533918, 62.100505470156456], [-7.546992976705453, 62.10031185893946], [-7.5457758216296025, 62.100384611807065], [-7.5455047514430955, 62.09979740107979], [-7.545625827680129, 62.099404221037176], [-7.544038225859138, 62.099602755360614], [-7.543192224399175, 62.09938428915729], [-7.54234817234544, 62.099385098088135], [-7.540442964707705, 62.09898609991608], [-7.541971243985008, 62.09865863921894], [-7.541551527273186, 62.098533234890176], [-7.541799192025531, 62.0984085777947], [-7.541717977081061, 62.098305047987964], [-7.539677656202141, 62.0983244673532], [-7.5384946951088665, 62.0984759581206], [-7.537661202711204, 62.098365200142155], [-7.536493612883798, 62.098340297115996], [-7.536074252194249, 62.09857801012408], [-7.535344803934278, 62.09839070409646], [-7.534038034447046, 62.098162189574495], [-7.533979560647235, 62.09823103731129], [-7.535320451955864, 62.098538445053805], [-7.535230656639492, 62.09858964006776], [-7.5336293653700235, 62.09847171928041], [-7.532497771072055, 62.09874854633293], [-7.532083611037453, 62.098576232230414], [-7.532979746674281, 62.09799956999866], [-7.533492521765887, 62.097969551330216], [-7.53346526711896, 62.09769283082771], [-7.532967042461131, 62.09752851398689], [-7.531614329050739, 62.097296796558815], [-7.530663898433091, 62.09696773825603], [-7.530397618184595, 62.096664516153396], [-7.5285795876865755, 62.095962470104816], [-7.52856283025808, 62.09574680038058], [-7.5279001815953475, 62.09532510648305], [-7.528208501944285, 62.09517832162401], [-7.5301786143457345, 62.09549417523052], [-7.530602602912676, 62.09518454894535], [-7.530497891381646, 62.094890580782746], [-7.529610466693413, 62.094773097288346], [-7.528899361389373, 62.09447053108356], [-7.52881011835504, 62.09435990715813], [-7.529873032177096, 62.093738457063594], [-7.531721097579611, 62.09318160370784], [-7.532749928206594, 62.093197090573014], [-7.532816286899926, 62.093135327492575], [-7.532073830370933, 62.09299848392455], [-7.532033643647706, 62.09277583496697], [-7.533085235285354, 62.09225162074418], [-7.5333301859863955, 62.09223851015881], [-7.533544133119854, 62.09257455979711], [-7.533783174352976, 62.09260464559635], [-7.533956347687744, 62.09252749931394], [-7.533792251401456, 62.09227733131907], [-7.534616232179874, 62.09217243292609], [-7.535449292815238, 62.092008076225476], [-7.536333968136381, 62.092684774683605], [-7.536645018550759, 62.093494651829815], [-7.536533881139741, 62.093938011358794], [-7.536766903313412, 62.09436014832801], [-7.5376839526144845, 62.09427596010608], [-7.537731712679, 62.09413887710852], [-7.540999618308242, 62.09394234246038], [-7.540997849071092, 62.09407901368631], [-7.541299511827324, 62.09413729969393], [-7.541921475035515, 62.09379328756647], [-7.542757707746697, 62.093792580080226], [-7.54426135005088, 62.09413787503424], [-7.545028421669277, 62.0941340928664], [-7.5494693832041015, 62.09357022034441], [-7.553338324854534, 62.092734749196524], [-7.5544586101251205, 62.0925621068097], [-7.5567301261735205, 62.092572617429504], [-7.557598066541249, 62.09364672687092], [-7.563489576983916, 62.094143728112144], [-7.565575207725626, 62.093936494757735], [-7.5675763661447855, 62.09407891801053], [-7.568596868165119, 62.09459763642898], [-7.5687131083436725, 62.09514675922396], [-7.57003663031592, 62.095921513039855], [-7.571639971577281, 62.09608929357079], [-7.573179263231234, 62.09567158832849], [-7.574524895186205, 62.09487438657236], [-7.576238698487783, 62.09545107240089], [-7.5754997773574555, 62.09626386890376], [-7.575840599899507, 62.09667770927584], [-7.577177659316851, 62.09758177011215], [-7.580157576023864, 62.09815319239256], [-7.582161794204538, 62.09801128696295], [-7.582114051516509, 62.09763053124857], [-7.582289862187896, 62.09761797191437], [-7.5826319187815425, 62.09805693669697], [-7.586503727570907, 62.09763772544576], [-7.591184871473129, 62.09695856587926], [-7.592476471379051, 62.09633080796566], [-7.594381026470558, 62.09585528486311], [-7.595689868840637, 62.095270483205255], [-7.596029722355198, 62.0953210485064], [-7.595624787062551, 62.09603717419117], [-7.595922275540127, 62.09786837179849], [-7.595567717477525, 62.09834295616725], [-7.595631541787673, 62.09839987600328], [-7.596694492578196, 62.09814481903722], [-7.598569429940677, 62.097353022854215], [-7.598685807138094, 62.09704250414736], [-7.599342847377438, 62.0968094349838], [-7.599888441671772, 62.096825634106395], [-7.599787611640312, 62.09663237294474], [-7.6002367569917455, 62.096214379024], [-7.601938086741347, 62.09565798879067], [-7.602647434732971, 62.095222960154196], [-7.60325295011757, 62.09520968541389], [-7.604063055436848, 62.094802411433484], [-7.604445189626863, 62.09611847601829], [-7.604111363226927, 62.096707988301006], [-7.604249273179706, 62.09670309641936], [-7.605166070626943, 62.09576961974792], [-7.605235963519644, 62.09579051735158], [-7.604540114749151, 62.09652033901769], [-7.604750967205653, 62.097442474920584], [-7.605984508491024, 62.09790848952073], [-7.607642888019955, 62.09809336650713], [-7.608904983172915, 62.09783618097612], [-7.60953736274983, 62.097567276007155], [-7.610849587898235, 62.09723052121343], [-7.611147432321172, 62.096864285537855], [-7.612245781791799, 62.09655112982247], [-7.611874410698715, 62.09682104868586], [-7.611752206371592, 62.09700210180885], [-7.615289969726498, 62.09683703572798], [-7.615761774425019, 62.09674958285134], [-7.616014794913597, 62.09691249232242], [-7.6166553540849415, 62.09699239821739], [-7.616819555107916, 62.096893610865926], [-7.616354566025656, 62.09662501527014], [-7.618133797164539, 62.09543100945317], [-7.619503341722676, 62.09534173298528], [-7.620458077198691, 62.09508030172058], [-7.621162197350038, 62.095206322670904], [-7.622302417101007, 62.094806360582346], [-7.622789729183235, 62.09506034973957], [-7.621867209439118, 62.09602277933873], [-7.619983846113331, 62.09711707115414], [-7.620467234208576, 62.09728487108917], [-7.6222715972521575, 62.09664085934872], [-7.6228177136169, 62.09616775772309], [-7.623618225056815, 62.09605177732358], [-7.625462613811863, 62.09594687912222], [-7.6258250377190375, 62.0961517814444], [-7.6255554677743005, 62.09629476591956], [-7.62566019631076, 62.09657061329929], [-7.628627983070353, 62.097691375780435], [-7.62875266517754, 62.097567861567015], [-7.628852952720218, 62.09757765013373], [-7.628319767231216, 62.09915829894888], [-7.628750021488323, 62.09916830485177], [-7.629311009784457, 62.09885687141029], [-7.630943201169114, 62.09830447033028], [-7.631268566356417, 62.09853851811985], [-7.63145010616791, 62.09847910494182], [-7.631155425378347, 62.09824832264162], [-7.633049468652109, 62.09771841008135], [-7.634785818038677, 62.09859263165606], [-7.635181373955211, 62.099012959706435], [-7.6359628596281, 62.0994797192625], [-7.635347913330175, 62.099953538754356], [-7.63572577835868, 62.10015829678156], [-7.637124055402713, 62.10002533087704], [-7.638234984158118, 62.09965429731193], [-7.639394141825293, 62.09916777554605], [-7.639313997897018, 62.09958933868336], [-7.639725040791023, 62.09968222755479], [-7.642042208853573, 62.09934203630477], [-7.641398497406667, 62.09969031243656], [-7.640773801303213, 62.10044837875961], [-7.639473015848772, 62.10102631928211], [-7.639533075342839, 62.10132774222677], [-7.639964280649508, 62.10135576147093], [-7.642795654833018, 62.100521163428404], [-7.6439436023426355, 62.10003444869375], [-7.644534162835097, 62.09978404897229], [-7.645450380204938, 62.09968469103163], [-7.646429747247638, 62.1006060994274], [-7.648409859916357, 62.100114603115884], [-7.648675349819754, 62.10021259563088], [-7.6481323772923115, 62.10107057162425], [-7.647806893080241, 62.10116737149232], [-7.646155538809738, 62.100979368917585], [-7.646019492075705, 62.10102389933917], [-7.647884125953463, 62.10134286314527], [-7.647775936897867, 62.10165681858132], [-7.647196729072352, 62.101907388529845], [-7.647106776936086, 62.102116876656666], [-7.647336876967442, 62.10211086798531], [-7.647725011767944, 62.10188032974815], [-7.648060754185157, 62.10183729886853], [-7.648046710716389, 62.10170083606923], [-7.648706178561105, 62.101686811280246], [-7.648841043050988, 62.10161713754651], [-7.648462998285166, 62.101577818380235], [-7.64846133854332, 62.101541903386284], [-7.648900955198971, 62.10158774669046], [-7.649504285238218, 62.101358495615244], [-7.649660858456586, 62.10142526872091], [-7.649225503917052, 62.1017966132631], [-7.650609522961016, 62.101523366773215], [-7.65116008524508, 62.10148170386908], [-7.651155138852006, 62.101701176606], [-7.650655192280555, 62.10200485529964], [-7.649710238716619, 62.1024784818795], [-7.650040327379498, 62.10264055248663], [-7.653910693497475, 62.10154329376237], [-7.653583511650057, 62.10176959523516], [-7.65487259102296, 62.10159805363171], [-7.654613070967693, 62.10195317319025], [-7.654594148883751, 62.102532394598434], [-7.654921998820073, 62.10248586004925], [-7.656124391047957, 62.10177570195848], [-7.657530258555507, 62.10180432742832], [-7.657837568842018, 62.101650070397646], [-7.656414998793562, 62.10142743292784], [-7.658422436569778, 62.10070900059826], [-7.6602438730753635, 62.100111064986365], [-7.661057434239971, 62.10043708681962], [-7.663168518586086, 62.101094866026436], [-7.663973466318991, 62.10188854580528], [-7.6649666897681765, 62.10227739444827], [-7.6648524458237635, 62.10245838851921], [-7.663981004991444, 62.102532190790185], [-7.6628728680224105, 62.10311911646706], [-7.659356661972227, 62.10391087627197], [-7.657051423215052, 62.10402109444754], [-7.65739181639429, 62.10375147560754], [-7.65654331488109, 62.103825005283326], [-7.655111223610682, 62.104382880214885], [-7.656691425631819, 62.104201044870564], [-7.6571301294897935, 62.10422531345822], [-7.65716188710826, 62.10440834565565], [-7.656423756581775, 62.104545498478295], [-7.655950695237436, 62.10476976183289], [-7.6544482238154945, 62.104648641368826], [-7.65146105272229, 62.10560015707039], [-7.649412445419575, 62.105944923639015], [-7.649214881395855, 62.10631742065732], [-7.6479125973949875, 62.10653940008337], [-7.647008816509372, 62.10707372153133], [-7.64597269738546, 62.107404453907115], [-7.645100491195536, 62.10730195837699], [-7.643751305923076, 62.10767188204466], [-7.63967204959208, 62.10908748176296], [-7.638895712843885, 62.10890116778744], [-7.640220574358871, 62.108340967197144], [-7.639887915279841, 62.10828322412133], [-7.639781469291143, 62.10814046799698], [-7.637702560934939, 62.10833794024338], [-7.637492731528241, 62.1081170724435], [-7.633915692422602, 62.10911742857229], [-7.633140780518596, 62.10895981518087], [-7.632311187591386, 62.10928117733467], [-7.632711200499351, 62.10946417284576], [-7.629936586730521, 62.11055330042764], [-7.628027958342792, 62.11111570126094], [-7.627048430310832, 62.11118676774099], [-7.627080702347173, 62.111053363947676], [-7.625418204313006, 62.1112931934505], [-7.62525513734539, 62.11208601977668], [-7.626134636300398, 62.11218144225678], [-7.626063542570939, 62.11263530789905], [-7.624375877695746, 62.11350113409345], [-7.622519252592032, 62.11386509752581], [-7.620322612276018, 62.114682106532], [-7.619655481708548, 62.11436879275488], [-7.619673173329308, 62.114253463879855], [-7.617857211995037, 62.11416750700397], [-7.615492047743713, 62.114158875139374], [-7.615270143286322, 62.114344499036946], [-7.615070559906882, 62.11434295247869], [-7.614887093656116, 62.11419375224658], [-7.613055475140437, 62.11443865534441], [-7.611462052462005, 62.114346765258375], [-7.611366225985205, 62.1146031117531], [-7.6110828191321716, 62.114620284168126], [-7.61095047062672, 62.11440948555893], [-7.609531423631999, 62.11461064339853], [-7.608618500364996, 62.114457969560256], [-7.607824186126964, 62.11455221164833], [-7.607482057008207, 62.114792976952934], [-7.607934199136873, 62.1151121777726], [-7.607823796621088, 62.115217509328616], [-7.607105184117193, 62.115285853147356], [-7.606758808478016, 62.11560223161705], [-7.606189998502786, 62.11575895343032], [-7.602986853038543, 62.116240405346375], [-7.601992281518894, 62.11648767968404], [-7.601298978922022, 62.11627156817294], [-7.5994198809362326, 62.11631899613551], [-7.598720066161266, 62.11663528174842], [-7.598213268324485, 62.11646403043878], [-7.596907195485701, 62.116617291077695], [-7.596527394740322, 62.11704899210187], [-7.596243926770532, 62.117062633671964], [-7.59577344711576, 62.116847854480106]]], [[[-7.244475631012983, 62.15136177155214], [-7.244525404116666, 62.15036858209299], [-7.24460506354959, 62.14956184273568], [-7.245126909806847, 62.14937932412898], [-7.244628393016953, 62.14944706608627], [-7.244398462175112, 62.14942539542356], [-7.243337463520068, 62.148305758767044], [-7.242213769810956, 62.14750154194922], [-7.241510038408924, 62.14713160454011], [-7.2410756274446895, 62.14650737938517], [-7.240207944991356, 62.14497547654572], [-7.240392828360581, 62.14472461021981], [-7.240263101728944, 62.144566691602904], [-7.239849759673877, 62.1444767111895], [-7.238649714261811, 62.14368325109829], [-7.238106503308393, 62.143431752559536], [-7.237670855743145, 62.14314813861547], [-7.237395421924507, 62.14302238379151], [-7.236762075617491, 62.14235486225039], [-7.232446126298482, 62.14094532841166], [-7.232125317384374, 62.14072994169387], [-7.2321797302877675, 62.140539894849475], [-7.23190388145942, 62.140510974603984], [-7.228696977901321, 62.139679693530745], [-7.224386047640412, 62.13906605001506], [-7.221577078207204, 62.13841787148785], [-7.221485299277462, 62.13836400434057], [-7.220903300082791, 62.13828095703681], [-7.219777282328633, 62.13822610768194], [-7.218094239480427, 62.13771519508081], [-7.215274380828344, 62.13616680086038], [-7.214242963695509, 62.13554179393789], [-7.213738293206389, 62.135354870831144], [-7.212942068272447, 62.135221364746236], [-7.21204627235337, 62.13513432250547], [-7.2099315898100045, 62.13520387887282], [-7.209494835270114, 62.13519258232616], [-7.209326657768558, 62.135124255505545], [-7.209268019467827, 62.13504549530142], [-7.209397592463384, 62.13477986014727], [-7.210224735567185, 62.13452826146], [-7.21008664749292, 62.13449604908753], [-7.208784493284351, 62.13481610042701], [-7.207481655333582, 62.13491011183638], [-7.2067221955825485, 62.13464500593332], [-7.205587596069651, 62.13455949901846], [-7.203394870529776, 62.134298699481604], [-7.203126484537148, 62.13421631969144], [-7.202022629649127, 62.13422408512817], [-7.198257428281507, 62.133386361491226], [-7.197621292602148, 62.133397388702825], [-7.195336194214999, 62.13283159377247], [-7.1932577761517384, 62.1321580474187], [-7.190994572015572, 62.13098935242236], [-7.189398482371423, 62.12996388960371], [-7.188569156382185, 62.12901350999863], [-7.1874713795318685, 62.12792326439158], [-7.186573775085192, 62.12742482875606], [-7.1816966709403705, 62.12525248139988], [-7.181021354153195, 62.12464633685587], [-7.180007964543026, 62.12329053844415], [-7.179524752504497, 62.12307540179315], [-7.178964556639565, 62.12243700770183], [-7.177674939963239, 62.12075827192436], [-7.177819958766718, 62.120478414147215], [-7.177551910298634, 62.12043189166248], [-7.177013159672077, 62.11882110021625], [-7.175349351388763, 62.11782777967532], [-7.174552336432028, 62.117580483801156], [-7.1746364510114935, 62.117497933213535], [-7.175157358032807, 62.117386578985794], [-7.175088386352133, 62.117354253281626], [-7.1747129468515585, 62.11743691505631], [-7.1744755247667715, 62.117429836644135], [-7.174190882843512, 62.11651499068538], [-7.173408747509363, 62.115912511896965], [-7.173086731928607, 62.11577622346012], [-7.172780471318536, 62.11580503681999], [-7.172741933780589, 62.11557904360634], [-7.172473935809422, 62.11564722845627], [-7.172266979179205, 62.11558633113614], [-7.171991381380035, 62.11570118135089], [-7.171914652230802, 62.115654569009266], [-7.172174895256963, 62.11554328636614], [-7.172067649465746, 62.11544645286715], [-7.172128884906425, 62.115403366857905], [-7.1711555181207105, 62.11497670977761], [-7.169561402109357, 62.114360072526566], [-7.165530472757964, 62.11250617693361], [-7.165668199783977, 62.112459439207434], [-7.165446075347761, 62.11238055713905], [-7.16523931330516, 62.11243445878075], [-7.16350000022567, 62.11171008302347], [-7.159193541006829, 62.10939328669372], [-7.156205759471347, 62.10820626581489], [-7.154681569746635, 62.10789072890116], [-7.154137789162999, 62.10765763513247], [-7.154451694783462, 62.10759656093025], [-7.152237904524306, 62.10669641614261], [-7.151395448686361, 62.10659603559672], [-7.150851618154233, 62.10640233398578], [-7.150774955697784, 62.106276807377135], [-7.14898282155277, 62.10568860360328], [-7.14905931001431, 62.10560605569768], [-7.14837763169388, 62.105276124065924], [-7.148155477016116, 62.105265343488156], [-7.145383127291792, 62.10414980759242], [-7.143024597700696, 62.10360465194667], [-7.14157718888371, 62.10321728620326], [-7.139992158746455, 62.102524921020404], [-7.138713243218581, 62.102062141291476], [-7.138881794001777, 62.10191862952134], [-7.138345851960481, 62.10193655775221], [-7.138276849095527, 62.101990386274394], [-7.138116072482108, 62.10197251530122], [-7.138169680973768, 62.10187916291007], [-7.137878675365934, 62.10173566497645], [-7.135252382665938, 62.101226266973676], [-7.135129969543492, 62.1009141216507], [-7.135390140287767, 62.100619966130246], [-7.135290704916752, 62.1001643272008], [-7.135030404898487, 62.100185865083745], [-7.135129842862539, 62.100375980031565], [-7.135045747064617, 62.10064144858348], [-7.134593998434023, 62.10112942756805], [-7.1333152898522085, 62.10099307354822], [-7.131929550327684, 62.10101818664095], [-7.128867059016848, 62.10086031259107], [-7.125521197742186, 62.10080634168658], [-7.123415754622801, 62.100673509952436], [-7.121654950247815, 62.10042575516555], [-7.120804983288594, 62.10040775668351], [-7.117467188960519, 62.099887188460144], [-7.115082737925414, 62.0993219828599], [-7.111956286976167, 62.09913368642457], [-7.110936825233322, 62.0990634949044], [-7.110188910341733, 62.09893282068041], [-7.1101600703586545, 62.09896537100819], [-7.1106554334226075, 62.099088289873336], [-7.109960940609666, 62.09909658291048], [-7.108324409081292, 62.09905878892296], [-7.106312085159219, 62.09927588721545], [-7.1044387609840856, 62.099376817743476], [-7.102841842322318, 62.09936705969363], [-7.100597430186185, 62.09910369768704], [-7.098337131406335, 62.0989693439749], [-7.097752808812152, 62.09889749164019], [-7.096588919183558, 62.09884316238608], [-7.096492425063303, 62.09889443861585], [-7.095417552949151, 62.09878898972003], [-7.094621293479892, 62.09860864249087], [-7.093364621986616, 62.09839080067094], [-7.092819769449783, 62.09834352827773], [-7.092601649207242, 62.09840686034785], [-7.092421329262826, 62.09831954614017], [-7.093974770706498, 62.09809013744172], [-7.093942324373522, 62.09805468173274], [-7.091725549007699, 62.098302684919354], [-7.091450357667515, 62.09829871138173], [-7.090957177461098, 62.09821866108728], [-7.090717697378261, 62.09831095956676], [-7.090218851709693, 62.09811987690666], [-7.088094782420298, 62.097532744818125], [-7.087202414100911, 62.09726763295682], [-7.086846388672943, 62.097035602606816], [-7.084400515050254, 62.096283909055444], [-7.083218218722931, 62.09602211854379], [-7.082527883225802, 62.095822609869884], [-7.080665086663383, 62.095400559360144], [-7.079051690236338, 62.09507575133784], [-7.077577755088918, 62.094641908886345], [-7.075979060318947, 62.09401627848677], [-7.074404628734755, 62.093268613306485], [-7.071419182339722, 62.09081570880082], [-7.070707850723167, 62.09006880214938], [-7.071023762967924, 62.08968927025021], [-7.071450369187031, 62.08952681232475], [-7.072600308571315, 62.0893238008716], [-7.07262019549361, 62.08926985828931], [-7.070871705612722, 62.089121973955415], [-7.069676950399771, 62.08905351704841], [-7.069390016714485, 62.08896737679451], [-7.06838613604472, 62.08788369567395], [-7.068354383790301, 62.0875726561903], [-7.068616492317243, 62.08747658299304], [-7.0683929491559105, 62.08714634911607], [-7.068195289073993, 62.087159299065206], [-7.0681084481909435, 62.08710664974586], [-7.068140168772366, 62.086694699705525], [-7.067751353712138, 62.08641637671969], [-7.066127981968769, 62.08545095581546], [-7.066026589000955, 62.085265963414784], [-7.065583880647804, 62.084977634340056], [-7.065294359334314, 62.08469817843208], [-7.064898976270298, 62.084581067674954], [-7.064630325604325, 62.08426563588378], [-7.064122737519766, 62.08404955498792], [-7.063082006253689, 62.08283748433364], [-7.062705638273824, 62.08221191769594], [-7.0627983042691165, 62.08208556515413], [-7.063284493905894, 62.081897396043715], [-7.063285390039483, 62.081621731061155], [-7.06340994533882, 62.08152365265578], [-7.0640496628193965, 62.08149481378962], [-7.0642077313960865, 62.08145366772737], [-7.06419066193325, 62.081418060302425], [-7.064074200645472, 62.081379984852994], [-7.063510576832807, 62.081404413099705], [-7.06285406733935, 62.08125805644965], [-7.062469386846013, 62.08105491046439], [-7.061709984163251, 62.079528179502454], [-7.0607982493511825, 62.07844348032095], [-7.06055283688888, 62.07740474345328], [-7.060190684442168, 62.07704741489552], [-7.060623245608156, 62.076852758635624], [-7.061417215507872, 62.07671469360459], [-7.061304258122108, 62.07659793792365], [-7.06096290422413, 62.07649090721179], [-7.060974521390402, 62.07642275648247], [-7.061373897657299, 62.07632512107326], [-7.061063158569665, 62.07622130245462], [-7.061308941656433, 62.07610391959598], [-7.061597322973104, 62.076071964208055], [-7.062871773926262, 62.07621827650575], [-7.062891566170415, 62.07621706353645], [-7.063346356213997, 62.0762861438607], [-7.0634587785816505, 62.07623098443297], [-7.063280230633533, 62.07599589547335], [-7.062974523925469, 62.07586109188526], [-7.062456377578477, 62.07583121320837], [-7.062091691571653, 62.07567287006542], [-7.06194407547412, 62.07552331274257], [-7.0622631353509275, 62.075448338125845], [-7.062267830837279, 62.075374614497335], [-7.061782653268982, 62.07520892697065], [-7.061682208234395, 62.074889829857604], [-7.061749498717759, 62.07478296126909], [-7.06198704950274, 62.07484867882751], [-7.0621253689672345, 62.0747655166325], [-7.061998340713583, 62.074292813042696], [-7.062061767292976, 62.07418346644475], [-7.062228706299827, 62.074185805395], [-7.062477857672215, 62.07426766342377], [-7.062537302153878, 62.0742088003149], [-7.062500416083191, 62.074036646913356], [-7.0626001085224015, 62.07397089682708], [-7.062903717539856, 62.07407218868268], [-7.063015766448332, 62.07405885641477], [-7.062850472753772, 62.0737841849243], [-7.063096839236405, 62.07353395055184], [-7.064224188194486, 62.07318410817673], [-7.064304239827116, 62.07305093551495], [-7.064678239333659, 62.07291810609916], [-7.064947290618834, 62.07293677218848], [-7.065124669346948, 62.07289822979808], [-7.065207322605586, 62.072724069067796], [-7.065420570573137, 62.07258189716413], [-7.066657254384083, 62.07212476628495], [-7.067092839172235, 62.07189278998003], [-7.067433899071371, 62.07194369697612], [-7.06751263017898, 62.07190637641641], [-7.067500284855398, 62.07184462308367], [-7.067621489624609, 62.071741198348505], [-7.06796239013657, 62.07162279945832], [-7.068232653043296, 62.071583037285535], [-7.0685922674271415, 62.07160089671359], [-7.068841471273674, 62.071564250447366], [-7.068933377152664, 62.07143689631991], [-7.069142815033486, 62.07137545694048], [-7.069305208364489, 62.07121694977092], [-7.069900890059748, 62.07094653513528], [-7.070866214566612, 62.07067131060165], [-7.071056966614869, 62.07054524424089], [-7.071055652113579, 62.07044522452274], [-7.070943509604156, 62.070415024360564], [-7.071158088677114, 62.07039306187273], [-7.071361674512552, 62.0703029914925], [-7.071450387663085, 62.07034354696195], [-7.071680494978754, 62.07031811973926], [-7.072029285506761, 62.0698602296104], [-7.072432605946166, 62.069622850384945], [-7.072733900917718, 62.0695520037753], [-7.073245554066838, 62.069048175212465], [-7.0760142649816675, 62.067520412199976], [-7.078003633068791, 62.06662333592498], [-7.078730809043781, 62.06646476812054], [-7.07841646953457, 62.06638230239918], [-7.07851362258755, 62.06559513378697], [-7.0787356625504865, 62.0655483083594], [-7.0792490518421385, 62.06554790033967], [-7.079884278432199, 62.065396577499605], [-7.080144078191477, 62.06518788470154], [-7.080749133427083, 62.06512644525693], [-7.0807638793650085, 62.06495025673588], [-7.080074714404563, 62.065022646955335], [-7.079630141815176, 62.064972666640585], [-7.079307666327029, 62.06474646159579], [-7.079197963848623, 62.06391988361133], [-7.07988594051767, 62.06349900378836], [-7.079645343881465, 62.06246046227471], [-7.079713959359712, 62.062370570473014], [-7.079506484617062, 62.06212630353387], [-7.07957886602184, 62.06080018426219], [-7.07980839027943, 62.06072814707404], [-7.079638745871304, 62.06035442200333], [-7.0800563322514325, 62.05919333236465], [-7.07940946113906, 62.058036487692654], [-7.0790403595514135, 62.05704707414113], [-7.078810542171292, 62.05651764390214], [-7.07869479678462, 62.055790532253184], [-7.078710465946535, 62.05497242716732], [-7.078946884763837, 62.053787098189495], [-7.079333076299393, 62.05336220830771], [-7.079197350821404, 62.05323374964573], [-7.079825335160579, 62.050682119243646], [-7.080144104993163, 62.05072183546783], [-7.0801673573139245, 62.050592973678796], [-7.07983653958131, 62.0500828954181], [-7.079943229529552, 62.0499498158025], [-7.080501645981471, 62.04981645791253], [-7.080996078116337, 62.04877744019461], [-7.081715080019673, 62.04856856869867], [-7.081752024287104, 62.048115664683664], [-7.082653766163461, 62.04761910606472], [-7.082392092640098, 62.04715568492505], [-7.082367415773092, 62.046666916265124], [-7.083845233415688, 62.04670536971197], [-7.084380816730509, 62.04661153736412], [-7.084447620281696, 62.04599333590023], [-7.084699915417722, 62.04586738812094], [-7.084952733450948, 62.045924662909485], [-7.085512396876568, 62.04618663987832], [-7.08593347409813, 62.04618636887362], [-7.086712503934713, 62.04563225009928], [-7.087041541317479, 62.045617685104624], [-7.087662070051405, 62.04573579053366], [-7.088641683405601, 62.04567753011372], [-7.094239575144448, 62.046158440862975], [-7.094470304293081, 62.046452917455255], [-7.095029795037752, 62.04659986041066], [-7.096607191621421, 62.04670642646133], [-7.098926290759617, 62.04653197569795], [-7.1022601400096095, 62.04680290855573], [-7.102731786715427, 62.04679486956126], [-7.103001108187391, 62.046704491263185], [-7.102983625929588, 62.046546171765065], [-7.1034025102092295, 62.04639384203711], [-7.103671552812058, 62.046602651659924], [-7.104092506960807, 62.04656138988215], [-7.1046152442067525, 62.046786514624266], [-7.105130541211256, 62.04683631044795], [-7.105842207630671, 62.04680333813177], [-7.106420233241033, 62.0466592848288], [-7.106591684690204, 62.046629677146335], [-7.107078531497774, 62.04659882442428], [-7.107339103390224, 62.04663052643276], [-7.108074530109977, 62.04682440336692], [-7.10952793880769, 62.04655102656653], [-7.110043377330266, 62.0463582565637], [-7.110194022211096, 62.04621704931428], [-7.110549803845139, 62.04608564875836], [-7.1113980647592685, 62.04601726265585], [-7.111652296029106, 62.046034022495505], [-7.112167491978159, 62.04584788426729], [-7.1127805891631315, 62.04585293748209], [-7.113439806581903, 62.04563204701923], [-7.113630372799547, 62.045531327382704], [-7.113983324730843, 62.045559484441355], [-7.1146746346268275, 62.04550563282236], [-7.115425223448208, 62.045525835645996], [-7.115853398680853, 62.04548167465394], [-7.116559760492246, 62.045282355021584], [-7.116729256569573, 62.045259952491094], [-7.1168705191789785, 62.04522504653744], [-7.118911198419806, 62.04488159522747], [-7.119282192022493, 62.044893108340005], [-7.120443010709784, 62.04460486468834], [-7.122820533593903, 62.04415047204292], [-7.125523196012861, 62.043696321391494], [-7.127758096859107, 62.04345391285247], [-7.13032684367043, 62.043360060625226], [-7.13227673204526, 62.04353651972469], [-7.133055187282728, 62.0437034118932], [-7.133450927867799, 62.04363227793531], [-7.133568014524814, 62.04364916461084], [-7.13407255974638, 62.04376876952497], [-7.134385825987172, 62.043761150442485], [-7.135377996898779, 62.04403522230697], [-7.135992383294999, 62.044052937113136], [-7.1365874262641995, 62.0441368148567], [-7.1370685704863, 62.044244199040264], [-7.138220643120402, 62.04459679608925], [-7.142255759852447, 62.045559440127796], [-7.142431356157642, 62.04578091790203], [-7.143134583735699, 62.04574710241538], [-7.1436495970016, 62.04581156148605], [-7.146295051696138, 62.046410440688675], [-7.148526420126198, 62.047217092122686], [-7.149849595060436, 62.0483321906611], [-7.150297487417062, 62.04845111054325], [-7.150915619784983, 62.04908262058342], [-7.150486901393711, 62.04931215777728], [-7.150504396019667, 62.04937675337879], [-7.151014029733053, 62.04927594445699], [-7.150993558765333, 62.049581589496874], [-7.151262035669425, 62.04959756871897], [-7.151346047323289, 62.049823374115206], [-7.151225496051666, 62.04987813391425], [-7.151396047058141, 62.04994163495776], [-7.15142961954498, 62.050261198283216], [-7.151664666562379, 62.050424751817765], [-7.1515971889761865, 62.05046837277062], [-7.151292168303451, 62.05027300401221], [-7.151135824946121, 62.04994713052166], [-7.150983565205353, 62.04996977890942], [-7.1512965274771965, 62.050635892105795], [-7.151411346314246, 62.05063150341767], [-7.151401640930241, 62.050574013827706], [-7.151608898258488, 62.05059051987193], [-7.151723835278808, 62.05096792952573], [-7.151743357172398, 62.0510124177512], [-7.1517990761256955, 62.05109637490916], [-7.151991575644168, 62.05111977440519], [-7.152011598324439, 62.0512559102421], [-7.1510828488837515, 62.05252825814135], [-7.151317527628419, 62.05303675554281], [-7.152083055430159, 62.05349473940166], [-7.153696203252022, 62.05387813839274], [-7.153568297568718, 62.05417382053225], [-7.152904122842119, 62.054462606794296], [-7.152982697412237, 62.054523081046504], [-7.153611571817373, 62.054324395518506], [-7.154529715533823, 62.05407687775539], [-7.155158294391181, 62.05409738691127], [-7.155620166680421, 62.053943051364584], [-7.156020936099933, 62.05356276937551], [-7.15891715529111, 62.05247770373162], [-7.159594066349244, 62.051656935064315], [-7.160570185333703, 62.04926352127937], [-7.1616076897850744, 62.04778606798209], [-7.161602709639711, 62.047408631556685], [-7.161860906199028, 62.04724366782499], [-7.16209513574907, 62.04704741612748], [-7.163004545731752, 62.046627606013615], [-7.163294245115959, 62.046340170940105], [-7.163817050180172, 62.046083372673394], [-7.166992592896305, 62.045743601992214], [-7.1694116181252365, 62.043138205091324], [-7.169473957840723, 62.04306516392508], [-7.169660258738043, 62.043024356530935], [-7.169756316542283, 62.043030018411635], [-7.169860883664606, 62.043077659000076], [-7.169883207162907, 62.04313251341395], [-7.169826423641951, 62.043206965834514], [-7.167554404777638, 62.04564561593239], [-7.168502331098144, 62.04577660890662], [-7.168644259380964, 62.04559894335904], [-7.168797767609606, 62.045585457446016], [-7.17211396202873, 62.0460962622626], [-7.171955369041742, 62.04622152178553], [-7.172079911723721, 62.04631027639693], [-7.1722387896501765, 62.0463465780306], [-7.1757194063320835, 62.04687277204226], [-7.176199460852616, 62.04668960766474], [-7.176244968430959, 62.046633746698134], [-7.17643870754007, 62.045655254754585], [-7.176581671548858, 62.04561758229413], [-7.176670636324769, 62.04562849558085], [-7.176775408057732, 62.045705620827235], [-7.1769878084206935, 62.04571793803835], [-7.177014879243773, 62.04574707349563], [-7.176783691971079, 62.04685249188983], [-7.179113371687162, 62.04716153938228], [-7.179080160000192, 62.0473552969383], [-7.179066967195675, 62.04741284127379], [-7.17918985577234, 62.047429899856176], [-7.180019589605157, 62.047736332217966], [-7.180747678058072, 62.04776315354193], [-7.18160384714426, 62.04795071776353], [-7.181852524410573, 62.047833885720955], [-7.182406705328986, 62.047923129834125], [-7.182503634743912, 62.04784334798153], [-7.185656765284672, 62.04826501905254], [-7.1854381557131735, 62.04813737743689], [-7.187631114371224, 62.04757443264061], [-7.18839383968981, 62.04705114825778], [-7.188866510042763, 62.04610603013099], [-7.188409580703634, 62.04573218980262], [-7.1881552884089395, 62.04568379458018], [-7.187858386276996, 62.0455063884567], [-7.186306271500783, 62.045334863733714], [-7.18556637006744, 62.04518951761233], [-7.185445702309312, 62.04524439447497], [-7.185299506574731, 62.045223893573315], [-7.185417106816564, 62.04507930265598], [-7.185194249295901, 62.04505222956909], [-7.1847988368131475, 62.04473668697518], [-7.184328470610737, 62.04455541423462], [-7.183488166813009, 62.044382077461755], [-7.181627884013216, 62.04393257815731], [-7.181161642310619, 62.04395040878511], [-7.178862299046895, 62.04364077819373], [-7.178695204957981, 62.04345518810179], [-7.176426246335689, 62.043130836277726], [-7.17387947006056, 62.04251741493216], [-7.1741131383037455, 62.04241152929282], [-7.173602890778263, 62.04249077968322], [-7.173371123488488, 62.04242784322195], [-7.173597622792233, 62.04233631569445], [-7.17316900724974, 62.04233594550673], [-7.170401074053972, 62.04186909044349], [-7.1702514432015905, 62.04184385087963], [-7.169693555383636, 62.04186958476735], [-7.169377669715717, 62.04180364204934], [-7.169050429452417, 62.04163719158423], [-7.167546746091251, 62.04152982660738], [-7.164814851268884, 62.04109375647099], [-7.16474235622587, 62.040986512336396], [-7.163075204118178, 62.04079766445294], [-7.162877625759196, 62.04061218695914], [-7.1598609783879, 62.039664251586636], [-7.159362887094412, 62.039649986585566], [-7.159278069469088, 62.03939904123505], [-7.158130725602683, 62.03896194512356], [-7.154751382907003, 62.03791597150968], [-7.152285094285067, 62.036934998849645], [-7.1500880932463655, 62.03576521954129], [-7.1469283982143805, 62.033707638856974], [-7.146818116460782, 62.03315140955794], [-7.152245496887384, 62.03229953767248], [-7.153115536255937, 62.032005613393515], [-7.159207918465123, 62.0304621075378], [-7.162650962648419, 62.03001254105164], [-7.163960925822733, 62.03028677818602], [-7.166302719123057, 62.030075255037154], [-7.16847731326266, 62.02990097189964], [-7.172230384562649, 62.02979737233295], [-7.174647744681822, 62.029563639550275], [-7.176036742210779, 62.02901055076907], [-7.176547188104197, 62.02895284031214], [-7.176918547078835, 62.02862301199901], [-7.180539257085774, 62.02756432664542], [-7.181386701570756, 62.027065628763495], [-7.183089804466798, 62.0265315985775], [-7.183997855699709, 62.02646724296558], [-7.183977078924543, 62.02630925442041], [-7.186133064775293, 62.02626775280075], [-7.189085734911023, 62.02559485579806], [-7.191163797308305, 62.02485308483921], [-7.191674820737557, 62.02480968948863], [-7.191394344372428, 62.02466445895784], [-7.191985923789857, 62.024296993374996], [-7.192856966541605, 62.02426880940132], [-7.193204473659384, 62.024363120348305], [-7.193379385676161, 62.024329503347346], [-7.193482188750935, 62.02421011615452], [-7.195065349331789, 62.02375596884512], [-7.19633555082278, 62.02289090801891], [-7.197675394897695, 62.02248175667046], [-7.198211568214986, 62.02228355469508], [-7.200158575612426, 62.02174747670004], [-7.202010960695805, 62.02090665002283], [-7.203125183381612, 62.020617754638565], [-7.207333836184628, 62.02067147381777], [-7.211185871373904, 62.02124178854039], [-7.212274538434882, 62.021312349034545], [-7.21288073850751, 62.02114946718611], [-7.215314494414288, 62.02141082835602], [-7.215620470853795, 62.02162770030096], [-7.2160820504436085, 62.02169955038446], [-7.216002914983618, 62.021843853995705], [-7.216897813066241, 62.02184051256769], [-7.218242817779281, 62.02202043510578], [-7.218786337618069, 62.02224978972004], [-7.218666824527789, 62.02254904287008], [-7.21947912636186, 62.022373710740986], [-7.222014261060459, 62.02246526126399], [-7.223199284084319, 62.022879958097704], [-7.224040847155559, 62.02288414186324], [-7.2242589497654555, 62.022993853923325], [-7.224564305327634, 62.02297345473413], [-7.224526179577433, 62.022765343877424], [-7.225120226029203, 62.022692374068605], [-7.228543249736678, 62.02301396468032], [-7.22878397660067, 62.0231127393181], [-7.229173086405154, 62.02308451777441], [-7.229024875495719, 62.022790979237605], [-7.2291671156153, 62.022707170176496], [-7.229910978600733, 62.022755215692385], [-7.229097748809862, 62.02204643769735], [-7.229137726949342, 62.02188448058894], [-7.230570215741968, 62.021970435566864], [-7.2296465893133774, 62.02159676484377], [-7.228950663067398, 62.02117466434234], [-7.229074856983228, 62.020796293228635], [-7.229911575260109, 62.02045192246767], [-7.232530905751643, 62.02033772831328], [-7.234416727446431, 62.02045574683148], [-7.236483112457722, 62.020913640878824], [-7.23904132960672, 62.02228401333008], [-7.238985755426549, 62.022439041585905], [-7.240405652015603, 62.023203961555666], [-7.240595952068735, 62.0232692230877], [-7.243241018039992, 62.02419108849311], [-7.2446131830999825, 62.02489889527043], [-7.244577516859145, 62.025183076283554], [-7.244168364578858, 62.02550263261745], [-7.244463885530968, 62.025633222967954], [-7.244976925287562, 62.02607113854056], [-7.244966076690043, 62.026189845138454], [-7.244496734694443, 62.026330101585465], [-7.244559963024434, 62.02638350566155], [-7.2452160655812605, 62.02633152411272], [-7.245733688177049, 62.026471127061164], [-7.246275933292792, 62.026445250958446], [-7.247289476181197, 62.02697254160717], [-7.247310070390367, 62.02711615221452], [-7.247592843265374, 62.02710672516043], [-7.248983328689779, 62.02747640658299], [-7.2493365901518185, 62.027301092743066], [-7.24763574243472, 62.026603258276715], [-7.2475668732582035, 62.02639530442795], [-7.247980951739816, 62.02621232821535], [-7.250384632988319, 62.02687938991797], [-7.250987841042614, 62.027266272618256], [-7.2519720396089715, 62.02761408185688], [-7.25268511804145, 62.0276550604914], [-7.252866824825795, 62.02781533929186], [-7.252636987020031, 62.028011252987866], [-7.25169025623015, 62.02806919582302], [-7.25087012346, 62.02802550995875], [-7.249489842881982, 62.02856849275654], [-7.249321878029319, 62.02899748815964], [-7.250219318551282, 62.02885007285677], [-7.252739439086557, 62.028933949511654], [-7.252759648950481, 62.02885476638734], [-7.255251706840967, 62.029632455631265], [-7.255513137936707, 62.03050356947024], [-7.255927673424028, 62.03053977210686], [-7.255978614402359, 62.03047111968318], [-7.257309008720101, 62.03044231320113], [-7.25785503761448, 62.030728986918156], [-7.257620481057451, 62.031007608938154], [-7.258586606479512, 62.031477754040594], [-7.259052439555917, 62.03145597982093], [-7.259389816840802, 62.03147486280302], [-7.259432887698774, 62.031607444086504], [-7.259189714226919, 62.0316489908252], [-7.258865901198508, 62.031583333313854], [-7.258645144011596, 62.031613851768], [-7.258237891067481, 62.03219216410352], [-7.257738966908566, 62.03235794397488], [-7.257774912842673, 62.03250138681797], [-7.259596886849748, 62.03273457558118], [-7.259586200109746, 62.0330688905623], [-7.261198794952762, 62.03405484765783], [-7.261266743724832, 62.03423396820863], [-7.262672440531849, 62.035002324844505], [-7.262490257121938, 62.03503979758721], [-7.26271100084998, 62.03521769736207], [-7.263822165882682, 62.03546737894267], [-7.263974092433533, 62.03564225739101], [-7.263703561799963, 62.03598228242696], [-7.267351543633237, 62.037159966443255], [-7.267337459391302, 62.037400887009774], [-7.267985068948554, 62.03752856878204], [-7.26800367352078, 62.037409779389], [-7.269876802582408, 62.03777182670099], [-7.272033924255119, 62.03836144253641], [-7.273117084299841, 62.038471119081066], [-7.2735517325239005, 62.03842449016236], [-7.274291011599329, 62.0385477221054], [-7.274348348297663, 62.038446649969245], [-7.276186464346152, 62.0386866371284], [-7.277040273530611, 62.038593345057045], [-7.278769476237258, 62.03858267499687], [-7.280584143822317, 62.03881207833129], [-7.281337441371787, 62.03869085014875], [-7.284770684408774, 62.03901455471514], [-7.285305408491787, 62.03919344158388], [-7.287961886503445, 62.03921085656219], [-7.2888001553065855, 62.03931890020988], [-7.289392190427965, 62.0395942544597], [-7.2906437479588275, 62.03990011731362], [-7.290903123142291, 62.04008122991436], [-7.2927357771867785, 62.040170130166125], [-7.293346008928425, 62.04052082049939], [-7.293674613681451, 62.04050728614872], [-7.294750484401226, 62.04102295325809], [-7.294546946553233, 62.04110732844059], [-7.294598197964869, 62.041246998702796], [-7.295436382943133, 62.041552650678554], [-7.2962255453480065, 62.04214375659721], [-7.296288529371669, 62.04210459020623], [-7.2970440797479155, 62.042244234973374], [-7.297299287347434, 62.04240858815049], [-7.297557027115905, 62.04229166572431], [-7.29878835208741, 62.0424531390935], [-7.30130623200532, 62.04230746942822], [-7.302136961806229, 62.04249818568195], [-7.30557049702316, 62.042951519761104], [-7.305987224285069, 62.04290070928778], [-7.305982238520065, 62.0426156627156], [-7.307311451919668, 62.04240988791889], [-7.310265681263197, 62.04252009727095], [-7.314537196628156, 62.04318190868732], [-7.315354076546332, 62.04354192969877], [-7.315531144451303, 62.043741827026295], [-7.31486643577564, 62.04384834462414], [-7.314676624744064, 62.0437855322954], [-7.314453388973121, 62.043798158238474], [-7.314477615772063, 62.04397877932924], [-7.3140767981525805, 62.04401158845238], [-7.314142494098547, 62.04410959883216], [-7.315441658424137, 62.04409465525433], [-7.31556269981683, 62.04414612643851], [-7.315709522278402, 62.04412206554222], [-7.31563963801171, 62.04393029669783], [-7.31588080634822, 62.04384922188767], [-7.3164096213633725, 62.044309217046575], [-7.31721604677711, 62.044752125831366], [-7.31894544542423, 62.04559563365928], [-7.319679747965711, 62.04654308071668], [-7.322226798587243, 62.04709354916121], [-7.322526346236745, 62.04752524387389], [-7.322122441585467, 62.04764465629275], [-7.321154881576888, 62.047409766102284], [-7.320150261214949, 62.0473513327117], [-7.320261447968078, 62.04746398484526], [-7.320817309989157, 62.047609147622794], [-7.320946268012307, 62.048082754817145], [-7.320585764431791, 62.0482782669082], [-7.320883827138042, 62.04832398532479], [-7.322014617869764, 62.04829678936072], [-7.323055392890932, 62.04863336025409], [-7.324668454481672, 62.04887336990462], [-7.325879040679185, 62.04919321771552], [-7.325868207242644, 62.049066796441096], [-7.325335422306012, 62.0489183439164], [-7.32522381062687, 62.04881646204446], [-7.326469668320064, 62.048793765331546], [-7.3274220272745, 62.04902493270139], [-7.328055998743512, 62.049138159280076], [-7.327899935379939, 62.04898897785725], [-7.328063469725522, 62.04892893328244], [-7.330238379945761, 62.04914443704837], [-7.3338396297567945, 62.04967052777024], [-7.336143165885478, 62.04994834394697], [-7.336780835664016, 62.05017332308266], [-7.338773931095294, 62.050755317924036], [-7.340435291037255, 62.05094132790246], [-7.3407768786781356, 62.051063101416894], [-7.341060035475285, 62.05218730599899], [-7.342547404610548, 62.05273274529972], [-7.3434961467530355, 62.05285550767294], [-7.343900032603239, 62.05273962317531], [-7.34469409440526, 62.05289005420128], [-7.3444714887632125, 62.05310119099842], [-7.347064006501979, 62.0532547360258], [-7.349028583251222, 62.053565707840136], [-7.351549782705626, 62.053787160105266], [-7.351975546845178, 62.05392391093679], [-7.353872869892045, 62.053740076421334], [-7.357354576048436, 62.05330856403281], [-7.359743094199757, 62.053142872572955], [-7.363576369417893, 62.052988058459746], [-7.364502846687656, 62.053092550352034], [-7.364181376713048, 62.053274094517285], [-7.365430397920144, 62.05360822512386], [-7.365728822406863, 62.05387025356345], [-7.366241872075237, 62.0539282874981], [-7.3675366211872575, 62.054277210235604], [-7.36770903536293, 62.05462849006638], [-7.36857201521511, 62.05457001358088], [-7.371070859593109, 62.05522391942863], [-7.371647920276512, 62.05543383740258], [-7.372856647784915, 62.05560532368058], [-7.373272366287586, 62.0553631162915], [-7.373713540557294, 62.05549998006806], [-7.3733601615681765, 62.05571375140917], [-7.375370270407999, 62.05605719185077], [-7.378324027963083, 62.05667825188593], [-7.378309174036355, 62.05644004360061], [-7.379453344714515, 62.05670109864372], [-7.379937569005782, 62.0569283824885], [-7.379419436893406, 62.05701834899879], [-7.379668526226307, 62.057157249608075], [-7.382733831751531, 62.056985356991305], [-7.383428585997062, 62.057131258629795], [-7.384056217486838, 62.05766268286716], [-7.38344095157879, 62.05789980633433], [-7.38359045632694, 62.058023533115026], [-7.384551766858908, 62.0580126892584], [-7.38572529879067, 62.05854814934035], [-7.38597079409882, 62.058564389240715], [-7.386658532106482, 62.05891223308036], [-7.386707101966454, 62.05907130911555], [-7.38610100561766, 62.05926160900068], [-7.3848461463507595, 62.05976457878578], [-7.3849570397532665, 62.05989889281405], [-7.384465245873702, 62.06034255624389], [-7.384756417619362, 62.06127915270477], [-7.386454591467405, 62.062222570481886], [-7.387777686841363, 62.06311626649172], [-7.389589542084517, 62.063198234633276], [-7.390359629449613, 62.063391559898335], [-7.390867144216767, 62.06338804248223], [-7.391491673670267, 62.06333499286922], [-7.391599565269007, 62.06355588047227], [-7.393844817538122, 62.06378527533219], [-7.394131321835917, 62.06395698472063], [-7.3941837914277775, 62.06422434816652], [-7.3967305571857835, 62.06463634871844], [-7.3988963133605585, 62.06517538250468], [-7.398690903762264, 62.06557430125045], [-7.39944675585333, 62.065734918115425], [-7.3998299305705695, 62.06600475962927], [-7.400891622100637, 62.06622177297728], [-7.403036306193264, 62.06670646319755], [-7.405318160732044, 62.06680549664137], [-7.406734629828275, 62.06713578706157], [-7.406581362735366, 62.06758198980066], [-7.407025241013643, 62.068101041986445], [-7.406683168283376, 62.06821755298124], [-7.405579370202246, 62.06811561508688], [-7.4043336797058386, 62.06834816498265], [-7.403273927638063, 62.06899680249174], [-7.4029904658031676, 62.06896579515656], [-7.403233359114172, 62.069288667336224], [-7.402925756577058, 62.069524403414086], [-7.403482221169892, 62.06966564063066], [-7.404723894699748, 62.070244618870085], [-7.406403290400098, 62.07061402468276], [-7.408689122837491, 62.070317045015486], [-7.409396614711074, 62.07054948137254], [-7.408804029017372, 62.071255680036195], [-7.407558239267828, 62.071488169140856], [-7.410910736318317, 62.07195638422186], [-7.4138585536936406, 62.07280393822514], [-7.413029745796018, 62.07367797947758], [-7.4118415604392744, 62.07379915446147], [-7.411062318123959, 62.07456891995897], [-7.4117327875756684, 62.07498859523095], [-7.411642452580627, 62.075161054373915], [-7.410693302877337, 62.07525516600742], [-7.406049442919975, 62.0743013099097], [-7.399953566217423, 62.07445119161764], [-7.399467046997994, 62.07474337154944], [-7.39478369619479, 62.07587369698335], [-7.392893854325873, 62.0760435620736], [-7.39269822732228, 62.07637033328838], [-7.391695463901131, 62.07668386333817], [-7.388641008273852, 62.07830224725862], [-7.388376466431485, 62.07884129031515], [-7.379030914270148, 62.0781795680203], [-7.377500741188061, 62.07749716598785], [-7.375617343576983, 62.07724483938479], [-7.373586444697407, 62.07658738804375], [-7.372477800258965, 62.07662227911052], [-7.370998506180189, 62.07603033679491], [-7.367824690346037, 62.07484835092373], [-7.363243880322233, 62.07278259776115], [-7.36246760670614, 62.07232947295369], [-7.360584841270657, 62.07184967949335], [-7.358857678764293, 62.071544218764984], [-7.35544976501722, 62.07245938259368], [-7.3511090742757395, 62.07408867555984], [-7.348633087460649, 62.07495320945342], [-7.346634154631863, 62.07515408360377], [-7.342547443077057, 62.075017573522146], [-7.33698100526655, 62.074328384582756], [-7.336333586215351, 62.074137171550944], [-7.333518424691839, 62.07330565987661], [-7.331850974933229, 62.072691453354594], [-7.33141525904618, 62.07252813423826], [-7.331085603954097, 62.07262818633495], [-7.331225086413297, 62.072729769713476], [-7.327879664037924, 62.07144819398263], [-7.327683579816376, 62.07155164790324], [-7.326102259984578, 62.071014974305825], [-7.326223683416286, 62.0709295580264], [-7.326672944247515, 62.07107636303908], [-7.326765274314747, 62.0710711072457], [-7.326954819071925, 62.0709473799622], [-7.326947779333159, 62.070911840394004], [-7.326749195200954, 62.07084499180814], [-7.32533223414231, 62.070679436091076], [-7.325253305823983, 62.07067171261722], [-7.32536630185839, 62.07050926338603], [-7.325478866031113, 62.070428713078805], [-7.325563987769587, 62.07031238498873], [-7.322693595153196, 62.06980106868872], [-7.321551570342478, 62.06970176389118], [-7.32091886050061, 62.06997448854342], [-7.320534044710511, 62.069986232906714], [-7.320508698329744, 62.07008977540895], [-7.322055241241992, 62.070868673368075], [-7.322540576582114, 62.07092928615307], [-7.3244866582873325, 62.07059731667711], [-7.324645604988062, 62.07065482035833], [-7.324598097379049, 62.070694007709236], [-7.324577826944195, 62.0706993361361], [-7.322738225345226, 62.07103517433862], [-7.322571177568428, 62.0710583615183], [-7.322115628226156, 62.07105615683251], [-7.321723243697302, 62.070967920952384], [-7.321593064411267, 62.07091105020036], [-7.320129282167613, 62.070167287283326], [-7.316224872307729, 62.070279685997775], [-7.316788346520522, 62.07089847252931], [-7.315991149664426, 62.07177195494545], [-7.315899358009453, 62.072178878921115], [-7.3162793346951505, 62.07272654308914], [-7.315755118177125, 62.07318762240478], [-7.3167862969728334, 62.07337628068756], [-7.318293665592691, 62.07379951534645], [-7.319160462769929, 62.07386049529753], [-7.31996847181172, 62.07448371920107], [-7.320821941765645, 62.074816568290025], [-7.324245713566642, 62.07615169615566], [-7.325099259888448, 62.07637134902617], [-7.327262162466686, 62.07717482343018], [-7.328435087083603, 62.07728145181113], [-7.32962631258289, 62.0777381670392], [-7.3343366666305965, 62.07786183126445], [-7.336536255120373, 62.078081096822615], [-7.337983128922815, 62.07848561106111], [-7.342015370923485, 62.079296303646494], [-7.345405476839797, 62.08044090358887], [-7.3458040609743644, 62.08062626124251], [-7.3477203717155275, 62.080959540089715], [-7.348507137105946, 62.08096561266485], [-7.348541231914478, 62.08109212832757], [-7.3487802349670766, 62.08107586269272], [-7.3487845899174875, 62.0809533065159], [-7.349113854825868, 62.080970340316945], [-7.349939677099856, 62.08118447876783], [-7.351517969420305, 62.081108958231866], [-7.353288794318793, 62.081192965552], [-7.35406450335117, 62.0810921539257], [-7.354694600027686, 62.08120969028858], [-7.355698884542258, 62.08122162940905], [-7.356759751471086, 62.08142281225829], [-7.358390582389161, 62.0816150431311], [-7.359445892753507, 62.081595041444274], [-7.360276377071696, 62.08172313233405], [-7.360748476842802, 62.08179594457978], [-7.364250034014132, 62.08285791741164], [-7.369537392896591, 62.085671982177104], [-7.370642177166924, 62.08598702482594], [-7.37777442481472, 62.08596894740021], [-7.3791990608840266, 62.08548193094431], [-7.383977797311184, 62.08544214187653], [-7.385395991383346, 62.08604067288149], [-7.387567434295734, 62.08598835348811], [-7.387687408556205, 62.08585224579253], [-7.38809979342896, 62.08571460790441], [-7.388250784589166, 62.08579876229341], [-7.388063255378032, 62.085887500373474], [-7.388038380795327, 62.085937832779166], [-7.390996929073028, 62.08603922250801], [-7.391963208175514, 62.08635302019008], [-7.393858436029219, 62.08741314129423], [-7.392850515559559, 62.08764368933319], [-7.392794267635845, 62.08771178874055], [-7.394271065710186, 62.08749556815125], [-7.395254707057377, 62.08798618177701], [-7.395876362409467, 62.088715829459034], [-7.398351850536064, 62.08992083267278], [-7.398610179546114, 62.09024370947017], [-7.399078344126614, 62.09027964246636], [-7.3989494063821075, 62.089993806569716], [-7.400459730337809, 62.08970197427066], [-7.400331193696972, 62.089859714220836], [-7.401630070847229, 62.08967447760908], [-7.401980368603838, 62.089781741145465], [-7.402167322412455, 62.08971819899674], [-7.40208668473248, 62.089598522037335], [-7.402572099633447, 62.0893459902136], [-7.402901315806942, 62.089395295604895], [-7.403049603827141, 62.08933148560681], [-7.402740409156578, 62.0891488561235], [-7.403972582827782, 62.08888025354903], [-7.40442796091734, 62.08930196764458], [-7.404345336808372, 62.08969809111546], [-7.404165291552967, 62.08979061692039], [-7.403753919333596, 62.08966856305954], [-7.402759806725721, 62.089942514584926], [-7.402237670891923, 62.089909830423785], [-7.4021382613148745, 62.09012194075094], [-7.4030528886376175, 62.09038111881589], [-7.402608633086404, 62.09100903423034], [-7.403983288211803, 62.09201112070664], [-7.4087858325999765, 62.09151613006831], [-7.412171934393615, 62.09197013318032], [-7.413302180932332, 62.09176193941771], [-7.4134368429133755, 62.09187836905788], [-7.412855102965239, 62.092018358465616], [-7.414415883949841, 62.09228944508387], [-7.417023590728096, 62.09301174974551], [-7.4217312880739135, 62.09376729892305], [-7.42692696380657, 62.09536653525545], [-7.427085164739109, 62.09570670599291], [-7.4267933409747195, 62.09592463362726], [-7.4274161534640895, 62.09640884318422], [-7.428013547430011, 62.09649604806855], [-7.428729675858442, 62.09742460609376], [-7.4295061917897005, 62.09745181721036], [-7.42997886338641, 62.09758866831593], [-7.430167086446905, 62.09748175179466], [-7.4299320328815766, 62.09737551000316], [-7.429973624681994, 62.097278419135826], [-7.429710132112414, 62.09709619177529], [-7.430114460484704, 62.096972788454586], [-7.430618432032037, 62.09756432695717], [-7.430329874408827, 62.09791576305452], [-7.431106951806766, 62.09792493085566], [-7.430276014374389, 62.09839147661717], [-7.431014078849997, 62.09982872581722], [-7.431733539870456, 62.10019095660236], [-7.431851440175773, 62.101295456812956], [-7.433781615128158, 62.10300449656816], [-7.434285040043329, 62.10314877003385], [-7.434855409123935, 62.10360012778517], [-7.4357039544260255, 62.10377926162735], [-7.4356144101987685, 62.104168139957764], [-7.436097266120998, 62.104709064757024], [-7.436361579986461, 62.104631540739874], [-7.437013651917552, 62.104221458592974], [-7.437152282009903, 62.104218804947884], [-7.437255542108609, 62.10436016555149], [-7.4364582678212345, 62.10496768288155], [-7.43601707462415, 62.10623056028893], [-7.436128364829958, 62.106595678376465], [-7.435757161732222, 62.10712318621063], [-7.4360879060113865, 62.10736719227761], [-7.437267468479781, 62.107317950298935], [-7.437656755599492, 62.107183583824714], [-7.438508232216337, 62.10721616459265], [-7.438965643204498, 62.1078314659325], [-7.439890890426466, 62.108736106381585], [-7.440198122403986, 62.10876353130749], [-7.4417250185050925, 62.108446209701974], [-7.442473768719898, 62.108624625707094], [-7.442537776035933, 62.10854573433284], [-7.441982225410029, 62.108346964269515], [-7.442769335726798, 62.108049578896036], [-7.443135033273905, 62.108412883561584], [-7.442815983058153, 62.10851520536279], [-7.442756920860709, 62.108677084568214], [-7.442924588843528, 62.10872878295999], [-7.443527686711442, 62.108646527274715], [-7.444208807159447, 62.10949525903808], [-7.4445346611181575, 62.110132397923806], [-7.44510362469961, 62.10991637841176], [-7.445512656414899, 62.109407132785414], [-7.445601548364469, 62.10951960406546], [-7.4453323333910175, 62.11022823570065], [-7.444771827363444, 62.11065706638439], [-7.4449432056792055, 62.110834996882225], [-7.444596169756954, 62.111330307487854], [-7.444811809205026, 62.111811562580634], [-7.44442296685046, 62.11169338871495], [-7.444457487668075, 62.11181628961727], [-7.4454308215801905, 62.112194667615455], [-7.447912934875369, 62.11259085163787], [-7.448304966638895, 62.1128496942418], [-7.448151253936995, 62.11307944535204], [-7.449398070734058, 62.113582383852034], [-7.449146173265732, 62.1137536845826], [-7.4495150576540015, 62.11401603386793], [-7.451862507697751, 62.115017097901195], [-7.452753728757033, 62.11507749696914], [-7.452890976264624, 62.115121752355556], [-7.452393457597503, 62.11526608199988], [-7.452893599636488, 62.11552566971871], [-7.453715677790058, 62.115581969275155], [-7.454003210281135, 62.11550099051169], [-7.4537552888780185, 62.11530812667106], [-7.453922356497672, 62.11489811558192], [-7.455273445161147, 62.11527184178924], [-7.456133119419869, 62.11584408631498], [-7.457179277672533, 62.11636356327018], [-7.458712661822542, 62.11706320226225], [-7.460262740506482, 62.11821006669579], [-7.461465072328956, 62.11891451974957], [-7.461471519721921, 62.11919596559859], [-7.462085781049286, 62.119982914892056], [-7.462251030189366, 62.119872199558145], [-7.4627370150997745, 62.11985030824811], [-7.46332034369922, 62.11991206729036], [-7.463338201812654, 62.12007812793899], [-7.463921597436973, 62.1203850888141], [-7.463272845272042, 62.12044197753173], [-7.463061374695168, 62.120307067304836], [-7.462590730956064, 62.12033622052074], [-7.461673018336342, 62.12086006099992], [-7.461815656774264, 62.1209765279252], [-7.4635735671333725, 62.121161806658364], [-7.464119184261868, 62.121446896593284], [-7.4637853231786275, 62.12177644588924], [-7.463040111638402, 62.12195881522355], [-7.462186630643333, 62.121909584365085], [-7.461353291223471, 62.1217162498709], [-7.4611297405861166, 62.12196363803878], [-7.462619942957087, 62.1223346142164], [-7.4625718532623555, 62.1226372643846], [-7.461995113009612, 62.12285327006916], [-7.461188712426458, 62.12302444954927], [-7.461135811427907, 62.12347854811046], [-7.4617957047154775, 62.12355884435017], [-7.461499956067356, 62.1238994024397], [-7.460768200073032, 62.12389432692855], [-7.460460294784242, 62.12413027599486], [-7.4602516927892175, 62.12415407602427], [-7.45937076213187, 62.125211979811624], [-7.458552187414684, 62.126248672520745], [-7.457847854107897, 62.127080560422165], [-7.459343658848777, 62.12801428964081], [-7.459504749090725, 62.12808115102763], [-7.4594246011163845, 62.12826290629083], [-7.4595269384993, 62.12834293634253], [-7.460382716574181, 62.12841464515211], [-7.4614646159544975, 62.12822328194652], [-7.461694283182329, 62.12823830716807], [-7.46199630628261, 62.128399354394716], [-7.462233526185549, 62.12843941368205], [-7.462491712566353, 62.12859171610657], [-7.463123480196213, 62.128540564450155], [-7.463374976421068, 62.128647107042], [-7.463752517244041, 62.128892098252486], [-7.463605696708828, 62.12899009565038], [-7.463249936079139, 62.1295423461036], [-7.462832091258155, 62.129570920390336], [-7.461067878509528, 62.129061561912586], [-7.460616714224021, 62.12904407548788], [-7.460333861591269, 62.12918184452734], [-7.459993869327093, 62.12948537904264], [-7.460190061105223, 62.12996504186038], [-7.4608090262777536, 62.130027205161966], [-7.461724223353375, 62.13038407993499], [-7.461943046846845, 62.130718834570445], [-7.460946984777361, 62.13080437725756], [-7.4608446895419425, 62.131211345202644], [-7.460554314480213, 62.131565244745396], [-7.4606223773803215, 62.13183382176958], [-7.460527176172012, 62.13210067510839], [-7.459987565595429, 62.13254101878587], [-7.462190466970335, 62.134019644760244], [-7.463063865512559, 62.13453831712907], [-7.464946480489463, 62.13424091830858], [-7.465151990929602, 62.13432890747275], [-7.4647087535426815, 62.13518472186975], [-7.463667557171884, 62.13495742112223], [-7.463075129134116, 62.134671903575345], [-7.462838856982442, 62.13507810490737], [-7.464127462352058, 62.135285356459974], [-7.464536521072227, 62.135515525320756], [-7.464791248965464, 62.1362497369925], [-7.464927004769055, 62.137820376678555], [-7.46482917363275, 62.13823825609436], [-7.462781471244942, 62.139609863876736], [-7.462204596118607, 62.14017814903], [-7.461660366770648, 62.14068459596433], [-7.4618640929468185, 62.14092963596459], [-7.462363725945195, 62.1410160449804], [-7.462857169030985, 62.140940650226334], [-7.463141409926145, 62.14111461764797], [-7.461172773925647, 62.14198041153185], [-7.459448799727797, 62.14260721261107], [-7.457285668182248, 62.14322381187022], [-7.455423302139243, 62.14359700005781], [-7.4527802017353135, 62.14329360603235], [-7.452747367155015, 62.14335831011404], [-7.453276722026126, 62.14344140350552], [-7.453228365608236, 62.1435096143801], [-7.452612269156398, 62.14348012223365], [-7.452467176974763, 62.14367757371859], [-7.450906370961808, 62.14353314436524], [-7.450801782971298, 62.1436695663277], [-7.452816332305051, 62.1438567567847], [-7.452989020156551, 62.14400228749729], [-7.4522232975568246, 62.144559900005376], [-7.450287351196634, 62.144571753465016], [-7.446306158819672, 62.1434253063281], [-7.446218336400751, 62.1435185624223], [-7.447538520217025, 62.14395716254604], [-7.448659440038091, 62.14435474718479], [-7.449210855394163, 62.14471579709063], [-7.448947769484666, 62.14498462494854], [-7.447306152724045, 62.145680412650606], [-7.445154572442001, 62.14616331527764], [-7.444070755258349, 62.14653467098335], [-7.442879983128609, 62.14663089231526], [-7.440279463394586, 62.14619768814737], [-7.440074100048513, 62.14587146016681], [-7.437946965448184, 62.14558588390374], [-7.438071781278223, 62.14434546916602], [-7.4365157038160605, 62.14310038000697], [-7.43447940891964, 62.14216219047503], [-7.431290530052211, 62.14205299670913], [-7.427932204105434, 62.142649781835004], [-7.42581806834491, 62.14221974966288], [-7.425462639883873, 62.14223886993068], [-7.4242544756256645, 62.141219815820186], [-7.423609259323809, 62.14114669153977], [-7.423677268601225, 62.14094866097038], [-7.42356462218112, 62.14086130655589], [-7.422955913334836, 62.14084612621932], [-7.422588038665573, 62.1405439594233], [-7.421680417532174, 62.139999775372694], [-7.42134324212449, 62.13970145485684], [-7.420631445708542, 62.13954121510573], [-7.419272019785833, 62.13844167654123], [-7.4183140537979355, 62.13803062768132], [-7.4176325653319255, 62.13765046206848], [-7.417426987955434, 62.13756958072464], [-7.416251226323101, 62.13745643605418], [-7.416193966173967, 62.13731890735333], [-7.416428498478648, 62.13722321672489], [-7.41611761270051, 62.137062146961945], [-7.414969192870186, 62.13705386672104], [-7.414450862879149, 62.13663875115971], [-7.41256253007688, 62.13639059976785], [-7.412514648580943, 62.13643717220891], [-7.413257009803127, 62.13660848567083], [-7.413076897274396, 62.13669016415296], [-7.411920450563203, 62.13669262680965], [-7.410290982335792, 62.13677465279569], [-7.410286867706324, 62.136662772156306], [-7.411176790959506, 62.13656455264869], [-7.411369244628439, 62.13633869368432], [-7.412199301587675, 62.13618592927406], [-7.410333106485828, 62.13526664067734], [-7.409162965182067, 62.136611373605454], [-7.408625036698057, 62.13679143854748], [-7.40785256643651, 62.1368400106569], [-7.4066537044391225, 62.136488490612564], [-7.403123353932277, 62.1367008819805], [-7.402972819052844, 62.136591532383896], [-7.402815374985453, 62.13576406906311], [-7.402400311956942, 62.135263034403806], [-7.402346587848636, 62.134797128995515], [-7.4022474734541435, 62.13476394423073], [-7.401989157602623, 62.134877467377144], [-7.401758181241983, 62.13486861118249], [-7.4015196149659666, 62.13462872922876], [-7.400867496504439, 62.13453369658658], [-7.401020925562189, 62.134325531280545], [-7.401619465963207, 62.13445845000144], [-7.401729174568736, 62.13421378830105], [-7.402145920667908, 62.13396440910119], [-7.401618003520493, 62.133852322228], [-7.401288782744535, 62.13287244671336], [-7.400664051917001, 62.13266221466283], [-7.400581224784982, 62.13260390580102], [-7.400800246688552, 62.132511742313], [-7.400457576098657, 62.13215936139936], [-7.399798981048883, 62.132039117038914], [-7.400220172188482, 62.131887088787025], [-7.399911829293436, 62.1307450840748], [-7.399604121278327, 62.130504758783005], [-7.399556319401079, 62.13032038963315], [-7.400022160713888, 62.130215639897415], [-7.399545523785866, 62.130186889835336], [-7.399355378475385, 62.130113338994555], [-7.398991546020473, 62.129475828608], [-7.397306538802742, 62.12872395452159], [-7.394275641347061, 62.12813885140827], [-7.3932399138823115, 62.12755762168739], [-7.392976109946195, 62.127840610920266], [-7.392493425469813, 62.12798490284316], [-7.3930103268901055, 62.12750909473688], [-7.391956125673714, 62.12724510321614], [-7.390189941450596, 62.127531378237435], [-7.38943285679883, 62.12782505484731], [-7.389201175891368, 62.12784138996812], [-7.388874811323712, 62.127694706105196], [-7.385579161142723, 62.127644861030554], [-7.385106792945289, 62.12794425468447], [-7.38439468856859, 62.12803989051498], [-7.384328962105858, 62.12793841906716], [-7.384627909861139, 62.12775314946941], [-7.383932112179572, 62.12759999248593], [-7.383834371114238, 62.12775798826592], [-7.381934862494891, 62.12833170549642], [-7.380697968721384, 62.128903089248226], [-7.380522014355577, 62.12909292957451], [-7.380336507944905, 62.12910952038116], [-7.379463474885253, 62.128735087362564], [-7.3788391202855195, 62.128744838151164], [-7.377466166314736, 62.129015806930695], [-7.377267583186258, 62.12918742736959], [-7.376093307859973, 62.12950684347633], [-7.3765970422156615, 62.128525886111376], [-7.374829673364452, 62.12883717526902], [-7.374160852333603, 62.12834877975164], [-7.374103102452263, 62.128012955590826], [-7.373725285924981, 62.127800917865876], [-7.3725299776643185, 62.128058753866654], [-7.36998584832043, 62.12810792565095], [-7.3698427470588355, 62.12801307605909], [-7.370020898988528, 62.12776556157608], [-7.36984231398612, 62.12736386914678], [-7.369102435215589, 62.12737266545985], [-7.369035405822652, 62.12730357255003], [-7.369284173328102, 62.12723693975631], [-7.368100214099914, 62.126722973064844], [-7.367093463412266, 62.12665402832175], [-7.366830286433205, 62.12646809443046], [-7.367197131617146, 62.126333834943395], [-7.365524316103571, 62.12570063259759], [-7.364824160826262, 62.12567729283796], [-7.363863206516184, 62.12539946429697], [-7.36356552819068, 62.12553785287973], [-7.361660014125951, 62.1254006272705], [-7.360036300941205, 62.12513207697869], [-7.357280424535611, 62.124198370584416], [-7.35577114498002, 62.124183160849995], [-7.352687983345718, 62.1248951950434], [-7.350941253960757, 62.12505841748092], [-7.3505254586298765, 62.12505517361797], [-7.350273437396859, 62.12542834173392], [-7.349403377850585, 62.12585446475594], [-7.349204063601316, 62.126040488788234], [-7.3489561085491, 62.1265182692641], [-7.3487430365336435, 62.12666454623774], [-7.347759046796259, 62.126822815255224], [-7.344435281741161, 62.127136065735094], [-7.344440155897464, 62.127215468670634], [-7.347608475115875, 62.12694066498588], [-7.347976526861515, 62.12699038040728], [-7.347845770846921, 62.12719858198849], [-7.346570438682016, 62.12753862598053], [-7.346424144824165, 62.12775382145366], [-7.346810334852451, 62.128160807075005], [-7.346877830464715, 62.12842827838411], [-7.347042856888427, 62.12855581608584], [-7.346785907159205, 62.129282380122135], [-7.347121169054702, 62.12982240404195], [-7.346945194736861, 62.13000861378722], [-7.345612212423075, 62.13022553497747], [-7.344988815461761, 62.13020624364233], [-7.344816018041323, 62.13029869337686], [-7.345291703049124, 62.13057292502578], [-7.3442815692967836, 62.13124677853837], [-7.344112038965465, 62.13146905424329], [-7.343388074182299, 62.1316725863595], [-7.34344121014769, 62.1319146662363], [-7.343107435253649, 62.13198427649535], [-7.342553427077107, 62.13261115289832], [-7.342102279995283, 62.13273024903318], [-7.3419114525939175, 62.132716324756124], [-7.340878696945562, 62.132794951485295], [-7.340620459795011, 62.132990760234456], [-7.341117382885341, 62.13360992509867], [-7.341909825117873, 62.13400060315431], [-7.342521995208249, 62.134455360934766], [-7.342055955617692, 62.134565752257615], [-7.342051842298605, 62.13466919219038], [-7.342430233506765, 62.134896403548524], [-7.342395929828744, 62.135138425304675], [-7.34219773257678, 62.13528451194878], [-7.342026745094412, 62.135322049302644], [-7.3414871808970945, 62.135335340499374], [-7.3410183423271205, 62.135408894896514], [-7.341034016971879, 62.13550808384604], [-7.341305114656844, 62.13557568367191], [-7.341417736957306, 62.135641296958156], [-7.341360524735924, 62.135719777496114], [-7.340522209575995, 62.136174861155816], [-7.339881892756569, 62.136676830729705], [-7.339950727026443, 62.13677171987706], [-7.339860539418475, 62.13687448795008], [-7.340059409497475, 62.13697187682736], [-7.3399924614193885, 62.13797271196699], [-7.340416692428737, 62.139491533232984], [-7.34160317284465, 62.14038848590287], [-7.342553120818183, 62.14143868587901], [-7.342758219846185, 62.14240018336993], [-7.342248004387649, 62.143089066175946], [-7.341997301184758, 62.14322520842033], [-7.341579219504246, 62.1436430318479], [-7.3406265952311305, 62.14402377882711], [-7.340570066948456, 62.144314002406155], [-7.339939509399207, 62.14448354321115], [-7.33919087232007, 62.144588388644024], [-7.338527468555354, 62.14461831761958], [-7.338403859967032, 62.1446548032631], [-7.338429971434908, 62.144920705251316], [-7.337661554116455, 62.14489255587599], [-7.337166931448621, 62.14455147431194], [-7.336878742367745, 62.144143306002064], [-7.335514328444733, 62.14389922037879], [-7.334399937606385, 62.143720236443976], [-7.33438965085285, 62.14371544552467], [-7.331473398836341, 62.14335169147269], [-7.331373713946595, 62.14355657298981], [-7.329543510343299, 62.1436288679763], [-7.328281288816091, 62.14355764605393], [-7.3277359697910445, 62.14327910667811], [-7.3278251662687905, 62.14315712598657], [-7.327512652140674, 62.14305722683869], [-7.327051800248481, 62.143223191845074], [-7.326083520173728, 62.14313295829747], [-7.325529684962623, 62.14303400925883], [-7.325345446224542, 62.143206271276206], [-7.325006693925845, 62.14322398998007], [-7.324455122139158, 62.14329918336412], [-7.324070992968866, 62.143294540467394], [-7.322458140372237, 62.143602198704386], [-7.321697288428167, 62.14388209775722], [-7.321304955837791, 62.14423727350582], [-7.320594883710316, 62.144550560874805], [-7.31974504455018, 62.14461627061417], [-7.319346487367105, 62.14476106497384], [-7.317219427511441, 62.145144826802785], [-7.316366781209798, 62.14505145033549], [-7.31528503397416, 62.145111462470176], [-7.314293728438304, 62.145439144785996], [-7.314253342150696, 62.145489366597744], [-7.31283945723295, 62.14555752830558], [-7.312961977178017, 62.14579669634993], [-7.311968919956159, 62.1459583800367], [-7.312241901786126, 62.146299729097336], [-7.311870394493802, 62.1463364948386], [-7.3120524040441035, 62.146633832633604], [-7.310863113342719, 62.14688781375434], [-7.309776601670203, 62.147286918838134], [-7.309411270164111, 62.147150521734], [-7.308512240652511, 62.1474861107781], [-7.307248493417784, 62.14766366733758], [-7.307235660712297, 62.14780434009606], [-7.307464850370309, 62.14786386451481], [-7.307552307745715, 62.14800531261528], [-7.305761184315048, 62.148474592435], [-7.305465067312074, 62.14834585215405], [-7.3042107973406205, 62.148685868854365], [-7.302764807334192, 62.14878979934964], [-7.302910901455459, 62.14901104469329], [-7.302821387021152, 62.14913659707404], [-7.301825677555364, 62.14915752739992], [-7.301481044168392, 62.14951197792068], [-7.300442827722715, 62.14964080506431], [-7.300234541924007, 62.149852054873186], [-7.299802069115767, 62.14986299928456], [-7.299347227071969, 62.149649991854005], [-7.298970881630689, 62.149816543776], [-7.298606155747869, 62.14987498948233], [-7.297898697560358, 62.14981514576053], [-7.297718388180423, 62.14989667643164], [-7.298300663306491, 62.14997877072913], [-7.297902686541589, 62.150161390323916], [-7.297488867747303, 62.15008594031788], [-7.297304747307733, 62.15013959878609], [-7.296806646288185, 62.150160947806505], [-7.296836967768458, 62.15030439410824], [-7.296829068222426, 62.150390464548536], [-7.296652771977385, 62.150458489767516], [-7.296369044775482, 62.15045114483282], [-7.296054997360379, 62.15037215906782], [-7.2959323761804304, 62.15038285936939], [-7.2958785439461025, 62.15049762638734], [-7.295525712881661, 62.15057631608228], [-7.294176758246784, 62.15059006737599], [-7.287669904494765, 62.15031797122215], [-7.288114291594283, 62.15042937235544], [-7.288574108447504, 62.15044752429197], [-7.288711932515, 62.15048710307505], [-7.288888065187491, 62.15061628417141], [-7.288550324280438, 62.150777450709505], [-7.288105770538078, 62.15078794048988], [-7.287170540505434, 62.150898642784796], [-7.286878999794571, 62.151002482029874], [-7.285122854612315, 62.15135300368556], [-7.283941661579434, 62.151707388135044], [-7.283803670939866, 62.15172165748844], [-7.283573924590905, 62.151624747478145], [-7.282653186014711, 62.15200074510792], [-7.2824461577852935, 62.15200419502111], [-7.28230782327028, 62.15219061502896], [-7.281210994029757, 62.15248049830249], [-7.280267541358243, 62.152680721655265], [-7.279577784024622, 62.152680334653155], [-7.278711250157126, 62.15281974802924], [-7.278189728033048, 62.152887594085804], [-7.2775989244903805, 62.1531382235407], [-7.2779200286017955, 62.15346112278803], [-7.275427946198514, 62.15376809682], [-7.273510806367036, 62.15403586969721], [-7.2714019323541335, 62.154307150966424], [-7.270067489211326, 62.15451069046973], [-7.269906343983728, 62.15461100528073], [-7.2701897638676325, 62.154661394515514], [-7.2702432903454355, 62.15471878959133], [-7.270127791506856, 62.154880081544256], [-7.2703116675342425, 62.1549196247001], [-7.270196456693336, 62.15499843207667], [-7.267135822619324, 62.15562399182927], [-7.266552974996079, 62.1557562834642], [-7.265992216263549, 62.156092960420246], [-7.265071949610572, 62.15618925255357], [-7.264097489893465, 62.15651491241665], [-7.2629612522799105, 62.15704480572005], [-7.261856144716779, 62.15739906297252], [-7.2605666983184705, 62.15787863743352], [-7.259745010792443, 62.158272515543565], [-7.258701770795454, 62.15843678682985], [-7.257266813413167, 62.15885526397101], [-7.254681780149704, 62.15920836747611], [-7.2531019691059315, 62.1593577667403], [-7.252426491847856, 62.15958317102464], [-7.2518896040173475, 62.159658086996934], [-7.250294594039536, 62.15971427253227], [-7.249013684367238, 62.159874666268955], [-7.24858416005907, 62.15988145103518], [-7.246016526735175, 62.15966787360998], [-7.243855931375748, 62.15924299163382], [-7.242569428432002, 62.15884028276412], [-7.241100259824753, 62.158093260792384], [-7.241201737254623, 62.15762716871649], [-7.241316936291255, 62.157569926562196], [-7.241210306751492, 62.15738331045137], [-7.241998831684052, 62.15568428202499], [-7.24257747870457, 62.15469869340596], [-7.242509510065723, 62.15444758200899], [-7.242609847530468, 62.154232532524425], [-7.242963124756425, 62.154049949379306], [-7.242949235579619, 62.15367341090751], [-7.24418224811674, 62.15194248271955], [-7.244475631012983, 62.15136177155214]]]]}, "properties": {"disaggregations": [{"Series": "Partur av f\u00f3lkinum, i\u00f0 livir av minni enn f\u00e1t\u00e6kamarkinum \u00ed landinum", "region": "V\u00e1ga \u00f8ki", "sex": "", "age": "", "Units": "%"}, {"Series": "Partur av f\u00f3lkinum, i\u00f0 livir av minni enn f\u00e1t\u00e6kamarkinum \u00ed landinum", "region": "V\u00e1ga \u00f8ki", "sex": "", "age": "Aldur 0 - 17", "Units": "%"}, {"Series": "Partur av f\u00f3lkinum, i\u00f0 livir av minni enn f\u00e1t\u00e6kamarkinum \u00ed landinum", "region": "V\u00e1ga \u00f8ki", "sex": "", "age": "Aldur 18 - 24", "Units": "%"}, {"Series": "Partur av f\u00f3lkinum, i\u00f0 livir av minni enn f\u00e1t\u00e6kamarkinum \u00ed landinum", "region": "V\u00e1ga \u00f8ki", "sex": "", "age": "Aldur 25 - 54", "Units": "%"}, {"Series": "Partur av f\u00f3lkinum, i\u00f0 livir av minni enn f\u00e1t\u00e6kamarkinum \u00ed landinum", "region": "V\u00e1ga \u00f8ki", "sex": "", "age": "Aldur 55 - 66", "Units": "%"}, {"Series": "Partur av f\u00f3lkinum, i\u00f0 livir av minni enn f\u00e1t\u00e6kamarkinum \u00ed landinum", "region": "V\u00e1ga \u00f8ki", "sex": "", "age": "Aldur 67 + ", "Units": "%"}, {"Series": "Partur av f\u00f3lkinum, i\u00f0 livir av minni enn f\u00e1t\u00e6kamarkinum \u00ed landinum", "region": "V\u00e1ga \u00f8ki", "sex": "Kvinnur", "age": "", "Units": "%"}, {"Series": "Partur av f\u00f3lkinum, i\u00f0 livir av minni enn f\u00e1t\u00e6kamarkinum \u00ed landinum", "region": "V\u00e1ga \u00f8ki", "sex": "Kvinnur", "age": "Aldur 0 - 17", "Units": "%"}, {"Series": "Partur av f\u00f3lkinum, i\u00f0 livir av minni enn f\u00e1t\u00e6kamarkinum \u00ed landinum", "region": "V\u00e1ga \u00f8ki", "sex": "Kvinnur", "age": "Aldur 18 - 24", "Units": "%"}, {"Series": "Partur av f\u00f3lkinum, i\u00f0 livir av minni enn f\u00e1t\u00e6kamarkinum \u00ed landinum", "region": "V\u00e1ga \u00f8ki", "sex": "Kvinnur", "age": "Aldur 25 - 54", "Units": "%"}, {"Series": "Partur av f\u00f3lkinum, i\u00f0 livir av minni enn f\u00e1t\u00e6kamarkinum \u00ed landinum", "region": "V\u00e1ga \u00f8ki", "sex": "Kvinnur", "age": "Aldur 55 - 66", "Units": "%"}, {"Series": "Partur av f\u00f3lkinum, i\u00f0 livir av minni enn f\u00e1t\u00e6kamarkinum \u00ed landinum", "region": "V\u00e1ga \u00f8ki", "sex": "Kvinnur", "age": "Aldur 67 + ", "Units": "%"}, {"Series": "Partur av f\u00f3lkinum, i\u00f0 livir av minni enn f\u00e1t\u00e6kamarkinum \u00ed landinum", "region": "V\u00e1ga \u00f8ki", "sex": "Menn", "age": "", "Units": "%"}, {"Series": "Partur av f\u00f3lkinum, i\u00f0 livir av minni enn f\u00e1t\u00e6kamarkinum \u00ed landinum", "region": "V\u00e1ga \u00f8ki", "sex": "Menn", "age": "Aldur 0 - 17", "Units": "%"}, {"Series": "Partur av f\u00f3lkinum, i\u00f0 livir av minni enn f\u00e1t\u00e6kamarkinum \u00ed landinum", "region": "V\u00e1ga \u00f8ki", "sex": "Menn", "age": "Aldur 18 - 24", "Units": "%"}, {"Series": "Partur av f\u00f3lkinum, i\u00f0 livir av minni enn f\u00e1t\u00e6kamarkinum \u00ed landinum", "region": "V\u00e1ga \u00f8ki", "sex": "Menn", "age": "Aldur 25 - 54", "Units": "%"}, {"Series": "Partur av f\u00f3lkinum, i\u00f0 livir av minni enn f\u00e1t\u00e6kamarkinum \u00ed landinum", "region": "V\u00e1ga \u00f8ki", "sex": "Menn", "age": "Aldur 55 - 66", "Units": "%"}, {"Series": "Partur av f\u00f3lkinum, i\u00f0 livir av minni enn f\u00e1t\u00e6kamarkinum \u00ed landinum", "region": "V\u00e1ga \u00f8ki", "sex": "Menn", "age": "Aldur 67 + ", "Units": "%"}], "values": [{"2009": 4.3, "2010": 3.0, "2011": 3.9, "2012": 5.3, "2013": 3.1, "2014": 3.8, "2015": 4.2, "2016": 3.3, "2017": 2.6, "2018": 3.1, "2019": 2.9, "2020": 2.6, "2021": 3.2, "2022": 2.1, "2023": 2.6, "2024": 3.3}, {"2009": 5.7, "2010": 3.8, "2011": 5.2, "2012": 8.0, "2013": 4.1, "2014": 5.1, "2015": 6.4, "2016": 4.2, "2017": 2.3, "2018": 2.9, "2019": 2.6, "2020": 3.2, "2021": 3.6, "2022": 2.7, "2023": 3.7, "2024": 5.5}, {"2009": 4.9, "2010": 3.2, "2011": 3.1, "2012": 5.4, "2013": 2.8, "2014": 4.8, "2015": 4.3, "2016": 1.7, "2017": 2.9, "2018": 3.2, "2019": 4.3, "2020": 2.1, "2021": 3.5, "2022": 2.8, "2023": 2.7, "2024": 1.3}, {"2009": 3.6, "2010": 2.5, "2011": 3.5, "2012": 4.7, "2013": 2.8, "2014": 3.5, "2015": 4.0, "2016": 3.3, "2017": 2.5, "2018": 3.0, "2019": 3.1, "2020": 2.4, "2021": 3.3, "2022": 1.8, "2023": 2.2, "2024": 3.2}, {"2009": 4.2, "2010": 3.0, "2011": 3.2, "2012": 4.2, "2013": 3.8, "2014": 3.2, "2015": 2.5, "2016": 2.6, "2017": 2.1, "2018": 3.5, "2019": 2.5, "2020": 3.3, "2021": 3.3, "2022": 1.6, "2023": 1.9, "2024": 2.2}, {"2009": 3.3, "2010": 2.3, "2011": 3.8, "2012": 2.9, "2013": 1.8, "2014": 2.0, "2015": 2.2, "2016": 3.3, "2017": 3.4, "2018": 3.4, "2019": 2.5, "2020": 2.0, "2021": 2.0, "2022": 1.8, "2023": 2.1, "2024": 2.3}, {"2009": 4.0, "2010": 3.0, "2011": 4.6, "2012": 5.1, "2013": 3.2, "2014": 3.8, "2015": 4.3, "2016": 3.0, "2017": 2.4, "2018": 2.8, "2019": 2.9, "2020": 3.1, "2021": 3.2, "2022": 2.1, "2023": 2.8, "2024": 2.9}, {"2009": 5.5, "2010": 5.1, "2011": 7.2, "2012": 7.4, "2013": 4.1, "2014": 5.0, "2015": 7.6, "2016": 3.8, "2017": 2.6, "2018": 2.3, "2019": 2.8, "2020": 3.8, "2021": 4.0, "2022": 2.3, "2023": 3.9, "2024": 4.2}, {"2009": 5.9, "2010": 1.5, "2011": 5.6, "2012": 7.2, "2013": 3.4, "2014": 2.1, "2015": 5.3, "2016": 1.9, "2017": 1.0, "2018": 3.8, "2019": 4.0, "2020": 3.1, "2021": 2.4, "2022": 4.3, "2023": 3.7, "2024": 0.7}, {"2009": 4.1, "2010": 2.6, "2011": 3.0, "2012": 5.1, "2013": 3.0, "2014": 4.4, "2015": 3.7, "2016": 2.9, "2017": 2.1, "2018": 2.8, "2019": 3.1, "2020": 2.5, "2021": 3.2, "2022": 1.8, "2023": 3.0, "2024": 3.7}, {"2009": 1.9, "2010": 1.5, "2011": 2.5, "2012": 2.5, "2013": 3.4, "2014": 2.2, "2015": 0.9, "2016": 1.4, "2017": 1.9, "2018": 2.9, "2019": 1.4, "2020": 3.9, "2021": 3.4, "2022": 2.5, "2023": 2.0, "2024": 2.4}, {"2009": 1.9, "2010": 2.7, "2011": 4.7, "2012": 2.6, "2013": 1.7, "2014": 2.6, "2015": 2.6, "2016": 3.7, "2017": 3.5, "2018": 3.5, "2019": 3.4, "2020": 2.6, "2021": 1.8, "2022": 1.5, "2023": 1.1, "2024": 1.1}, {"2009": 4.6, "2010": 2.9, "2011": 3.3, "2012": 5.4, "2013": 3.1, "2014": 3.7, "2015": 4.0, "2016": 3.6, "2017": 2.7, "2018": 3.4, "2019": 2.8, "2020": 2.1, "2021": 3.2, "2022": 2.1, "2023": 2.4, "2024": 3.7}, {"2009": 5.8, "2010": 2.6, "2011": 3.2, "2012": 8.5, "2013": 4.2, "2014": 5.2, "2015": 5.2, "2016": 4.6, "2017": 1.9, "2018": 3.5, "2019": 2.3, "2020": 2.5, "2021": 3.2, "2022": 3.2, "2023": 3.5, "2024": 6.8}, {"2009": 3.9, "2010": 4.7, "2011": 1.4, "2012": 4.2, "2013": 2.3, "2014": 6.8, "2015": 3.6, "2016": 1.6, "2017": 4.4, "2018": 2.8, "2019": 4.5, "2020": 1.3, "2021": 4.4, "2022": 1.3, "2023": 1.8, "2024": 2.0}, {"2009": 3.2, "2010": 2.3, "2011": 3.9, "2012": 4.3, "2013": 2.6, "2014": 2.7, "2015": 4.2, "2016": 3.6, "2017": 2.9, "2018": 3.1, "2019": 3.0, "2020": 2.2, "2021": 3.4, "2022": 1.9, "2023": 1.6, "2024": 2.7}, {"2009": 6.4, "2010": 4.5, "2011": 4.0, "2012": 5.9, "2013": 4.0, "2014": 4.1, "2015": 4.0, "2016": 3.6, "2017": 2.3, "2018": 4.1, "2019": 3.4, "2020": 2.7, "2021": 3.2, "2022": 0.9, "2023": 1.8, "2024": 2.1}, {"2009": 4.7, "2010": 1.9, "2011": 2.8, "2012": 3.1, "2013": 1.8, "2014": 1.3, "2015": 1.8, "2016": 3.0, "2017": 3.2, "2018": 3.2, "2019": 1.6, "2020": 1.4, "2021": 2.1, "2022": 2.1, "2023": 3.0, "2024": 3.4}], "observation_attributes": [{}, {}, {}, {}, {}, {}, {}, {}, {}, {}, {}, {}, {}, {}, {}, {}, {}, {}], "name": "Vaga", "geocode": "4400"}}, {"type": "Feature", "geometry": {"type": "MultiPolygon", "coordinates": [[[[-6.758472875142181, 61.70470372303306], [-6.758394061420306, 61.704349662860835], [-6.757996603751952, 61.70441865053061], [-6.75714581998556, 61.70419925681172], [-6.7569337092925155, 61.70440317902496], [-6.75676091623359, 61.70434772761942], [-6.756791224909091, 61.7041315727742], [-6.755869355546912, 61.70398732134424], [-6.755672950627151, 61.70373691525211], [-6.754440272460788, 61.7035758754178], [-6.753747999009567, 61.70317006619282], [-6.7532224874820175, 61.70320568888319], [-6.751142826225115, 61.7020677334292], [-6.750252220725271, 61.70168566554711], [-6.749768019763969, 61.700975026102356], [-6.749114401888619, 61.700771577053445], [-6.748551422305047, 61.700143225162314], [-6.748361693789449, 61.69970176282461], [-6.747860287946828, 61.69948860521563], [-6.747859328600536, 61.69929743502466], [-6.747640394588444, 61.69926329789559], [-6.7472406705986305, 61.698311618457325], [-6.746918690390525, 61.69817926048987], [-6.746222853105573, 61.69744527218298], [-6.745353015787026, 61.69712824747344], [-6.7450487229703935, 61.696491129677696], [-6.7453373849462555, 61.696269813659086], [-6.746445003697382, 61.695654652748836], [-6.746905138012496, 61.695092102729674], [-6.7465096292873605, 61.69424149853459], [-6.745700767762229, 61.693048539574086], [-6.745609766821554, 61.69304425403197], [-6.745553066275381, 61.693144776364484], [-6.745453531480639, 61.69316926098263], [-6.744841806142053, 61.69220509301303], [-6.744987730723273, 61.691939401188094], [-6.74540046774342, 61.69164695873859], [-6.745227314533607, 61.69138587490735], [-6.7439944857467315, 61.69081350809849], [-6.743661625699871, 61.69034569930036], [-6.742195156583181, 61.68929179103843], [-6.741230157858584, 61.68866752908875], [-6.7412044057798415, 61.688317474981524], [-6.740256052123786, 61.687649934206284], [-6.739970366267391, 61.68735196338438], [-6.739208706203096, 61.68699250909288], [-6.738882770419855, 61.686326283363215], [-6.737115889935103, 61.6851906611043], [-6.737215338067745, 61.684953477045845], [-6.736836602682562, 61.684932384732136], [-6.736683192952189, 61.684761671362345], [-6.7375265511302365, 61.68388119582957], [-6.7386627042277905, 61.683305991682516], [-6.741303834949844, 61.68202864119768], [-6.744778827832691, 61.682730531526985], [-6.746639720524146, 61.68291838496932], [-6.749672056141359, 61.68325598563245], [-6.75153323615351, 61.6834329118676], [-6.75479053603161, 61.68363879454195], [-6.757397732333164, 61.682660244107815], [-6.758216815856651, 61.6822447008273], [-6.758247576583139, 61.682014097854996], [-6.75959694115109, 61.681847878538115], [-6.760710130646563, 61.68192513134469], [-6.762817362185834, 61.68223720557007], [-6.763378508793618, 61.682692363624916], [-6.76316296776775, 61.68300083640411], [-6.76309509152254, 61.683649500828594], [-6.763367940559246, 61.68366600218176], [-6.763308724456544, 61.68383867691277], [-6.762856370517753, 61.68418861118689], [-6.763043551663752, 61.68426575103809], [-6.762800390287404, 61.68449107860914], [-6.763625740869842, 61.684335175286016], [-6.7633058807635695, 61.68502873483602], [-6.7631274554606176, 61.68513552945958], [-6.763283669630449, 61.685230567526126], [-6.763798125546026, 61.68462145101691], [-6.7641245837942225, 61.6843967675962], [-6.764236309665393, 61.68445893290162], [-6.7639098760172685, 61.68556360266467], [-6.763229565492854, 61.68614252858098], [-6.762518629967473, 61.68628127078048], [-6.762783367227863, 61.686532159311774], [-6.764531090869059, 61.68560089010686], [-6.765092370033469, 61.68606322459479], [-6.764819527294683, 61.686486674866394], [-6.764302066285835, 61.68652228763818], [-6.76394261309121, 61.68704245355809], [-6.764148456119595, 61.68723518144945], [-6.764981763312047, 61.68707212652957], [-6.765111567648044, 61.686827880495805], [-6.765888388469173, 61.68764174623926], [-6.76544139416315, 61.68783662830463], [-6.765133152152064, 61.68818767186954], [-6.764032506735786, 61.688179170673706], [-6.764088867486321, 61.68918936976432], [-6.7643786906112116, 61.690035492563716], [-6.76470225263386, 61.69122451777714], [-6.764841924624611, 61.69246260762092], [-6.766101512878012, 61.693597540483594], [-6.76667879664949, 61.694702001041605], [-6.7669224644754085, 61.695565767387926], [-6.767279205437833, 61.69579579286928], [-6.766997590252447, 61.69581525143562], [-6.767154009962537, 61.69634655301608], [-6.768064897826089, 61.69702082209011], [-6.768582743893762, 61.697201490631976], [-6.768425630448386, 61.69779895710613], [-6.767203919340768, 61.698655024902294], [-6.766083635293307, 61.69965253699556], [-6.7647508272919135, 61.699757600619925], [-6.76416003312672, 61.700813323180064], [-6.765602795911218, 61.701484459857845], [-6.765615112126381, 61.701567532978416], [-6.764902251227922, 61.701756720898594], [-6.764893094495931, 61.70202359215412], [-6.765403326781916, 61.7028678387881], [-6.766193074641614, 61.70398107066695], [-6.76628460426224, 61.70463817786986], [-6.765915052051122, 61.7050031273781], [-6.7660297734296435, 61.70541873295477], [-6.765295538012377, 61.70600810623402], [-6.764326927847435, 61.706339638926124], [-6.764086178423547, 61.70670920565566], [-6.763790370500448, 61.70669610432287], [-6.763805030781339, 61.70649423780489], [-6.761587950645331, 61.70579181620304], [-6.760149820540965, 61.70520358694292], [-6.759936130929663, 61.705010815904465], [-6.758472875142181, 61.70470372303306]]], [[[-6.845865874244251, 61.784508355273175], [-6.8436951372449775, 61.78383693843875], [-6.842965002101455, 61.78388227477722], [-6.841201929676796, 61.78351961807846], [-6.838222319744508, 61.78327941948223], [-6.8377446384530165, 61.783428548437755], [-6.834708930247217, 61.78354884704639], [-6.832532378073455, 61.78359819125013], [-6.829935872111092, 61.7841676871099], [-6.828269838253308, 61.78425521738589], [-6.823809077799334, 61.78364743984966], [-6.823525964711647, 61.78352209543956], [-6.823130234588295, 61.783541125712574], [-6.820641651442345, 61.78295316685478], [-6.818077052171737, 61.78237966221916], [-6.817648156293203, 61.78217180731586], [-6.816909148406788, 61.78211244655608], [-6.816159917294126, 61.78183690270623], [-6.814983772519428, 61.78150480557803], [-6.813791600210903, 61.781107888597454], [-6.813857737492105, 61.7809058565352], [-6.813378456400575, 61.780932413057435], [-6.811986465536959, 61.78036295980443], [-6.8104021429899175, 61.77961731622829], [-6.8105060535567254, 61.77939362326441], [-6.8096468746692596, 61.7794679623012], [-6.80898334147155, 61.779361551188785], [-6.808679566546718, 61.7794235793141], [-6.808343043190509, 61.7792802885953], [-6.8087278173518335, 61.77898369827836], [-6.808481077525882, 61.77871399382942], [-6.807704799360586, 61.77871602516492], [-6.807259614380439, 61.77839277356606], [-6.807621833787534, 61.778135958082565], [-6.807642379200665, 61.777930415325365], [-6.806943291208308, 61.77803315687832], [-6.80676041269561, 61.778008411141], [-6.80687033979914, 61.77764762895669], [-6.8067702825289516, 61.777554178929634], [-6.806222951090214, 61.77760251444866], [-6.8056506332370885, 61.777477795215894], [-6.805557933550448, 61.77736632600241], [-6.80620990258612, 61.77713750021767], [-6.805832506895715, 61.7760859340816], [-6.806047556339412, 61.77560958041673], [-6.8060595125634835, 61.774672350194926], [-6.805758775149874, 61.77432348411095], [-6.805577193307863, 61.773758085244616], [-6.804981744271536, 61.773597347523676], [-6.804956311776901, 61.7733776004177], [-6.80463612819322, 61.77331716130827], [-6.804679656708782, 61.77314035849589], [-6.804937759069749, 61.77307482468608], [-6.804758229865627, 61.77269324268695], [-6.804261356791943, 61.77250346577474], [-6.804279704300216, 61.7721141023672], [-6.803822807110694, 61.77208648409656], [-6.803790330756093, 61.77189912502307], [-6.803333498671467, 61.77187859895314], [-6.803370741781613, 61.77181365490044], [-6.803804547667837, 61.771808941683425], [-6.803855498839788, 61.77161053066472], [-6.803505043256023, 61.77156818809745], [-6.803278366846613, 61.771716554161024], [-6.8028590745819235, 61.77164554221698], [-6.802994764057436, 61.771537106877005], [-6.803142760800385, 61.771169037102716], [-6.803399939803759, 61.7710313959051], [-6.8031226828024955, 61.7707473636978], [-6.803401990782694, 61.77055198805313], [-6.802904880141048, 61.77033697267491], [-6.8026530186409575, 61.7696131410089], [-6.802318050070729, 61.76958513947457], [-6.802010421809215, 61.769304747125496], [-6.802183316837859, 61.76911323222836], [-6.801854904252901, 61.76900955785369], [-6.801352340117097, 61.768304412927215], [-6.8004313299709045, 61.7676182215784], [-6.800058455650416, 61.76760118714229], [-6.798643734008984, 61.7662999347439], [-6.798385087856851, 61.76629694270246], [-6.797904496408691, 61.76551959149785], [-6.7975856206181255, 61.76557443700351], [-6.7969384254582526, 61.76418477303751], [-6.797134014230282, 61.763985998045776], [-6.796737035255721, 61.763864417317116], [-6.79640036765497, 61.763007403691475], [-6.796148708556414, 61.76295756277699], [-6.796260974620531, 61.76279506674886], [-6.796428593824004, 61.762819851851766], [-6.796159311790822, 61.76186893127014], [-6.796399316493817, 61.761576420520086], [-6.796292263487844, 61.76152621407527], [-6.795494109996874, 61.76157504301482], [-6.794682927519493, 61.76113730081084], [-6.794702431499296, 61.76084168899578], [-6.794241314860388, 61.76042116544034], [-6.793314574996976, 61.759176284110744], [-6.793443508942682, 61.75846224988841], [-6.792815616807559, 61.75739681032336], [-6.792533731705342, 61.75666582558065], [-6.792886216172623, 61.75622878808836], [-6.792716406564978, 61.7559949466513], [-6.792325817143795, 61.75575440118208], [-6.792135250812242, 61.75435627009881], [-6.791838465978258, 61.75433181892899], [-6.791117800161193, 61.75313324913252], [-6.790020935524552, 61.75159316744744], [-6.7903526164192005, 61.75063352912359], [-6.7911972569806025, 61.749997043149975], [-6.7937309716310965, 61.749468065132106], [-6.796016837183405, 61.74920637481569], [-6.797697685339529, 61.749230925609616], [-6.797802022926308, 61.749054025921176], [-6.799218217254323, 61.74920906294141], [-6.802682689869178, 61.74896226410844], [-6.802793115072617, 61.74865204116723], [-6.803555679997893, 61.7488446589486], [-6.80688279478724, 61.74855487810238], [-6.807486660805274, 61.74817121718622], [-6.808360028039969, 61.74807163437258], [-6.810937406000116, 61.74806126978053], [-6.811749604160113, 61.74794012661879], [-6.812434099908146, 61.747952778176185], [-6.812811951106502, 61.74776075839045], [-6.813442174525135, 61.74768697454301], [-6.814832677320612, 61.74760396410549], [-6.815796063672315, 61.74677233884009], [-6.817119068794863, 61.74677244424153], [-6.81737563042939, 61.74660770149731], [-6.8172326610331835, 61.74738127553774], [-6.816689104965551, 61.74769635835747], [-6.816589727821169, 61.74828778564447], [-6.817102081440001, 61.7485351410807], [-6.820919873762075, 61.74859330270377], [-6.821059960018118, 61.748236045516634], [-6.82156250800232, 61.7476652216737], [-6.822208874281247, 61.74767066311185], [-6.822364154103587, 61.74856413301939], [-6.823269822362683, 61.748622986153116], [-6.823996881194819, 61.74839034339141], [-6.82455369911666, 61.74852938158892], [-6.824609433273937, 61.74874547535532], [-6.823580455927154, 61.75041001288156], [-6.824108055494037, 61.7506573137041], [-6.826045349129361, 61.751127768153715], [-6.826689743779805, 61.75096382711862], [-6.827137259548577, 61.75150325115285], [-6.828495795807553, 61.75190683823468], [-6.829147716315827, 61.75172486906041], [-6.829529686249272, 61.7518787987645], [-6.8294906384324765, 61.75240510898393], [-6.829410648139483, 61.75271179190867], [-6.831774693475193, 61.75384065539322], [-6.832502365336285, 61.753651161244505], [-6.832702473338883, 61.75384888737539], [-6.832706321033643, 61.75415169210332], [-6.834839711825965, 61.75507564546203], [-6.836501009056738, 61.755950532610626], [-6.836901182205448, 61.75571507645574], [-6.837497258913908, 61.755936919112024], [-6.837661378348986, 61.75628606852264], [-6.8397470341282975, 61.75703348425604], [-6.840497675723068, 61.75744234290365], [-6.840713683232588, 61.75707764763137], [-6.841277311313581, 61.75714453725022], [-6.842666793590341, 61.75754783608911], [-6.842861540421182, 61.7573129854161], [-6.844089048958848, 61.75754376080578], [-6.843992212509625, 61.7577062655665], [-6.844214850439054, 61.757867787186406], [-6.844380273813266, 61.7577159690761], [-6.844911741189387, 61.75882828648453], [-6.844722375417115, 61.758897309241036], [-6.845468076434677, 61.76009182471191], [-6.845272190613474, 61.76025106543669], [-6.846352792755507, 61.76087148958106], [-6.847518623073817, 61.76103033413002], [-6.848665230771089, 61.76086843844308], [-6.84911665415665, 61.76107251166208], [-6.848952564717578, 61.76132176859237], [-6.850933989217443, 61.76218111808963], [-6.852050372271673, 61.76204807743485], [-6.852644243749298, 61.76208235360428], [-6.85297040675477, 61.763757480066865], [-6.853275930087016, 61.7638431637386], [-6.853620375312633, 61.76516501811861], [-6.853982920200394, 61.76553880211605], [-6.855443579412389, 61.76553807793629], [-6.855629074475989, 61.76576103558012], [-6.855046842860188, 61.76602592519107], [-6.8552082781681705, 61.767315907438], [-6.856695204950515, 61.76756741430737], [-6.85762873439213, 61.76796116752887], [-6.85782399463258, 61.76834623835706], [-6.855884739676776, 61.76957397815411], [-6.856201156869876, 61.769901064976686], [-6.857333241851747, 61.77034829448013], [-6.858255143576187, 61.77159270863039], [-6.858956785283642, 61.77170962181835], [-6.8589431248734165, 61.771832227744014], [-6.8582902258861775, 61.771935051230805], [-6.858392945390762, 61.77279989598489], [-6.858668386551523, 61.772910772635704], [-6.858372415711111, 61.77296934958642], [-6.858340239711509, 61.773409219059744], [-6.859439675159035, 61.773679858716335], [-6.859326852550069, 61.7737811629414], [-6.858252712606135, 61.77370502318705], [-6.858241873492748, 61.773463524045226], [-6.858074729353501, 61.773471234573194], [-6.857947715613638, 61.773659133381514], [-6.8573863571673, 61.77379408992627], [-6.8571571405154765, 61.77429228613515], [-6.8559230375644304, 61.774775291761976], [-6.856544790367851, 61.775761117446685], [-6.854930217694071, 61.77624893356656], [-6.8542376481826235, 61.77682049057516], [-6.853783410037154, 61.77700568298136], [-6.854849861559756, 61.77765498419675], [-6.855829111559159, 61.778614539146815], [-6.855923037330645, 61.77880885788288], [-6.856182057807042, 61.77882970131486], [-6.8562058501408645, 61.779485740094486], [-6.855024995916646, 61.77997945015204], [-6.854833253402693, 61.779861079402444], [-6.853835164943708, 61.78037586742024], [-6.853115234535909, 61.78119622240075], [-6.853309161826398, 61.78146240851187], [-6.8515139175120545, 61.7827256660796], [-6.8508194766733155, 61.78317462883288], [-6.852647635249066, 61.7838469357476], [-6.853897807160486, 61.78398387022357], [-6.85463285879409, 61.78371859066027], [-6.855326924766439, 61.783828306956714], [-6.85511375398545, 61.78440198821486], [-6.855472718459095, 61.78449110390471], [-6.855429154735665, 61.78465337337299], [-6.854973837551563, 61.78476286950636], [-6.8540093801401305, 61.786099409537414], [-6.854351030101593, 61.78661031455026], [-6.8526989501145845, 61.78718111155523], [-6.851640615751936, 61.78717340797326], [-6.851520139649209, 61.78728545025136], [-6.8508214946173895, 61.78741365222459], [-6.849845329117903, 61.78729392067134], [-6.849596368386957, 61.78687657326142], [-6.849922069822372, 61.78675302951852], [-6.848469730479722, 61.78570834470479], [-6.846760351962677, 61.78539966605097], [-6.845865874244251, 61.784508355273175]]], [[[-6.946392742966034, 61.91402464546223], [-6.945303236995762, 61.913871830259], [-6.944220887897209, 61.91360985671902], [-6.942829697510548, 61.91320679812859], [-6.942190891913766, 61.913238182085834], [-6.940414720507448, 61.912965797997835], [-6.938304260746727, 61.91236267555343], [-6.93767533243054, 61.91192582728728], [-6.936535638040882, 61.91155627808609], [-6.936355747052672, 61.91136962940479], [-6.934676019488984, 61.91112895968541], [-6.933618223609569, 61.9117180731897], [-6.931874354838608, 61.91169393255865], [-6.930736079224402, 61.911028723492194], [-6.929446808573791, 61.910800505190906], [-6.928126267259659, 61.9109077452983], [-6.927589033342314, 61.91082011129794], [-6.926656804796094, 61.910125022749874], [-6.923939441875479, 61.909261778817864], [-6.921266403842177, 61.908675749500134], [-6.920043029317262, 61.90867072255766], [-6.918108539026977, 61.90829752356873], [-6.917700518788271, 61.90743416153117], [-6.917493882240375, 61.907424299904], [-6.917717374651296, 61.908238095790125], [-6.914311870746221, 61.90881278173967], [-6.910835328269116, 61.9092939260497], [-6.909574640318162, 61.90933582133333], [-6.907547379810391, 61.90890890224384], [-6.90462880493596, 61.90864101876129], [-6.901191936618749, 61.908061718148936], [-6.900590573743585, 61.90782289063398], [-6.897425436895785, 61.90782643540531], [-6.897031273929262, 61.90761185666338], [-6.896921126336699, 61.90783228186533], [-6.8965426062230835, 61.908021490381394], [-6.895188640574244, 61.90798066795901], [-6.894612915365628, 61.90786789440005], [-6.894200555873466, 61.90789857027119], [-6.893699608501484, 61.90807395645235], [-6.892231020103929, 61.90804445712463], [-6.891222773004565, 61.90732424843424], [-6.892016432284094, 61.90802016066455], [-6.89022606301296, 61.90833099308155], [-6.889385168788232, 61.90833120010415], [-6.887392877672757, 61.907730705238265], [-6.884477791438683, 61.90646366321028], [-6.88382399529738, 61.90631720577276], [-6.883663147100713, 61.90632012652798], [-6.8832017062907065, 61.90648525568095], [-6.882880255503032, 61.90655931272319], [-6.881879013774144, 61.90636448465688], [-6.88153549778679, 61.906516063337925], [-6.881138317231669, 61.906506820888524], [-6.880513329023111, 61.90613791698418], [-6.880108386854606, 61.90593582504124], [-6.879989167094096, 61.90572894301311], [-6.879774704464678, 61.90558838415507], [-6.879871543464721, 61.90533836334382], [-6.878714855590495, 61.90489018471817], [-6.878876063332045, 61.90479439980154], [-6.879997848482764, 61.90523721800635], [-6.88009307381231, 61.90518982852092], [-6.880225583893861, 61.904874657651604], [-6.880491630811901, 61.904829182442754], [-6.880559687404934, 61.90467605518122], [-6.881189619534023, 61.90466504056297], [-6.88120446452409, 61.904568326817426], [-6.881083660335372, 61.90452391081484], [-6.881134520987566, 61.90433345795868], [-6.881304877897379, 61.904230467454724], [-6.881757678805932, 61.904162297986495], [-6.881839290384632, 61.90409205565373], [-6.882038840560458, 61.904027867127525], [-6.882251706351083, 61.9040372141269], [-6.88238824004661, 61.903968499517696], [-6.882367093599693, 61.903851606018684], [-6.881990064696251, 61.90380500488864], [-6.881970664619241, 61.90383255528829], [-6.881904801604326, 61.90383782540213], [-6.881894973595471, 61.90380767018827], [-6.88169159390714, 61.90380292171841], [-6.881538833968279, 61.90371093420507], [-6.881559145623814, 61.90354761743638], [-6.881496327283581, 61.90329093467138], [-6.881321943523967, 61.903297683955955], [-6.881164023453045, 61.90337728130057], [-6.881299402759465, 61.90355227075661], [-6.881269855543586, 61.9036023786147], [-6.881142559376631, 61.903607231598606], [-6.8809635364109925, 61.90372600600624], [-6.880861401036396, 61.90374188513053], [-6.88077988972166, 61.90373866296757], [-6.880561921480508, 61.903644188137534], [-6.880520024446978, 61.90361097092411], [-6.879996117170007, 61.90374119911135], [-6.879952411807561, 61.90370386893328], [-6.880453188596275, 61.90357698329727], [-6.880320256666689, 61.90345904879364], [-6.879193303342121, 61.90324873204672], [-6.879223518354702, 61.90321072801492], [-6.879743150943639, 61.9032981132485], [-6.8802095578349265, 61.90284798192569], [-6.879503985580803, 61.90275267691469], [-6.8792893922606515, 61.9027942031408], [-6.8792668920470685, 61.90277089088974], [-6.879429661390632, 61.902732578682844], [-6.87921152696988, 61.90219389407099], [-6.878700646974102, 61.90221967238359], [-6.878864595795444, 61.902804844326546], [-6.879099172840192, 61.90279301137389], [-6.879137472446004, 61.90281685460182], [-6.8788576538250545, 61.90308727846064], [-6.878128788763377, 61.90317713401701], [-6.8785584574125505, 61.90366152682965], [-6.878935767778946, 61.9038794207869], [-6.8792097945397614, 61.9038832158415], [-6.879670323981366, 61.90376999602783], [-6.879705493666108, 61.90380634180962], [-6.879574220639575, 61.90385070629077], [-6.87976749767708, 61.90398036320716], [-6.87972822941585, 61.90400452762609], [-6.8792001467778485, 61.904012509342834], [-6.879059141812012, 61.903937758117166], [-6.878847846784729, 61.903934876455175], [-6.878134954765436, 61.903497441424314], [-6.878028265957631, 61.903497725531956], [-6.877786615036713, 61.90342704904745], [-6.877384751853833, 61.90289902850688], [-6.877964775806923, 61.90275415355432], [-6.877306993953805, 61.902047223353314], [-6.877131054059365, 61.9019626386143], [-6.8769303424274435, 61.90193525504765], [-6.87675029352087, 61.90170310047626], [-6.87714551196584, 61.90152766117905], [-6.8769008123331465, 61.90145481701698], [-6.876856340040315, 61.901272293274985], [-6.876463320985464, 61.90123287210766], [-6.875566248752539, 61.90083821220151], [-6.874648710986625, 61.900326957633105], [-6.872141736977824, 61.89994119304753], [-6.8709354151273265, 61.89962194180787], [-6.870509954378741, 61.89974634074677], [-6.86819540362107, 61.8994246218067], [-6.868131201594117, 61.899269835368706], [-6.866989784806115, 61.89874120283739], [-6.866608302416127, 61.898775236195554], [-6.865678946795516, 61.89774442677548], [-6.8658449354910465, 61.897631996432494], [-6.866259742059239, 61.89763332837495], [-6.8672818293403965, 61.8976366049442], [-6.8672707374905055, 61.89758615639982], [-6.867265211508578, 61.89756102272696], [-6.865544399679194, 61.89750702762236], [-6.864642715351213, 61.89711433957819], [-6.86417657576613, 61.897112755562695], [-6.863261564652856, 61.897224768314615], [-6.86296220946269, 61.897153948745284], [-6.862663686940759, 61.896733362180335], [-6.861880836561361, 61.896563628248636], [-6.86181041866364, 61.89647383141566], [-6.861265492179539, 61.89636076332838], [-6.861174642951851, 61.89639723690984], [-6.861268223222243, 61.89650139994493], [-6.860629324376009, 61.8966627589], [-6.860614815314565, 61.8966988039252], [-6.861662970044487, 61.896759280403565], [-6.862057524887054, 61.89700638314049], [-6.8618057523576645, 61.89703631476981], [-6.861565813483567, 61.89687511068395], [-6.8598614438618775, 61.89687507713789], [-6.8598453635165875, 61.896824730047655], [-6.860447056678238, 61.89672474329693], [-6.860430846063805, 61.89667080309387], [-6.859561192222821, 61.89675737127951], [-6.858861169623665, 61.896919027589604], [-6.8574734309668255, 61.89709070481064], [-6.857398257524109, 61.897155970085386], [-6.854679172803815, 61.89764695105392], [-6.854680458890563, 61.897715472824416], [-6.854041952537347, 61.897905627403155], [-6.853797268424901, 61.897899384322635], [-6.8533824523665645, 61.898186038884006], [-6.850682354421391, 61.89807113746432], [-6.848018780901976, 61.8982733176621], [-6.845873869356608, 61.89883380438737], [-6.844635484375682, 61.898828134403765], [-6.844295297382231, 61.89861325522042], [-6.841536610478079, 61.897809720196065], [-6.840534586364315, 61.89776696269974], [-6.840034276083759, 61.897577927879304], [-6.840047371129353, 61.897451723207745], [-6.838954920749667, 61.897485013685106], [-6.836844669032923, 61.8974323478276], [-6.8342120821199215, 61.89765575715612], [-6.830658120817457, 61.89765934450711], [-6.827066460586588, 61.89768450981415], [-6.826813489357367, 61.89764226511153], [-6.8264862607709444, 61.897715740602685], [-6.822977016403285, 61.898072226341654], [-6.81925038185121, 61.89824920520026], [-6.818675605160453, 61.89816134982245], [-6.817483224859417, 61.89771902013845], [-6.81747687588869, 61.8977946946471], [-6.818425051479921, 61.89825613387346], [-6.818365693605999, 61.89835727317925], [-6.815829972840768, 61.898017505968355], [-6.815598725862752, 61.8979030422838], [-6.815054784710615, 61.89783667019198], [-6.814650521664099, 61.8978851017633], [-6.814444049355811, 61.89787149507974], [-6.814288783669849, 61.897735163044196], [-6.814577070130139, 61.897178792081256], [-6.8144080162057685, 61.8971289696924], [-6.814074687411458, 61.89773238791006], [-6.813861501554213, 61.89777281173068], [-6.813674699504926, 61.89758246785], [-6.813300958049486, 61.89762725082204], [-6.813059174512545, 61.89735415099032], [-6.813519306952831, 61.89656636548576], [-6.8128592481193735, 61.89727564426456], [-6.81204654729627, 61.89713818707856], [-6.8116152164033394, 61.89694511577335], [-6.810972295428106, 61.89688999039098], [-6.80966660619097, 61.89652003548221], [-6.809008972030942, 61.89605391568018], [-6.809082881960525, 61.89590937802536], [-6.808833123476427, 61.895607502478306], [-6.808859795316121, 61.895383832750696], [-6.808302856390503, 61.89500020697188], [-6.808194557004139, 61.894485019394736], [-6.807896167927661, 61.894471822424165], [-6.807701404809838, 61.89425261237289], [-6.807815230023795, 61.8942017256261], [-6.808082952270781, 61.89422592592074], [-6.808220453478698, 61.894221743648735], [-6.808188747569453, 61.89415695452453], [-6.807605758779973, 61.894025824960586], [-6.8073733927071345, 61.89384282515764], [-6.807784574350391, 61.89375834396156], [-6.807499539037838, 61.89363322166463], [-6.80700836250689, 61.89350894048369], [-6.804759500034811, 61.89205018628872], [-6.803607855788576, 61.891740897447576], [-6.803373832601267, 61.89145694887135], [-6.800601807297627, 61.89066357380523], [-6.800036943923123, 61.89069457751777], [-6.7989461426352165, 61.89036341706777], [-6.798599284535388, 61.890180812278075], [-6.796680184539345, 61.88965805794001], [-6.796327975281785, 61.889616139808865], [-6.795610224207661, 61.88919701957943], [-6.795012261198105, 61.889080318279156], [-6.793868768778982, 61.88787675308079], [-6.794578050664667, 61.887794762102246], [-6.793996201285089, 61.88773209403934], [-6.793696024555364, 61.88714548615951], [-6.793611808507921, 61.887131385170576], [-6.794559020504019, 61.886669933049305], [-6.794481833107943, 61.886626945665896], [-6.793867703005277, 61.88690690689413], [-6.793554346741104, 61.886904480473255], [-6.792597363365381, 61.88587331574726], [-6.7924669956804795, 61.88584500537253], [-6.792275231549773, 61.88535171291579], [-6.7923652887201404, 61.88525044840534], [-6.791567879486653, 61.884629719983096], [-6.791377825442441, 61.88467730317148], [-6.79132297369191, 61.88460172261419], [-6.791389614365433, 61.88447171111748], [-6.790947694227317, 61.88409479424816], [-6.791173483087025, 61.883892013367934], [-6.7915854477214355, 61.883850869737884], [-6.791607477991218, 61.88380390837081], [-6.791179848245275, 61.88380906683595], [-6.791178462431485, 61.88373335789322], [-6.791482340264673, 61.8836241280598], [-6.7914274901421505, 61.883548547535355], [-6.790566833005279, 61.88369964395466], [-6.790488683736441, 61.88359899823504], [-6.790707614857955, 61.88343588153284], [-6.790415472469073, 61.88333242389208], [-6.790457897107948, 61.88312678566545], [-6.7897268918154134, 61.882354302549295], [-6.788556079595156, 61.88131670247982], [-6.78751624147053, 61.88034710043531], [-6.785920110808526, 61.87944080202977], [-6.78568398842696, 61.87948134988009], [-6.784464867906843, 61.8787467574201], [-6.784317641256491, 61.878610247792736], [-6.783835918451948, 61.878583265512795], [-6.783688505416824, 61.87844675214437], [-6.781973957741696, 61.87822237135468], [-6.782009595400845, 61.8780743557398], [-6.7814465709852, 61.87820622543358], [-6.7799889221805865, 61.878062389798465], [-6.778769128378443, 61.877942011920524], [-6.778691032589929, 61.87784135942351], [-6.7782715406348, 61.877871747246154], [-6.777712438973959, 61.87777642392691], [-6.776216586862322, 61.87784676393406], [-6.7743687048984045, 61.87740644423341], [-6.772892923830732, 61.87683485189821], [-6.772630050865385, 61.87663396480439], [-6.771521812398388, 61.876111500464816], [-6.770280859480636, 61.875881632310346], [-6.76970274838455, 61.87555199072531], [-6.769322077703464, 61.87515677806914], [-6.769077823756368, 61.87515766036815], [-6.768669291825874, 61.87492836241712], [-6.767123951239558, 61.87476085837261], [-6.766880559012682, 61.87482298324978], [-6.766488383125456, 61.874651316161106], [-6.763523934404664, 61.8740886281547], [-6.762622302739397, 61.87406290388731], [-6.761520384358002, 61.87391539544812], [-6.760983040353715, 61.873747810939285], [-6.7605647068206745, 61.873853850918465], [-6.758382761387828, 61.87350455983249], [-6.758424435009824, 61.873234001775955], [-6.757323244602203, 61.8731369294449], [-6.757230807752296, 61.873142333773515], [-6.756646942181132, 61.8726913312501], [-6.7554881161479114, 61.87245988304024], [-6.753834829289647, 61.872602553056616], [-6.753087648064296, 61.87263917684137], [-6.752977631308558, 61.87251356457972], [-6.750936322328701, 61.8724059976745], [-6.750637239970413, 61.8723536047544], [-6.7492172870306115, 61.87236141238575], [-6.749047104817116, 61.87227584248248], [-6.74734309393, 61.872213253446574], [-6.744699549975522, 61.87183489116055], [-6.744520995645077, 61.872023291161874], [-6.744205134160523, 61.871909734332725], [-6.744267559016864, 61.871653435920045], [-6.74163262801976, 61.87130379598931], [-6.741631641271282, 61.870644129184775], [-6.740446050602046, 61.869623258957155], [-6.740449655815884, 61.869460986808164], [-6.740857132690902, 61.869267737823314], [-6.740293128525964, 61.86930685458787], [-6.738920897637704, 61.869069237353614], [-6.738646250827213, 61.86877156737445], [-6.738354838233499, 61.86808817277908], [-6.738010814651915, 61.86776206416227], [-6.736707316340985, 61.8672104088492], [-6.735497928534369, 61.866770009752926], [-6.734656159190234, 61.866680888266], [-6.734329041809839, 61.86672586210184], [-6.733992036495881, 61.866680886600285], [-6.733912173903159, 61.86653707945876], [-6.733255180487846, 61.86620184304846], [-6.730708110391474, 61.86567493964132], [-6.728659020468758, 61.865538172562125], [-6.728646869853897, 61.86535076840712], [-6.728554931776685, 61.8653368574465], [-6.728344863290632, 61.865493021983674], [-6.72815338440211, 61.86546516362762], [-6.728115929162302, 61.865180641541535], [-6.727913391615885, 61.86501226475095], [-6.724529985550282, 61.86461595975103], [-6.721505264145367, 61.86421393888221], [-6.720754011292331, 61.86407738835665], [-6.71787741474064, 61.862841834051], [-6.7167156096003255, 61.862768650157804], [-6.714232571427357, 61.86299095573112], [-6.709140348029214, 61.86390821140179], [-6.708651359676687, 61.863885508068826], [-6.708600618121108, 61.864004706267664], [-6.708250298511418, 61.864031812363656], [-6.707963922431173, 61.863867482030216], [-6.707208519778719, 61.86387866576431], [-6.707129752860376, 61.864095352993125], [-6.70683235735451, 61.864111307686876], [-6.70681101209134, 61.86385550782059], [-6.706089876289414, 61.86369343028556], [-6.7049951777516315, 61.86388658843058], [-6.704572883607086, 61.863780675156534], [-6.703762157933285, 61.863705617579384], [-6.70382821002591, 61.863925173645136], [-6.702971322437986, 61.863839463018444], [-6.702944072122397, 61.863320577119886], [-6.7021818783246045, 61.863039721748265], [-6.700135268672541, 61.863324295362865], [-6.697614707236064, 61.862922820412116], [-6.697456436712066, 61.86301013359622], [-6.697265435318774, 61.86299669516542], [-6.697243486495774, 61.86271206057886], [-6.696787526449506, 61.86213408490319], [-6.696395143882431, 61.86200269870954], [-6.695556490713744, 61.86203944701361], [-6.695459800008069, 61.86182368146046], [-6.696225559242305, 61.861603442629956], [-6.696220149898129, 61.86136191370543], [-6.696799908929264, 61.861023713277206], [-6.696221498854344, 61.86010024445917], [-6.695659105812394, 61.86020771077979], [-6.695307922985363, 61.86019867428578], [-6.6951295595685725, 61.86008066277505], [-6.695253876691918, 61.85984571071798], [-6.69488126916232, 61.85990167869142], [-6.694619864382168, 61.859823754154164], [-6.695149747927913, 61.8593019162466], [-6.695088243109177, 61.85928059185348], [-6.694845577117299, 61.859350323398104], [-6.6947748587356335, 61.8592569244453], [-6.694969753825962, 61.85910459474527], [-6.694013601119005, 61.85868054572823], [-6.692361542201946, 61.858519545230536], [-6.692451046052187, 61.85810093347116], [-6.693094896472184, 61.857895813742424], [-6.693031684235036, 61.85779876877012], [-6.692546116989854, 61.8579238539924], [-6.692042270649508, 61.85791556510054], [-6.691258979012758, 61.857703336966914], [-6.690857025947148, 61.8578134809263], [-6.6901195702042795, 61.857601029311965], [-6.689907626598645, 61.85767423195504], [-6.690033659667674, 61.85784299837624], [-6.689960143708997, 61.85796593788661], [-6.689425329997014, 61.85793978933703], [-6.689206698590169, 61.858056245888875], [-6.688137172502578, 61.85800762385355], [-6.687956365995104, 61.85778145666878], [-6.688262138939596, 61.85746992385963], [-6.689025106093505, 61.857462386232115], [-6.688907911080517, 61.85700518969792], [-6.688024604197264, 61.85675372742389], [-6.687636770881766, 61.8564853746991], [-6.686616768701243, 61.85625988372621], [-6.686313397293813, 61.856340698591126], [-6.684854596517409, 61.85561638927106], [-6.684910095227168, 61.8553673554534], [-6.682643971718431, 61.85436946812739], [-6.682807985979477, 61.853525086027965], [-6.683024143582054, 61.85330049315713], [-6.682889085570153, 61.8530633279648], [-6.68317713858138, 61.85197322409196], [-6.682525758214529, 61.85185394440548], [-6.681989620767052, 61.850746334116], [-6.681568256737929, 61.85066918318059], [-6.681733471290965, 61.85056018728057], [-6.68148607936584, 61.849404295841794], [-6.681628662340476, 61.84929545661537], [-6.681373615140139, 61.8484820670758], [-6.681369003932845, 61.847937693067536], [-6.680853347577085, 61.84739958968779], [-6.679574902318409, 61.84618765818113], [-6.6788810761490165, 61.84620914757362], [-6.6792234602885046, 61.84582534599052], [-6.678622952939115, 61.845583177074985], [-6.678877313999482, 61.8453656121528], [-6.678352449584796, 61.84509069134942], [-6.678891184010181, 61.84462293783856], [-6.678225813462999, 61.843872903922524], [-6.677628564480073, 61.843771393631165], [-6.676411584497768, 61.84290516567749], [-6.6761072243466, 61.842942751258654], [-6.675990449913783, 61.842831590885986], [-6.676241086865669, 61.842783398721785], [-6.67576265712186, 61.84185936359922], [-6.674838143427508, 61.84144944000813], [-6.6749408673401796, 61.84127232167929], [-6.674654857723326, 61.84110073790069], [-6.674571711875316, 61.84112994681867], [-6.673305406070917, 61.8404405436662], [-6.673034479784374, 61.83992280716391], [-6.672570130637426, 61.83996117299616], [-6.670753814304375, 61.83923125745605], [-6.6708291177924774, 61.83884518677998], [-6.669342222320295, 61.83817121385105], [-6.668532384611416, 61.838106814385895], [-6.668467657809985, 61.83794131096149], [-6.6676205674501645, 61.837228086208235], [-6.667186081366962, 61.837233898520765], [-6.666649069113737, 61.83674987263966], [-6.666569823741681, 61.8362636640219], [-6.66638563066417, 61.836210518711276], [-6.6661012380941145, 61.83646059239291], [-6.665903255782607, 61.836468807187906], [-6.665086608528285, 61.83609791009707], [-6.66550547969136, 61.835728193107755], [-6.664900601850233, 61.8356122175575], [-6.664690291352609, 61.835757418514675], [-6.664376746621298, 61.83571930807921], [-6.664465514862218, 61.835596281656564], [-6.663442936579666, 61.834523487614454], [-6.6621406091236866, 61.834255996604305], [-6.661000094402159, 61.83336398328377], [-6.66086932344564, 61.83296443562552], [-6.660989983121978, 61.83289897134572], [-6.66085790875568, 61.83244184640785], [-6.6594683087802755, 61.832704572981925], [-6.6594921748702935, 61.83274771994542], [-6.6592190304822, 61.83281031178965], [-6.6591096615809375, 61.8326954904159], [-6.661326616137749, 61.83226289631038], [-6.660987696335514, 61.83210232106243], [-6.66028352136368, 61.83197960223277], [-6.66028938014212, 61.83190032832067], [-6.660442491931133, 61.831924758521026], [-6.661130293331177, 61.83200068648997], [-6.661328974770261, 61.83167167360119], [-6.661579763302274, 61.831638057821465], [-6.66149379747345, 61.83153755471065], [-6.661599293019937, 61.83148655694966], [-6.661567703472937, 61.83143259378934], [-6.660649761974167, 61.83164258345879], [-6.660538548510344, 61.831790904508786], [-6.660401477135744, 61.83179521121982], [-6.660465734334201, 61.83160020706369], [-6.6615049781283835, 61.83135358734731], [-6.660536040436459, 61.83097988385136], [-6.65931363136055, 61.83086690665599], [-6.6575956595765895, 61.831801741244384], [-6.65758339451618, 61.831942411610804], [-6.656753509261393, 61.83234656794556], [-6.655779085838739, 61.83241261612194], [-6.655576999382621, 61.83258658694113], [-6.65439680120711, 61.832318413154255], [-6.652319495388533, 61.833215255456324], [-6.648673712959878, 61.83317158125058], [-6.648591891041776, 61.832915983318856], [-6.648294540867905, 61.83291744084869], [-6.64815499873942, 61.833166819820086], [-6.647062483463618, 61.83341727617815], [-6.645887209356948, 61.83337242091501], [-6.645621320305038, 61.83270682286542], [-6.645910703422957, 61.83233413181757], [-6.644108415767824, 61.83113879163438], [-6.642710077383338, 61.8309975922791], [-6.639157837228957, 61.83211042224201], [-6.637089248251703, 61.8320084505668], [-6.636582740876499, 61.83221270820586], [-6.636704363036944, 61.831837234052955], [-6.636414289788395, 61.8318133802575], [-6.63594601943541, 61.83130733201037], [-6.635207102914507, 61.83133607875285], [-6.6355040667760505, 61.83168428810877], [-6.635291649916378, 61.831732166344075], [-6.635181025729365, 61.831905710298706], [-6.6347998075092125, 61.831911169769455], [-6.634796888750999, 61.83177418861093], [-6.634047561963921, 61.831676773398556], [-6.633855523102884, 61.831241477669394], [-6.633151272403951, 61.83111143262489], [-6.632797335341559, 61.830601239443716], [-6.634572323694124, 61.83016746212047], [-6.634969246760597, 61.83054415434875], [-6.635181655890278, 61.83049627660982], [-6.635135945466703, 61.83013596656214], [-6.635620577256865, 61.82997865727863], [-6.635394104321684, 61.82972378832686], [-6.634412332942232, 61.82980419317651], [-6.63316812030702, 61.82865648341238], [-6.633494141373286, 61.82856845700644], [-6.633490068852242, 61.82837021843276], [-6.633047194370359, 61.82834345103333], [-6.633125863483338, 61.82809429219606], [-6.63357395080406, 61.82801654305473], [-6.634120650411544, 61.82718481431022], [-6.634895148922185, 61.827040589301106], [-6.635098435381003, 61.826556620754474], [-6.635365128326032, 61.826548109638104], [-6.635211458795209, 61.826851646521604], [-6.635424570014781, 61.82683619539948], [-6.635852700150242, 61.82617454538084], [-6.636957963291111, 61.82616566823587], [-6.637144354492796, 61.82560966345822], [-6.636928848750051, 61.82551337626135], [-6.637469592519534, 61.82476459004851], [-6.63842696441832, 61.824259036598264], [-6.640614808395322, 61.823909786596666], [-6.643016568825617, 61.82250321630569], [-6.643485683606807, 61.820922078986115], [-6.643084015886363, 61.8206716642562], [-6.6432716350455525, 61.82053023664168], [-6.644352875627224, 61.820485333592856], [-6.64714354040476, 61.81946267720548], [-6.655504601138298, 61.817367430235166], [-6.655515785136365, 61.81717636925232], [-6.657209883219062, 61.81658407147928], [-6.656856381103589, 61.81574954100138], [-6.65716574078823, 61.815610984546275], [-6.659853691649047, 61.81550774921545], [-6.662298319001337, 61.81473874420938], [-6.664271071689072, 61.81400808024643], [-6.665822308862429, 61.813510130340084], [-6.665559944383316, 61.81336361644039], [-6.665816509735042, 61.81324703879148], [-6.666107722217986, 61.81332122420637], [-6.667164924477699, 61.81288703929448], [-6.667929222007226, 61.81264531083329], [-6.668266078696272, 61.8127157786565], [-6.668812758499014, 61.81263016861332], [-6.669800359636141, 61.81214943734382], [-6.670034381292085, 61.81171201180354], [-6.673966702804864, 61.809684553056066], [-6.674174536433905, 61.80978442299686], [-6.674597041858777, 61.80959845508352], [-6.674282419646616, 61.80881419887011], [-6.674313343532448, 61.808150734661005], [-6.67373801099755, 61.80764174545867], [-6.67327749145738, 61.80714296306399], [-6.672405207345631, 61.80663907261296], [-6.6717622591075445, 61.80615918465952], [-6.671108251958453, 61.806212901471525], [-6.670502525562169, 61.80570050735487], [-6.667258777034986, 61.80577068379768], [-6.667314655270695, 61.80588934854867], [-6.667521084745293, 61.805917194554056], [-6.667537476875911, 61.80597116748485], [-6.667172961167594, 61.806023416646525], [-6.666871291144628, 61.805823079912614], [-6.665875313176531, 61.80591449796079], [-6.6652168651307075, 61.806108811041256], [-6.6653635799867335, 61.80619822627498], [-6.665227723875584, 61.80625292837525], [-6.665110832804461, 61.80613816171092], [-6.6647540045812805, 61.80619403728153], [-6.662778571801106, 61.806092036171776], [-6.662856649139729, 61.80617812882702], [-6.662674722610163, 61.80622225583], [-6.662610934557789, 61.80608558588854], [-6.661812822495826, 61.80617244743023], [-6.659973056763565, 61.80530914887941], [-6.658860152924431, 61.803883497927764], [-6.658587628036565, 61.80326477038756], [-6.65847881327608, 61.802818272517705], [-6.658061072230202, 61.801832605683856], [-6.65753377278847, 61.800353644727586], [-6.657454147960303, 61.79984568949068], [-6.65629045616093, 61.7988781491363], [-6.656651254340192, 61.79866002461512], [-6.655866849701064, 61.79796097229318], [-6.656134208326668, 61.797649665002716], [-6.657485904690955, 61.79665501223687], [-6.657268807530712, 61.79555972527815], [-6.656839072079575, 61.794730529975645], [-6.656124641587915, 61.794311292085496], [-6.655592593718012, 61.79422892037119], [-6.655534134362636, 61.794127534859435], [-6.655627092756419, 61.7937597296805], [-6.655212508650192, 61.79324469297268], [-6.654294553948018, 61.793044640255694], [-6.655539918284092, 61.79265076858702], [-6.655748332565536, 61.79162282795421], [-6.655990958086194, 61.79137143732514], [-6.6556536449197115, 61.79112404058052], [-6.655896358528294, 61.790868970282716], [-6.6571544017929005, 61.7905834097295], [-6.657361799631836, 61.78989853744473], [-6.657207610662534, 61.789341627491886], [-6.657409104792841, 61.78921631469113], [-6.6577201733952265, 61.789283050234204], [-6.658616460342981, 61.789121845909165], [-6.659064665877171, 61.78888240448616], [-6.659852047711873, 61.78880364383308], [-6.660568661002496, 61.78881480671706], [-6.663475303494856, 61.78815184582888], [-6.663765926342627, 61.7878068029736], [-6.664359668952761, 61.78753561751835], [-6.664833487325762, 61.78750212331352], [-6.665329347038972, 61.78717619957519], [-6.66518946048291, 61.78697322545216], [-6.666318334865396, 61.78664722246332], [-6.66670461890277, 61.786125751446036], [-6.666479940091466, 61.78532656883819], [-6.667819534489715, 61.785438545704025], [-6.668352580143456, 61.78514898141417], [-6.668718529532516, 61.78515449228199], [-6.668470152151459, 61.784701856411665], [-6.668685297746871, 61.784637997005376], [-6.66938165461915, 61.784854837063286], [-6.66992826407136, 61.784641100438954], [-6.670253719995809, 61.78474037673864], [-6.671678935870628, 61.78477332125012], [-6.671674297293505, 61.784646908982296], [-6.67181136171126, 61.78465489563092], [-6.671801592886707, 61.7847487388715], [-6.672639033944964, 61.784872941277676], [-6.672888090394834, 61.784909878110874], [-6.6741500914305325, 61.78443639656881], [-6.674416678129473, 61.78381320787411], [-6.673996428595798, 61.78320789653729], [-6.6735359062243145, 61.78298341904056], [-6.6727906182772765, 61.78262012486591], [-6.672156075400275, 61.782371130327384], [-6.671656499217543, 61.7819026478826], [-6.669395353266986, 61.78080359572226], [-6.668699902735405, 61.78024377404647], [-6.668655906536798, 61.77953943537142], [-6.6680781567887335, 61.77883579547207], [-6.66816683915491, 61.778634112129886], [-6.666785019498767, 61.778395529180884], [-6.66536929666528, 61.77767283702315], [-6.664905171409041, 61.77731644975077], [-6.665051400254026, 61.77694901017201], [-6.665368321744712, 61.77677016575906], [-6.664905147073029, 61.77637401763649], [-6.66455465254787, 61.7763685787668], [-6.6634739464908685, 61.775976257653696], [-6.663164508750514, 61.77428472632642], [-6.663870469824758, 61.774089987808416], [-6.664011496266076, 61.77393553142504], [-6.66319068137278, 61.77351944635287], [-6.663408652597524, 61.77333281226257], [-6.6645994208318875, 61.77326351884892], [-6.663943332373642, 61.7723464379441], [-6.662839924513893, 61.772585931326276], [-6.662642927747516, 61.7725342614152], [-6.662876130231064, 61.7723442068758], [-6.662613557109239, 61.77185890020059], [-6.662419084995142, 61.771081502278655], [-6.662537262934115, 61.770923335136125], [-6.661859817422596, 61.76994464083095], [-6.661926229171299, 61.76941062784593], [-6.661604796613159, 61.76914887748405], [-6.660374592343754, 61.76615608164311], [-6.659869937034981, 61.7643514765379], [-6.662867697289215, 61.764234340884194], [-6.663267555902262, 61.76377066955809], [-6.662678009544558, 61.7623231580827], [-6.662218670560856, 61.760529662155726], [-6.662268008627217, 61.76006781783773], [-6.663073225411855, 61.75953780305889], [-6.664304099331169, 61.75936756422301], [-6.666833881086345, 61.75936330882494], [-6.669038767894201, 61.75893110323437], [-6.6716349706367994, 61.758056933827454], [-6.672651547582137, 61.75633644352651], [-6.6720493771190545, 61.75602989549388], [-6.672196350956976, 61.75594036170813], [-6.6727904342098245, 61.75595082586491], [-6.673513737939437, 61.75501234625273], [-6.673510375118776, 61.754838995687166], [-6.674373910142795, 61.754011191421746], [-6.674724974044829, 61.75405908050682], [-6.674981105732183, 61.7539863040265], [-6.6751819913105015, 61.75388753722102], [-6.675235868259271, 61.75369863816877], [-6.675175130466688, 61.75357243997748], [-6.675095005771379, 61.75352726139486], [-6.675063384056953, 61.75335022535094], [-6.675204760149727, 61.75321468432382], [-6.6759722690285725, 61.75250500959599], [-6.6762666035177185, 61.75256316400006], [-6.676581654846462, 61.75259284722382], [-6.676768641905113, 61.75270689405215], [-6.678788786121967, 61.75294546898596], [-6.6789762618315764, 61.7530692360791], [-6.679638011030961, 61.7531161063004], [-6.680027899304775, 61.7530604041426], [-6.6835219999373345, 61.75316566629853], [-6.684271540025751, 61.753357392906835], [-6.684167488968005, 61.753891222017316], [-6.685113306279324, 61.75416348377659], [-6.686080599437983, 61.754175804441125], [-6.686512171756921, 61.75396141376144], [-6.68668999838768, 61.753529124832035], [-6.686966763382107, 61.75342587777361], [-6.687484087969627, 61.75345383680109], [-6.688171289137661, 61.75370662158541], [-6.688236062607319, 61.75419805146067], [-6.6890546332067995, 61.75502204081377], [-6.6896373093163914, 61.756169680129375], [-6.689360543162183, 61.75659787747313], [-6.689410723706008, 61.756731791363045], [-6.690793873188589, 61.75687626343929], [-6.691064174804557, 61.757050973528656], [-6.691877973727817, 61.75808433899981], [-6.692332544938113, 61.75820226522419], [-6.693167463193042, 61.7583366580534], [-6.69526620526424, 61.75916727369545], [-6.6963704632738805, 61.75985191425001], [-6.698337476423947, 61.76045785712258], [-6.69889976340106, 61.76052217272327], [-6.699414428909794, 61.7603443353588], [-6.700416465820675, 61.76083696192964], [-6.700756087150087, 61.761304536927184], [-6.70204318066543, 61.76166510234088], [-6.702478226546148, 61.761634784844816], [-6.7027345759980275, 61.76175168175355], [-6.702437059984723, 61.76209677049939], [-6.7023307160054575, 61.76274621647087], [-6.702529779013627, 61.764032625927015], [-6.702412860412123, 61.76447619057078], [-6.702299346501694, 61.76642537438094], [-6.703014563000443, 61.76714041582088], [-6.703488801382515, 61.76739564796866], [-6.704311858213718, 61.76806059346944], [-6.704869085759377, 61.76835959182493], [-6.708882178714632, 61.76984258237427], [-6.7107419725001405, 61.77017708509644], [-6.711199424285511, 61.77051155945813], [-6.711776606249183, 61.77059752666096], [-6.712748259130885, 61.77044361606972], [-6.71330090351326, 61.76993737914785], [-6.713789999901522, 61.76987488496947], [-6.714176570900869, 61.770306482221606], [-6.716223868758133, 61.77077907913905], [-6.716788763358976, 61.77108165565882], [-6.71761064336377, 61.7708004987218], [-6.717190134542849, 61.770523947188494], [-6.717041813601248, 61.77033911650708], [-6.717173532783438, 61.770242277758975], [-6.7169480312983625, 61.770103926711286], [-6.7170959588380965, 61.76996749288443], [-6.717460678742668, 61.77001263143128], [-6.718680861524505, 61.770661477955976], [-6.71915451674803, 61.771292131887165], [-6.717907021222778, 61.77185271486794], [-6.717980277717339, 61.77198673085457], [-6.718855756903507, 61.77169864811803], [-6.719996468442195, 61.771473338674035], [-6.720107977866621, 61.77160026872624], [-6.719893894230463, 61.77231410101422], [-6.720198853192308, 61.77298369193423], [-6.72150901338785, 61.773712392123585], [-6.722093409466747, 61.7745024524675], [-6.7228727688559164, 61.77476996094988], [-6.723214289711438, 61.775172497317996], [-6.724249910373464, 61.775571306269825], [-6.726069852593826, 61.777024657774675], [-6.725929077816257, 61.777190041405206], [-6.726242909814022, 61.77747323180948], [-6.726896866071959, 61.77754873472742], [-6.727060511622976, 61.777730126147496], [-6.726857091420411, 61.77797096902527], [-6.727007823416653, 61.77804763461475], [-6.728266973518418, 61.77833546321348], [-6.728637490652818, 61.778813975465994], [-6.729861923133266, 61.779300269149445], [-6.7306232469040745, 61.779347364952734], [-6.732150096768043, 61.77994710991307], [-6.732747545200713, 61.7808635733412], [-6.73253729640626, 61.781061123992295], [-6.732948496729094, 61.78108481093787], [-6.733103383222306, 61.78132396127563], [-6.733046168707651, 61.7815006113694], [-6.732769921651856, 61.7815750505503], [-6.732919542131658, 61.7817057419547], [-6.733417091055592, 61.78161799539142], [-6.733782778307032, 61.781634192524834], [-6.7348124756218715, 61.78231088493213], [-6.735519056361928, 61.7831195997839], [-6.736255456387615, 61.78361428270863], [-6.736322520024344, 61.78403702620913], [-6.73660408807232, 61.78410463719921], [-6.736705959818068, 61.78410091541444], [-6.737108652502137, 61.784510887384855], [-6.737458104213447, 61.78457035205543], [-6.7374298968731665, 61.78481940130353], [-6.739212942096023, 61.78627966950159], [-6.739583196757534, 61.786783372858274], [-6.738984530247185, 61.78696096574493], [-6.73906702419651, 61.78702275320375], [-6.739810596781986, 61.786842253529834], [-6.741475985674341, 61.78881466005479], [-6.741471246446049, 61.78903123489073], [-6.742959006181762, 61.79040693846206], [-6.745573186737076, 61.791203191452674], [-6.747041712477304, 61.79172305348659], [-6.748216670294344, 61.79241118064274], [-6.749837850363472, 61.79363941164091], [-6.751553954377912, 61.794712862799415], [-6.752500292208369, 61.79504954975468], [-6.752615164262207, 61.79538229211848], [-6.752995518285761, 61.79543108799277], [-6.753041202629173, 61.795585188514956], [-6.753251712287294, 61.7962952506906], [-6.753135683271502, 61.79636697201671], [-6.753361248753934, 61.79651962387197], [-6.7530481052409534, 61.796539808892305], [-6.753076580115743, 61.79663024048503], [-6.753335768057286, 61.796642301482095], [-6.753386000984812, 61.79679055218096], [-6.753660062408115, 61.79681713221418], [-6.753685633564927, 61.79704838883413], [-6.753360760651775, 61.79725989398489], [-6.75351466297743, 61.79754945999828], [-6.753984899823785, 61.79732426553651], [-6.754090178718023, 61.79739692122449], [-6.753306843195655, 61.79775040383078], [-6.752794350288311, 61.7979696058945], [-6.753194483951746, 61.79812960961847], [-6.753838552864796, 61.79921821711335], [-6.7536998610201024, 61.799456926962876], [-6.753925306716872, 61.79933671870173], [-6.754108417613517, 61.79934654333283], [-6.754741780018433, 61.800522240279314], [-6.754875105641939, 61.80076971787213], [-6.754449413855699, 61.801103747106325], [-6.7540259193167085, 61.801228701833736], [-6.754111090470623, 61.801285943854225], [-6.754504767513801, 61.801189949805014], [-6.75419481954248, 61.80250390288166], [-6.753862455423293, 61.80322670276692], [-6.75397925085751, 61.80423905727705], [-6.753580306889274, 61.80443238089397], [-6.753620090212627, 61.804500641030494], [-6.754022986248062, 61.80446594236742], [-6.7553908888007586, 61.80585335031444], [-6.755045551682729, 61.806060754568], [-6.755384632875491, 61.80621391392419], [-6.755701418072501, 61.807001576414756], [-6.755241240125891, 61.80718079408391], [-6.755502429318815, 61.80787506800268], [-6.754883946090133, 61.8081272915425], [-6.754900726384747, 61.808188440549614], [-6.755434502890528, 61.808207057814236], [-6.75590693035168, 61.80851449430893], [-6.756745549062589, 61.80944339682036], [-6.757211197382523, 61.80978690060279], [-6.7572880245979965, 61.810114525225316], [-6.757485380351246, 61.8103873773759], [-6.757486347588458, 61.81087016601008], [-6.7577481300805236, 61.811557440559156], [-6.757493615306975, 61.81177055691365], [-6.757821354578773, 61.81191113310798], [-6.758096422429797, 61.81248693170211], [-6.757752996983396, 61.81279987193788], [-6.757906308485329, 61.81292771865967], [-6.758208734787093, 61.81297073264983], [-6.758987320579774, 61.81412130237922], [-6.758861192810629, 61.81435393801334], [-6.759347974073692, 61.814510756723315], [-6.759380148317254, 61.81462638644317], [-6.759146737262498, 61.81472447759321], [-6.759019971045474, 61.81511916429489], [-6.7587543338295415, 61.81525300116919], [-6.75911481588574, 61.815203136713315], [-6.7594511196814775, 61.81532580149409], [-6.759831298455811, 61.81533371917984], [-6.760129408309454, 61.815459618958286], [-6.759953767519544, 61.81576731470944], [-6.760854475423053, 61.8167679507184], [-6.761643224467659, 61.817126229406306], [-6.761993562869458, 61.81801973700607], [-6.762350057327457, 61.818196683943455], [-6.762535200240931, 61.819192721299466], [-6.763944062703328, 61.821582058503665], [-6.764207259726725, 61.8216462356739], [-6.764610808804585, 61.82149605038613], [-6.765575677326352, 61.821539427402826], [-6.765107242385022, 61.821915802260236], [-6.7654097608976125, 61.82195888998882], [-6.765455010927251, 61.822265522412415], [-6.7657047023197485, 61.822596046090084], [-6.7658195701328205, 61.8225829233649], [-6.765786033461416, 61.82219361104928], [-6.766168820313844, 61.822453666461136], [-6.765912667746858, 61.82269927400215], [-6.7660351151383615, 61.82298875779432], [-6.766480147189977, 61.823069449395575], [-6.76678423785547, 61.823829127474134], [-6.7662589425229065, 61.824125660333735], [-6.766430317036285, 61.82419965014652], [-6.767187880021363, 61.82397782753456], [-6.767169322734592, 61.82419363603744], [-6.766987450975986, 61.82477499086644], [-6.767295994611154, 61.824850494319115], [-6.7678851847146815, 61.82554145599844], [-6.767627761481675, 61.82581218576318], [-6.767797883723064, 61.82591138261687], [-6.768378107444538, 61.82573434218729], [-6.76877446641855, 61.82662830627726], [-6.768541058822385, 61.82672291279933], [-6.769485370299127, 61.82717659744733], [-6.769869162857777, 61.82726741427837], [-6.769877100423516, 61.827411556955276], [-6.7704337647324335, 61.82799764793119], [-6.772395207618633, 61.82866805741079], [-6.773982077734785, 61.829521534323156], [-6.774091894530443, 61.829457953613215], [-6.774714355809815, 61.829497411539165], [-6.775592745066597, 61.82975227791407], [-6.777316500694864, 61.83061080629942], [-6.77648386628917, 61.8309579747608], [-6.776635051274595, 61.830981254857626], [-6.777554591119806, 61.83072150614567], [-6.777754727655142, 61.830831860109974], [-6.777211799080884, 61.831175016423465], [-6.777925247178925, 61.83092377731994], [-6.778855318759427, 61.831208009931274], [-6.7798297539430115, 61.831370219776844], [-6.780274004403149, 61.831324795233506], [-6.7804026300583775, 61.83149189842584], [-6.781314324280531, 61.83168944466121], [-6.783183198950026, 61.83254602165585], [-6.785595300368674, 61.833203312284], [-6.786177635106581, 61.83313423936455], [-6.786554652484499, 61.83336531903762], [-6.790040519649755, 61.834185924525116], [-6.790220962415727, 61.83438599433217], [-6.793248171505197, 61.83524087626268], [-6.793933846132022, 61.835237806350094], [-6.795106898331982, 61.835546121378684], [-6.795619107957662, 61.83551224314217], [-6.796598548077409, 61.83573205100566], [-6.7966166854610774, 61.83582589585009], [-6.799519174693793, 61.83643801399274], [-6.799716955676983, 61.83659866419995], [-6.801598121681655, 61.83718555580102], [-6.80184749764535, 61.83726335320588], [-6.80350244415431, 61.83753388255502], [-6.806540612079908, 61.83680047729495], [-6.809081658764397, 61.83594630402129], [-6.810524640600736, 61.83496117373199], [-6.8107753934218485, 61.83497110038426], [-6.810940536770863, 61.835174577622034], [-6.811310527271798, 61.83554957382684], [-6.811457459941266, 61.83550801405755], [-6.81123056609936, 61.83501212003396], [-6.810938414634841, 61.83491166192203], [-6.81033380111118, 61.83373457811897], [-6.810436219378649, 61.83366734971887], [-6.810652583708193, 61.83375977639902], [-6.810196745313443, 61.83296241948149], [-6.81030129941588, 61.83285195033087], [-6.810593495591045, 61.83294881959706], [-6.8107025974147835, 61.832899654113405], [-6.810081452826599, 61.832366939993214], [-6.809948890501073, 61.8316596752269], [-6.8102140511909175, 61.831536596676756], [-6.8099930969275, 61.83091833160262], [-6.809477572928571, 61.83071814706952], [-6.809114558577381, 61.82989308801868], [-6.808569090694562, 61.829404319343254], [-6.808270263379987, 61.82917122031361], [-6.8082015451670985, 61.82908641844696], [-6.808244710059738, 61.829016494365064], [-6.8079872892039575, 61.82888348998367], [-6.808292707717806, 61.82869612813193], [-6.8083531898947305, 61.82871681059418], [-6.80808458582498, 61.82888165983407], [-6.809138494888406, 61.82942909888048], [-6.809875435048883, 61.829112272157744], [-6.808761545530222, 61.82854135437197], [-6.80866993057558, 61.82858061616502], [-6.808559235712519, 61.82855471443238], [-6.808614021402439, 61.828399197965055], [-6.80883593592532, 61.8284614513197], [-6.81091848620674, 61.82753963330603], [-6.810965349069585, 61.82750264571369], [-6.810457663225383, 61.82722716308874], [-6.8103567157194185, 61.827217175099456], [-6.809515034633996, 61.826773851268854], [-6.80940031093532, 61.82678131169365], [-6.808788102776082, 61.82705816340761], [-6.808265421175447, 61.8273324835994], [-6.807879879124319, 61.8279383776864], [-6.807831241258041, 61.82795763086635], [-6.8081774658181295, 61.82815222665629], [-6.808102207514598, 61.828285176806254], [-6.808007838918467, 61.82828751161419], [-6.80766460949872, 61.82811343362856], [-6.807486659185947, 61.82829977880534], [-6.807495674743476, 61.82865443716253], [-6.8074552409943925, 61.82870924943427], [-6.80763891373691, 61.82875182376397], [-6.807585357484284, 61.82878965502973], [-6.807424122377428, 61.82875089586866], [-6.806738468218889, 61.829729749322084], [-6.806668618532984, 61.82982888350123], [-6.806636197704364, 61.82982392093418], [-6.806510079947224, 61.8297568751713], [-6.805352562837679, 61.83059541604953], [-6.805222455456705, 61.83060533855259], [-6.804977960201307, 61.83071862879939], [-6.8048211279047806, 61.83070448363847], [-6.804759494236576, 61.830681294249224], [-6.804750067031704, 61.83060367916478], [-6.805956775108453, 61.82972650640897], [-6.805975200971631, 61.82968288855732], [-6.806790193226343, 61.82846530129714], [-6.8069316509806335, 61.82815709562521], [-6.8070591426093054, 61.82727536172662], [-6.807071518662859, 61.82715060057014], [-6.806626855676858, 61.82659737239084], [-6.806429489107919, 61.826407172847624], [-6.805697628980143, 61.82568864671505], [-6.805587507838394, 61.82529848646075], [-6.805727918021308, 61.82507681543439], [-6.8059667800372114, 61.824866954311986], [-6.805736028752882, 61.824453855449526], [-6.805819754060993, 61.82429996107978], [-6.806377499971013, 61.82456898165755], [-6.806047911182746, 61.82430603483118], [-6.806092203222155, 61.824180509275195], [-6.806352131609635, 61.82416177208663], [-6.807305229458013, 61.82459728278739], [-6.807406347400465, 61.82486133289137], [-6.806950062369608, 61.825616110728966], [-6.80752959137198, 61.825139922153895], [-6.807439453909519, 61.82542345037966], [-6.80782435274364, 61.82518647185073], [-6.807728880639018, 61.82511698080695], [-6.8081341900964745, 61.82462085695281], [-6.808631533634079, 61.8244175459043], [-6.809472538160807, 61.82481210497509], [-6.808411185974513, 61.82625527980506], [-6.808984036135376, 61.825912305167584], [-6.809728105750994, 61.825189500510916], [-6.810960634754578, 61.82536880853302], [-6.810947865919494, 61.82577917844445], [-6.811238128686372, 61.825609543268996], [-6.8112554762736925, 61.825411670943986], [-6.812646281735351, 61.82531534417466], [-6.813697087682252, 61.82516492277697], [-6.814636091327356, 61.82573348186077], [-6.815029028275342, 61.82564412372421], [-6.815723543400177, 61.82576705313488], [-6.816747943418044, 61.82630768772816], [-6.8172145550846475, 61.82673053409322], [-6.817630001123557, 61.82664511787171], [-6.8182372171304, 61.82668781669961], [-6.818729322422738, 61.82705692454396], [-6.818686039320018, 61.827780326137], [-6.819191409183477, 61.82772820741169], [-6.819551509673309, 61.82814629902858], [-6.819964149495179, 61.828276845682986], [-6.820494291712166, 61.8294206483], [-6.821430681513763, 61.82958581602816], [-6.8216361202804405, 61.829746555201474], [-6.822153225245021, 61.830850549172624], [-6.822559923654497, 61.830945080293326], [-6.822895134052345, 61.83125484924236], [-6.82372258214864, 61.831465586249024], [-6.824328602401066, 61.832466115784165], [-6.8248838026540035, 61.8326414632964], [-6.825368457695564, 61.83254230599097], [-6.826041482698489, 61.83342115750859], [-6.826011194694655, 61.83373051308483], [-6.827665547974667, 61.83385664218365], [-6.82774935128177, 61.83448060211562], [-6.830241131375557, 61.83555933466844], [-6.832106239140697, 61.83574171158779], [-6.8322006437120075, 61.83552665114758], [-6.832637733601598, 61.83546657914311], [-6.832300598469318, 61.835351271785], [-6.832676439674576, 61.835139310161495], [-6.832766523189226, 61.83532388632797], [-6.8331769486616425, 61.83534275793091], [-6.83331544008693, 61.83547396014603], [-6.833389686402362, 61.83535590332794], [-6.834568700001296, 61.83523553380726], [-6.834735371259737, 61.83509684879306], [-6.835995410825411, 61.83472160095156], [-6.835898291064384, 61.834526142491185], [-6.836170397474893, 61.83441380850993], [-6.836768167337322, 61.83449595656021], [-6.8368844145031415, 61.834299193978936], [-6.838053692773591, 61.83422182642406], [-6.838430567685434, 61.834301563900134], [-6.8385388991647895, 61.83411185785232], [-6.83894449086216, 61.83423146003989], [-6.841465631659448, 61.83423720742761], [-6.843601346728666, 61.83402263529965], [-6.847222578835199, 61.83396448999924], [-6.847303448168591, 61.83418141124442], [-6.847556583431966, 61.833989661228685], [-6.84791543863272, 61.8339719472797], [-6.848118568377646, 61.83402451231005], [-6.848227048463127, 61.83398608175316], [-6.848309387487485, 61.833857371070344], [-6.848703019776727, 61.83374997123565], [-6.849500039210034, 61.83365050929057], [-6.850343666060348, 61.83321662335457], [-6.85136960583887, 61.8329504241571], [-6.851319809252707, 61.83287782018027], [-6.851941788121243, 61.83261444780949], [-6.852049778833949, 61.832428318331075], [-6.853120849437081, 61.83217331745501], [-6.8535694823000775, 61.831713659678044], [-6.8541725253170585, 61.83168771924499], [-6.854230355819357, 61.83191154763789], [-6.854543704818519, 61.831889693434796], [-6.854999967395581, 61.83142646968879], [-6.855509405228104, 61.83144637408826], [-6.855527914521816, 61.831219699494575], [-6.857406972325555, 61.830314357949185], [-6.861524210724691, 61.8300666106393], [-6.8620347850710814, 61.830219741926435], [-6.862467285141811, 61.830735711588744], [-6.863385326789505, 61.830968804593425], [-6.864186702863018, 61.831413032410865], [-6.864363281348956, 61.83138615382587], [-6.864185930560642, 61.831110552814316], [-6.8644631997043986, 61.83088664904256], [-6.8663432556178865, 61.83043495074885], [-6.866612266782016, 61.82942588229319], [-6.8676182893819835, 61.82877033108873], [-6.868622596140655, 61.82863340237548], [-6.869837202766874, 61.82791526808435], [-6.8702039574494655, 61.827249322780894], [-6.870068825082048, 61.82720475910035], [-6.870524356409954, 61.82675584154779], [-6.871276516516778, 61.826634193016915], [-6.872279183931539, 61.82604337898497], [-6.871658641563619, 61.82483762237463], [-6.871622717088682, 61.82350842029889], [-6.870628652551263, 61.822792084204806], [-6.870821481336208, 61.821458082657195], [-6.87141121830853, 61.820099536959056], [-6.871962184072692, 61.81988211215114], [-6.872754368076239, 61.81987608646755], [-6.872877593266476, 61.82000710035516], [-6.872970508945519, 61.819975682149526], [-6.872841777640102, 61.819639347385], [-6.873697223161822, 61.81942161034428], [-6.874278790844944, 61.81935934078229], [-6.874707950913609, 61.819140556129014], [-6.876951978928289, 61.81918231485962], [-6.87724937343265, 61.81933675959091], [-6.8775381478419, 61.82015364017354], [-6.877373591981111, 61.820411183672384], [-6.877677460735538, 61.82091128723701], [-6.877958037611266, 61.82093591862228], [-6.87814019201043, 61.82143117504089], [-6.877916404436036, 61.82181771320301], [-6.878538531884944, 61.82202592839528], [-6.878662303657704, 61.82182557049916], [-6.880154540469056, 61.82279922145499], [-6.882932261964868, 61.82509718741871], [-6.883727940471911, 61.825829401270184], [-6.884543836969709, 61.82694348133954], [-6.885567453356981, 61.82719915103164], [-6.885903044657718, 61.82767440429297], [-6.885976306150005, 61.82806050422529], [-6.886341295916077, 61.828561257386454], [-6.886944385188139, 61.82966593665375], [-6.8877149066649945, 61.82964162110026], [-6.887911241569274, 61.83000016690869], [-6.889203466654055, 61.830543103611156], [-6.889741051050106, 61.8309376900087], [-6.890630302195833, 61.830979375300466], [-6.892133884001549, 61.83140199714581], [-6.892489151224591, 61.83194953634319], [-6.894189588170771, 61.83190965768657], [-6.894654626363559, 61.83206214517225], [-6.895360483747618, 61.83293376775449], [-6.896959160649803, 61.83360584972156], [-6.896715124856719, 61.83393814884121], [-6.896682216962795, 61.8344816101783], [-6.8971970046433695, 61.834875905016894], [-6.897235363071543, 61.83601425076975], [-6.89759209112118, 61.83637083869861], [-6.897914352082192, 61.83615815353737], [-6.898833826113995, 61.83620733855903], [-6.899070651405126, 61.83717491108105], [-6.899608948123727, 61.8377206518508], [-6.90043329758933, 61.83768963419249], [-6.900944984647019, 61.838807655390184], [-6.901420553254901, 61.83890264138108], [-6.901971819046495, 61.840975332156845], [-6.90176277958145, 61.84104880681926], [-6.901510492983405, 61.84090211306648], [-6.901269324065502, 61.84199434391267], [-6.901747727779718, 61.84219019184381], [-6.901060914903532, 61.842377560934686], [-6.901547239884702, 61.84240780070843], [-6.902715686952062, 61.84251355235176], [-6.901397711115237, 61.84283833355382], [-6.900554185865062, 61.84311406963578], [-6.8999482854048635, 61.843201401657396], [-6.899286675041152, 61.843172962664354], [-6.898533015164992, 61.84364766340232], [-6.897913227862981, 61.843868004621264], [-6.8968591384412905, 61.843756243983364], [-6.896135453852352, 61.84391797632589], [-6.895029516016659, 61.84442855680972], [-6.894736737971511, 61.845311343921615], [-6.894781701779588, 61.84598168854843], [-6.895300608880756, 61.846617284386255], [-6.896387603931442, 61.847006704624285], [-6.896624021180435, 61.84732966776004], [-6.897224672853887, 61.84751959290682], [-6.898288548695724, 61.84807796426015], [-6.898455996240729, 61.84857313926742], [-6.90009635776119, 61.84968132061272], [-6.900654426920537, 61.84980593830302], [-6.902059448338826, 61.851059256750645], [-6.9025702736815635, 61.85121941440245], [-6.903138844751754, 61.851779872984906], [-6.902865071718568, 61.85225959332577], [-6.903099772652795, 61.852456469383434], [-6.904587856892529, 61.85274555824979], [-6.904628896222369, 61.85301246497793], [-6.9053445208931, 61.85319629592259], [-6.906918017132544, 61.85460618710067], [-6.906374127706443, 61.854661816801496], [-6.906347393762549, 61.854744363604944], [-6.907396598652413, 61.85480560535599], [-6.907599809817351, 61.85502740004672], [-6.908404264726436, 61.855759491680594], [-6.908483293171398, 61.85718276964185], [-6.9083201940734735, 61.857411552015336], [-6.908633012609127, 61.85757324738267], [-6.909155025435339, 61.857657866304045], [-6.909189721606174, 61.85789585571436], [-6.9088232659083655, 61.857910116602696], [-6.908408005083412, 61.85798504091551], [-6.908457983819109, 61.858057534275346], [-6.909800741668523, 61.858035424277325], [-6.909720834118632, 61.858117431589775], [-6.908998144457521, 61.85824675137956], [-6.909052513907521, 61.85839140257599], [-6.908303721396327, 61.858426863125516], [-6.908133753729424, 61.85831348882244], [-6.907811537179819, 61.8583533790976], [-6.907794342771863, 61.85872766854599], [-6.9088652090617675, 61.85947333050622], [-6.909512277943803, 61.85949449381046], [-6.9096300831488895, 61.859751344415486], [-6.90901893986096, 61.859777412973436], [-6.909092107983302, 61.86000871612078], [-6.908721055810196, 61.86028209439224], [-6.908861893680791, 61.86053561554529], [-6.909542969021843, 61.860312204051866], [-6.910332605787592, 61.860550819193605], [-6.910372366552277, 61.86084293103127], [-6.909559946599514, 61.8609353375569], [-6.909013834833639, 61.86071003216396], [-6.908855806156086, 61.86083089035373], [-6.908103862279855, 61.86126240054992], [-6.908117207677857, 61.86179911344549], [-6.90934325096089, 61.86216109061435], [-6.909553402272646, 61.86272503846884], [-6.909979704881441, 61.86307151284528], [-6.9111174250602065, 61.86320211972503], [-6.912883384120574, 61.86310148269784], [-6.913033846854487, 61.8634739201956], [-6.912238897444434, 61.8638474319461], [-6.912039300340758, 61.86403984281502], [-6.912438319196739, 61.86448330227233], [-6.9128432096754775, 61.86463148280664], [-6.913025163090678, 61.8649826725848], [-6.9130314956782035, 61.8651771362838], [-6.913036426828298, 61.8666339347533], [-6.912769877451766, 61.86666759120356], [-6.912618686177302, 61.86784011724184], [-6.91221270147008, 61.86777711859543], [-6.912217293452131, 61.86799705259444], [-6.912471370713677, 61.868464612734904], [-6.911979666041175, 61.86869397190417], [-6.911749720167528, 61.86901591877], [-6.910736917183298, 61.86914685603377], [-6.9105418261671945, 61.8693171588429], [-6.910914250405115, 61.869964460340384], [-6.911706112076781, 61.87059533354443], [-6.91235412901877, 61.87054188948397], [-6.912730089354852, 61.870630286771394], [-6.912926151286407, 61.870878177315625], [-6.913845177034732, 61.871010910810945], [-6.914296133188748, 61.870662689709725], [-6.914684102354752, 61.87058876748356], [-6.915172793974359, 61.87059376049612], [-6.915606521289927, 61.870512360400106], [-6.91604537413635, 61.87031926442426], [-6.916330445856807, 61.870444158865205], [-6.915914980921755, 61.870662388983625], [-6.915654582061952, 61.87062755520788], [-6.915563955439253, 61.87067124823172], [-6.915674473144056, 61.87084377057143], [-6.915136027206191, 61.87101937385792], [-6.915080608246319, 61.87129720057492], [-6.916344768317971, 61.87185746484918], [-6.9161338494248845, 61.87236680227684], [-6.916343741596356, 61.872546127968214], [-6.916232354635659, 61.87269086477721], [-6.915350255169917, 61.87287517224425], [-6.914611105260454, 61.87368272113889], [-6.915312217588513, 61.87471062332773], [-6.916091395854266, 61.87471777472523], [-6.916735078545292, 61.87445524252376], [-6.916889946756104, 61.87419131238711], [-6.917244559533815, 61.873987687757264], [-6.917983407586878, 61.873894116177404], [-6.917904534910789, 61.87413962768472], [-6.917135138940073, 61.874601180059614], [-6.916619897183496, 61.874798239278824], [-6.917111009337839, 61.87527189623219], [-6.918085038712717, 61.87546208197722], [-6.918551610879972, 61.8751389515951], [-6.9188420297809445, 61.875141196081124], [-6.919426110200832, 61.87568295634407], [-6.9193808976785185, 61.876079713363886], [-6.921716114152407, 61.87707835675631], [-6.921936168401433, 61.87700519512789], [-6.9224226780429845, 61.87726248978933], [-6.922314692224254, 61.87757310007566], [-6.921869374011902, 61.8774598013154], [-6.9218119746750695, 61.87799732360041], [-6.921088393016726, 61.87809446974271], [-6.920756677988013, 61.87794096034923], [-6.919928257130086, 61.87813957768543], [-6.920141829649802, 61.878845223137176], [-6.920888095420802, 61.87946187986048], [-6.9219840740509495, 61.87963700246618], [-6.922409764753085, 61.87990549662888], [-6.922343909999316, 61.880046347992426], [-6.922129108572416, 61.87999695518071], [-6.921798297806136, 61.88024727751013], [-6.9218832065382205, 61.88029371913146], [-6.922216729851225, 61.880165982637095], [-6.922316910737708, 61.88020879449673], [-6.921634402463899, 61.88080689018144], [-6.920805915861365, 61.88100542305672], [-6.920580347737399, 61.881904265344446], [-6.921030223579405, 61.882223045143625], [-6.920397312085112, 61.88300844165692], [-6.920654946332962, 61.88327044750307], [-6.9200712156868045, 61.884210643626346], [-6.9201040178295266, 61.884318602638096], [-6.920037273247821, 61.88441625710583], [-6.919816351605734, 61.884442539970074], [-6.918534315793316, 61.885241804267146], [-6.918877763366995, 61.88595408592795], [-6.91949128195517, 61.88606293604827], [-6.9195628920261845, 61.886196081366606], [-6.919277286152522, 61.88642095796989], [-6.9198449773591175, 61.88725477694829], [-6.920460549851484, 61.887468243074345], [-6.920580771617628, 61.88773445380495], [-6.920314223738542, 61.88813235105924], [-6.920948673119669, 61.88887210101868], [-6.921992323302445, 61.889094367506246], [-6.922840980726394, 61.88911195187507], [-6.923759535283243, 61.88955478025825], [-6.924005299656813, 61.8899790045881], [-6.923629750154218, 61.890287280802454], [-6.922775079324018, 61.890338200142985], [-6.9228548517126915, 61.890500015557386], [-6.922569146622791, 61.89071771551684], [-6.9227451040526695, 61.89108827825871], [-6.922489549446542, 61.8912877602036], [-6.923702342780235, 61.89263055352226], [-6.924057428900269, 61.89279832116871], [-6.923895347603827, 61.893083966048785], [-6.924818203275738, 61.89408552811173], [-6.926401859948753, 61.895246258557314], [-6.926958470445447, 61.89590337480369], [-6.92864958087165, 61.89672463699424], [-6.930574510992552, 61.897393365384374], [-6.931311044930125, 61.89787658022109], [-6.931775294513044, 61.897787862628014], [-6.931822764992996, 61.89715305252258], [-6.932158639426354, 61.89713341563396], [-6.9325574911190415, 61.89755337010405], [-6.932460520811749, 61.89766197737577], [-6.933009927587128, 61.89798032326866], [-6.9334665524931145, 61.89860188203142], [-6.9345284123335516, 61.89964603861569], [-6.934657723019288, 61.899616559281725], [-6.934585567520309, 61.89946186910007], [-6.934599468418163, 61.89939690063616], [-6.934891089889696, 61.89944957979822], [-6.935214506277057, 61.8999166919498], [-6.934957819869075, 61.89935191828674], [-6.935392068594779, 61.89928491240805], [-6.935956820847443, 61.89959952583227], [-6.936084609705852, 61.89950511446041], [-6.936626032495119, 61.89980177876841], [-6.936671532562035, 61.900490233356464], [-6.937181630488467, 61.90110791187834], [-6.936933836059672, 61.9013110379418], [-6.937208610342667, 61.9016449956786], [-6.938673133990529, 61.902561030638694], [-6.9388323729378625, 61.90285590624134], [-6.938018682258253, 61.90305091103276], [-6.939174780723355, 61.903842194957576], [-6.940106433552411, 61.90415133390372], [-6.941133733649868, 61.90464037176213], [-6.941772695308797, 61.90519253814749], [-6.9418655798193285, 61.90629897404647], [-6.942099570338268, 61.90651057459829], [-6.943951837879809, 61.907316447766874], [-6.944589586134099, 61.90745758981625], [-6.9450532416645405, 61.9076824918695], [-6.946120527476868, 61.907893603906274], [-6.948324681733523, 61.90939360323102], [-6.948508807836061, 61.90942148637217], [-6.948202235856953, 61.90903366390674], [-6.948460859572728, 61.90897826971967], [-6.94976357973554, 61.909804770314665], [-6.949839174381076, 61.90976478000343], [-6.949353122828113, 61.90922265524112], [-6.9496343291647085, 61.909145600614494], [-6.9504340441706685, 61.90935080411711], [-6.9516585911367645, 61.910094784835664], [-6.952198714759078, 61.91066894719764], [-6.952714707964055, 61.91154790188694], [-6.952933310111401, 61.91230606305554], [-6.952277782550879, 61.91301998283603], [-6.9518013030849435, 61.91321775628115], [-6.951073944904737, 61.913275154567124], [-6.950739463431575, 61.91351597658767], [-6.951321029988235, 61.91390698950072], [-6.951020941647303, 61.91406635986553], [-6.95036452149795, 61.9134967453766], [-6.949544738455315, 61.91363472332469], [-6.948014771686863, 61.914007910072016], [-6.947206864764155, 61.913968566155624], [-6.946392742966034, 61.91402464546223]]]]}, "properties": {"disaggregations": [{"Series": "Partur av f\u00f3lkinum, i\u00f0 livir av minni enn f\u00e1t\u00e6kamarkinum \u00ed landinum", "region": "Sandoyar \u00f8ki", "sex": "", "age": "", "Units": "%"}, {"Series": "Partur av f\u00f3lkinum, i\u00f0 livir av minni enn f\u00e1t\u00e6kamarkinum \u00ed landinum", "region": "Sandoyar \u00f8ki", "sex": "", "age": "Aldur 0 - 17", "Units": "%"}, {"Series": "Partur av f\u00f3lkinum, i\u00f0 livir av minni enn f\u00e1t\u00e6kamarkinum \u00ed landinum", "region": "Sandoyar \u00f8ki", "sex": "", "age": "Aldur 18 - 24", "Units": "%"}, {"Series": "Partur av f\u00f3lkinum, i\u00f0 livir av minni enn f\u00e1t\u00e6kamarkinum \u00ed landinum", "region": "Sandoyar \u00f8ki", "sex": "", "age": "Aldur 25 - 54", "Units": "%"}, {"Series": "Partur av f\u00f3lkinum, i\u00f0 livir av minni enn f\u00e1t\u00e6kamarkinum \u00ed landinum", "region": "Sandoyar \u00f8ki", "sex": "", "age": "Aldur 55 - 66", "Units": "%"}, {"Series": "Partur av f\u00f3lkinum, i\u00f0 livir av minni enn f\u00e1t\u00e6kamarkinum \u00ed landinum", "region": "Sandoyar \u00f8ki", "sex": "", "age": "Aldur 67 + ", "Units": "%"}, {"Series": "Partur av f\u00f3lkinum, i\u00f0 livir av minni enn f\u00e1t\u00e6kamarkinum \u00ed landinum", "region": "Sandoyar \u00f8ki", "sex": "Kvinnur", "age": "", "Units": "%"}, {"Series": "Partur av f\u00f3lkinum, i\u00f0 livir av minni enn f\u00e1t\u00e6kamarkinum \u00ed landinum", "region": "Sandoyar \u00f8ki", "sex": "Kvinnur", "age": "Aldur 0 - 17", "Units": "%"}, {"Series": "Partur av f\u00f3lkinum, i\u00f0 livir av minni enn f\u00e1t\u00e6kamarkinum \u00ed landinum", "region": "Sandoyar \u00f8ki", "sex": "Kvinnur", "age": "Aldur 18 - 24", "Units": "%"}, {"Series": "Partur av f\u00f3lkinum, i\u00f0 livir av minni enn f\u00e1t\u00e6kamarkinum \u00ed landinum", "region": "Sandoyar \u00f8ki", "sex": "Kvinnur", "age": "Aldur 25 - 54", "Units": "%"}, {"Series": "Partur av f\u00f3lkinum, i\u00f0 livir av minni enn f\u00e1t\u00e6kamarkinum \u00ed landinum", "region": "Sandoyar \u00f8ki", "sex": "Kvinnur", "age": "Aldur 55 - 66", "Units": "%"}, {"Series": "Partur av f\u00f3lkinum, i\u00f0 livir av minni enn f\u00e1t\u00e6kamarkinum \u00ed landinum", "region": "Sandoyar \u00f8ki", "sex": "Kvinnur", "age": "Aldur 67 + ", "Units": "%"}, {"Series": "Partur av f\u00f3lkinum, i\u00f0 livir av minni enn f\u00e1t\u00e6kamarkinum \u00ed landinum", "region": "Sandoyar \u00f8ki", "sex": "Menn", "age": "", "Units": "%"}, {"Series": "Partur av f\u00f3lkinum, i\u00f0 livir av minni enn f\u00e1t\u00e6kamarkinum \u00ed landinum", "region": "Sandoyar \u00f8ki", "sex": "Menn", "age": "Aldur 0 - 17", "Units": "%"}, {"Series": "Partur av f\u00f3lkinum, i\u00f0 livir av minni enn f\u00e1t\u00e6kamarkinum \u00ed landinum", "region": "Sandoyar \u00f8ki", "sex": "Menn", "age": "Aldur 18 - 24", "Units": "%"}, {"Series": "Partur av f\u00f3lkinum, i\u00f0 livir av minni enn f\u00e1t\u00e6kamarkinum \u00ed landinum", "region": "Sandoyar \u00f8ki", "sex": "Menn", "age": "Aldur 25 - 54", "Units": "%"}, {"Series": "Partur av f\u00f3lkinum, i\u00f0 livir av minni enn f\u00e1t\u00e6kamarkinum \u00ed landinum", "region": "Sandoyar \u00f8ki", "sex": "Menn", "age": "Aldur 55 - 66", "Units": "%"}, {"Series": "Partur av f\u00f3lkinum, i\u00f0 livir av minni enn f\u00e1t\u00e6kamarkinum \u00ed landinum", "region": "Sandoyar \u00f8ki", "sex": "Menn", "age": "Aldur 67 + ", "Units": "%"}], "values": [{"2009": 6.5, "2010": 4.4, "2011": 5.8, "2012": 5.8, "2013": 5.2, "2014": 4.6, "2015": 6.2, "2016": 3.8, "2017": 3.9, "2018": 4.3, "2019": 3.6, "2020": 3.4, "2021": 4.1, "2022": 3.7, "2023": 3.6, "2024": 3.6}, {"2009": 8.0, "2010": 7.0, "2011": 9.0, "2012": 7.6, "2013": 7.9, "2014": 5.5, "2015": 8.9, "2016": 4.5, "2017": 6.1, "2018": 6.8, "2019": 7.1, "2020": 6.3, "2021": 7.5, "2022": 5.0, "2023": 4.3, "2024": 7.1}, {"2009": 5.4, "2010": 0.0, "2011": 2.9, "2012": 9.8, "2013": 4.5, "2014": 8.2, "2015": 7.2, "2016": 6.0, "2017": 6.9, "2018": 6.7, "2019": 3.8, "2020": 4.0, "2021": 3.5, "2022": 4.3, "2023": 1.9, "2024": 1.7}, {"2009": 6.2, "2010": 4.5, "2011": 5.5, "2012": 5.3, "2013": 5.1, "2014": 2.8, "2015": 7.0, "2016": 4.0, "2017": 3.5, "2018": 4.3, "2019": 3.4, "2020": 2.8, "2021": 4.6, "2022": 4.4, "2023": 3.5, "2024": 3.6}, {"2009": 8.5, "2010": 4.7, "2011": 6.3, "2012": 7.0, "2013": 5.9, "2014": 7.6, "2015": 6.4, "2016": 5.1, "2017": 3.8, "2018": 2.2, "2019": 2.7, "2020": 2.2, "2021": 3.8, "2022": 4.7, "2023": 6.8, "2024": 3.6}, {"2009": 3.5, "2010": 2.7, "2011": 2.7, "2012": 0.9, "2013": 1.8, "2014": 2.1, "2015": 1.6, "2016": 0.8, "2017": 0.8, "2018": 2.5, "2019": 0.8, "2020": 1.8, "2021": 0.7, "2022": 0.4, "2023": 1.5, "2024": 1.4}, {"2009": 6.5, "2010": 4.0, "2011": 4.9, "2012": 5.2, "2013": 5.5, "2014": 4.5, "2015": 6.3, "2016": 3.5, "2017": 4.0, "2018": 4.2, "2019": 4.2, "2020": 4.5, "2021": 5.1, "2022": 3.6, "2023": 3.9, "2024": 3.7}, {"2009": 8.9, "2010": 7.0, "2011": 9.5, "2012": 6.9, "2013": 9.4, "2014": 7.0, "2015": 10.1, "2016": 6.3, "2017": 6.8, "2018": 6.7, "2019": 8.1, "2020": 8.8, "2021": 9.9, "2022": 4.9, "2023": 4.9, "2024": 6.6}, {"2009": 8.3, "2010": 0.0, "2011": 3.0, "2012": 13.2, "2013": 6.7, "2014": 12.5, "2015": 8.1, "2016": 5.3, "2017": 8.9, "2018": 3.9, "2019": 3.9, "2020": 4.3, "2021": 5.1, "2022": 4.7, "2023": 2.1, "2024": 1.9}, {"2009": 5.8, "2010": 3.5, "2011": 5.6, "2012": 5.3, "2013": 5.5, "2014": 3.8, "2015": 7.8, "2016": 3.4, "2017": 3.6, "2018": 4.8, "2019": 4.6, "2020": 4.6, "2021": 5.7, "2022": 5.1, "2023": 4.3, "2024": 3.6}, {"2009": 5.0, "2010": 4.2, "2011": 1.0, "2012": 3.9, "2013": 1.9, "2014": 3.0, "2015": 4.0, "2016": 2.1, "2017": 2.0, "2018": 2.0, "2019": 3.0, "2020": 2.1, "2021": 4.3, "2022": 4.0, "2023": 6.5, "2024": 3.2}, {"2009": 5.6, "2010": 2.4, "2011": 2.5, "2012": 1.7, "2013": 3.3, "2014": 1.6, "2015": 1.5, "2016": 1.4, "2017": 1.4, "2018": 2.7, "2019": 0.7, "2020": 2.1, "2021": 0.7, "2022": 0.0, "2023": 1.5, "2024": 2.2}, {"2009": 6.5, "2010": 4.8, "2011": 6.5, "2012": 6.2, "2013": 5.1, "2014": 4.7, "2015": 6.2, "2016": 4.1, "2017": 3.8, "2018": 4.4, "2019": 3.0, "2020": 2.4, "2021": 3.2, "2022": 3.7, "2023": 3.3, "2024": 3.6}, {"2009": 7.2, "2010": 7.0, "2011": 8.6, "2012": 8.2, "2013": 6.5, "2014": 4.0, "2015": 7.7, "2016": 2.8, "2017": 5.4, "2018": 7.0, "2019": 6.2, "2020": 4.0, "2021": 5.2, "2022": 5.2, "2023": 3.8, "2024": 7.5}, {"2009": 4.0, "2010": 0.0, "2011": 2.9, "2012": 7.8, "2013": 3.1, "2014": 5.3, "2015": 6.7, "2016": 6.5, "2017": 5.3, "2018": 9.4, "2019": 3.7, "2020": 3.9, "2021": 2.2, "2022": 4.1, "2023": 1.8, "2024": 1.6}, {"2009": 6.6, "2010": 5.3, "2011": 5.5, "2012": 5.4, "2013": 4.8, "2014": 1.9, "2015": 6.2, "2016": 4.6, "2017": 3.4, "2018": 3.9, "2019": 2.4, "2020": 1.4, "2021": 3.7, "2022": 3.9, "2023": 2.8, "2024": 3.6}, {"2009": 11.2, "2010": 5.1, "2011": 10.1, "2012": 9.3, "2013": 8.9, "2014": 11.1, "2015": 8.3, "2016": 7.3, "2017": 5.2, "2018": 2.4, "2019": 2.4, "2020": 2.4, "2021": 3.4, "2022": 5.3, "2023": 7.0, "2024": 3.9}, {"2009": 1.0, "2010": 3.0, "2011": 2.9, "2012": 0.0, "2013": 0.0, "2014": 2.8, "2015": 1.8, "2016": 0.0, "2017": 0.0, "2018": 2.3, "2019": 0.8, "2020": 1.6, "2021": 0.7, "2022": 0.7, "2023": 1.4, "2024": 0.7}], "observation_attributes": [{}, {}, {}, {}, {}, {}, {}, {}, {}, {}, {}, {}, {}, {}, {}, {}, {}, {}], "name": "Sandoyar", "geocode": "4500"}}, {"type": "Feature", "geometry": {"type": "MultiPolygon", "coordinates": [[[[-6.705532641562653, 61.63765202616486], [-6.704624207629302, 61.637184198712184], [-6.703372112407224, 61.63626800771579], [-6.703062841924503, 61.63590247542957], [-6.702199605874185, 61.63598453831367], [-6.701671536557195, 61.63580027824157], [-6.701214719649756, 61.63554116682303], [-6.700681940894526, 61.635288583938454], [-6.700484014638758, 61.6351539740106], [-6.700274004049965, 61.63512331463557], [-6.700055519587275, 61.6351177425372], [-6.699858683881077, 61.6349508261359], [-6.6996472300563985, 61.63423065457902], [-6.699946083183869, 61.63411484268487], [-6.699905034130298, 61.634017447626356], [-6.699673592736091, 61.63395796252565], [-6.699589916894604, 61.63379196770961], [-6.69960591649931, 61.633587429895776], [-6.699555356207334, 61.63353665404243], [-6.699700366343541, 61.63349492552851], [-6.699601954475068, 61.63332158868628], [-6.699354080981599, 61.63329783083825], [-6.699189827654204, 61.63307372909066], [-6.699219643602188, 61.63290156885608], [-6.699316297530022, 61.63275163724493], [-6.699104171299057, 61.632774903031226], [-6.699072955972478, 61.6326165275826], [-6.698907204425164, 61.63261507598708], [-6.69892998100929, 61.63242852054361], [-6.6986635049294945, 61.632307655027056], [-6.698718849544616, 61.632063915414655], [-6.698478531551024, 61.632040193576465], [-6.698394860646416, 61.63187428768765], [-6.698352081041781, 61.63163320088027], [-6.6983948119060885, 61.63132837160813], [-6.698078030643812, 61.63114595798981], [-6.698119607294375, 61.63105651238195], [-6.69836598416566, 61.63093308385359], [-6.698351321636349, 61.63074257396902], [-6.6985405268796105, 61.6305432060383], [-6.698850751419685, 61.63033771064336], [-6.699622470326771, 61.63009681706392], [-6.700170593933252, 61.6299724628179], [-6.700462904382012, 61.629834990821685], [-6.700494056496468, 61.62962702735586], [-6.700558753252109, 61.62952342552131], [-6.7016592998021025, 61.629533281527145], [-6.702154374325825, 61.62941924845034], [-6.702243889895623, 61.62925842017659], [-6.702120853667753, 61.628952052301514], [-6.702136409809755, 61.62875828162276], [-6.702476791190881, 61.62873259479787], [-6.7034715225009185, 61.628931901949905], [-6.705478766956797, 61.6292694677145], [-6.706564406615184, 61.62927921271909], [-6.7073670918269075, 61.62937972379495], [-6.708428564808235, 61.62960831007309], [-6.70890868585194, 61.62966998618959], [-6.709849699635898, 61.62971435570306], [-6.711360753263406, 61.63019819817686], [-6.7120851032241315, 61.63037350543299], [-6.712626839998346, 61.63040342986394], [-6.7129673082811, 61.63037412655368], [-6.713075606441973, 61.630310488484966], [-6.712799607735266, 61.63023618125054], [-6.712714260026055, 61.63010976395619], [-6.713000653506857, 61.629929158169695], [-6.713404509672669, 61.62982854849198], [-6.713748004950669, 61.62954429636525], [-6.7140997438721195, 61.62942889327279], [-6.714325469253387, 61.62943806661304], [-6.715026772815774, 61.629623925803905], [-6.716216827798103, 61.63003310419584], [-6.717371719239178, 61.630377304853376], [-6.718118894323849, 61.630545509229805], [-6.718389645407862, 61.63056593470765], [-6.718689578276654, 61.63042127960177], [-6.719048846493008, 61.63030598988619], [-6.719626778087139, 61.63037213780898], [-6.719781629973752, 61.630459667895636], [-6.719836913202148, 61.630582255106205], [-6.7196053587530935, 61.63071315208385], [-6.719572755482408, 61.630773931517766], [-6.720202241166061, 61.63087281406133], [-6.72109661345867, 61.63094900729014], [-6.721929902329416, 61.63104249021338], [-6.722566521925407, 61.631152255336374], [-6.722876661476989, 61.63131663077517], [-6.722750788584973, 61.631444809291864], [-6.722402584464699, 61.63166076590541], [-6.722080673472844, 61.63197036062129], [-6.7218412287790565, 61.63229507063476], [-6.721754641185577, 61.6325708872274], [-6.721905026371002, 61.63294925156231], [-6.722388543553994, 61.6334850135749], [-6.722072550312834, 61.6340209720225], [-6.721891438162592, 61.634209641449466], [-6.721700771970338, 61.6342618534854], [-6.721489145879399, 61.634270796436766], [-6.72129556902058, 61.63421162268789], [-6.721109781893087, 61.633954956445], [-6.720939330832435, 61.63388162320834], [-6.720697038739844, 61.63390468749762], [-6.720565126047952, 61.633996848264516], [-6.720460401247568, 61.63434428083687], [-6.720367529571988, 61.634400909970275], [-6.720233537256896, 61.634360239803705], [-6.72012462649693, 61.634071995626805], [-6.719826707696594, 61.633979558909424], [-6.719480075237213, 61.633969270247576], [-6.718995417159466, 61.63401889374168], [-6.718408481706281, 61.634168084034684], [-6.716811980172406, 61.63465673201475], [-6.716546134035469, 61.634704714664466], [-6.715868578184264, 61.63485668605097], [-6.715665702972124, 61.63502011196743], [-6.715561498724336, 61.63517360872788], [-6.715411922044962, 61.635323112590044], [-6.715208020934336, 61.63533208560671], [-6.714857796354849, 61.63522484406357], [-6.714465660348565, 61.63522491365052], [-6.713531529939868, 61.63537822796242], [-6.713141851862664, 61.6355004466155], [-6.71320373854898, 61.635648288205225], [-6.71340074436881, 61.63599476272806], [-6.713478659268311, 61.636300720220724], [-6.713435798003935, 61.636609230894464], [-6.713190634753445, 61.63688714208291], [-6.7127522753902165, 61.63708791582038], [-6.7122472438928735, 61.6374497264072], [-6.712093915128355, 61.63750946587825], [-6.7118460757299525, 61.63748214058853], [-6.711502043911773, 61.63741082000052], [-6.710954330803714, 61.637337694521605], [-6.710637756912672, 61.63733130060786], [-6.710093526757841, 61.63735879276976], [-6.70943775429194, 61.63734570980742], [-6.709293653888304, 61.63736241318051], [-6.709186199804652, 61.63741169684906], [-6.708855883820832, 61.63736924237413], [-6.708153075476201, 61.637402501425235], [-6.707939812887323, 61.63745090301067], [-6.707660884121197, 61.63744836753805], [-6.707425333395361, 61.63748939003756], [-6.70730852934827, 61.63757811163907], [-6.707022976650065, 61.63755041254534], [-6.706816834691973, 61.63760961699774], [-6.706528816950892, 61.637643021208014], [-6.70626597408668, 61.637611931506115], [-6.705817347801087, 61.63770126334231], [-6.705532641562653, 61.63765202616486]]], [[[-6.916043841181909, 61.65035249877562], [-6.915297003418673, 61.65017688236396], [-6.914849486549231, 61.650214841993105], [-6.914982622563716, 61.64994879813738], [-6.912102572254054, 61.64872801675336], [-6.911744035241359, 61.64888511757644], [-6.911093603636136, 61.64883942648509], [-6.908159818513038, 61.648122561570894], [-6.9048701502870715, 61.6474113876773], [-6.903536508570423, 61.647017414716764], [-6.902990221681801, 61.64663715179264], [-6.8979970236733505, 61.64459762488745], [-6.8977089204149395, 61.64461814288909], [-6.89761329165707, 61.64445928554658], [-6.896176972743195, 61.64343456971841], [-6.896077801584268, 61.643034419094725], [-6.895639578246164, 61.64297872799281], [-6.895703610001359, 61.641444756475266], [-6.897555884390554, 61.6407063405678], [-6.897560166528889, 61.64045789722853], [-6.8980060162636825, 61.64050642806623], [-6.899587265469208, 61.639669719404466], [-6.901745636624616, 61.638720044980126], [-6.90411529188721, 61.6377998912998], [-6.9069442128772165, 61.63702545763295], [-6.913060729494582, 61.63610120887523], [-6.913117815752279, 61.635845764318766], [-6.913418100233535, 61.63599813573968], [-6.914221850121231, 61.635918320309756], [-6.914490446606503, 61.6356852335669], [-6.914969765128058, 61.635539311914265], [-6.915354854562964, 61.63559834908307], [-6.917193543455674, 61.63518024901866], [-6.917309601651755, 61.63501503372602], [-6.919708081547796, 61.63461326104277], [-6.919907283278707, 61.63446277907318], [-6.922064661918601, 61.633980886064805], [-6.923875924039519, 61.63384705713863], [-6.9243544943262805, 61.63373359182914], [-6.924208514091689, 61.63340170358692], [-6.924322604517489, 61.633366092806384], [-6.9246054489374655, 61.63366603835912], [-6.925340613417272, 61.63360028706268], [-6.92704860865583, 61.63281781391937], [-6.927159002921833, 61.63253372851601], [-6.926948189122539, 61.63246453626117], [-6.926969646452549, 61.632071993320984], [-6.928125038038028, 61.63176285395838], [-6.928215168555325, 61.630855669214725], [-6.927828362003867, 61.63091550805804], [-6.92740447972358, 61.63044571958673], [-6.928043337435649, 61.63025360935754], [-6.928415279609157, 61.62970389438721], [-6.928882714902192, 61.62934182915422], [-6.928840441676626, 61.62915085736524], [-6.928985724070355, 61.62905772023122], [-6.929930986713771, 61.62910071648312], [-6.930273658324172, 61.628961556430305], [-6.930344974907195, 61.62876728219307], [-6.931179143264452, 61.62865506283224], [-6.931425318484075, 61.62840742021256], [-6.930363046600416, 61.62857650892123], [-6.929420223125409, 61.62695606204366], [-6.927830273085605, 61.62560336487153], [-6.927505767675692, 61.62554815556064], [-6.9266122017356055, 61.62558807421788], [-6.926304462494319, 61.6254321165478], [-6.926107506730154, 61.625449409919966], [-6.925436940850242, 61.62526692126216], [-6.925155941567907, 61.62533069612898], [-6.924606559058462, 61.625141429135304], [-6.924340781527037, 61.6252088456672], [-6.924007750931859, 61.625207634356364], [-6.923566329252527, 61.625368077865296], [-6.922424933259784, 61.62529547183505], [-6.922564521616196, 61.62509074999508], [-6.921559293958456, 61.62501859578961], [-6.919098969233456, 61.6250816091694], [-6.917656181440238, 61.625400374574234], [-6.9164912700681, 61.625374493092394], [-6.914085712606065, 61.62579045548238], [-6.911833190770613, 61.626109784523436], [-6.909492065581043, 61.62628829141371], [-6.909273323454278, 61.62623708427633], [-6.90749746973205, 61.62655808682576], [-6.906022825863768, 61.62694869429556], [-6.90409259301686, 61.626991749608436], [-6.898670389067794, 61.62767336896544], [-6.895907126591172, 61.628188543408676], [-6.893312593520642, 61.62856019938132], [-6.891474906020539, 61.62893121598996], [-6.890755976540782, 61.62893921674885], [-6.890729776760427, 61.6287014337094], [-6.890052173599267, 61.62893290352702], [-6.889084920317638, 61.62885346654441], [-6.887078954816461, 61.628881642762884], [-6.88500390512247, 61.62853855466255], [-6.884605154313639, 61.62840012115965], [-6.883711754361452, 61.62843258018537], [-6.883012834667436, 61.62814888569341], [-6.882786128254832, 61.62813719460725], [-6.882621945434829, 61.62800329606968], [-6.881627447805635, 61.62817584388037], [-6.879025364312362, 61.62725427677028], [-6.878760129515651, 61.62685350006361], [-6.879980229141391, 61.625889568631166], [-6.879829386488775, 61.62585292627131], [-6.881728433120861, 61.62501050830422], [-6.883194275557371, 61.62469938990708], [-6.885090004044305, 61.62446199314951], [-6.885373588080438, 61.62425424315746], [-6.8870287259702625, 61.62392941208822], [-6.88880761772765, 61.62388237190398], [-6.888714766722244, 61.6240044706725], [-6.8917387298080115, 61.6237172999105], [-6.89346965725609, 61.622935328922814], [-6.893876019176025, 61.623055719064894], [-6.894627707164198, 61.62291102671328], [-6.894397440062196, 61.62266165284378], [-6.894564967928294, 61.62259744495386], [-6.895466149392902, 61.62255049321329], [-6.894813035640199, 61.622245480458005], [-6.894897460051077, 61.622177384891906], [-6.8957538140196, 61.622090595132626], [-6.8953772847239305, 61.62199194897321], [-6.89533620092389, 61.62173966239067], [-6.901967844994832, 61.61880477017204], [-6.905416420363256, 61.61752495849369], [-6.905274820014253, 61.6173911656488], [-6.907678113966795, 61.6166223209702], [-6.9106990371072605, 61.61554966832621], [-6.912549563423605, 61.61480027570133], [-6.9129103581344475, 61.61448107246597], [-6.914249853819874, 61.613981853897776], [-6.9153058029748955, 61.61370488629643], [-6.9152581685726755, 61.61337700376796], [-6.91606225015264, 61.613235962202396], [-6.916613243542166, 61.6133136076877], [-6.918188099173218, 61.61275043704042], [-6.918236538423696, 61.61256327051217], [-6.9199922026701755, 61.61204396101178], [-6.920065444666174, 61.612188275886666], [-6.92163296433745, 61.611603408258595], [-6.9218213356497085, 61.611182796613164], [-6.922172438982752, 61.61098597054649], [-6.9225271826637025, 61.61103770585016], [-6.922877497636832, 61.6108805480918], [-6.923043346258051, 61.61045249918274], [-6.923586936094077, 61.61003676154246], [-6.9241847595545325, 61.6100173219861], [-6.92460296520831, 61.60988202304072], [-6.92462312382965, 61.60956514321817], [-6.925737581431478, 61.608935352673065], [-6.926093744994086, 61.60841808575336], [-6.925710710300696, 61.60825460354262], [-6.925826195496784, 61.608118193059425], [-6.9264166572271115, 61.608084267644074], [-6.92661943709117, 61.60770328253591], [-6.926219222095573, 61.60766944936781], [-6.926456533636787, 61.60749018328303], [-6.926622021858455, 61.607541182317846], [-6.92701204895445, 61.60726889499968], [-6.926891742711045, 61.60722163646407], [-6.9284040874469035, 61.60628715805373], [-6.9288278803080905, 61.60626711747466], [-6.929143299158081, 61.60640146261821], [-6.929622986154755, 61.6061943635482], [-6.929413803828358, 61.606038740895244], [-6.929787306021461, 61.60584923983986], [-6.931215144744545, 61.60594077866114], [-6.931113292973148, 61.60568830209859], [-6.932809722341571, 61.60505337942317], [-6.9330799856483605, 61.60516961318219], [-6.933593519819758, 61.60521107088823], [-6.934583974863674, 61.604739226061916], [-6.934799779273815, 61.604491478876575], [-6.934593297428244, 61.604148628550185], [-6.93520385099903, 61.60380146635519], [-6.935565998012763, 61.60383173405647], [-6.936117068037465, 61.60353249667062], [-6.936175707523484, 61.60238684079737], [-6.936416604819413, 61.602174691506676], [-6.939181727891093, 61.60190260211656], [-6.939252286599014, 61.60189340803719], [-6.939441504624326, 61.60197874046842], [-6.939410190957579, 61.602016996877886], [-6.938891739475821, 61.60212539699674], [-6.937194246238545, 61.60228598030321], [-6.937141612754062, 61.60230615530391], [-6.93718195310634, 61.602404049504344], [-6.93688102152922, 61.60243392159301], [-6.936851273070875, 61.60327264255071], [-6.939154154192405, 61.603214367634905], [-6.938963845836181, 61.60273301767573], [-6.939108632895605, 61.60267436598108], [-6.939228630028574, 61.60269941595882], [-6.93951108018591, 61.60336328591254], [-6.939467439348049, 61.60339954237273], [-6.9387765158180335, 61.6036076530271], [-6.93900957309748, 61.60359174255026], [-6.939826489369422, 61.60361164154821], [-6.940542354907039, 61.60346499647907], [-6.941228815846221, 61.60354171903677], [-6.941407041727474, 61.60366184178331], [-6.942145162879161, 61.60352620823896], [-6.942299991621457, 61.603411836268435], [-6.942986694590858, 61.60348496245218], [-6.94467727022991, 61.60313925122668], [-6.944220315416857, 61.60271803225898], [-6.945083465575464, 61.60245337457389], [-6.945142180168763, 61.602511448600154], [-6.944469795096458, 61.60273050566139], [-6.944743529047144, 61.602945074646385], [-6.94588664297104, 61.60293466600947], [-6.945724116982669, 61.60254419678324], [-6.945551115263125, 61.602506933479376], [-6.945590894544775, 61.60243876389408], [-6.945839299565548, 61.60248721936553], [-6.9461221338327945, 61.60291092463138], [-6.947539828396119, 61.60283021653891], [-6.948054798136966, 61.60308243879769], [-6.9487205184685115, 61.60309408146054], [-6.949539305601526, 61.60279308621701], [-6.950473912467479, 61.60214666023882], [-6.951028739824056, 61.60103629288083], [-6.951190917003165, 61.59988374800674], [-6.951209261156549, 61.59951611674112], [-6.950845722645132, 61.59874574542286], [-6.950072424346628, 61.59827193510747], [-6.949521961220785, 61.59820340824775], [-6.949206577786319, 61.598378034820584], [-6.948396974413572, 61.59811661973563], [-6.948024543465802, 61.59816828703275], [-6.94777592436575, 61.59787096889056], [-6.946074794689586, 61.5972972334822], [-6.945182160563302, 61.5972877188065], [-6.945176602960751, 61.59696317899174], [-6.945411465394392, 61.596953884190775], [-6.94427546836963, 61.596466845800194], [-6.944167275677435, 61.59577033423424], [-6.9443128635003255, 61.59570636587461], [-6.943704773856226, 61.595284118779674], [-6.943567470214951, 61.5948073015512], [-6.943542085754572, 61.59429758296452], [-6.942566285098689, 61.59341147083408], [-6.940854757319242, 61.59269767009193], [-6.9370667745959445, 61.592089997700946], [-6.9351043893309905, 61.592268071424364], [-6.933984003944388, 61.59242623376667], [-6.9345945275844745, 61.59178855540772], [-6.933742410037123, 61.59237319004396], [-6.933713854131212, 61.59252412247257], [-6.932675986792647, 61.5926568623159], [-6.9320358981571655, 61.5926625847626], [-6.9316468356545755, 61.59289009868219], [-6.931467733551724, 61.59303793598747], [-6.931159640970437, 61.593100050393936], [-6.930675747126792, 61.5936152065466], [-6.931019232995515, 61.594037804392386], [-6.9313601743030215, 61.59421984699308], [-6.931392395845555, 61.594402855378505], [-6.9319511985715065, 61.59453388993084], [-6.931891766726324, 61.594616660538264], [-6.9312656689495755, 61.59452536272416], [-6.931018111795469, 61.59462314077991], [-6.9305014669654055, 61.594773479330065], [-6.930030311443707, 61.5948764761334], [-6.930042453290262, 61.59506375840491], [-6.930386479295122, 61.595295497568856], [-6.930224677033253, 61.595485792165384], [-6.929455285644525, 61.59537857215901], [-6.929506749506422, 61.59547954709569], [-6.9294535422384005, 61.595497411981626], [-6.92925936908388, 61.59533824546791], [-6.927381379636521, 61.59507930471129], [-6.92777031044656, 61.59485745619091], [-6.928187991398181, 61.59479414355193], [-6.928328856175167, 61.594581806385435], [-6.928129075770522, 61.59421974369655], [-6.927109723129424, 61.5939824781735], [-6.92591339444663, 61.59409417109429], [-6.925373428376899, 61.59432583348553], [-6.924876082534643, 61.594298683769765], [-6.924238225095253, 61.59450909879099], [-6.923851075081473, 61.594934133261674], [-6.92345220298239, 61.59496414239778], [-6.923021478106255, 61.59496619234327], [-6.921000440134806, 61.5951316080787], [-6.919740198728354, 61.595458279178224], [-6.919160968957229, 61.59575144491296], [-6.917407484911562, 61.59583628236011], [-6.915287445202867, 61.59593882371925], [-6.91513390148046, 61.596075091561886], [-6.914611859161759, 61.596109204504735], [-6.91412881419171, 61.59605691708483], [-6.9137033213571115, 61.59618497760787], [-6.912151281425559, 61.59632683327748], [-6.9117216924557585, 61.59625318144106], [-6.909310794150908, 61.596669124742355], [-6.909226138333628, 61.59675886101623], [-6.908917259588365, 61.59668929798068], [-6.907371493976714, 61.59691029150091], [-6.906836022443657, 61.596836253982005], [-6.9067194192995425, 61.59703027004523], [-6.905950207069504, 61.59736588959422], [-6.9054340905253095, 61.597490017636424], [-6.905202455887415, 61.59732350547339], [-6.905043185110593, 61.59735167014783], [-6.905001670845719, 61.5975748511517], [-6.9048627794365975, 61.59774715549378], [-6.904492918586631, 61.59770977274684], [-6.9045045716474025, 61.59746844584544], [-6.90423390357966, 61.597377374366786], [-6.903543544051625, 61.597522425687394], [-6.901610129023199, 61.597403407354854], [-6.8995653449344445, 61.59806911178129], [-6.897917658896659, 61.598484147146564], [-6.896962256619283, 61.598656946289346], [-6.895981879223393, 61.59851270027484], [-6.894629509070859, 61.59801399234594], [-6.893995870967269, 61.59792869014945], [-6.8927550327048825, 61.59799236213233], [-6.89095495138764, 61.598032190246116], [-6.890748595959956, 61.59816456185631], [-6.890942377725717, 61.598763162602005], [-6.890465830489166, 61.5987757127535], [-6.8901590750268795, 61.598598044651034], [-6.890060373936721, 61.59861931957479], [-6.890483830762778, 61.59905314202811], [-6.89026225489335, 61.59918195540849], [-6.89008340916288, 61.59902997053535], [-6.889615461259813, 61.59942430536855], [-6.887979946943222, 61.599136973359926], [-6.888509663604743, 61.59866360768466], [-6.887873957978812, 61.59827218486255], [-6.888314645113964, 61.597697693732464], [-6.888113726219953, 61.59751322246956], [-6.8862391135598005, 61.59750227330306], [-6.8862116163575, 61.597783037631416], [-6.884695771390742, 61.59757176991403], [-6.883396138502189, 61.5975306572987], [-6.882743515569431, 61.598097080575734], [-6.88055587465356, 61.598261285616026], [-6.880453452223098, 61.59805921209653], [-6.880129451169842, 61.598007483079], [-6.8796034299846225, 61.59824672825399], [-6.878397783556275, 61.59802217368521], [-6.8782827135465086, 61.598122551003904], [-6.877672445908523, 61.598004856053535], [-6.877390796476018, 61.5976795909818], [-6.877254152278034, 61.59729014815373], [-6.876467026756418, 61.59690519711499], [-6.875804800199205, 61.5967405358356], [-6.875653748225479, 61.59715045162583], [-6.875401744892463, 61.597293490836066], [-6.875056571611365, 61.59715522980695], [-6.873165027530906, 61.596812724606025], [-6.87230834614617, 61.5965247025951], [-6.871546484085198, 61.59642804327616], [-6.870537955963827, 61.59618620749811], [-6.870459103528573, 61.596362381130106], [-6.870839611839716, 61.59665203843916], [-6.870723797658064, 61.59678480886749], [-6.870042872996373, 61.596818062558306], [-6.869752852046135, 61.596968218129], [-6.869474970919374, 61.597283939288815], [-6.869254643724042, 61.59734432610538], [-6.86640328759145, 61.597422769957994], [-6.865043050462979, 61.5969634091883], [-6.864137884445325, 61.59685162257387], [-6.861640353998301, 61.597424822536645], [-6.8601918846708765, 61.59767455500809], [-6.860045934834515, 61.59780361141225], [-6.859084271307307, 61.597889679060074], [-6.858779059788412, 61.59804325436868], [-6.8587955493034745, 61.598381899255216], [-6.858470903960233, 61.598358927732875], [-6.857933134868209, 61.5988248740252], [-6.856498164742641, 61.59915028703144], [-6.856072417942129, 61.598867596971154], [-6.85561890296954, 61.5988656635634], [-6.855351470263775, 61.5990230586024], [-6.854386543951637, 61.5992747789661], [-6.853600646172994, 61.59926068835181], [-6.85254410344587, 61.59874484597895], [-6.851711160393097, 61.59841002074222], [-6.850359094667777, 61.59833948346602], [-6.849278043377427, 61.598342165650216], [-6.848857607344191, 61.598181908131394], [-6.848786846093884, 61.59791512618256], [-6.848652807438029, 61.59781011874337], [-6.849201826994644, 61.59592520559873], [-6.848944225799905, 61.59596019139959], [-6.848413195517169, 61.59768665388625], [-6.847542332048795, 61.597358834208706], [-6.846235475433734, 61.59730288583099], [-6.844489312038922, 61.59688497367904], [-6.8431608905225625, 61.596371484121285], [-6.842732863704666, 61.59581864937492], [-6.842608549175328, 61.59519143786466], [-6.842772275194683, 61.59492199250222], [-6.842389268983339, 61.59431581176821], [-6.842128287325275, 61.59404592434063], [-6.841563328977507, 61.59346166939979], [-6.841464332980098, 61.593067608685395], [-6.840784970846239, 61.59283255157828], [-6.840962209104372, 61.592106457485265], [-6.841542563854028, 61.59194744406701], [-6.842049987767829, 61.59192745796487], [-6.842531347597665, 61.59137438919839], [-6.84211255339139, 61.591031329553836], [-6.842244767997134, 61.59094931734163], [-6.842935826568355, 61.59101633739116], [-6.84374283956808, 61.59032824766652], [-6.84407758972589, 61.589156085875494], [-6.843903676042763, 61.58892904717953], [-6.843595609940915, 61.58881202989001], [-6.843417812440004, 61.58864100679174], [-6.8434256280252725, 61.58852898392434], [-6.8440176403236785, 61.58820194829628], [-6.843123179981264, 61.58851433413047], [-6.842543461213384, 61.58851951279261], [-6.84207777673157, 61.58864276445279], [-6.841920698847013, 61.588790389973866], [-6.841619681597598, 61.58878409131759], [-6.841896926227269, 61.58862894409396], [-6.841953709936207, 61.58819072025571], [-6.84157623606623, 61.58805176836385], [-6.841522705934795, 61.58794416869574], [-6.8417328012448895, 61.587835900770756], [-6.841210458349355, 61.587456728268315], [-6.840154235955457, 61.587168741771976], [-6.83944741698914, 61.58726759788565], [-6.83873343757257, 61.58742029580559], [-6.838284491116334, 61.58677885563354], [-6.837304383231811, 61.58659117455157], [-6.836356312191095, 61.58664039227535], [-6.836290540865272, 61.58688831317844], [-6.835869011911224, 61.586910970942284], [-6.835249271288939, 61.58657870806672], [-6.834338018304073, 61.58652722270994], [-6.83403795499296, 61.586660892841785], [-6.833661343349307, 61.58662598965283], [-6.833084500047301, 61.58700448863007], [-6.832731234786708, 61.58707724461948], [-6.832552559733005, 61.58733620542647], [-6.831986775380042, 61.58717250010023], [-6.831822364028957, 61.58733813384552], [-6.831861646222179, 61.58756779472882], [-6.831613471912621, 61.58757919444368], [-6.831106757697316, 61.587261012807545], [-6.830006629873381, 61.58712748031527], [-6.829433322655509, 61.586963823712026], [-6.829467793302272, 61.58651851286051], [-6.8296921981699645, 61.586338395798236], [-6.829584919344252, 61.5860765850034], [-6.8298928343383105, 61.585978872942086], [-6.830313925335401, 61.585916722545726], [-6.8302076802383365, 61.5857984911453], [-6.829822757627642, 61.585648702410914], [-6.829765673610435, 61.5850744404798], [-6.829087750080826, 61.584990007850614], [-6.828988072026144, 61.58474618439734], [-6.8292799335985634, 61.58452279149189], [-6.829301151212967, 61.58432524893971], [-6.828447301994, 61.583867922788016], [-6.828588610030563, 61.58364500231763], [-6.828023276981078, 61.58352438196369], [-6.8280748212286335, 61.583369880437836], [-6.8287002019172025, 61.583472334874024], [-6.828721725618594, 61.58331071031], [-6.828872809649526, 61.58338575465892], [-6.829835621474285, 61.58330782582732], [-6.830704330780784, 61.58271312819409], [-6.831387603184668, 61.58249237802493], [-6.831859678531444, 61.582207477486726], [-6.831711770492369, 61.58153651060124], [-6.831252386823206, 61.581519763775894], [-6.8311078034011565, 61.58130108372867], [-6.8302397881164065, 61.58096591585455], [-6.831117185915454, 61.580514827752545], [-6.829983335623204, 61.58088398543522], [-6.828913887969017, 61.580775530082946], [-6.827366827671125, 61.58020505176931], [-6.825781607697913, 61.57954856180213], [-6.825043946458146, 61.57951459803565], [-6.824194985834348, 61.57971058040082], [-6.823653396064893, 61.579773028268015], [-6.823109989784841, 61.579548229345455], [-6.822656653135813, 61.57929093129654], [-6.822008822861535, 61.579217177747736], [-6.821475376339639, 61.57932984610563], [-6.820411966059888, 61.579016623929284], [-6.819810534672456, 61.57908635796307], [-6.819203573768322, 61.57948281129177], [-6.818815066212533, 61.57988231476084], [-6.8178125330596195, 61.579640707183444], [-6.816355002480156, 61.57891558135384], [-6.815744074998212, 61.578730340170246], [-6.816034558870954, 61.57827369607595], [-6.815571012947377, 61.57872720307775], [-6.815209466167625, 61.57868862797958], [-6.815385854819357, 61.57806351547912], [-6.814960891389468, 61.578642618260595], [-6.812879601352303, 61.57803025960333], [-6.810797492264707, 61.578401612356416], [-6.809051901905637, 61.57843825229117], [-6.806366515175043, 61.57861711394085], [-6.8047354211129205, 61.57891905968704], [-6.803707167847794, 61.57935964692724], [-6.80330264935414, 61.57963701404123], [-6.802227192401228, 61.579747321897734], [-6.7994862487380665, 61.58071246856985], [-6.798442241641806, 61.58104170040362], [-6.79749795065023, 61.58165787232822], [-6.797106501578902, 61.58166599168207], [-6.795035118569146, 61.581405202146925], [-6.794222849400838, 61.581500498230646], [-6.793697363707537, 61.58170279335199], [-6.792724414742798, 61.58260263665852], [-6.79209318113611, 61.58277645512271], [-6.791091204596319, 61.582620760593436], [-6.787872392653491, 61.58178088753783], [-6.785386176377869, 61.58135581315173], [-6.7829972009054815, 61.58081546635593], [-6.781634197918638, 61.58067859859619], [-6.779842780823307, 61.58062155002175], [-6.7777958546497565, 61.580654849041494], [-6.777314710745524, 61.580742073388585], [-6.7768322888336145, 61.58061388081087], [-6.775343107791817, 61.580785993302364], [-6.774649976682888, 61.58067257433901], [-6.772308200342587, 61.5804659107282], [-6.771810945261934, 61.58035568347545], [-6.770821440059672, 61.57967928550539], [-6.769924219404549, 61.57937969506415], [-6.7687948778325, 61.579303090471235], [-6.768855794498533, 61.57944298741482], [-6.769458851535896, 61.5796319961746], [-6.769181798384616, 61.579887472984], [-6.7680838580621385, 61.580051463921315], [-6.767340180485811, 61.5802864434955], [-6.766006313713539, 61.57997687848027], [-6.765018665256317, 61.57961283061192], [-6.764827880268878, 61.57910698704454], [-6.763431854173997, 61.57840266405498], [-6.762028812546527, 61.57774148700292], [-6.757920976116236, 61.57646471108661], [-6.757009197213291, 61.57613246877731], [-6.755434912307067, 61.575558182379496], [-6.75428319691999, 61.5750865646566], [-6.754243820422088, 61.57487410915054], [-6.753617704857634, 61.57477946317283], [-6.751590531648636, 61.57387217586386], [-6.7516972977766265, 61.57372992317812], [-6.751250003123709, 61.573662822368775], [-6.750798326628333, 61.57294909633519], [-6.750262515987555, 61.57249651234689], [-6.750104435302195, 61.571542431982785], [-6.750762556709138, 61.570890422855236], [-6.751181471770502, 61.570332054323174], [-6.752608652170892, 61.569891446148176], [-6.753154492673841, 61.569586301321124], [-6.753852837773849, 61.56936941864858], [-6.754309630209799, 61.568804394473474], [-6.755216698185667, 61.568378337492994], [-6.756089869787514, 61.56753151681904], [-6.757109614102737, 61.56662569473398], [-6.757527896115919, 61.56631519810165], [-6.757905150353654, 61.56580173614211], [-6.758933419228007, 61.565332851271606], [-6.761052569815233, 61.564904727245995], [-6.7604354677391285, 61.56487014532955], [-6.760141038954216, 61.56464092182391], [-6.760012049200267, 61.56441505098447], [-6.760733233107628, 61.5642340668992], [-6.760755445630334, 61.56418729504203], [-6.760304030755376, 61.564163161750045], [-6.760641381840118, 61.563939852625886], [-6.760092377731833, 61.56396609770328], [-6.759924981989383, 61.56358947215199], [-6.761135033558162, 61.563375146276826], [-6.75999119087193, 61.563291306254754], [-6.759600632937361, 61.563407071560825], [-6.759524415442761, 61.56321690638344], [-6.7590810558660595, 61.56328969072577], [-6.75843343137355, 61.563154574622054], [-6.758214494966154, 61.56296474973557], [-6.758014173858473, 61.563068032448854], [-6.757218279171535, 61.562740559556275], [-6.756684452928128, 61.56261485346726], [-6.755609285003469, 61.56212986684801], [-6.75466312725742, 61.56126585904463], [-6.753720176730966, 61.560832870516805], [-6.753720976235547, 61.56070000014139], [-6.7521207515935, 61.5599528430636], [-6.751890758071216, 61.55990307035443], [-6.751536246625153, 61.56003844285436], [-6.7508980643518655, 61.55966344633038], [-6.750175595562542, 61.55954949759791], [-6.749922405563036, 61.55939168377746], [-6.74919070802838, 61.55930639836306], [-6.748855011898372, 61.55902528672725], [-6.74778577415579, 61.55880610015354], [-6.746551540130264, 61.55834040011926], [-6.746445326014782, 61.55847547454292], [-6.745406167170022, 61.558019640687036], [-6.745108801524132, 61.558202453492434], [-6.74235001135466, 61.556990525101185], [-6.7414477435131985, 61.556752061183474], [-6.740895927153818, 61.556320716115735], [-6.740047877779834, 61.55593562341132], [-6.739010033940345, 61.555106156038626], [-6.73835490872886, 61.55440758146827], [-6.737953705230155, 61.553382004241065], [-6.73786625998601, 61.55286355583899], [-6.738512036103958, 61.55252026988592], [-6.738860117986133, 61.55224843863237], [-6.738994721719671, 61.55154980067441], [-6.740280492084967, 61.55071946137894], [-6.740703822000327, 61.550800661652936], [-6.741076071819832, 61.550503996904666], [-6.741818696221923, 61.54946152001254], [-6.744240858348281, 61.54849208479153], [-6.745915768583335, 61.54851834301129], [-6.746506732608132, 61.54844724368786], [-6.746874701514614, 61.547618867231904], [-6.747044934551197, 61.547542138012425], [-6.746924830362286, 61.54729987846215], [-6.746955889705548, 61.54668966518067], [-6.747611090977369, 61.5461955646909], [-6.747249147998201, 61.54609367435083], [-6.747375593066237, 61.545517095791894], [-6.748729576804152, 61.545506577372215], [-6.749579758941402, 61.5450187504019], [-6.74983434309933, 61.54455526794534], [-6.749593897806909, 61.544433487210355], [-6.749836763372981, 61.544278676066334], [-6.749464781124437, 61.544097702911245], [-6.749228633445858, 61.543311393332765], [-6.748834638285136, 61.54312287072321], [-6.749395375637871, 61.54293292139128], [-6.748752387344275, 61.542877558471844], [-6.748672342273135, 61.54247776016677], [-6.749045380554442, 61.54228165027041], [-6.748532711594813, 61.54218848947117], [-6.7480793556913214, 61.541629150329214], [-6.7478333171302936, 61.541478631396956], [-6.748342595161814, 61.541507002829874], [-6.749235834630018, 61.542003952557685], [-6.749525609199735, 61.542417369388644], [-6.750149982919473, 61.54264849175799], [-6.7506743514415835, 61.5427957116908], [-6.751158661079886, 61.54322248988959], [-6.7514356690992745, 61.5435997762419], [-6.751702262921237, 61.543423716071224], [-6.75205498927888, 61.543432064582944], [-6.752605357021685, 61.54388489027619], [-6.75366965939451, 61.54417579418057], [-6.754390114029478, 61.54407412003256], [-6.754921873806652, 61.54386580187193], [-6.7545245547635675, 61.54384963108568], [-6.754425307594239, 61.5437549728488], [-6.754791386887894, 61.5436700673637], [-6.755211194874981, 61.543690020714365], [-6.755296250216729, 61.543770257739716], [-6.755324298268085, 61.543684436473015], [-6.7558946191165, 61.543699241589906], [-6.756771373965125, 61.5437433445255], [-6.75710900460345, 61.543632913026066], [-6.757589355133926, 61.54376510298672], [-6.757931770564406, 61.54407692235243], [-6.758218419884363, 61.54429893279768], [-6.758617368248506, 61.544391437592644], [-6.759141920157639, 61.544074433132394], [-6.760029621215832, 61.54419106266297], [-6.760561398823821, 61.54381293808959], [-6.761886706612569, 61.54427328243822], [-6.763062133578084, 61.54478780138519], [-6.764582052656946, 61.54507902195793], [-6.766402703589572, 61.545322822178846], [-6.767371825382213, 61.545216635684234], [-6.767354728873498, 61.54481456435752], [-6.767082066848318, 61.54445246928165], [-6.768068452323205, 61.544748352249485], [-6.769040409020546, 61.545166368550305], [-6.769491718146214, 61.54520124966429], [-6.770260281803009, 61.545533495832885], [-6.771269387863752, 61.545854418131235], [-6.7719913223628705, 61.54591743109707], [-6.771733114017534, 61.545419019774656], [-6.772182975810843, 61.54522051593602], [-6.771754103811294, 61.5451352829221], [-6.771954813471753, 61.54472556036564], [-6.7726594563905795, 61.54437222146799], [-6.772437816678324, 61.543697713126846], [-6.77332248343443, 61.54326849006855], [-6.773901442167983, 61.54331747927491], [-6.7732981402837, 61.54293471839719], [-6.773461715264052, 61.542632756622105], [-6.773850897869953, 61.54233027027579], [-6.773632326073948, 61.542201529339515], [-6.774999396664401, 61.5420405749505], [-6.775255676900458, 61.5421656211722], [-6.776270854602329, 61.54223879947506], [-6.777359118664991, 61.541949176431984], [-6.777487245712321, 61.54198835296039], [-6.777579469943348, 61.54236516280779], [-6.77920184948521, 61.542146119710765], [-6.7796006654116585, 61.542227785777754], [-6.779863663430324, 61.54219122990736], [-6.7800673701324365, 61.54233085091583], [-6.7817223487961655, 61.542567609721594], [-6.781887161678888, 61.54247036892703], [-6.78260307927373, 61.542784625730945], [-6.783597590808005, 61.54315217496195], [-6.785097925670872, 61.54393145284543], [-6.785799698333975, 61.54437861193718], [-6.785768728920976, 61.54421712342645], [-6.786273878299281, 61.54446732127035], [-6.787299532167038, 61.54503224668494], [-6.7872953622568115, 61.54559593665655], [-6.78775401809095, 61.5456020552251], [-6.788323717864893, 61.546595185526215], [-6.789672864751113, 61.54715574707032], [-6.789869657803433, 61.547395888140095], [-6.790700023825185, 61.54794683590886], [-6.794679778712431, 61.54958905589824], [-6.795727896432984, 61.55006763487912], [-6.79595473773178, 61.55026461809354], [-6.7981266796137545, 61.551325775292085], [-6.800469858590447, 61.5520741644768], [-6.803659164413458, 61.55341277411352], [-6.804358928243177, 61.55348647559833], [-6.804787197519818, 61.55344239344955], [-6.804913876014628, 61.55340071388887], [-6.805012867871459, 61.553430970980344], [-6.805389540248584, 61.55320391857125], [-6.805491974366983, 61.55322597076612], [-6.805661596325626, 61.55309300911474], [-6.807120952909295, 61.55352506034045], [-6.810439198023521, 61.55408638710978], [-6.810376526768549, 61.55417788192297], [-6.807467281132219, 61.55369261518797], [-6.80718961786919, 61.55406115301534], [-6.809478881487377, 61.55445427789298], [-6.809453646672006, 61.55451032730053], [-6.809780706170644, 61.554638805860506], [-6.8098343914769535, 61.55464319908089], [-6.809872700526387, 61.55459706580388], [-6.809987263272563, 61.55459863266921], [-6.810030867041852, 61.55457155590111], [-6.810256508528717, 61.554601846566584], [-6.8102748564347575, 61.55455985397445], [-6.810797405110178, 61.55466631166845], [-6.811112714083019, 61.55429902848759], [-6.811316111037453, 61.55433780299182], [-6.811012533541144, 61.55469438472768], [-6.811777742503086, 61.55480828223818], [-6.812223421786038, 61.554697190854654], [-6.813494427076772, 61.55489756959354], [-6.8135533070353596, 61.55489318323073], [-6.813774546086096, 61.554704819427954], [-6.8138505653784565, 61.5546570917239], [-6.815763468781914, 61.554959427316625], [-6.815848189276697, 61.55500543741379], [-6.815832117021422, 61.55502462632033], [-6.8141906583171705, 61.55476998495129], [-6.81390111870976, 61.555130479471515], [-6.813991251303044, 61.55514620404761], [-6.81394001987806, 61.555214953598835], [-6.814025665139563, 61.55523079455255], [-6.814078614124869, 61.55516197382039], [-6.814165437944401, 61.55517631629338], [-6.814112580147424, 61.55524411499196], [-6.814195639696028, 61.55526032727318], [-6.814247276616804, 61.55519169189131], [-6.8143757515139605, 61.55521429042533], [-6.814327405014942, 61.55528430753541], [-6.814413361774999, 61.55529894116909], [-6.814468158731532, 61.55523085928773], [-6.8145164932378774, 61.55523801973726], [-6.814462785890447, 61.55530559840588], [-6.814549376140307, 61.55532298950471], [-6.814602563649027, 61.555253974893894], [-6.815704079348426, 61.55544856460328], [-6.815993663400456, 61.55507144834035], [-6.8160643380011665, 61.555031678176285], [-6.8161852717344935, 61.555092069357705], [-6.815952363848887, 61.55538859999437], [-6.8159639895593145, 61.55545374495015], [-6.815867207828403, 61.55559245894729], [-6.815804922767449, 61.555655204666856], [-6.816239945591809, 61.55580948102221], [-6.816657943820547, 61.5560055729702], [-6.816880620517018, 61.55605170535615], [-6.81695825873663, 61.556021024832894], [-6.816918451251124, 61.55605144180033], [-6.816996731716367, 61.5560684823952], [-6.817048347751613, 61.55613053421075], [-6.817155008545681, 61.556161219458694], [-6.817382815274376, 61.556183479167366], [-6.817689357477353, 61.55627852340633], [-6.818820855826455, 61.55698707400944], [-6.82091828962606, 61.557969078345465], [-6.8214916093844336, 61.55819383286975], [-6.822575773499374, 61.55838133476513], [-6.822936035405456, 61.55825835366073], [-6.8231170402747505, 61.55834762238688], [-6.822997155415896, 61.55839822637245], [-6.822883909971782, 61.55835179134613], [-6.822704133787546, 61.55845638347472], [-6.822887266984841, 61.55882571973437], [-6.824314593431133, 61.559647809288094], [-6.825747672947439, 61.56021499125877], [-6.8275895682985945, 61.56114009761215], [-6.8287947960059086, 61.5613775149695], [-6.829330639831247, 61.56163099513133], [-6.829354079908052, 61.561753024774035], [-6.830829051796856, 61.56186768568038], [-6.83167149550024, 61.56186181542476], [-6.831980882703161, 61.56198669689684], [-6.83209225289645, 61.561810433236474], [-6.832318182965335, 61.56183145198561], [-6.832251204044602, 61.56193569944427], [-6.832582571176217, 61.56197797073109], [-6.832545288319, 61.56202110071059], [-6.835005763474781, 61.56214387504904], [-6.8359984584819955, 61.56212690197631], [-6.836441497032037, 61.56202872509669], [-6.836425929877001, 61.561971375881], [-6.837425401621977, 61.561857355777256], [-6.8384133534541744, 61.56121567441234], [-6.838336022316179, 61.560932259649256], [-6.839306970762154, 61.56102660647255], [-6.840599032397429, 61.56080049461373], [-6.841099602888993, 61.56037910282278], [-6.840602932432951, 61.560337370218626], [-6.8399747106205275, 61.56080216284737], [-6.839546699095934, 61.56089313759981], [-6.838544939720172, 61.56070905920853], [-6.838798401911851, 61.56040324837924], [-6.839287347642002, 61.56041272284955], [-6.839398032093126, 61.56013238540103], [-6.83945927701975, 61.56002736140935], [-6.83945207971873, 61.55998810201795], [-6.839765671659486, 61.55968897290917], [-6.8399411058748285, 61.55964394129562], [-6.840002438137457, 61.5595635098376], [-6.840215070197717, 61.55948174618662], [-6.840376891947173, 61.55926252689268], [-6.8403088867191615, 61.55919345494199], [-6.840140880114575, 61.55913401764163], [-6.839117823868019, 61.5589093191265], [-6.839053297711241, 61.5589370960253], [-6.839084475823163, 61.55890599703757], [-6.838903728371436, 61.55884253995726], [-6.838616145385184, 61.55883078728952], [-6.837591210657438, 61.558496710151395], [-6.837166671434927, 61.55814953150913], [-6.836821491410715, 61.55799249785348], [-6.836654835452628, 61.55784581802172], [-6.836225648861367, 61.55769402744493], [-6.836173757031764, 61.55763856921479], [-6.836090932368091, 61.557629251749326], [-6.83595171334983, 61.557578536014276], [-6.835810939799046, 61.557440796233244], [-6.83467925990087, 61.5568709252357], [-6.834564516383152, 61.55672981863997], [-6.834490285030317, 61.55671124573908], [-6.83437986276308, 61.556569731928334], [-6.8339193872689945, 61.55588797893753], [-6.833651156833637, 61.55579350164878], [-6.833517045346226, 61.555835331603376], [-6.833405305630579, 61.555819994205216], [-6.833399820753581, 61.55579510888459], [-6.833477134598076, 61.55568090727553], [-6.83344168150142, 61.55552357317001], [-6.833489131541585, 61.55544531155296], [-6.833498658214466, 61.55543531790665], [-6.8334765605424606, 61.55542808850527], [-6.833401231657704, 61.55545131816291], [-6.8333592805027985, 61.55538357323795], [-6.832987998745322, 61.55522344660657], [-6.833042288959471, 61.555160664909586], [-6.833022588528026, 61.55507190619023], [-6.833055092354968, 61.55502808953587], [-6.833041262890016, 61.55498987318505], [-6.8330442665490105, 61.55492762992203], [-6.83302531644664, 61.554899647982516], [-6.832907572816485, 61.55484324666377], [-6.832700923111146, 61.55450628531481], [-6.83263904351877, 61.55449659013777], [-6.832643640333432, 61.55445648570894], [-6.832579367698645, 61.55440572172876], [-6.832425973370879, 61.55417855087732], [-6.831502088494136, 61.55444425655007], [-6.831013377939814, 61.5542942284679], [-6.831043105190056, 61.55432576743099], [-6.830994937772243, 61.55434009158361], [-6.830265463244257, 61.5536900361634], [-6.829762328262396, 61.55381571125127], [-6.829733767844695, 61.553795736656646], [-6.829918575336158, 61.55374748309414], [-6.828928135419077, 61.552840363733786], [-6.828759136981038, 61.55288168571054], [-6.8289739809746415, 61.5530890127953], [-6.828881817166061, 61.553112420024334], [-6.828123112998969, 61.55240150627146], [-6.828611460614612, 61.5522637410703], [-6.828513902122313, 61.55215915735466], [-6.828501761489192, 61.552038771290995], [-6.828600861328008, 61.55194543560964], [-6.828679313782718, 61.55178159594741], [-6.828681920757233, 61.551673628935184], [-6.828358900972976, 61.551329531217405], [-6.828069703940412, 61.55119540021456], [-6.827851772798922, 61.5511693384027], [-6.827688721349907, 61.55101639214454], [-6.827272761183259, 61.55087409283452], [-6.826994958059777, 61.55087986150601], [-6.8268733204790655, 61.550904744518384], [-6.825677690818255, 61.550594562185964], [-6.8253685490031115, 61.550475387215364], [-6.825284354673603, 61.550425351277255], [-6.824097086367669, 61.550007422955865], [-6.824047070915895, 61.54995547314206], [-6.821747809531396, 61.54907601407616], [-6.820910728481768, 61.5487069599806], [-6.820660474914155, 61.5488118285959], [-6.820843787322548, 61.5487054919656], [-6.820003704102352, 61.5483430187912], [-6.8196741633163365, 61.54823249929957], [-6.81904251913093, 61.547932206405854], [-6.818989809857118, 61.54791704936657], [-6.8187587126065985, 61.54793084942695], [-6.818463705032002, 61.54789379387219], [-6.817791384564692, 61.5477017851097], [-6.817651523225858, 61.547707387060676], [-6.817587906110595, 61.547690563954404], [-6.817150107322767, 61.547489396722476], [-6.8168855225812175, 61.547449531075664], [-6.816111766055511, 61.54711296759718], [-6.815921947134569, 61.547077820564716], [-6.815803595494545, 61.547078612578275], [-6.815497822737257, 61.54703881859379], [-6.815410822477783, 61.54709047353372], [-6.815299319965889, 61.54706833676037], [-6.815342814283375, 61.547037261400746], [-6.815201020620231, 61.546995100890875], [-6.815167139710963, 61.54700993626607], [-6.814974659323417, 61.547030904608874], [-6.814967521583791, 61.54700380997842], [-6.814887988907367, 61.547030966018205], [-6.8148586830233295, 61.54700524787525], [-6.814791853073948, 61.54699772719571], [-6.814731485856083, 61.54703005747654], [-6.814714878346312, 61.547092055294314], [-6.814652517672023, 61.54709878318919], [-6.814149226673213, 61.54706683622199], [-6.814062228364873, 61.5469958731474], [-6.814075103214241, 61.5469486475906], [-6.814241230311829, 61.546879878099446], [-6.8143520428819775, 61.54680837853657], [-6.81434029325511, 61.546726163507515], [-6.814049768900758, 61.54671910395173], [-6.8139365854091, 61.54669442505425], [-6.8136403910724335, 61.546564395820276], [-6.813456792774433, 61.54644420363941], [-6.81286769412082, 61.546189932343786], [-6.812767176328289, 61.54618948226138], [-6.812580257161969, 61.54613233520775], [-6.812538394193033, 61.546119271456256], [-6.812503932105016, 61.546118896473374], [-6.8119585882565, 61.54593149554448], [-6.811875344918184, 61.54593714978347], [-6.811365336494664, 61.54585920461377], [-6.811240076390448, 61.54586356246725], [-6.810352406641456, 61.545791545145164], [-6.810322439505493, 61.5458212566602], [-6.8102468200278, 61.54590052955574], [-6.810220573507864, 61.54589972069138], [-6.810204174528031, 61.545823544491626], [-6.809492786408915, 61.545878361243915], [-6.809162601638937, 61.54598543138196], [-6.808827782444576, 61.546038861117225], [-6.8087266479571005, 61.546067326385334], [-6.808677535267206, 61.546080944975564], [-6.808462328339484, 61.546131121414106], [-6.808216473051125, 61.546112172718495], [-6.808043999396812, 61.5461397027229], [-6.8077749506773255, 61.54621870137469], [-6.807623757640752, 61.54623319626817], [-6.807510319143174, 61.546296415022525], [-6.807417817637238, 61.54627602360395], [-6.80727986522191, 61.54638806622425], [-6.807299359495245, 61.54642682606247], [-6.807195183919098, 61.546434968009216], [-6.807151869235132, 61.54649049187894], [-6.806916360236347, 61.546526781104376], [-6.806897040920833, 61.54659762304937], [-6.806742054184536, 61.54656392271965], [-6.806044558420047, 61.54565922001945], [-6.805761337680564, 61.546036858276665], [-6.805490946224257, 61.54606625217528], [-6.804474546356391, 61.545835346396075], [-6.804072178241291, 61.54521876560648], [-6.803354005078814, 61.54459582331245], [-6.802721424995683, 61.54442138443814], [-6.8023075627215785, 61.544364953459656], [-6.801657433083829, 61.54379930619532], [-6.799977074578692, 61.54435625439686], [-6.799179852211374, 61.54429351867818], [-6.79905624056077, 61.54376960215959], [-6.7980691830219815, 61.54339501790228], [-6.797451791201486, 61.54203214671177], [-6.7974825934522665, 61.54095137485405], [-6.7972409873705395, 61.53959845166466], [-6.797707942679021, 61.53853462452949], [-6.79957209821547, 61.53858762536163], [-6.804783299275093, 61.53784983911996], [-6.808890485772193, 61.537247411269924], [-6.809023212713728, 61.53687362693755], [-6.808643197613519, 61.536249877767375], [-6.809923969768442, 61.53560046929006], [-6.811256985321577, 61.53487907654069], [-6.8112923566918475, 61.53457025207689], [-6.810528251800527, 61.533811033025195], [-6.809783290557841, 61.53364055959706], [-6.810338230538453, 61.53348475015132], [-6.809595142588622, 61.5336122976582], [-6.8089104716221795, 61.533488311443136], [-6.80891219177195, 61.53373246100059], [-6.808694282955812, 61.53374735279398], [-6.808722056042802, 61.53341335643161], [-6.8071056221758, 61.53329525156417], [-6.805721055932336, 61.53300785827737], [-6.803683447021738, 61.53281171134872], [-6.802835667505289, 61.53302560776744], [-6.801850727622909, 61.532927435692635], [-6.799305246012038, 61.53325668225076], [-6.7979682043977805, 61.533328127317546], [-6.797488536981037, 61.533519494486775], [-6.796609825143589, 61.533604190704494], [-6.795289174411645, 61.533923231198656], [-6.793588690551862, 61.53357536893363], [-6.7907455442521565, 61.53314758799309], [-6.788965942089303, 61.53337434792968], [-6.788164253137523, 61.53374961883006], [-6.786389513888581, 61.53354186689451], [-6.7858522793494185, 61.53293272307677], [-6.785632288269603, 61.532574218915315], [-6.788641610474944, 61.531913840945336], [-6.790246358856748, 61.53137161315768], [-6.790385522741826, 61.53076810016752], [-6.789855295938623, 61.530065620936895], [-6.787697411954465, 61.52983010128075], [-6.785982933359107, 61.529600695851], [-6.785454260581529, 61.529611658538926], [-6.784232544324726, 61.52963698441312], [-6.781923164504522, 61.52917551578083], [-6.779675226410113, 61.52895437772416], [-6.777631859039238, 61.52900922587261], [-6.776633477614386, 61.52915863380354], [-6.776084097942591, 61.52899467250349], [-6.7747556737703425, 61.52793491257143], [-6.776023839200918, 61.52763406871288], [-6.774835794337261, 61.527897832754604], [-6.773153163942412, 61.52738139833243], [-6.772373415051715, 61.52720658754441], [-6.771440423455621, 61.52704349821342], [-6.771289229209621, 61.52689466752432], [-6.7710938541596155, 61.527155969898345], [-6.770561471429881, 61.527166896737995], [-6.77039615499448, 61.526903446536096], [-6.770193011860352, 61.52715761696912], [-6.7700671994385475, 61.527191735341944], [-6.769287224750604, 61.52720963631093], [-6.7684394227469165, 61.52708841819676], [-6.767875243162628, 61.52720395105129], [-6.766603829811376, 61.527579421696764], [-6.7654978795009875, 61.52765289690612], [-6.765209828104482, 61.52783144706968], [-6.764877306587933, 61.52767325090149], [-6.764383230683903, 61.52746931604489], [-6.762705068649846, 61.5272708345198], [-6.762117925538615, 61.52778058339984], [-6.761641358349706, 61.527711623479206], [-6.761517181294082, 61.527526252506746], [-6.7612335175821805, 61.52764379449445], [-6.76071945615512, 61.527208919309224], [-6.760115839968638, 61.52702684809174], [-6.759604171160637, 61.52700871339511], [-6.759335467203469, 61.52690461903486], [-6.759021748301922, 61.526934101366166], [-6.758205000282504, 61.526833891675565], [-6.75744770061513, 61.526725841409295], [-6.756853645915851, 61.52637993665854], [-6.75694284035301, 61.526091624879854], [-6.756861191518013, 61.52603766194268], [-6.756439784163964, 61.52609759305358], [-6.754225658886422, 61.526074024189214], [-6.754174704658733, 61.52598061214894], [-6.75323609072918, 61.52599265482418], [-6.753038547614969, 61.52613924057069], [-6.752907570983409, 61.52635058573923], [-6.752050447996341, 61.52642367633883], [-6.752045689220364, 61.52625866008993], [-6.751912817166468, 61.52612555264371], [-6.750958984542256, 61.52615546459305], [-6.750171805243725, 61.5270000688343], [-6.749914947650525, 61.52710346833689], [-6.747468142614221, 61.52707207481992], [-6.746164165867022, 61.52648398171606], [-6.74576376250805, 61.52618517178398], [-6.745259947187665, 61.52668967116991], [-6.744907026910675, 61.52669952527483], [-6.7444738639254265, 61.526569235848996], [-6.744203333281512, 61.526586471849384], [-6.744005009032206, 61.52676894688638], [-6.743417218589735, 61.52690014866612], [-6.743246966559393, 61.52720825177527], [-6.742984570599809, 61.52718602462519], [-6.74286877809428, 61.52692740024993], [-6.742720355957599, 61.526830119075555], [-6.741295195505222, 61.52676539615004], [-6.740497709297573, 61.52642252536601], [-6.738288500332117, 61.52610463556891], [-6.738230925289521, 61.5259609155678], [-6.738446584499227, 61.5251937749516], [-6.737277703842192, 61.523737805033385], [-6.7374669429353755, 61.523641383723096], [-6.737117746392366, 61.52343596967593], [-6.736921588308606, 61.52304805360963], [-6.736273555485562, 61.522748588679406], [-6.736397781175232, 61.5225049119098], [-6.736182022205907, 61.52239312229473], [-6.7357848805216705, 61.5223526522608], [-6.736390651375585, 61.52204930320444], [-6.736514569483408, 61.52182007698036], [-6.737270101492011, 61.52152792951134], [-6.735842424884286, 61.52162454025693], [-6.735363624923336, 61.52108869863154], [-6.73533102794074, 61.52080164431965], [-6.735451988296197, 61.520306869152904], [-6.735680611368092, 61.5200958206481], [-6.735535241018412, 61.51982636985032], [-6.73413959921147, 61.51980470712906], [-6.733799006686324, 61.519975994546876], [-6.733733953828552, 61.52026644805359], [-6.733218677035289, 61.520548489609], [-6.732422227189818, 61.51929074184535], [-6.73253630631651, 61.519201333019566], [-6.7348114410592625, 61.51913209603043], [-6.7348296672937185, 61.518941961479136], [-6.735088502242801, 61.51872387588876], [-6.735153092317599, 61.51845496318643], [-6.735615729753908, 61.518179938649716], [-6.736474655196857, 61.51797419019839], [-6.736331171197748, 61.517586342471176], [-6.735404833440577, 61.516453855646276], [-6.735346061942032, 61.515933456887545], [-6.736526736119084, 61.515789550950814], [-6.7363181923389055, 61.51525803661018], [-6.735117870264001, 61.51390952981643], [-6.734835263512002, 61.5133168890661], [-6.734903400995116, 61.51283990916173], [-6.734650278512173, 61.51272084830366], [-6.734162771837801, 61.512712354289675], [-6.732673038777179, 61.51206983805985], [-6.732513964027859, 61.51172141063766], [-6.7315637774554755, 61.511126948514004], [-6.731145326163926, 61.51102532028455], [-6.731253871786404, 61.510821162071366], [-6.730252249664293, 61.51015471869628], [-6.729744628822495, 61.5100134353525], [-6.729761082930916, 61.50948611968503], [-6.729511674975854, 61.50915539180305], [-6.730135642660933, 61.50907819360601], [-6.730159199974446, 61.509020854194986], [-6.7293560087435855, 61.50905096927931], [-6.728130369864818, 61.50876783524797], [-6.727971702405796, 61.508394267667036], [-6.727525934834958, 61.50814554722712], [-6.726793680314511, 61.507974902016535], [-6.726313948251628, 61.507948551113444], [-6.726361113904029, 61.50782309975923], [-6.7260049201091725, 61.50759607640231], [-6.725586981557171, 61.50747297923011], [-6.725454267178521, 61.50733266220931], [-6.724789679212753, 61.507162241560295], [-6.724757612260907, 61.506846459641565], [-6.724374963003435, 61.50684184117442], [-6.7237936939455905, 61.50532994728088], [-6.723933166571707, 61.505068400024385], [-6.724084112044237, 61.5050114018039], [-6.72505926025941, 61.50544822430841], [-6.725545407011758, 61.50552801476507], [-6.726592788874941, 61.50569991246174], [-6.727734036407526, 61.50564566515988], [-6.7286361150811675, 61.505536856099646], [-6.72882134576751, 61.505232433437335], [-6.728787742182849, 61.50500632507975], [-6.729029865834198, 61.50489221588778], [-6.730852821463401, 61.50532046081713], [-6.732969582902013, 61.50568130876913], [-6.733794822962626, 61.50567991458965], [-6.734264273942105, 61.50543006197921], [-6.734313734565066, 61.505164758302584], [-6.7349774461267335, 61.50495127723931], [-6.735913099245431, 61.50507930031951], [-6.736536969177206, 61.50500207257074], [-6.7363024781865155, 61.50467501845543], [-6.73627122356652, 61.50430538244675], [-6.736498693576669, 61.50416246374464], [-6.737358550881144, 61.5043297968916], [-6.738102574240846, 61.50469407248287], [-6.738226783594067, 61.504884605127934], [-6.739497264067346, 61.5051677669117], [-6.740729233957941, 61.50506697519409], [-6.741740495380516, 61.50515572202874], [-6.743660824101338, 61.505609204497475], [-6.7461408233135876, 61.50579136910475], [-6.746285088946662, 61.50569131780063], [-6.746441844584572, 61.50573477315017], [-6.746829675350255, 61.50587211994046], [-6.748655354478891, 61.50615300497742], [-6.751686329262896, 61.50613922096731], [-6.752740741438894, 61.506346398762396], [-6.753642313418734, 61.50625905409456], [-6.754774247007939, 61.50585291183079], [-6.754821409924774, 61.50573104389774], [-6.755152961269016, 61.50563147723824], [-6.7559022035411465, 61.5056907336367], [-6.756270269522404, 61.50566296834986], [-6.756381531732659, 61.50574579441142], [-6.756523877694009, 61.505749673349584], [-6.756712099573448, 61.505714265640655], [-6.757101175770778, 61.50577268082118], [-6.757145094821324, 61.50584092561491], [-6.75695698843283, 61.50587992728397], [-6.755728914946555, 61.50574048354668], [-6.755471891444409, 61.50586184493579], [-6.756190644896547, 61.505942593128424], [-6.7562645467191365, 61.50601456611865], [-6.756392190798678, 61.50601128864289], [-6.7567533497311345, 61.50594399171945], [-6.757082525049715, 61.505991450783824], [-6.757694433483222, 61.50620106425023], [-6.7579913263560805, 61.50619218575603], [-6.758998468974748, 61.50612975889752], [-6.760179244133437, 61.50644042198574], [-6.761042811876895, 61.50618432197417], [-6.761379960498561, 61.50617614488137], [-6.76220560194962, 61.50578401519654], [-6.762180819789317, 61.50561193608058], [-6.762500152039445, 61.505553721234136], [-6.763329398805842, 61.504694578771556], [-6.7637501905112565, 61.504573836004354], [-6.7647194713689, 61.5045964443502], [-6.764870764220691, 61.50448661356579], [-6.764746735087831, 61.504150658087575], [-6.765014954660788, 61.5041182623268], [-6.763762334701778, 61.502806423000244], [-6.76352722486453, 61.502630070914776], [-6.763148595284148, 61.50243770590158], [-6.762101605706222, 61.50130629518627], [-6.762105608729435, 61.500850069343564], [-6.761675687157239, 61.50067633753815], [-6.761686956674471, 61.500478635261004], [-6.76261182299561, 61.50038335781868], [-6.763031484971989, 61.50024105096393], [-6.761400553771827, 61.49913197157143], [-6.760736493237783, 61.499198591989064], [-6.760008726167173, 61.49919780594021], [-6.759227306644797, 61.49877745798457], [-6.758010648351426, 61.49835795179628], [-6.75779399209871, 61.49822997395065], [-6.7573147056384935, 61.49817850846548], [-6.756397362293385, 61.49786417902995], [-6.755489624820533, 61.497427802925436], [-6.755093028783233, 61.497365755298425], [-6.75522205818066, 61.49727280600078], [-6.755126135409229, 61.497175776593586], [-6.754780394178818, 61.49722868748505], [-6.754611130020704, 61.49702377825639], [-6.753443953486841, 61.49686295864131], [-6.752946955204858, 61.496983663510484], [-6.752190706844788, 61.49690999513753], [-6.752104352311407, 61.49668373976063], [-6.751850148397122, 61.49664011264287], [-6.751563500237932, 61.49674337673102], [-6.751429420963147, 61.49668566724054], [-6.7513183921238165, 61.496602840221016], [-6.750688358980034, 61.49660478963653], [-6.750359539825256, 61.496991436537414], [-6.749758576926368, 61.49705087804449], [-6.747892386107494, 61.49651514126416], [-6.748039558901643, 61.49623215214842], [-6.747920810185691, 61.49616005822827], [-6.747057398291922, 61.496222404563085], [-6.7464407834617175, 61.49586927116472], [-6.745527440790966, 61.495773562009376], [-6.744491715289211, 61.49582117720517], [-6.744268208243101, 61.49573800086695], [-6.744198390493714, 61.49542213781151], [-6.7443737196435976, 61.49526119149147], [-6.744869997059998, 61.49517633096292], [-6.744955170835641, 61.495015142697355], [-6.744845861596152, 61.4948211826251], [-6.744173808902143, 61.49464722885621], [-6.744115025797154, 61.49458250305712], [-6.7445210792984325, 61.4945189498482], [-6.744551849351212, 61.49446523011341], [-6.744358250409468, 61.49438937466453], [-6.744450429078427, 61.49425326385621], [-6.743865657854473, 61.49424821137541], [-6.743409904395705, 61.49414294505092], [-6.742835565225966, 61.49351727567345], [-6.742875745698824, 61.493352377204715], [-6.742195094264972, 61.49324291637087], [-6.741930282670788, 61.493389351705645], [-6.7415110294310265, 61.492896717063324], [-6.741225661677781, 61.492928240827766], [-6.740267526601042, 61.49238407122654], [-6.740435086759202, 61.49222668183893], [-6.74009168631983, 61.49213961583035], [-6.739738049268091, 61.49220331024165], [-6.739615709965005, 61.49190524468471], [-6.739249333214597, 61.49183970168925], [-6.739033192011738, 61.49175654893272], [-6.738800117495944, 61.491802586446035], [-6.738503589650383, 61.49160092109283], [-6.7385822331222505, 61.49137507076538], [-6.737236692948502, 61.4911348143988], [-6.736712167679159, 61.49067057588916], [-6.736339260298422, 61.49055840600358], [-6.735974828402557, 61.4903816399608], [-6.735548278567513, 61.49033025641409], [-6.7351317199020135, 61.490576682719194], [-6.733413177083697, 61.49065824271889], [-6.732040412857163, 61.49113523836989], [-6.7314998808784985, 61.49117325048317], [-6.731145779899093, 61.491710363459994], [-6.727329006871405, 61.49128033173442], [-6.726500551219702, 61.49105922240444], [-6.725914308398483, 61.491136491560916], [-6.725836852341871, 61.49128343262686], [-6.725037333017395, 61.49155384779049], [-6.724976289253234, 61.49118774766499], [-6.724820767674717, 61.4910725460709], [-6.723783739388599, 61.49120599526865], [-6.723353072897685, 61.491394955538425], [-6.722836667434931, 61.491766630210094], [-6.722249906696135, 61.49187619874858], [-6.721556458994731, 61.491648256641625], [-6.721204876403124, 61.49160428198321], [-6.720752948736458, 61.49171422306618], [-6.72014507187419, 61.49132151359976], [-6.719281399993994, 61.49139085983931], [-6.718051251065603, 61.49227712368522], [-6.7176751464890705, 61.49234424413971], [-6.716881765626325, 61.49225951447281], [-6.716263587883405, 61.49201736772884], [-6.715337378769187, 61.491821031018596], [-6.715148768167071, 61.49188510615762], [-6.714480057185643, 61.49153884351043], [-6.71412733995647, 61.4915486142478], [-6.713535973005951, 61.49191638842772], [-6.712047745158874, 61.492120260110624], [-6.710881981393929, 61.49147477181212], [-6.71062719008031, 61.491463289591614], [-6.710402367155555, 61.491875215756885], [-6.709877193994265, 61.49231502461467], [-6.709658680846431, 61.49237176367594], [-6.708925050121677, 61.49188538428284], [-6.709113750937767, 61.491817727603255], [-6.709069647777986, 61.4917638281642], [-6.708821475207893, 61.49180255626978], [-6.708181451695654, 61.49153162927071], [-6.707604100845889, 61.49153354777118], [-6.707130782877848, 61.492005738440135], [-6.7065342622971205, 61.49223368545304], [-6.7061997194454745, 61.49207125908015], [-6.705680766450368, 61.49174328592281], [-6.705589979921442, 61.49137352765287], [-6.70593115952652, 61.49115922532457], [-6.705647686488403, 61.49107595652092], [-6.705182521449552, 61.491092511676314], [-6.705058719590378, 61.490894857955496], [-6.705330914151115, 61.49077007669121], [-6.704779137977268, 61.49058906708216], [-6.704785232644088, 61.49025551567341], [-6.704530843441546, 61.49022607082698], [-6.703956426591558, 61.49005931008374], [-6.7038155088953, 61.489560303938696], [-6.7040955651772975, 61.48941042772937], [-6.704082269315359, 61.489313500331285], [-6.70363591333409, 61.489122058320184], [-6.703826639281055, 61.48894328502215], [-6.702797490556357, 61.488635305488465], [-6.702686504574461, 61.488548934846456], [-6.702973551391975, 61.48843141355401], [-6.70246106825298, 61.48816441274773], [-6.702585335911837, 61.48792444693545], [-6.7022735992576985, 61.487744079048035], [-6.702017965274922, 61.4877900305545], [-6.70200467659746, 61.487693102952946], [-6.702179711192317, 61.48755375278079], [-6.702091820078092, 61.487018918782894], [-6.7028208935943585, 61.487333136867925], [-6.703417164614625, 61.48752864660307], [-6.703785887852901, 61.48745434805114], [-6.7038421916786115, 61.48723926956336], [-6.7033459508345175, 61.486907809193085], [-6.703149038211437, 61.486602246431175], [-6.704319401315571, 61.48655184348873], [-6.705797995060525, 61.486878997028896], [-6.706046955382347, 61.48679359834444], [-6.705960142123087, 61.486613989736036], [-6.705410959693496, 61.4863075009422], [-6.705452543045745, 61.486077986402016], [-6.70657003295711, 61.4860489375267], [-6.707758658251875, 61.48623890837884], [-6.707913508679812, 61.48596309094886], [-6.707260877925594, 61.4859863609021], [-6.707309057235624, 61.48580714928415], [-6.707069494080476, 61.48578846448874], [-6.707112578367713, 61.485480050927606], [-6.7073780681373805, 61.48529786807993], [-6.708571444857219, 61.48522240807532], [-6.71100457622875, 61.48541226772265], [-6.711090862444419, 61.48519733390425], [-6.712169483988337, 61.4852542291242], [-6.712631591830818, 61.48540263067438], [-6.712994640729634, 61.48564399727726], [-6.713287596114214, 61.48561607363588], [-6.71382407823706, 61.48537730099236], [-6.713586054928881, 61.48526895530962], [-6.713426985052529, 61.48535821711813], [-6.713158295400526, 61.48529649252989], [-6.713425789937999, 61.484579733255984], [-6.713774152932452, 61.48438340221909], [-6.714959363308919, 61.48433648118625], [-6.716012708278718, 61.4841242743619], [-6.71672358718805, 61.484617685911225], [-6.716978018651999, 61.48464351756351], [-6.717133002089908, 61.48435700853178], [-6.718354855126237, 61.48350303174888], [-6.718645573030285, 61.483597081092384], [-6.71895359765302, 61.48356562792492], [-6.7190020519795635, 61.48336127733128], [-6.718681523204643, 61.48325640173945], [-6.718580046077592, 61.48306596068835], [-6.717905152664354, 61.48307121823121], [-6.717720879986543, 61.48289850823913], [-6.717957543640721, 61.48265521407835], [-6.718835957140895, 61.48257876561673], [-6.718874802063898, 61.48249995658346], [-6.718147119936284, 61.48253377778046], [-6.717391251615546, 61.48202947013635], [-6.717367023398612, 61.48170295233474], [-6.717743152482018, 61.48162865224905], [-6.718711118935053, 61.481993672872825], [-6.719725002824975, 61.48231932294552], [-6.719929129905352, 61.48221949843646], [-6.719535611939758, 61.48200672970551], [-6.719679741203475, 61.48190311339812], [-6.7202469356242585, 61.48204454639365], [-6.720384537097278, 61.48189430953648], [-6.719705353087397, 61.48173097164602], [-6.719762906418603, 61.48143339447183], [-6.719561941486079, 61.481357467098384], [-6.719751544558363, 61.481225254687686], [-6.720140354873547, 61.481287369526264], [-6.720606739853793, 61.481188181128005], [-6.720740694658738, 61.48124592116226], [-6.721100410256328, 61.48168106165126], [-6.7232103983006075, 61.48189849649563], [-6.724959076453609, 61.48178139491334], [-6.725506759908013, 61.48132368455532], [-6.725383549587178, 61.481075779821225], [-6.725431314637548, 61.48091092268466], [-6.725169625236465, 61.48087430010511], [-6.724569073781565, 61.48048882403757], [-6.724690577080974, 61.480406641587564], [-6.725041735624719, 61.48046496810874], [-6.7254053359293104, 61.48024354453461], [-6.724808566397432, 61.480080536823536], [-6.724254906252335, 61.47959106341956], [-6.724133442966905, 61.47924280394733], [-6.723734568406595, 61.47933855775926], [-6.723500791520517, 61.47899344062918], [-6.72329718476638, 61.479061044933545], [-6.723247494623263, 61.478906673763184], [-6.723519626569246, 61.47876749173952], [-6.724217365765342, 61.47873358965114], [-6.72492488618703, 61.4789938128241], [-6.724967599566581, 61.47912310523934], [-6.725348288956712, 61.47921380116476], [-6.726403741242315, 61.47972254696373], [-6.726464665299413, 61.48010301054333], [-6.726978089552325, 61.480319653795526], [-6.727254615121802, 61.48080465111827], [-6.728718456400524, 61.48111721045769], [-6.729056591430572, 61.4810715139016], [-6.729256089346306, 61.48123701009901], [-6.7301143351896595, 61.481458245942136], [-6.731448851084925, 61.48144744108742], [-6.731811290664351, 61.48173184317456], [-6.73334440381997, 61.481940458181285], [-6.734340647829598, 61.4819826022152], [-6.734988842913944, 61.48221394507337], [-6.734823085876957, 61.481822488381816], [-6.734981079845051, 61.48179055873207], [-6.735540901889049, 61.48192839136145], [-6.7358230733412725, 61.48208340546946], [-6.736155879139062, 61.48190489683015], [-6.735640516080088, 61.48179591236637], [-6.7356267178251175, 61.48172771315526], [-6.73660164959484, 61.48170160574378], [-6.7363001188317835, 61.481356460239134], [-6.736600595468341, 61.48132493130876], [-6.736571956112935, 61.48123879651201], [-6.736754720091685, 61.48107062226999], [-6.737040940933598, 61.48099252441073], [-6.736492087482146, 61.480205361026734], [-6.736563721890038, 61.479954434324014], [-6.736731198622789, 61.47980782338186], [-6.736957049231609, 61.47974380270883], [-6.737131917309334, 61.479593633376545], [-6.736978622978471, 61.47935287061021], [-6.7363348828348695, 61.47930809872941], [-6.7361826320214115, 61.478999114147605], [-6.736485804862071, 61.47879910047118], [-6.7372859303707635, 61.47891597610674], [-6.737660137258389, 61.47894924449389], [-6.738644664484613, 61.47922811069743], [-6.738841027271634, 61.479146086889855], [-6.741064551374522, 61.47974753868604], [-6.741699807572182, 61.48030878002684], [-6.742132723462352, 61.47996914080071], [-6.742042984620512, 61.47995094655382], [-6.742126673469234, 61.479879432833286], [-6.742372811163829, 61.479951857807826], [-6.741909639251926, 61.48030221740332], [-6.742364896700319, 61.48042176005537], [-6.742363071794584, 61.480529384073186], [-6.743214251296051, 61.48073255027442], [-6.743366644279657, 61.48057867721176], [-6.743553307391579, 61.48062218670412], [-6.743484162542328, 61.480726086909854], [-6.743744205700973, 61.480863027872694], [-6.74476636724689, 61.48070072299603], [-6.745522129075346, 61.48032594717988], [-6.745951705587838, 61.47974229056948], [-6.745525205537204, 61.47969461847484], [-6.7455686951122455, 61.47932874239177], [-6.7453019132747265, 61.479145093555786], [-6.745177683689091, 61.478958247341794], [-6.744937923898302, 61.478950490133435], [-6.745002785306733, 61.478660031153076], [-6.744036683978861, 61.478166030260844], [-6.74378782353825, 61.47825508921726], [-6.743540663867045, 61.47779162831008], [-6.743871087080129, 61.477753040039765], [-6.74404928138557, 61.47786114447075], [-6.744244888034186, 61.47781501529592], [-6.744127849710272, 61.47763529089803], [-6.744385882541929, 61.47744582283559], [-6.745394508549015, 61.47718658973925], [-6.746602576993435, 61.477107183812436], [-6.746664659626534, 61.47697102136908], [-6.746344322198374, 61.47685544066584], [-6.746593919764574, 61.47671979029642], [-6.7468467946595165, 61.47683882875844], [-6.747409513346642, 61.47680436047386], [-6.747923394215167, 61.47700297286408], [-6.747701698511413, 61.47680867444918], [-6.747898015636957, 61.47672672714431], [-6.7485496942439145, 61.47673916336335], [-6.750102621391822, 61.476201434721276], [-6.750303991039211, 61.47625936539307], [-6.7502015436745495, 61.47610844086477], [-6.750405030439402, 61.4760336123749], [-6.750665856781259, 61.476131136904634], [-6.751029006380928, 61.475920415078065], [-6.750977467577641, 61.4758699983025], [-6.751293998244541, 61.47575069949721], [-6.751610912376515, 61.47563125450029], [-6.751659567700104, 61.47540544032588], [-6.751293752574568, 61.47531120488916], [-6.7513252168907245, 61.47522158106881], [-6.751933260928085, 61.475162167134], [-6.752002190524563, 61.47507621697176], [-6.751576397410947, 61.47499625171372], [-6.751495532025957, 61.474892015791426], [-6.752413981599212, 61.47419119456193], [-6.75286557217717, 61.47407037365437], [-6.753794387909808, 61.47409420116942], [-6.753961029857146, 61.47398347139033], [-6.753787715539291, 61.47358482289395], [-6.753932557963799, 61.473438086960044], [-6.754493713410615, 61.473496852303086], [-6.754614988431937, 61.473411139237506], [-6.754791162986655, 61.47317118442436], [-6.7558042338846676, 61.473091253856815], [-6.75597532506674, 61.473170582969296], [-6.755962118421835, 61.473052116037344], [-6.756192283718555, 61.47272991104272], [-6.7567912558260295, 61.472304447571595], [-6.757059820479533, 61.47238044948617], [-6.757490398995941, 61.47216274622919], [-6.757645271839644, 61.47139898296667], [-6.757953577649849, 61.470865184804595], [-6.758150288068759, 61.47075090716517], [-6.758525414333103, 61.47048972570554], [-6.760208260269267, 61.47029055413748], [-6.761391969740712, 61.46975351840896], [-6.7614156251033615, 61.46950888317442], [-6.761640041764311, 61.469369289652036], [-6.761416189609503, 61.469253900489306], [-6.761495571782312, 61.46893665060299], [-6.761667434903533, 61.46892709733501], [-6.761820915424984, 61.46872743302757], [-6.762279615018988, 61.4688863828716], [-6.762593477432422, 61.46873479614407], [-6.762473573300036, 61.46834135116906], [-6.762568437655584, 61.468293354800885], [-6.762882089167509, 61.46840753015323], [-6.764198939840364, 61.46850080976247], [-6.764634453597987, 61.468645631924], [-6.764798375602206, 61.46862903029166], [-6.764816892550991, 61.46868985113793], [-6.764631270043496, 61.46872108926991], [-6.766273542026983, 61.46900018203382], [-6.766366829165955, 61.468927106870176], [-6.766311877362644, 61.468751837835164], [-6.766547385650431, 61.468676795647994], [-6.7668763896118636, 61.46879435679935], [-6.769419917649034, 61.46884187919731], [-6.7710623296658214, 61.468991624144174], [-6.773923774292104, 61.469092142459544], [-6.7741757290731, 61.46917484067401], [-6.774583891788076, 61.46897162196502], [-6.775943352568592, 61.46902104168367], [-6.77675228157411, 61.469013387249845], [-6.779445286447398, 61.46918078941288], [-6.782111268224949, 61.4697975180358], [-6.785693873773818, 61.47057739754359], [-6.786777452447497, 61.47064850861398], [-6.787915552166359, 61.47127923039031], [-6.790295597236481, 61.47173813455916], [-6.7921108777903, 61.471759440445595], [-6.793269965899857, 61.47223171752806], [-6.794225611772083, 61.47229736386957], [-6.794959287272997, 61.4722799353517], [-6.797730842258699, 61.4726362520868], [-6.799192527017133, 61.4726337627206], [-6.799339304968943, 61.47271066535715], [-6.801449721685554, 61.47293725591194], [-6.803345776404768, 61.47302524328265], [-6.805218028723134, 61.47313592007527], [-6.805317732073304, 61.47194031021578], [-6.805230076904799, 61.471939205943016], [-6.805246002050652, 61.471905130301415], [-6.807606147769196, 61.47194650948691], [-6.807564500490583, 61.472617715253314], [-6.80778873933334, 61.47264956804084], [-6.807807813245073, 61.47268672361104], [-6.808120685680533, 61.47271012326441], [-6.808105258623644, 61.47279484529478], [-6.808487354390345, 61.47285472862978], [-6.80950887942632, 61.47285224195421], [-6.809729553445621, 61.472876940974295], [-6.809952151544511, 61.472878641183705], [-6.809985953571917, 61.47228753949799], [-6.81111612400662, 61.47230418638982], [-6.811108610864235, 61.47240482929753], [-6.810218055204365, 61.47239575052972], [-6.810208115393873, 61.472884991841106], [-6.812279313782832, 61.47290754441951], [-6.812324247968361, 61.472374631579186], [-6.812548299192355, 61.472375902085595], [-6.812551818423073, 61.47282758812292], [-6.812779122808746, 61.472834414395514], [-6.813357431946907, 61.472823304718055], [-6.8133620537379915, 61.47300062986981], [-6.813549219482461, 61.47299877206075], [-6.813601985496479, 61.4728200287284], [-6.813666260581797, 61.47282584135786], [-6.8136139495397, 61.47300026447868], [-6.815259626982001, 61.473129540818995], [-6.817639980363214, 61.472665085551625], [-6.818167469984458, 61.47274447417362], [-6.819388945513443, 61.472413568702166], [-6.8207073219338605, 61.472524183235606], [-6.821083850394114, 61.47242545588449], [-6.821018574576503, 61.47233659923113], [-6.8220325500404675, 61.472243170964425], [-6.822130067937168, 61.47211607769856], [-6.822462362704104, 61.472158044749506], [-6.822420313698856, 61.47220890513877], [-6.822620620589571, 61.472299480017845], [-6.823398385731784, 61.472525468281425], [-6.824141176179697, 61.47240720133166], [-6.824447684008299, 61.47201123702448], [-6.824356231751099, 61.4714737653403], [-6.824432489750482, 61.47124280971939], [-6.822880191263294, 61.47135823094892], [-6.821599116038165, 61.47136926381379], [-6.819414057250814, 61.47117756727623], [-6.81813974599041, 61.47091896691982], [-6.815535750823349, 61.470485323435064], [-6.812100680853462, 61.469804696109534], [-6.8100853157881955, 61.46939793005636], [-6.810005309055954, 61.46950742212166], [-6.808893293521172, 61.46935286254789], [-6.808831088179725, 61.46941406860491], [-6.80878532304649, 61.46943462583363], [-6.80871211533297, 61.469397807747114], [-6.808931745361866, 61.4690459386457], [-6.808523285239501, 61.46898476786748], [-6.808309014765333, 61.46925299066005], [-6.807941237600094, 61.468900983654876], [-6.80773483956037, 61.469166899719895], [-6.807504946310555, 61.46883663940096], [-6.807292805963096, 61.46913728913811], [-6.808424507969674, 61.46934189355319], [-6.808478095184331, 61.46937455198392], [-6.808454213272789, 61.469404692513635], [-6.808388726175117, 61.469415620316205], [-6.807395992495809, 61.469248377072944], [-6.807362245786285, 61.469282380238965], [-6.80749351056129, 61.46931511883965], [-6.8074693295792486, 61.469333806940504], [-6.806830653614112, 61.469218935055345], [-6.806866787772826, 61.46917452876686], [-6.806359385515848, 61.468959037883394], [-6.803331312943393, 61.46848852970036], [-6.803363473322604, 61.46844278497979], [-6.803304817910568, 61.46843011800684], [-6.803267821125162, 61.46847657446614], [-6.801497529290704, 61.46827150411548], [-6.801317293889859, 61.46825062506418], [-6.797712564380073, 61.46726782751938], [-6.794573112373902, 61.46971766514343], [-6.794541037628631, 61.46973744374492], [-6.794325312010936, 61.46975422636855], [-6.79421384766387, 61.4696614617376], [-6.79422914666369, 61.46963291673506], [-6.797333808009486, 61.46717693709219], [-6.79776981182625, 61.46690649585064], [-6.796834540262615, 61.4661146687521], [-6.794444406301648, 61.4648677626517], [-6.791782498241571, 61.46301231486052], [-6.789177105177297, 61.46163233272802], [-6.785046480385437, 61.46016264983519], [-6.782573816400067, 61.45945350831814], [-6.781886115536513, 61.45898920248923], [-6.780312665064304, 61.45894189857956], [-6.777819593926004, 61.45850723668686], [-6.777551508798996, 61.458499178365166], [-6.776590604423629, 61.45783220844702], [-6.776686116296373, 61.457030466872254], [-6.776997389546375, 61.45696212790226], [-6.777672712117072, 61.45714433219064], [-6.777692538047734, 61.45709015764899], [-6.777007835827578, 61.4568686532732], [-6.777040818819455, 61.456318990579994], [-6.77671589176125, 61.45610392306441], [-6.777724163816067, 61.45635749058214], [-6.7770593039077704, 61.456081811925756], [-6.777014764401557, 61.455938771937774], [-6.777294237798655, 61.455834894708744], [-6.777669267707125, 61.45600265745193], [-6.777525474138697, 61.45581776653092], [-6.777554313799915, 61.45579229149829], [-6.777765189813345, 61.45581846465619], [-6.777708225734569, 61.45572577028085], [-6.777060480633523, 61.45534227066024], [-6.7772066408120315, 61.455268709440745], [-6.776413783936005, 61.45420836005736], [-6.776578789423925, 61.454062831664594], [-6.776371288555254, 61.45395042822804], [-6.77623154319234, 61.45308332417204], [-6.776420043515262, 61.452955420318965], [-6.776139076297614, 61.45287619878092], [-6.77603632291457, 61.45153473748472], [-6.775898220865462, 61.45146459349326], [-6.775652428874309, 61.4507244102708], [-6.775659453839027, 61.448563125347235], [-6.775919166112321, 61.44851692884955], [-6.776311890148511, 61.44735984730968], [-6.7760860478822575, 61.44717944365763], [-6.776367414083849, 61.44696426696805], [-6.77581927928595, 61.44677704721225], [-6.775896027955427, 61.44650679641797], [-6.776232709608945, 61.44635196583379], [-6.775960389843994, 61.44629425376541], [-6.775963870101877, 61.4462116186918], [-6.776214074461013, 61.446122438341455], [-6.7762273341318195, 61.44593204193751], [-6.776780574369355, 61.445767475833755], [-6.776961106197358, 61.445617928702404], [-6.776998765784722, 61.44553409461302], [-6.777134845800995, 61.44547363908347], [-6.777211341838602, 61.44546584364664], [-6.7772603180827256, 61.44548329324388], [-6.777333113952748, 61.44546378292512], [-6.777527995506014, 61.44547556302346], [-6.777636201338431, 61.4454707116545], [-6.777860651305454, 61.44538169859123], [-6.778426189916225, 61.44540725915746], [-6.7785462525691225, 61.44537639319016], [-6.778647272556164, 61.445302881258606], [-6.7787195021941296, 61.445130807063116], [-6.778684932477326, 61.44505930112718], [-6.778756771600738, 61.444976053900064], [-6.778962272498729, 61.44494945233474], [-6.7790301269892215, 61.4447782041478], [-6.77896528996347, 61.44469329106336], [-6.779065670297814, 61.44460035684942], [-6.779094579818447, 61.44453335721983], [-6.779047431689274, 61.444506349199585], [-6.7789949556156985, 61.44450663827874], [-6.77898172526379, 61.44448551943937], [-6.7789169394566375, 61.44438285664689], [-6.778835104114184, 61.44435993977772], [-6.778751644146676, 61.4442860611364], [-6.778229692820952, 61.4442001894015], [-6.777872712076407, 61.44400831841386], [-6.777666147752872, 61.44396730155291], [-6.777365503993608, 61.443943991035994], [-6.777256166341905, 61.44395110407913], [-6.776824083247752, 61.44387872325222], [-6.776667075002402, 61.44391751096289], [-6.776559658907203, 61.44397741275789], [-6.776473560064109, 61.44407589484931], [-6.776448826111666, 61.44420760787364], [-6.776578241420603, 61.444263486033556], [-6.776679628621914, 61.444397564957285], [-6.776638310983356, 61.444745199660545], [-6.776034880438044, 61.44475424116146], [-6.775914768642497, 61.4446108668685], [-6.774530730860269, 61.4445474236002], [-6.773850220988576, 61.44455989397763], [-6.772283239391701, 61.44434170227064], [-6.771701587678695, 61.444283572696676], [-6.771154625972833, 61.44428485662568], [-6.771177598412538, 61.44431022181504], [-6.770475171585175, 61.44443365754177], [-6.770802250353522, 61.44485603889676], [-6.7706684987493, 61.444880001770095], [-6.770338507248449, 61.44445824552441], [-6.770144613408419, 61.44441428304582], [-6.768672899854074, 61.44497880501567], [-6.76869445321708, 61.44508314960208], [-6.769478481447048, 61.444991090449754], [-6.769488908085822, 61.445012774708], [-6.768699703560599, 61.44510952527843], [-6.7687022738303915, 61.44513926867062], [-6.768407000598642, 61.44516719549972], [-6.768318899612521, 61.44525580835651], [-6.7683124266548305, 61.44528011444223], [-6.769764335626175, 61.44561655505165], [-6.771209908801029, 61.44552168966665], [-6.77124959887937, 61.44555219618904], [-6.769864752995873, 61.44572436127514], [-6.76982848978713, 61.44571927513829], [-6.768063738769737, 61.44534900484537], [-6.76753028456188, 61.446100763482804], [-6.767188576944423, 61.44708133846351], [-6.7670762074139486, 61.4470790378446], [-6.76696399620465, 61.44769787685355], [-6.7666822132868205, 61.44806386812343], [-6.766619711477229, 61.44847387676309], [-6.766324826162249, 61.448875835148186], [-6.766244479161038, 61.44953380698062], [-6.765580915768777, 61.4516023941635], [-6.765569783269417, 61.45168149140012], [-6.765314728929479, 61.45167019280199], [-6.765674451139302, 61.452294119079795], [-6.765657615738388, 61.452567149226134], [-6.7646459627195, 61.453939811465105], [-6.764715592531268, 61.45414001490809], [-6.76468180330389, 61.45421586530348], [-6.764350573315019, 61.45433466540764], [-6.7632730641014085, 61.45558600970981], [-6.7628784696340976, 61.4557845680797], [-6.761499256150878, 61.456066709161114], [-6.760449403302, 61.45603248622743], [-6.759841402480691, 61.45631253705349], [-6.760232388615365, 61.456343779591315], [-6.7601920320166, 61.456437657319206], [-6.759724818090821, 61.45637857810361], [-6.759638931612968, 61.456458594379825], [-6.75972175941116, 61.45662633688412], [-6.760012193554943, 61.456748487320134], [-6.759958659221488, 61.457032762854034], [-6.758930586005671, 61.45698748572116], [-6.758900263884329, 61.4568227657133], [-6.75856757064265, 61.456758454487826], [-6.758111077490822, 61.456763923613046], [-6.7566738130234105, 61.4567758777478], [-6.754387844207253, 61.45692675358485], [-6.752349029624086, 61.4573148649802], [-6.7499582996806335, 61.45738294209558], [-6.748556247987034, 61.45774960263701], [-6.747889283547309, 61.45773870169076], [-6.748158767708815, 61.45801208979917], [-6.747273838373804, 61.45837520686378], [-6.746921729060615, 61.458270858428946], [-6.746561033331166, 61.458853413432145], [-6.745953441378969, 61.45925965143078], [-6.745691384729808, 61.45905462016248], [-6.744671556546482, 61.45949682426363], [-6.743652492844032, 61.45930603727721], [-6.743907012603307, 61.459557815920476], [-6.742385411374197, 61.459661863932915], [-6.741239223727005, 61.45934871656267], [-6.740961694680753, 61.45941340690934], [-6.741238608395544, 61.45971557543234], [-6.739993695516801, 61.459629728752326], [-6.739887580911963, 61.45970840850372], [-6.739069559869009, 61.459792364628825], [-6.738379707427043, 61.46028554871053], [-6.737652559736706, 61.4603195647845], [-6.737072228360219, 61.460084781390705], [-6.736936862484841, 61.460116730281115], [-6.737345080625856, 61.46033669966287], [-6.737231386277141, 61.46041884243141], [-6.735842445858506, 61.46060171042646], [-6.734863295226443, 61.46047356639429], [-6.734868101410861, 61.46063140276184], [-6.734665532368398, 61.46065594130526], [-6.7344268454975875, 61.46059430868553], [-6.733924697431587, 61.460607373880336], [-6.733570378923535, 61.46073909376039], [-6.733330204750729, 61.46076722154675], [-6.733297927983611, 61.46090342777074], [-6.732786862014396, 61.461002535467216], [-6.732683177069624, 61.46092690625171], [-6.7319077921654245, 61.46115079308913], [-6.731876734408597, 61.46121887091237], [-6.731326647656687, 61.46140755658017], [-6.730502658809398, 61.4614053457029], [-6.730482088721552, 61.46129402410201], [-6.730295298223137, 61.46127204116691], [-6.730202674987184, 61.4614224104663], [-6.729766749546246, 61.461507321806806], [-6.728615368531917, 61.46137867206603], [-6.72788743217087, 61.46101791705356], [-6.72784934517157, 61.46105373233988], [-6.728695114481759, 61.46154027895686], [-6.728753314590522, 61.46163732673989], [-6.7270131308217564, 61.46176178387646], [-6.726714303367909, 61.461714303111684], [-6.724397838038485, 61.46181559264513], [-6.723842052941147, 61.46146964692692], [-6.723773947457424, 61.46150531621839], [-6.72411376117767, 61.461789633376405], [-6.724097051395701, 61.46187932007304], [-6.7233396465420165, 61.46193106856187], [-6.72253247487704, 61.46182475832093], [-6.722029510111167, 61.461884365798085], [-6.7213875660602875, 61.461319315910295], [-6.722928677658098, 61.46100788154042], [-6.722148775950207, 61.46105960424271], [-6.721738533393529, 61.460957983340286], [-6.721725270511896, 61.460857467448754], [-6.722019457063663, 61.4607327583545], [-6.721683808096308, 61.46065286244359], [-6.72124794631408, 61.460734156027065], [-6.720646162107733, 61.46044551563121], [-6.720880389146742, 61.46033497482854], [-6.720799928476094, 61.46022713349265], [-6.720296460521782, 61.46031177648733], [-6.7199977268949125, 61.46026078029809], [-6.719961615755184, 61.46018528976054], [-6.719743797076174, 61.46022059343325], [-6.719349451741657, 61.46006886138158], [-6.719109774946349, 61.4600645589138], [-6.718616393663355, 61.46000938600834], [-6.718075818249487, 61.460083160338165], [-6.717461683622388, 61.46007784760863], [-6.71722478694667, 61.45991583107413], [-6.717204112628724, 61.45981168793067], [-6.716943605297422, 61.45971050861366], [-6.716802282085591, 61.45965991186043], [-6.716679024460387, 61.45943516113987], [-6.716784610019777, 61.459165510631856], [-6.7161190970629825, 61.458586208760195], [-6.715505266207697, 61.45830183035785], [-6.716015335441591, 61.458104273637105], [-6.715845487784303, 61.4570900383572], [-6.714873217199579, 61.45637392940282], [-6.713541055432437, 61.45563611800872], [-6.713639744898903, 61.45519027876167], [-6.714239360192688, 61.45515451200501], [-6.713977581777958, 61.454956602862865], [-6.713604611433835, 61.454301950269375], [-6.714842009112565, 61.453892377822825], [-6.716168254037139, 61.45389650895182], [-6.716311775252191, 61.453457798993895], [-6.71731706186779, 61.453012238794145], [-6.718500414787713, 61.4532320354044], [-6.718793713010782, 61.452779054710724], [-6.719527803302902, 61.45286557547335], [-6.719057127963289, 61.452275648429755], [-6.719806473647631, 61.45227946064737], [-6.719702610980657, 61.451862264352236], [-6.719740240558281, 61.451768799881414], [-6.7192605172862185, 61.45183336470329], [-6.7209862756974035, 61.45085569955673], [-6.7207249707990995, 61.45046728180943], [-6.7213994179094, 61.450391979962], [-6.721227562379919, 61.45019047923763], [-6.721925358217774, 61.44973037799024], [-6.72197139741958, 61.44926650029947], [-6.722286329327972, 61.449169436735694], [-6.722046603275924, 61.44918740463635], [-6.722025728423359, 61.4484824890472], [-6.722408287530669, 61.448273968474716], [-6.722138904018664, 61.448169595883144], [-6.722897142087542, 61.4474829846478], [-6.722548520044065, 61.44595800615574], [-6.72275117381117, 61.445767471141686], [-6.722287465265572, 61.445479538183], [-6.722662143201731, 61.44537539796222], [-6.722452567370786, 61.445299775346925], [-6.722229584683138, 61.444591282444875], [-6.722822019005938, 61.4443000938492], [-6.722358027643059, 61.44410580465552], [-6.722344437168886, 61.44347284188665], [-6.721865454261519, 61.44331439337494], [-6.722382576129598, 61.44315994429506], [-6.72295062511489, 61.44373551543008], [-6.722481240571889, 61.44264568272122], [-6.7220694796349605, 61.44258084628493], [-6.721867494278345, 61.44242247595088], [-6.723374557413358, 61.441807984793], [-6.722018264755298, 61.441998160356526], [-6.720970147129035, 61.441778418539904], [-6.719974921562414, 61.44138249693597], [-6.720056817578489, 61.44160547179364], [-6.719052898203974, 61.441662646119326], [-6.718424453871008, 61.44135675012785], [-6.716970817612524, 61.441564809264186], [-6.71497637408617, 61.44236603004937], [-6.714399915177201, 61.44222557341115], [-6.7128330479675515, 61.44274279464699], [-6.709939336271538, 61.44364072413149], [-6.708223634647436, 61.44374064538514], [-6.705121418588184, 61.444091637067736], [-6.703173583145782, 61.44410154451245], [-6.7018685806164795, 61.4446547780587], [-6.701165060307991, 61.444442253288614], [-6.69867591243586, 61.445145866349044], [-6.698571595519165, 61.44497681746928], [-6.697454460088838, 61.445245966867105], [-6.696996533138361, 61.445583780524274], [-6.695828085960959, 61.445507614008946], [-6.695416788087698, 61.4452951803385], [-6.695439727658603, 61.44512254708303], [-6.695464351913972, 61.44448241090888], [-6.6948906806419375, 61.44347877506262], [-6.694270434910814, 61.44298928389725], [-6.694412967947878, 61.442921045962976], [-6.694016067499334, 61.44289920527087], [-6.692605487152207, 61.441330451447286], [-6.69203121663475, 61.44058924459241], [-6.691740823337295, 61.440078423572814], [-6.690459725945639, 61.440128057128476], [-6.689967591890086, 61.43951637016816], [-6.689347080987423, 61.439163598374364], [-6.688833633657664, 61.4381634733972], [-6.689051079634914, 61.43809885418561], [-6.688624611878729, 61.43797628705798], [-6.688612443888226, 61.43716716691827], [-6.688090365851781, 61.4365230854202], [-6.690128571723797, 61.436171770543574], [-6.689448392932003, 61.43576500469663], [-6.6893372070109525, 61.43544489424448], [-6.689847022034758, 61.435258120662574], [-6.689744008862283, 61.43472220670204], [-6.690851961356549, 61.43480198077339], [-6.691424105227345, 61.433942755321226], [-6.692442006377868, 61.4341087953324], [-6.692832783209801, 61.43367387055381], [-6.69282586619855, 61.43351204242182], [-6.692451417479685, 61.43347226060924], [-6.69252754100746, 61.433091055868495], [-6.692812631390864, 61.43295817694882], [-6.692415500666316, 61.433037068921024], [-6.692431052220082, 61.43284285056537], [-6.6928505467027, 61.432778346731226], [-6.6921869589215275, 61.43192921603538], [-6.69124332021109, 61.43199340165258], [-6.690811196692127, 61.43130983025497], [-6.6909616956438995, 61.431108575148365], [-6.690677154047029, 61.43109043381134], [-6.690602873688852, 61.43093212551665], [-6.6909098802349, 61.43091787706062], [-6.690745569916352, 61.430820706419304], [-6.690462290264319, 61.43039979141934], [-6.691122078797239, 61.430166368046045], [-6.690000764019941, 61.42961551038997], [-6.689434348723769, 61.428845509755945], [-6.689981721536991, 61.428608467928825], [-6.690103043200813, 61.42810870546075], [-6.689729245798153, 61.42797536558372], [-6.6894764421556845, 61.427424952964195], [-6.690120525746321, 61.42738943238273], [-6.689941477122821, 61.4271806702322], [-6.691132453895428, 61.427012338801326], [-6.691857851006432, 61.42728249236714], [-6.6926075711063024, 61.426988013128444], [-6.6926700394782275, 61.426164454098625], [-6.69416752728964, 61.42614372570408], [-6.694280165245465, 61.42599991638741], [-6.693636839997663, 61.42584134514887], [-6.693622227757641, 61.42574780532925], [-6.694229678967138, 61.425417313081745], [-6.694201612175696, 61.42483823420203], [-6.693902061833061, 61.424874075726315], [-6.693730821783302, 61.424557435526026], [-6.693560786246277, 61.42390644091556], [-6.693299978306851, 61.42352147086977], [-6.6929121768020945, 61.423082527636154], [-6.693137308961302, 61.4229279762634], [-6.6937575514721495, 61.42323763190952], [-6.69333184414795, 61.42292805879664], [-6.692808429577449, 61.42279109967926], [-6.6920328335922505, 61.42185565380762], [-6.6920033852215335, 61.421704575251205], [-6.691786370056464, 61.42170446650574], [-6.691158445888555, 61.421430765190365], [-6.690381627319404, 61.42095922868852], [-6.689490344830968, 61.42112772705836], [-6.688112845104636, 61.421148473432034], [-6.687642165719407, 61.42086765351735], [-6.687036461177028, 61.4207090625507], [-6.686249117721877, 61.42114015406761], [-6.684859387325732, 61.42040929934243], [-6.684881963819436, 61.42033013196413], [-6.684649966066641, 61.42035516573574], [-6.68322076742111, 61.42019243491563], [-6.682443798307181, 61.41976762790614], [-6.681202152510609, 61.419533022030855], [-6.680580075364736, 61.41976282032025], [-6.6801032257000506, 61.41919427021012], [-6.679596127851226, 61.418679701948456], [-6.67922957513243, 61.41858946378971], [-6.678738633620845, 61.417783621357685], [-6.678979140175496, 61.41751397690202], [-6.678859855726554, 61.41740247741906], [-6.6783884498659996, 61.417359014686056], [-6.678075383154354, 61.41701711167058], [-6.677582103074401, 61.41682260329364], [-6.678191620787725, 61.415977812922044], [-6.678326088072627, 61.41601388075033], [-6.677990202524056, 61.41576191444108], [-6.6773115297391605, 61.415124881752774], [-6.676804768859427, 61.414592259118685], [-6.676387890725498, 61.414012960447096], [-6.6758675651136254, 61.4130883472132], [-6.676257344982402, 61.41289445032222], [-6.67516468072132, 61.41291168840485], [-6.675240288337647, 61.41269237333118], [-6.674709793251352, 61.412490569165584], [-6.674040592853732, 61.41139323709549], [-6.673008966691315, 61.411126332648756], [-6.67243213645644, 61.41126618149581], [-6.6719120893395845, 61.410320005396855], [-6.6715378540172185, 61.41036645228043], [-6.671736318738399, 61.409352455170136], [-6.672580903351045, 61.40961193321202], [-6.672222688060063, 61.40934196760876], [-6.672111692387518, 61.40902543336159], [-6.672500832554039, 61.4090148882453], [-6.672741822002686, 61.408641017216794], [-6.673118830288206, 61.40787889830466], [-6.672806112602297, 61.407511845270726], [-6.672592272650927, 61.40667733905458], [-6.6716858604615155, 61.4050582707818], [-6.67127852014738, 61.40402944761334], [-6.671674932260366, 61.404058538790544], [-6.672391694397497, 61.40442222174057], [-6.6722218316931405, 61.40385389069536], [-6.672422464131131, 61.40228960756648], [-6.672854372631739, 61.40278262321986], [-6.673094823432386, 61.40254540373478], [-6.673038570953138, 61.40158511896149], [-6.6727099092191295, 61.40147701437548], [-6.672933063119543, 61.401793682110764], [-6.6727384647162395, 61.40181870799386], [-6.672105948980548, 61.40096586259442], [-6.67245932417445, 61.40053098434013], [-6.6722969282448865, 61.39994823559071], [-6.671475422415991, 61.39964919199762], [-6.671268246216925, 61.39905202261592], [-6.671890280828283, 61.3987431675241], [-6.671816558071548, 61.39850215893156], [-6.672160022630029, 61.39862470787991], [-6.672714718077067, 61.39834459041638], [-6.673641075985667, 61.398618583016194], [-6.674037902542911, 61.398536066501514], [-6.673656847759143, 61.39840272966348], [-6.673665997962071, 61.39799999915682], [-6.674063684703792, 61.39767299929058], [-6.676015061291211, 61.39790812064782], [-6.675836626118418, 61.39760946621473], [-6.675247878310068, 61.39702289666263], [-6.676370017165798, 61.39696962929236], [-6.677260814517705, 61.396786853714566], [-6.677092781718888, 61.39575461695112], [-6.678139183759366, 61.395935104558696], [-6.677227919468035, 61.39559998523334], [-6.676746030567321, 61.39447041232375], [-6.677029944177696, 61.39454254182517], [-6.6766130643805965, 61.39404952768368], [-6.676826790407117, 61.39289526912307], [-6.677470570866351, 61.392701516284255], [-6.67694045753268, 61.39248894723552], [-6.677180024870434, 61.39241000672072], [-6.677106404172113, 61.39209708159327], [-6.678009613632367, 61.392568815048406], [-6.679799095319473, 61.39405169783011], [-6.680628073096516, 61.394365096396626], [-6.680331130527523, 61.39373192468516], [-6.679850710921653, 61.39221755085329], [-6.680441243657035, 61.392250308068704], [-6.680730635431767, 61.39286907366164], [-6.680614385695064, 61.39401629810932], [-6.681950469451029, 61.39471119067048], [-6.6838118950900025, 61.394985693114165], [-6.683446583777243, 61.39467621715147], [-6.683872769963699, 61.394683695966094], [-6.685497000552219, 61.39430340850808], [-6.685176240770882, 61.39409463549495], [-6.685258950053394, 61.39395445313992], [-6.68579614962916, 61.394314453734005], [-6.6864177073278634, 61.39409181500709], [-6.68599381447174, 61.39338662978407], [-6.686774088618263, 61.39265346924926], [-6.687064910945703, 61.392919820231036], [-6.687520452328303, 61.39312146553681], [-6.688871630779616, 61.393841506886105], [-6.689752780243538, 61.39423762706378], [-6.689926466666008, 61.39432849735929], [-6.690193297019473, 61.394468097765476], [-6.690239190671067, 61.39435447755059], [-6.69035160052883, 61.3940761776591], [-6.690360773570262, 61.39361221389457], [-6.6904106563772805, 61.3920981423265], [-6.690739354318936, 61.39217747235235], [-6.69036858804917, 61.3912601395646], [-6.69073577110132, 61.39103026454795], [-6.691168589041742, 61.39131097293166], [-6.6910867495965105, 61.39115989713837], [-6.691603062278907, 61.39105225488576], [-6.692281934476955, 61.391584977298606], [-6.69210226513333, 61.391624381489194], [-6.692407465301199, 61.39206336074879], [-6.693370405159717, 61.39259616496806], [-6.694043278074553, 61.3926827930197], [-6.693817352482532, 61.39317179268012], [-6.693957866518386, 61.39366820791764], [-6.693643138146194, 61.39383703194547], [-6.693889439913617, 61.39397744187424], [-6.694021054366625, 61.394919777142526], [-6.694626725288277, 61.39499923976159], [-6.694954410746309, 61.39542378019864], [-6.69661346458101, 61.39583104317079], [-6.696689003028833, 61.395572121308284], [-6.697458917291913, 61.39574514425119], [-6.698199489048765, 61.395702439466504], [-6.698662860410033, 61.39579975401513], [-6.698645406242052, 61.396655683148644], [-6.699273340034949, 61.396763876122954], [-6.700290291667506, 61.3968255257661], [-6.700455195519418, 61.39674294026884], [-6.699648953507245, 61.39621743518343], [-6.6997541441706145, 61.39604844590416], [-6.7005092885266855, 61.39615313987488], [-6.70079162818089, 61.396771824937595], [-6.70159673650764, 61.397642540799346], [-6.703261845533794, 61.398632369645156], [-6.704706075245652, 61.39846760900231], [-6.70457914243108, 61.39834531807037], [-6.704691659535892, 61.39825187193348], [-6.706873618933267, 61.39901526687333], [-6.707435163000103, 61.398871695641965], [-6.707069493788423, 61.39852268575675], [-6.7075488969769745, 61.39828910071271], [-6.708310263191828, 61.39887206775541], [-6.709474477374174, 61.399854406149686], [-6.710273535540975, 61.400369041662564], [-6.710863207367168, 61.40083316987374], [-6.710398729728321, 61.40107752481256], [-6.710659776974608, 61.40136540411748], [-6.7118632759499555, 61.4017219316896], [-6.712041558237568, 61.40219310245725], [-6.710827959281976, 61.40280037243863], [-6.711007422037551, 61.40285081706846], [-6.712191040123489, 61.40226153487017], [-6.71267642456206, 61.402535066043576], [-6.714448257192664, 61.40297812506704], [-6.716063025889228, 61.40344625310922], [-6.718926598164522, 61.40414148404253], [-6.719979884025972, 61.40480714640743], [-6.7211093519503695, 61.404929789550295], [-6.722320984640756, 61.40513524366005], [-6.722328719459836, 61.40497339686509], [-6.722665457028026, 61.40496631509285], [-6.723225633736046, 61.405376464591846], [-6.723128006933998, 61.40550232029145], [-6.723621851973233, 61.40552409763535], [-6.725551243343983, 61.40594550285201], [-6.7269801485120295, 61.405985496025465], [-6.727144811493803, 61.40591355883517], [-6.727391436901976, 61.406032359819264], [-6.727518902376646, 61.40590296197578], [-6.727728431152068, 61.40588861303967], [-6.728102313033434, 61.40603980798925], [-6.7283120490898005, 61.4058816221821], [-6.7281626743670175, 61.405734107628064], [-6.727773628709467, 61.405769954741665], [-6.727729394019859, 61.405485842762786], [-6.7275650366115505, 61.405356302712946], [-6.727482867540283, 61.405255527999316], [-6.728163432638025, 61.40543916869423], [-6.728522817131392, 61.405316985848586], [-6.729001256632491, 61.405439405834024], [-6.729076226185388, 61.40537467036027], [-6.7288669724559265, 61.40529555727797], [-6.728711375212895, 61.40460499454189], [-6.729571927557185, 61.40451169245517], [-6.729923326225215, 61.40462694941615], [-6.729308025066237, 61.40546825805731], [-6.729038598896137, 61.40548977477622], [-6.728836087446437, 61.40575941923174], [-6.730218510523057, 61.40654383266137], [-6.730084800112579, 61.40613027398136], [-6.731940004249481, 61.406217050817695], [-6.733194927870977, 61.40728194503397], [-6.7329788722115635, 61.406835944103335], [-6.732477883871035, 61.40667033250853], [-6.732463233585538, 61.40651933427591], [-6.732844681335396, 61.40655176408648], [-6.7329118928542675, 61.406670421603586], [-6.733203462524438, 61.40672810109684], [-6.733158211259259, 61.40692227102404], [-6.733764034626528, 61.40703746938055], [-6.7346461970901, 61.407375833194244], [-6.734572228901069, 61.4070053004856], [-6.735446664486483, 61.40750900714642], [-6.735207160279846, 61.407559320096674], [-6.7348555561910315, 61.40750530915372], [-6.735610565219592, 61.407897475115995], [-6.7354612843262025, 61.40761690650668], [-6.73569322484989, 61.40764215703735], [-6.735894738703046, 61.407969480464494], [-6.7368668678854275, 61.40827180314416], [-6.737764505327687, 61.40839069549014], [-6.7384820275382795, 61.40876848033868], [-6.738527088859524, 61.408718144605906], [-6.738175850124452, 61.40849148844582], [-6.738894129641484, 61.40848804839547], [-6.738175871584056, 61.40840879502503], [-6.736747302051459, 61.40817471905769], [-6.736642826499379, 61.407973285367774], [-6.7368457113825455, 61.40752020141298], [-6.737204665847891, 61.407599380579406], [-6.737906920193425, 61.4082433115087], [-6.739343484363129, 61.40829030285597], [-6.740847192852484, 61.408387782483274], [-6.741086473269884, 61.408484885750646], [-6.741079277438351, 61.40835188115526], [-6.742119031346761, 61.408438368858405], [-6.742792425757137, 61.40854998402303], [-6.744946123453874, 61.40925524866623], [-6.7467786431525685, 61.40971225772447], [-6.7470108430875735, 61.409597246103914], [-6.74579999756858, 61.40877708448376], [-6.747198707918503, 61.40904701910981], [-6.747669470494132, 61.40944264272371], [-6.748365109996565, 61.40960461061931], [-6.7482083281495795, 61.40941039772534], [-6.748522970295412, 61.40911915771199], [-6.749330707711064, 61.409489673882874], [-6.749412385594334, 61.409849369803155], [-6.749749046025821, 61.40995005170839], [-6.749838232585989, 61.41032773961492], [-6.749052709235441, 61.410208908649935], [-6.7479602482556125, 61.41022314724403], [-6.747915660796323, 61.409993000803084], [-6.747765504798958, 61.410320198056525], [-6.748064021567209, 61.41081297549986], [-6.749133254106062, 61.411399290041416], [-6.7503910690555875, 61.41092835290002], [-6.750443282879458, 61.41109739065718], [-6.751235248843655, 61.41198219758788], [-6.752439510958628, 61.41233476930247], [-6.753615284073568, 61.41163007305863], [-6.753794662314245, 61.411867392187624], [-6.754221044437484, 61.41200771044794], [-6.753988549047603, 61.41234216696759], [-6.754152598681746, 61.41279175509264], [-6.754721030051706, 61.41301478708053], [-6.755566886956041, 61.41296093756063], [-6.754975318171183, 61.413244996872564], [-6.7548104299310205, 61.413431980049836], [-6.755460748615313, 61.413953469287044], [-6.756411509963894, 61.41375221889035], [-6.756388822919295, 61.41392117942888], [-6.755819705923605, 61.41423407697876], [-6.756163794103236, 61.41440669378895], [-6.757232976948713, 61.415111725717956], [-6.75812301569529, 61.415633221873634], [-6.759755830993269, 61.416198880237694], [-6.760439761637853, 61.41611538319545], [-6.760644279044187, 61.41632473551805], [-6.761078319469217, 61.41633398009712], [-6.761342611882716, 61.41638468060767], [-6.761386184561263, 61.416513346053534], [-6.761608385904404, 61.41662557154424], [-6.76216923031775, 61.416622543493396], [-6.76262983337115, 61.41687195023802], [-6.762329838286933, 61.41731708805516], [-6.761983871351901, 61.4174324900001], [-6.761780707470666, 61.41787285281191], [-6.761847146519638, 61.418938272791564], [-6.762369752009582, 61.41923009622001], [-6.763589933683696, 61.4192550169525], [-6.763820302160889, 61.41906919474558], [-6.7640743201219955, 61.41906252621728], [-6.764404443050005, 61.41955048660948], [-6.764283589702252, 61.42014421930452], [-6.763839734871207, 61.42040085904376], [-6.763620736626644, 61.4206655216025], [-6.762411153929466, 61.42070865530244], [-6.76213177340391, 61.420963249340325], [-6.762633671268037, 61.4222174124799], [-6.763235351925435, 61.42243996659376], [-6.763301087492554, 61.422719208935746], [-6.762897796309598, 61.4228855633613], [-6.762777777049686, 61.42318858270669], [-6.763311713539077, 61.423404809221346], [-6.763148532080962, 61.423586264171455], [-6.76267312819099, 61.42365293173227], [-6.762929737842508, 61.423858112310334], [-6.762530711110337, 61.423959800781674], [-6.762857602825395, 61.424375882505245], [-6.763425197775472, 61.424512754983375], [-6.763881229552423, 61.42481963260611], [-6.764353281069637, 61.42498993955864], [-6.765322212096094, 61.42568920295497], [-6.765107740552773, 61.42574204876717], [-6.764748927817548, 61.42559193032263], [-6.7645087929804655, 61.42557683267284], [-6.764537266458569, 61.4257021049223], [-6.764362347309525, 61.425793941046045], [-6.763125828035048, 61.42574766189793], [-6.763155600015165, 61.42590168743468], [-6.762918032318961, 61.425936819653415], [-6.763002945868683, 61.426147602981736], [-6.763957840684193, 61.42624759359056], [-6.764577771275494, 61.426538140117835], [-6.765473674694225, 61.427119833771], [-6.765873883771656, 61.42719763716196], [-6.767344592459065, 61.427908842905815], [-6.767550548494088, 61.42814684810944], [-6.767194084795014, 61.42835214701314], [-6.765430140173796, 61.42853835796484], [-6.764966067149358, 61.42837878213393], [-6.764072340811156, 61.428615608502454], [-6.764740498225597, 61.42897384013546], [-6.767559771268145, 61.43003510160443], [-6.7679803030841486, 61.43083780273285], [-6.767356263955607, 61.430931488432265], [-6.766979830936588, 61.43088209541404], [-6.765967262733657, 61.43129268632756], [-6.765987351850144, 61.431396540591955], [-6.7661443955570935, 61.43139464168467], [-6.767225478332862, 61.431162774946614], [-6.76845428943196, 61.43120197242281], [-6.769436524809271, 61.43155278373703], [-6.771223731989016, 61.43199809241618], [-6.771271800590624, 61.43221652331814], [-6.770839488214389, 61.43240478184456], [-6.771022641056487, 61.43247800838616], [-6.7714116636824215, 61.43232611835327], [-6.772534645085312, 61.4320326772892], [-6.773557653262476, 61.43245119760133], [-6.775088760110277, 61.43316519038269], [-6.774844304307366, 61.433369207033], [-6.775041639936641, 61.43342784630333], [-6.77523807550661, 61.43331058117926], [-6.777127808714897, 61.434167451680466], [-6.777686720330734, 61.43442640509536], [-6.778686271257683, 61.43482366913141], [-6.779461845781262, 61.4352308114], [-6.7796378078357185, 61.435153338236475], [-6.778884798222108, 61.4347531213119], [-6.779041171934083, 61.434582489971184], [-6.779281501611444, 61.43460115509888], [-6.779610892387371, 61.43475874065901], [-6.779962086932213, 61.43459291787836], [-6.780328130165181, 61.43458131887832], [-6.780672775646027, 61.43474588561529], [-6.780484617962049, 61.435028229185], [-6.780908061476408, 61.43527085252577], [-6.7805741703045275, 61.43548311082113], [-6.780172615678026, 61.43538019151129], [-6.779929894446332, 61.43546572930926], [-6.781640615029873, 61.43632821779463], [-6.78148050673074, 61.43641995970139], [-6.781550715284564, 61.43647650685026], [-6.7817808388838925, 61.436441398502595], [-6.783155684107312, 61.43716440671101], [-6.783067236913305, 61.43734495325035], [-6.7832206062636455, 61.43741857272912], [-6.783495465801086, 61.43737934504764], [-6.785904539700401, 61.43874315605562], [-6.78753720502796, 61.43937686393376], [-6.788487726435667, 61.43998999022423], [-6.788794217585727, 61.44013353063497], [-6.789934528644817, 61.4409525667719], [-6.789798396816141, 61.441076313836476], [-6.7899074975009786, 61.44116114433733], [-6.79008926794969, 61.4410548415263], [-6.793250927331047, 61.4432495294374], [-6.7933835016076705, 61.44320482109527], [-6.792671785331225, 61.44258520804765], [-6.79360556826081, 61.442243614086074], [-6.794668811484569, 61.44210146729008], [-6.794876179641456, 61.44221024924296], [-6.794986929701734, 61.442937688813586], [-6.7951660052281335, 61.442924711130814], [-6.79513535035032, 61.44245841110166], [-6.795538899421439, 61.44244271097305], [-6.796326723008931, 61.4429392844029], [-6.796596300328146, 61.44294321961718], [-6.796818467810927, 61.44274311181233], [-6.799372320910012, 61.44337979353423], [-6.799689657322511, 61.4438928559529], [-6.8001140367273685, 61.44399895804503], [-6.800575357352751, 61.44439907282464], [-6.800472528362355, 61.444590529302495], [-6.800126151581919, 61.44469893216663], [-6.800228149102389, 61.44479459201739], [-6.800598817952507, 61.44472186832757], [-6.800778571208505, 61.44472325952254], [-6.801367591670169, 61.444978197913066], [-6.801269113394652, 61.444652659093556], [-6.801335249900819, 61.44432512255865], [-6.801762893841317, 61.44404349495872], [-6.802308460234844, 61.44387888189715], [-6.802483022889136, 61.4439270539637], [-6.8024721301494395, 61.44416049530987], [-6.8033064225057425, 61.44498324605643], [-6.8032256018588715, 61.44531449569717], [-6.803248586474751, 61.445928092889055], [-6.803747710631751, 61.446033329560905], [-6.803991751865949, 61.44536974096818], [-6.804296014118333, 61.44531577320163], [-6.804844135367845, 61.445653711665145], [-6.804716105094875, 61.44578810913681], [-6.804808036141391, 61.445830090957536], [-6.804977711553252, 61.44577780199071], [-6.8051683488508115, 61.445850831517724], [-6.805217349346918, 61.446083626736396], [-6.805351577171046, 61.44607116590645], [-6.805297514919797, 61.44588874731629], [-6.8055267301366795, 61.44568128779733], [-6.80571017424411, 61.445004145632], [-6.805909813282305, 61.44495503431095], [-6.806069805779249, 61.4450105074784], [-6.805979062210644, 61.44559676336652], [-6.8060684203884385, 61.44558492212625], [-6.806181660143628, 61.445152740359646], [-6.806293595929841, 61.44514781873548], [-6.8067139023535495, 61.44562015149523], [-6.807167833672877, 61.446469041427605], [-6.8072746862378395, 61.44681239779389], [-6.807112438740892, 61.447011785964634], [-6.80674447734366, 61.446987605036476], [-6.806593724982661, 61.446817089755044], [-6.8062828514373495, 61.446587508259746], [-6.806163519195465, 61.44659617091978], [-6.806102569679114, 61.446726178823], [-6.8062447447680965, 61.44702602415329], [-6.806045650309895, 61.447085829266236], [-6.805755675999047, 61.446974560888705], [-6.805428632547267, 61.447021609014755], [-6.805252268228555, 61.44693758815337], [-6.805000796861738, 61.446998069780705], [-6.805063830316707, 61.44721277643024], [-6.804910852259651, 61.44744795655457], [-6.805688384947623, 61.448181603042265], [-6.80573782275759, 61.448421587746225], [-6.80606219836778, 61.44862220910651], [-6.806926108777368, 61.448683418351436], [-6.808520902365871, 61.449141435465044], [-6.80888831762369, 61.44945282043365], [-6.809402294427538, 61.4495506435115], [-6.810390311398138, 61.44954937134854], [-6.810727844450369, 61.44941233756516], [-6.811159412930611, 61.449511157010605], [-6.811246993644176, 61.44946345982345], [-6.810978218710924, 61.449330279338234], [-6.811091647603615, 61.44920327189496], [-6.8126170531410875, 61.448416257114566], [-6.813663566804465, 61.448385469079355], [-6.8147729541316515, 61.448716526492696], [-6.814665186585477, 61.44925636264098], [-6.8154641268993075, 61.44966294328373], [-6.816133918771279, 61.44988454912885], [-6.8166758208020415, 61.45039121856615], [-6.816411167063684, 61.450785772740424], [-6.815815418144824, 61.451148505132174], [-6.815833233554135, 61.45135655104608], [-6.816209748001096, 61.45139862118725], [-6.817402688552421, 61.450852560850976], [-6.817680405974164, 61.450867088547014], [-6.818643153730225, 61.451551741644266], [-6.820185675700149, 61.45275334684389], [-6.820851732242305, 61.452895948217865], [-6.821074377466027, 61.45270649366761], [-6.821064723532799, 61.452365611318726], [-6.821732557873554, 61.451948079935555], [-6.822693481580171, 61.45170287908854], [-6.8232424729546715, 61.45205152587679], [-6.822757134684897, 61.452226259673736], [-6.8224000106188525, 61.45256807309717], [-6.822648576520237, 61.45259729529655], [-6.82358090172479, 61.452377575828436], [-6.824166904037226, 61.452567807029446], [-6.823890218581095, 61.45376672746329], [-6.824053699651311, 61.45418836935428], [-6.8249418246013445, 61.454428696730666], [-6.8256281141420345, 61.45452428266046], [-6.826248277407343, 61.453461143349564], [-6.826821276397712, 61.453540182236736], [-6.827025094378016, 61.45416600446963], [-6.827395812585892, 61.454093207179994], [-6.827461258974365, 61.453758468116845], [-6.828214191454334, 61.4538425395055], [-6.828994258016114, 61.45431391539547], [-6.828872127250321, 61.454415927823696], [-6.828346469543389, 61.45438658807631], [-6.828673854921745, 61.45464097997445], [-6.828449311361571, 61.45479100147959], [-6.826695300172953, 61.45520040355576], [-6.826615685691947, 61.45540239566526], [-6.827266091401931, 61.45582878620832], [-6.82836576791973, 61.456105969487645], [-6.829329287933127, 61.45605810440873], [-6.829864672112227, 61.455538124947275], [-6.830272642520726, 61.45546124726034], [-6.831041019232074, 61.4555558743325], [-6.8312943575817755, 61.45567835093401], [-6.832496180720361, 61.45575314796959], [-6.833104708452933, 61.45593947890693], [-6.832523624326611, 61.4551102041904], [-6.832772299514184, 61.45499584656483], [-6.833266473237791, 61.45514048521406], [-6.833257105276608, 61.45495753803912], [-6.833425785885432, 61.45488724083929], [-6.834291088454343, 61.455267740027516], [-6.8341071810496254, 61.45547830478635], [-6.833897885411601, 61.45548806889013], [-6.833644246570402, 61.455211166410194], [-6.8333927570588, 61.45527179062849], [-6.833650020076229, 61.455620398051614], [-6.833977411228446, 61.455727622624], [-6.834255402395858, 61.45604010819686], [-6.835495280055029, 61.456570324462994], [-6.835662883582569, 61.45677653739074], [-6.835526621301408, 61.45689305437535], [-6.834426462907294, 61.45675598398471], [-6.834438150447059, 61.45698915647993], [-6.834596791985774, 61.457310328903326], [-6.834480362528653, 61.45737643455663], [-6.834283578602191, 61.457335761932114], [-6.834152130912846, 61.457401986525724], [-6.834420887780287, 61.45753511794246], [-6.8349710209642796, 61.45745645644917], [-6.835441145680311, 61.457572690161804], [-6.835545421663451, 61.45770777187779], [-6.835835596824965, 61.45781906601583], [-6.836297458407139, 61.45821546566025], [-6.836356354735719, 61.45863829356081], [-6.8358143341291795, 61.458874838356095], [-6.835336105984853, 61.458898717211454], [-6.834110164169916, 61.45967865156541], [-6.831578659672455, 61.46035043254554], [-6.831637476299808, 61.461093157936396], [-6.830706790657572, 61.46221276514623], [-6.831520787905588, 61.46305609652881], [-6.832990137545213, 61.46357393075084], [-6.8337933348505535, 61.46359475541378], [-6.835644142093109, 61.46397419308676], [-6.836338874794421, 61.464442004002656], [-6.836525405204345, 61.464428550027314], [-6.836902426920579, 61.46395979517854], [-6.837017714019089, 61.46362764346932], [-6.837165781188477, 61.463977553214036], [-6.83784602053993, 61.463694813096026], [-6.838737390929847, 61.46470228611896], [-6.838610221088903, 61.46432685419054], [-6.838374909746895, 61.46389564919058], [-6.838948713362568, 61.46447293818142], [-6.838998625399686, 61.46480987883938], [-6.839835690050479, 61.465153435540756], [-6.840327030055699, 61.46509616955772], [-6.8405574098528605, 61.465315585385035], [-6.841930565376174, 61.4650910829445], [-6.841780570951151, 61.46483820327415], [-6.842039162920127, 61.464773455752834], [-6.844036607763215, 61.46585110047977], [-6.844225463510289, 61.46587717690174], [-6.843474274916314, 61.46534198248444], [-6.843608754647112, 61.465210704744315], [-6.842626406596108, 61.4645674123024], [-6.8426759808018796, 61.46401352648841], [-6.8456175854965124, 61.464330538204585], [-6.845807003444811, 61.46487017493584], [-6.845765685389827, 61.465438377789425], [-6.846058673104494, 61.465448508577], [-6.846581411262145, 61.465038695676455], [-6.846964844210089, 61.46493255657061], [-6.847435782292313, 61.465166463207424], [-6.846652313375129, 61.46535019809636], [-6.84651322990724, 61.46553177329684], [-6.849623679678919, 61.465407943296974], [-6.850620548437407, 61.4652858424212], [-6.850417377437701, 61.46564794442535], [-6.850112006501274, 61.465681081258516], [-6.850214279206214, 61.466390902083305], [-6.850916335607174, 61.466477715732566], [-6.851081197662297, 61.46660108482634], [-6.851668698827501, 61.46677586098315], [-6.852932596030428, 61.46648101254399], [-6.8545264748552865, 61.466562171955594], [-6.855307974802642, 61.466471823190595], [-6.855914818018837, 61.466592388987564], [-6.856138376904298, 61.46682262189716], [-6.856844261163207, 61.46709621054189], [-6.857156393317906, 61.46705221186279], [-6.857571895763536, 61.467484430831], [-6.857120460628723, 61.467580726918065], [-6.857306648408529, 61.467811534316304], [-6.857897927522699, 61.46792151990704], [-6.8589544953772394, 61.46841997158198], [-6.859018839419541, 61.469119487355066], [-6.860298064652557, 61.46983018407855], [-6.861308791082755, 61.47068477359394], [-6.862873815836879, 61.471283593693265], [-6.863748301126434, 61.47174142774932], [-6.863981962838053, 61.472262517103225], [-6.864318869032287, 61.472505473144444], [-6.8644600871807775, 61.47248543080123], [-6.864407533975956, 61.47210904840898], [-6.864911878859399, 61.47201912660391], [-6.86557038425492, 61.472250262410824], [-6.866025863350258, 61.472843520560644], [-6.865560933636006, 61.472968812230896], [-6.866147771369295, 61.47350272638743], [-6.865916440768696, 61.47389403457732], [-6.867085415991947, 61.47413561631114], [-6.867363181558099, 61.474390293305255], [-6.867349680123309, 61.47528852075148], [-6.867634586656514, 61.47479220048115], [-6.867769054494584, 61.474783091519726], [-6.86792521309764, 61.4755099896698], [-6.8680740059125025, 61.47436914548688], [-6.868415189124977, 61.47418453042402], [-6.868842281690292, 61.47430409580275], [-6.869672668514581, 61.475272678560245], [-6.870242033486487, 61.475390074106386], [-6.87041804094119, 61.4755743744205], [-6.870211344406198, 61.47600118045745], [-6.870706623305186, 61.47588263341694], [-6.87137807564375, 61.47632905738607], [-6.870098714820201, 61.47612142454956], [-6.869932899566159, 61.47623158602739], [-6.87106133415628, 61.47741851698927], [-6.870531054331783, 61.47769928921294], [-6.869094042513974, 61.47786742050874], [-6.868675747718292, 61.47776936279118], [-6.866618701312128, 61.47822310573234], [-6.86603580125744, 61.478626662344716], [-6.866215174057017, 61.47886839133265], [-6.866969284617515, 61.47894004400674], [-6.866778397097343, 61.4791332144985], [-6.868822101063077, 61.479825493421735], [-6.871943897990857, 61.480491289648995], [-6.87476524885225, 61.4808992139949], [-6.875207231580011, 61.48163632334784], [-6.874898042165998, 61.48210426676148], [-6.872804912408857, 61.48358239044027], [-6.872865769437803, 61.48421728724485], [-6.87248442132843, 61.484359357389415], [-6.873090138102315, 61.484332581440455], [-6.873007697854912, 61.484455905073204], [-6.873802861945586, 61.48446226169209], [-6.873999134406227, 61.48460674173356], [-6.87372371637007, 61.48489089220283], [-6.874930517426248, 61.48488052801116], [-6.87536972168417, 61.485075226768224], [-6.875129191127394, 61.48519015074765], [-6.873627017051047, 61.485150998334895], [-6.873252174038794, 61.485400730168344], [-6.872601900247976, 61.48543892904605], [-6.872509575805836, 61.48552286323972], [-6.872891745911472, 61.48576874885919], [-6.871732163778723, 61.486313673333726], [-6.871036689760868, 61.48647110345532], [-6.871800868694557, 61.48732927525796], [-6.873842650277823, 61.4878563312867], [-6.874279500760987, 61.4878858892585], [-6.874437628924969, 61.48802007448715], [-6.875063291714631, 61.48794987781068], [-6.875331600622784, 61.488046552890175], [-6.875127779335206, 61.48827221293304], [-6.876294863475713, 61.48847076093708], [-6.876125220616876, 61.48876779425108], [-6.877447442120634, 61.48892808902192], [-6.87758952695289, 61.48904451213218], [-6.8774606286870945, 61.48914700097683], [-6.8763928655086675, 61.488975784768684], [-6.876773466263591, 61.48956657120738], [-6.874846986011922, 61.48933602799119], [-6.874155576619255, 61.4905566332312], [-6.874816247844507, 61.49143426234795], [-6.876316805161947, 61.491441140367485], [-6.876691846040742, 61.491564979931866], [-6.87684133886521, 61.491433455508464], [-6.877118195598999, 61.491422254050484], [-6.877163479458711, 61.49155089980303], [-6.877337897448024, 61.49145854995793], [-6.877634946386085, 61.49140753127634], [-6.878466941636891, 61.49164678596065], [-6.878319826371881, 61.49181776295712], [-6.879442439828674, 61.491776231267586], [-6.879726820276058, 61.492138449603154], [-6.879197477307779, 61.49268861481311], [-6.87943688415428, 61.49391723183377], [-6.880628125661774, 61.494510522084695], [-6.883764544621064, 61.49452210756202], [-6.884522548196697, 61.494776778818554], [-6.885169855473487, 61.494688286466776], [-6.885483958137102, 61.49479508042803], [-6.88543085909292, 61.49565075753787], [-6.886559541633157, 61.49632391033287], [-6.886390845419978, 61.49638745190412], [-6.885705828246004, 61.496350837962716], [-6.886109643546903, 61.49657475422849], [-6.886983875965486, 61.496640976134586], [-6.888297007675287, 61.49652117257139], [-6.89250599351756, 61.49701967983972], [-6.894571012954927, 61.497542459297584], [-6.895448007628188, 61.4982659472009], [-6.896018920752727, 61.49840129612864], [-6.895670013450155, 61.49846026057535], [-6.89500649830577, 61.498283252983825], [-6.893156909969011, 61.49895709029045], [-6.893042680891841, 61.49929998293619], [-6.8918351627444965, 61.49979908892985], [-6.891775224785385, 61.50004783649493], [-6.89323610975061, 61.50055877316265], [-6.894537363321048, 61.501088872872415], [-6.895416230278025, 61.50195504873406], [-6.89588746370199, 61.502939875395526], [-6.895839733642339, 61.503189082874755], [-6.8961894161119135, 61.503473806475476], [-6.8963617733039895, 61.50365280448055], [-6.896080318631019, 61.50372197339767], [-6.896339848457315, 61.503975851788965], [-6.8972552531551035, 61.50407828431146], [-6.8973173309429185, 61.50452311694499], [-6.896999059698911, 61.50490774267619], [-6.896026734872757, 61.50473834885807], [-6.895921619497284, 61.504927771627585], [-6.897386245713408, 61.50554578835807], [-6.897454996480862, 61.50589232552179], [-6.896838648987806, 61.505912138885314], [-6.8968865729438384, 61.506111384294805], [-6.898000725428574, 61.50645938392628], [-6.8992713118795175, 61.50697822081463], [-6.897797651533693, 61.50900454940139], [-6.89746728815256, 61.50933691734801], [-6.896570321824499, 61.510015409722364], [-6.8957768733009095, 61.50970020115621], [-6.895473314868834, 61.510171510312546], [-6.8946344342429695, 61.50999403151933], [-6.894143609819841, 61.510289339131695], [-6.893809260759356, 61.51068232836529], [-6.894809599478852, 61.511531893337306], [-6.895822753791153, 61.512187993495594], [-6.89597182049046, 61.512763277802215], [-6.892927081773893, 61.513637398929056], [-6.893563798619228, 61.514298987626766], [-6.892967153036191, 61.515121095888595], [-6.892467794683704, 61.51520330832688], [-6.891893288715906, 61.51573801109589], [-6.891470020312429, 61.516552479730514], [-6.890642121442562, 61.517257866528126], [-6.890240536827502, 61.517195517392196], [-6.890110081316834, 61.517272856764876], [-6.891699993264438, 61.51872235142547], [-6.891741283418295, 61.51927855097661], [-6.891955929805815, 61.51935083302263], [-6.891542205665704, 61.519831020058014], [-6.891410495770947, 61.520501158853655], [-6.891827805274244, 61.52045188196945], [-6.891868241519377, 61.52062012873313], [-6.892432407353101, 61.52100694565441], [-6.892415508513425, 61.52110059335713], [-6.892771002059591, 61.521142109600135], [-6.8932076982375845, 61.52165649824496], [-6.893020226489731, 61.521781437580124], [-6.894078675659017, 61.52202454286198], [-6.89519629857165, 61.52274447941488], [-6.894229005417958, 61.52301014249014], [-6.8937623012819405, 61.52299186523321], [-6.891793015490173, 61.523081896350355], [-6.891458513327624, 61.523259228204545], [-6.891282646229026, 61.523207927721984], [-6.8915717204924825, 61.52302405561562], [-6.890931687372095, 61.52274603834473], [-6.889787183058526, 61.52281678977238], [-6.889821392085211, 61.52264027476324], [-6.889543360677045, 61.52263712325653], [-6.88954037653622, 61.52295687363346], [-6.889187117168131, 61.522951295914844], [-6.888566292285736, 61.52274485098569], [-6.888334774979275, 61.522762620419385], [-6.888139135626828, 61.52312830662193], [-6.886958182236599, 61.52296961809855], [-6.88622374775471, 61.523116835192255], [-6.8855732050361915, 61.52315869507413], [-6.885245237796833, 61.52307727724929], [-6.884959789428261, 61.523196461265904], [-6.88451335632708, 61.5232640283056], [-6.883666748329659, 61.523294386709765], [-6.8834876536623195, 61.5233967116671], [-6.882813671563361, 61.52338910136407], [-6.882686315804934, 61.52354970897869], [-6.882294419208846, 61.52351792380298], [-6.881919430759465, 61.52337085365938], [-6.881855719009179, 61.52338700844243], [-6.8818350152791306, 61.52355780717563], [-6.881728464872705, 61.52354330735372], [-6.881455982048077, 61.523337950494], [-6.881006410511091, 61.523366043548556], [-6.880545258784488, 61.52395355629005], [-6.879986495998249, 61.524398409685176], [-6.88030684630639, 61.52495106904838], [-6.880885900479139, 61.52552060123025], [-6.881803994659063, 61.52558411692524], [-6.882563677276298, 61.525082503939444], [-6.883100797506804, 61.52495395848592], [-6.883534820930401, 61.52489230744974], [-6.88392498387815, 61.52494973893216], [-6.884069632638387, 61.52505892005483], [-6.884045075012988, 61.52515693686168], [-6.884098464045245, 61.525294683313696], [-6.884059634233131, 61.5254695093941], [-6.8841914050395046, 61.52550576772275], [-6.884893249757374, 61.52545681167512], [-6.885543098963582, 61.52551397117331], [-6.886348663738725, 61.52565058138976], [-6.886298928138793, 61.525789775081066], [-6.886613928051468, 61.52576684312079], [-6.887043867774737, 61.525831258445265], [-6.887330961357818, 61.52595557926778], [-6.8874993217347775, 61.52611432469892], [-6.887604674401037, 61.5261437944754], [-6.887704991489698, 61.52611752217412], [-6.887736082789777, 61.52598970963931], [-6.88808245051925, 61.525967261880446], [-6.888352737822885, 61.52600997841602], [-6.888556067390162, 61.52611369199692], [-6.888899909612523, 61.52619175663155], [-6.889098922172562, 61.52629540227845], [-6.8891935515966285, 61.526418793754175], [-6.88915752075323, 61.52648673624729], [-6.889044307949212, 61.52650634511076], [-6.888666481865249, 61.52639992100042], [-6.888292229153141, 61.52643693023569], [-6.88782582841193, 61.52638039159964], [-6.887755562885403, 61.526426433905456], [-6.887849905554067, 61.52648778383792], [-6.88812887322304, 61.526599048170496], [-6.888443848556284, 61.5267751540509], [-6.8889661199337295, 61.526864520205464], [-6.889021390696338, 61.52690604928629], [-6.888933287877854, 61.52695172529676], [-6.888326074499019, 61.52685888426126], [-6.888281239029146, 61.526992498575765], [-6.88836233727883, 61.5271157701371], [-6.888302407627832, 61.52714258085095], [-6.887765588169423, 61.52706797931874], [-6.8875047363024375, 61.5270852918143], [-6.886413561740499, 61.5269314081737], [-6.886052764611881, 61.52677388729767], [-6.885855704928924, 61.52690342678242], [-6.885860925340018, 61.526959171766876], [-6.886181599150975, 61.52698552848368], [-6.886555203487509, 61.52708767421132], [-6.88654865763418, 61.52711746921304], [-6.885817432376882, 61.52720242801071], [-6.885793476330394, 61.52722557769684], [-6.88585659632675, 61.5272842885015], [-6.886690007181781, 61.52727803999181], [-6.887293750445547, 61.527289493502735], [-6.887644000587159, 61.52733991873365], [-6.88798047607858, 61.52746276109226], [-6.888196897871261, 61.527592445483336], [-6.88834167280874, 61.52779670076346], [-6.889154016452448, 61.52786247226783], [-6.889184962590422, 61.527962968035325], [-6.888587895036635, 61.52838849703654], [-6.888514636254837, 61.52859699532672], [-6.888321174600013, 61.52879509657414], [-6.886940382511819, 61.529018372804124], [-6.886733523425824, 61.52939609341102], [-6.886745117863201, 61.52982694940585], [-6.887631231871932, 61.530510217382954], [-6.888449500556143, 61.531204455346455], [-6.888767138336338, 61.53139738998106], [-6.890161304542336, 61.53176307903012], [-6.892300000300911, 61.532941678187754], [-6.893866735532458, 61.53328522433706], [-6.89448407653809, 61.53336948664108], [-6.894771085022688, 61.53351587470804], [-6.895101378762913, 61.53346820003572], [-6.896081715319586, 61.533784770403344], [-6.897038615186652, 61.53400086630916], [-6.897872561077222, 61.53395882227372], [-6.899425363551033, 61.53364157801042], [-6.900068282265396, 61.53327686280495], [-6.900878118054148, 61.53307686489857], [-6.901528782718206, 61.53350214345675], [-6.901902250411294, 61.533263978302415], [-6.903324527435964, 61.53340677043461], [-6.903780462231102, 61.53388127606085], [-6.903850974553153, 61.53398678607449], [-6.903516409008676, 61.53399491309702], [-6.902933390888204, 61.533972631281465], [-6.902928896334697, 61.53403899876614], [-6.903179561532839, 61.53424226644281], [-6.9028884262660455, 61.53463657517486], [-6.902402376425127, 61.53503451910203], [-6.901761478011101, 61.535044557678916], [-6.901377987825984, 61.53515831309528], [-6.901336230930838, 61.535363712458], [-6.901685570009762, 61.53554857537429], [-6.901564845481292, 61.535892362880034], [-6.901676029767756, 61.536100123458866], [-6.901539645607134, 61.53626419988177], [-6.901871494432713, 61.5365019416094], [-6.903513766012489, 61.536500707322006], [-6.904359444460524, 61.5367530106695], [-6.904852379011022, 61.536667508425154], [-6.905627666894036, 61.53672605205463], [-6.9057074998825785, 61.536780431516796], [-6.904735727270064, 61.536951567973425], [-6.90460070298927, 61.53709573721897], [-6.904772924463519, 61.537224621893756], [-6.905734823592954, 61.53719958352994], [-6.9061551532936845, 61.53724376635717], [-6.906174492519515, 61.5373026812042], [-6.905919231000055, 61.537493220004], [-6.906066588510267, 61.53767558748647], [-6.906111197688731, 61.53798107559508], [-6.906375712704594, 61.53814441853038], [-6.906740953917808, 61.53763285172262], [-6.906987298232424, 61.53753660401922], [-6.908053346443877, 61.53737884291603], [-6.908588267130916, 61.53748484394601], [-6.910497596955582, 61.53746806109411], [-6.9104291303826395, 61.53811467557841], [-6.91105713480104, 61.53851127604752], [-6.912111823189162, 61.538709013055374], [-6.913038799662155, 61.53891797853466], [-6.913595481026987, 61.5389557020424], [-6.913852824790486, 61.53912008673128], [-6.914005458043342, 61.539342208057136], [-6.914834202762271, 61.53950476388189], [-6.9161995053107, 61.539920547054834], [-6.917156952463377, 61.540172415895825], [-6.9178565483896906, 61.54019166194356], [-6.918315610158821, 61.54022966600487], [-6.918700280880181, 61.540361336012985], [-6.9187741867816985, 61.540946478666534], [-6.918904960349852, 61.54121180187828], [-6.918389861155844, 61.54157613872097], [-6.917807138586687, 61.541919237845526], [-6.9171776528730655, 61.542129553503635], [-6.916894381162487, 61.54236384564935], [-6.916706378698464, 61.54235369277769], [-6.91664500298114, 61.54224259354529], [-6.9160072193610045, 61.542377542078825], [-6.915858957127345, 61.54257906746892], [-6.915373683281741, 61.54290749043405], [-6.914804887562939, 61.543171426427], [-6.91447425267512, 61.543186824534516], [-6.914195361166909, 61.543126703542676], [-6.914807594351482, 61.544133898547976], [-6.914203382067549, 61.543884381806], [-6.914636893922431, 61.54434989222884], [-6.915655949696951, 61.544730829295936], [-6.919500332212654, 61.54630930614812], [-6.919121820437226, 61.54678454862275], [-6.9184396573942095, 61.546987870528994], [-6.917998883832511, 61.5472694916999], [-6.916969104937612, 61.547323029182415], [-6.917548820562694, 61.547660326507106], [-6.917846906579452, 61.547833758780534], [-6.917719692655576, 61.547884421123356], [-6.917079905885354, 61.54784337907138], [-6.917842361837455, 61.54811388892984], [-6.917023225537812, 61.548173974390856], [-6.917108795389644, 61.54844300575687], [-6.9178701012518795, 61.54860217186586], [-6.9177050637823925, 61.54936043054384], [-6.918924981063492, 61.55020758436368], [-6.920374118511986, 61.55069130613995], [-6.923775101285789, 61.55080953036834], [-6.92724178188112, 61.55074785652637], [-6.928597253478102, 61.55090138184797], [-6.929638145405167, 61.550477767741825], [-6.930691928471146, 61.55055324013305], [-6.930184810208268, 61.550949973800364], [-6.93100463095942, 61.55164027505965], [-6.931697788573571, 61.55174571445259], [-6.932508208706372, 61.55156348805852], [-6.932758011203912, 61.55171703553655], [-6.93258016833111, 61.551951077168255], [-6.93293217210388, 61.55181700236674], [-6.933766718978631, 61.55178910476815], [-6.933980328791236, 61.55206491647885], [-6.93382525171551, 61.55231322109368], [-6.933931267754183, 61.55238827023781], [-6.934530989435958, 61.55219950883111], [-6.935044469007241, 61.552380937169794], [-6.935579564595112, 61.55247255441757], [-6.934374495600721, 61.553018871123115], [-6.934081496969674, 61.55304135409758], [-6.932847570285974, 61.553013177871875], [-6.932630686009707, 61.55312165500182], [-6.932540226600143, 61.55378275319352], [-6.932644699058291, 61.554396448984185], [-6.932944381254021, 61.55497001801887], [-6.9332025783592375, 61.555863374087046], [-6.933318206765516, 61.55612153749361], [-6.93362026251783, 61.55621752092924], [-6.934650859052456, 61.556217642576776], [-6.934908372896974, 61.55637480380888], [-6.935521183234088, 61.55736753545062], [-6.935206012189092, 61.55743681839745], [-6.9339206483200035, 61.557530869710675], [-6.9336504631043905, 61.557600024419486], [-6.9338724276970405, 61.55792605879695], [-6.934303639059077, 61.55882239889752], [-6.934746796278189, 61.559438631422154], [-6.935036407779649, 61.55977520701405], [-6.9353701807262125, 61.560081927624346], [-6.935836993449627, 61.560236966128045], [-6.9361012152814565, 61.56039009649836], [-6.936263524943316, 61.56045980271109], [-6.936284409610328, 61.56049944231927], [-6.93498133676091, 61.561105151389434], [-6.935023439991039, 61.561173752508346], [-6.935101356108648, 61.56110625500528], [-6.935499146083244, 61.56094467690159], [-6.935990572196759, 61.56069429151685], [-6.936386421079696, 61.56057577494819], [-6.936495023531264, 61.560849629311974], [-6.936238089026368, 61.561952963927546], [-6.9365135092709, 61.56219245000955], [-6.937086479495587, 61.56250629506208], [-6.937803698974882, 61.562785605001224], [-6.938525894178484, 61.56312603533685], [-6.938996049636219, 61.56338157417158], [-6.939564717979039, 61.563444144406375], [-6.9402099587413, 61.56346783065555], [-6.940672596086077, 61.56355096593013], [-6.940766282247079, 61.56364521427692], [-6.940805512474745, 61.56378550234886], [-6.940778163518267, 61.563896592449325], [-6.940514227915343, 61.56391935107959], [-6.940073966901226, 61.56402311251248], [-6.9397207404978865, 61.56419938444943], [-6.939582422009473, 61.56445306688741], [-6.939520865720998, 61.56484024436396], [-6.939904600036446, 61.56536784425109], [-6.940857166039598, 61.56595082720412], [-6.941780567297182, 61.56633603022107], [-6.941931398460468, 61.56650251534266], [-6.942499859963435, 61.56674462469463], [-6.943066212155131, 61.56704406760451], [-6.943351887128319, 61.56704299934724], [-6.9438292122032514, 61.567129846289006], [-6.944253175236933, 61.567237791040554], [-6.94501212597298, 61.567600016874], [-6.945403049999438, 61.567958925979966], [-6.94584173764578, 61.56825364569564], [-6.946509845299265, 61.56845343013257], [-6.947338083099458, 61.568600862564445], [-6.948052231272066, 61.568779517747366], [-6.949284085051079, 61.56933980554866], [-6.95041062374318, 61.5695436950249], [-6.951195340629872, 61.5698343608048], [-6.953382724421093, 61.57109947001394], [-6.954616728503846, 61.57143359017219], [-6.956171637503005, 61.57164485556164], [-6.957549952377509, 61.571764752771585], [-6.958693972237822, 61.57191128668929], [-6.95956586227893, 61.57209852962623], [-6.960763411155961, 61.57259014297573], [-6.962201335719039, 61.57290076341179], [-6.962889953516266, 61.57315813873013], [-6.963504396725753, 61.57320665687056], [-6.963988497436706, 61.57331866959729], [-6.964541829043023, 61.5733916755432], [-6.965460146542804, 61.57354698490196], [-6.965899376438722, 61.57365140703139], [-6.967593402943753, 61.57486894955843], [-6.968246311522505, 61.575441866696714], [-6.968491635053749, 61.575878431519094], [-6.968331841392799, 61.576289826837105], [-6.96842100470486, 61.57667836431336], [-6.968846989146269, 61.57710568440784], [-6.969542230426419, 61.57757131451956], [-6.969788768262952, 61.57797557501208], [-6.969922976115842, 61.57854756805006], [-6.970196547927254, 61.578844319382775], [-6.970440487875778, 61.57894698030119], [-6.97105501063225, 61.578999054686086], [-6.971360038870537, 61.57889407364068], [-6.971631046523825, 61.57888563336507], [-6.971778427811031, 61.57895875288379], [-6.971878381073407, 61.57908880208194], [-6.972254322239888, 61.57908856740931], [-6.972397991193543, 61.57907185446959], [-6.972934634057316, 61.578818058979095], [-6.973952051475305, 61.578579228931765], [-6.974175297191697, 61.578638572086135], [-6.974455810652341, 61.57876672776196], [-6.975444470644726, 61.579044570415064], [-6.975915689241197, 61.579289215991885], [-6.97651465335832, 61.57935189701381], [-6.976959050174345, 61.579517316514575], [-6.97709266951634, 61.57992769444764], [-6.976560331273788, 61.580256982206464], [-6.976278059275589, 61.5805380951401], [-6.976101405879056, 61.580629913491606], [-6.975958529592033, 61.58062868695027], [-6.975659430354261, 61.58076967703401], [-6.975320597187511, 61.58078106695553], [-6.974692288162902, 61.58070016872235], [-6.974585694117887, 61.580731620475625], [-6.974925437519415, 61.58088175356592], [-6.975559312056415, 61.581012918384225], [-6.975029950345652, 61.581270334048625], [-6.974720365608477, 61.58166613105297], [-6.974272152150938, 61.58177715891017], [-6.974381405340221, 61.58204730569978], [-6.974196170819242, 61.58216063018932], [-6.974283066851161, 61.582427032847605], [-6.974033305670563, 61.58246434392512], [-6.9737413256756335, 61.58243306544653], [-6.97361656763005, 61.58254324939862], [-6.973556942953327, 61.582711500585525], [-6.973820509127986, 61.58288608851251], [-6.973830022370923, 61.58302260041683], [-6.973662389832358, 61.58325810258554], [-6.973404482668167, 61.58331324664197], [-6.973383120788049, 61.58346384275865], [-6.973467182545017, 61.58361537978004], [-6.973365053706207, 61.58372221959313], [-6.973117162429262, 61.583716464311024], [-6.973060596146502, 61.583809258920304], [-6.972800419418082, 61.58373517985622], [-6.972421259379542, 61.58363140779816], [-6.97163669100603, 61.58368911787799], [-6.971151589303383, 61.58378181065162], [-6.970768545245129, 61.584317005146566], [-6.9703750993038955, 61.584740720793526], [-6.970063958231711, 61.58517598694004], [-6.9700062785416055, 61.58548063644014], [-6.970257882950163, 61.58576287445217], [-6.970654089881409, 61.58600327686226], [-6.9711850685783086, 61.58607609860273], [-6.9717592579379195, 61.58601292219293], [-6.972308919648913, 61.58599624139324], [-6.972283505756173, 61.586067773818996], [-6.971827456169284, 61.58636891420668], [-6.971754683136361, 61.586490374979334], [-6.9718970212906175, 61.586505961775416], [-6.9721250692489365, 61.58644696394001], [-6.972648945104713, 61.58614279262538], [-6.9729436877003135, 61.58610947508648], [-6.9730097357309955, 61.58651570907744], [-6.971096349386259, 61.58713799934494], [-6.970450480543095, 61.587480566600874], [-6.970532700872843, 61.587671579672985], [-6.9702462290409715, 61.58769056150568], [-6.969942849700953, 61.58774897187539], [-6.969977491017099, 61.58782104024824], [-6.970146894603526, 61.58791226504635], [-6.9704680111706585, 61.58796535167292], [-6.970644709881685, 61.588060275615916], [-6.970025358613288, 61.588489242305855], [-6.969627555058083, 61.58846777962048], [-6.969226134427951, 61.58834939292044], [-6.968761254787178, 61.58831660291983], [-6.968403401820431, 61.5884211504729], [-6.968382766992744, 61.58855739276485], [-6.968473881001268, 61.58871613057234], [-6.968654193759807, 61.58890797996817], [-6.9688103249655295, 61.58894891307192], [-6.970104786121613, 61.58893508950026], [-6.970146722196444, 61.58901085761193], [-6.970514642287924, 61.58902846175743], [-6.970527301664732, 61.589082426561575], [-6.970240250901127, 61.58911576417894], [-6.969729131716187, 61.58910410407071], [-6.969486226130377, 61.58915946515087], [-6.969769368858516, 61.58922293970659], [-6.97008395943248, 61.58925797444665], [-6.970354533892456, 61.58926039191912], [-6.970793638486077, 61.58919242201823], [-6.971101873512175, 61.589195129921784], [-6.971158781175005, 61.589278213103874], [-6.971070140243472, 61.58941739249135], [-6.970886969877646, 61.58948406022624], [-6.970516215459433, 61.589538236116965], [-6.969965163727211, 61.58958370810825], [-6.969636908428392, 61.58969929394561], [-6.969312189256455, 61.589732337344685], [-6.969354690755394, 61.58979374989731], [-6.9696327097063575, 61.58980337210735], [-6.969773175547974, 61.589862025735584], [-6.97029889971414, 61.58988099554585], [-6.970365604513005, 61.58990667837437], [-6.970349409264098, 61.589935255228326], [-6.969977894274767, 61.590003782644104], [-6.969384614598795, 61.58998066201464], [-6.968681571065973, 61.58988470855355], [-6.968250480237565, 61.5897588739887], [-6.967993637149799, 61.589785385810714], [-6.9673948195116, 61.58971189885819], [-6.967046081213663, 61.58978066853219], [-6.966368542477552, 61.589792636157135], [-6.966093787904955, 61.589707643605415], [-6.965924006783205, 61.589630772357104], [-6.965706528286288, 61.589614505767386], [-6.965456982759453, 61.58964462312375], [-6.965251490768082, 61.5897038575616], [-6.96544334275929, 61.589791742879115], [-6.965683136618782, 61.589815345853076], [-6.966457899096257, 61.58999803301938], [-6.967185819487732, 61.59021987716207], [-6.967332635254744, 61.590310857955764], [-6.967232164959462, 61.59037462572565], [-6.967020271406795, 61.59040512854772], [-6.966642821527202, 61.590437647759266], [-6.966222916483014, 61.590405251743405], [-6.96564047909442, 61.59030318350614], [-6.9646826278067495, 61.59017988064019], [-6.964280823456746, 61.5900758379231], [-6.9640480427477245, 61.590063020782665], [-6.963843634873145, 61.59009713188384], [-6.96387774387189, 61.590179967222916], [-6.963987970966008, 61.590245626264675], [-6.964456809754477, 61.59036458733513], [-6.964162538102155, 61.59038712099175], [-6.964085749143105, 61.59042592354601], [-6.964136527135013, 61.590473097331355], [-6.964510718795884, 61.59051585901623], [-6.964550607517317, 61.590462319915396], [-6.965007363785393, 61.5905130476447], [-6.965091070451008, 61.59049221352843], [-6.965094149146249, 61.59059999159006], [-6.964996188686962, 61.59060265734938], [-6.96560487703142, 61.59079830870111], [-6.965535665831571, 61.590833634208984], [-6.965267018746926, 61.59078455224344], [-6.964434211478554, 61.5907306283822], [-6.964117058936296, 61.59076009186022], [-6.963907386920298, 61.59091981187852], [-6.964069350721839, 61.59100384065046], [-6.964804433099213, 61.591056934522356], [-6.965185309509664, 61.59112134055264], [-6.965481253146257, 61.591242382503694], [-6.965662177993292, 61.59141628971489], [-6.965709175514232, 61.591549591988404], [-6.965711978368061, 61.5916644582359], [-6.964685584136506, 61.591748773122035], [-6.964571412542825, 61.591780104431606], [-6.964705769658565, 61.59180276130571], [-6.964985794447663, 61.59176214781061], [-6.965634620136066, 61.591717617446484], [-6.965761394690281, 61.591743840832244], [-6.965688821310366, 61.59186171076492], [-6.9658787714054915, 61.59236235997593], [-6.966350117289078, 61.59260703869743], [-6.9670570627818975, 61.592796339593015], [-6.96769319727519, 61.593056850085574], [-6.968647844726946, 61.59325908583397], [-6.969181727950084, 61.593263726833946], [-6.969431865362084, 61.59321924685514], [-6.969842749278541, 61.5929248909451], [-6.97008596091128, 61.592862441041326], [-6.970324061679005, 61.59255931355972], [-6.970795039895813, 61.5924485457999], [-6.971186161070028, 61.59245203924887], [-6.971533316697651, 61.592605790863196], [-6.971467968830479, 61.592734454618366], [-6.970952311887004, 61.59283405518985], [-6.971130736457168, 61.59288591108132], [-6.971847231403692, 61.592838319055346], [-6.972333882369335, 61.592896469256445], [-6.972536557691361, 61.59290900318143], [-6.972600023137654, 61.59301004872913], [-6.972575496883338, 61.593243191978594], [-6.972813769913734, 61.59329907875521], [-6.974016588932535, 61.5938696416627], [-6.974867611194193, 61.593848364102655], [-6.97532363577672, 61.593917000552736], [-6.975680518543453, 61.59402061094082], [-6.9759179300415415, 61.59428835124431], [-6.9761160875336845, 61.594591597767604], [-6.976555652330004, 61.59469598553782], [-6.976859251347092, 61.59481352425066], [-6.977204766201392, 61.595042109545226], [-6.9779400272883185, 61.59499628973395], [-6.978466682754578, 61.59484107472944], [-6.978822342806317, 61.594839799894245], [-6.978756221767329, 61.59479051901771], [-6.9788268316579805, 61.59471929717679], [-6.978978988938191, 61.59467756496501], [-6.9797929758305335, 61.59463793101054], [-6.979949860036073, 61.594667998942064], [-6.979978073148691, 61.59471492142692], [-6.979870920929826, 61.594757142771265], [-6.979786891523331, 61.594788664580676], [-6.980374607280712, 61.594768653103834], [-6.980727020716973, 61.5947968614687], [-6.9810487609171785, 61.59477828976117], [-6.981323858255225, 61.595219936030844], [-6.98218560106418, 61.59525425263567], [-6.982063051920306, 61.59584109804646], [-6.981107581159982, 61.59591437962625], [-6.9820249757412425, 61.59639247665485], [-6.982626310387357, 61.59599972746148], [-6.983236354144207, 61.59583423791081], [-6.98356100095748, 61.595857897849456], [-6.984664914078705, 61.59562340368113], [-6.985655267829221, 61.595925337623825], [-6.985283478517704, 61.59650338133446], [-6.984701082963504, 61.59675924464102], [-6.985075987819121, 61.597151007271144], [-6.9853494004706285, 61.59711671754328], [-6.985370235314472, 61.59691853133039], [-6.985985948969354, 61.596547526624995], [-6.98829543964379, 61.59703807825124], [-6.9882086766076466, 61.597163739597], [-6.9872736376231375, 61.59731645915049], [-6.986391712337563, 61.597191832204174], [-6.985943819945915, 61.59724311515245], [-6.985782255515942, 61.59760261229564], [-6.9868827776879066, 61.59857221188657], [-6.989356098605229, 61.599435129914504], [-6.989192768882289, 61.59959629014492], [-6.990976558426738, 61.59995011290533], [-6.991603805611955, 61.60052369209378], [-6.993282822386347, 61.60084074660387], [-6.994118391052992, 61.601274998130386], [-6.993884666031976, 61.601789111876734], [-6.994769703112636, 61.602083139953734], [-6.994677225491628, 61.602140222445435], [-6.995601954867115, 61.60236597140787], [-6.995527502424583, 61.60259263610803], [-6.995130779275553, 61.602705481091206], [-6.994913801658999, 61.603162027582606], [-6.994313625300056, 61.60324108262752], [-6.992934489511631, 61.603023354175406], [-6.990097628536829, 61.60432133960071], [-6.989353008920116, 61.60496553444144], [-6.9875204398903525, 61.60552713497851], [-6.987478267186951, 61.60568550480489], [-6.988462295667448, 61.60622890612539], [-6.988411091494598, 61.60643050448931], [-6.987967808360556, 61.606582682101994], [-6.987353870639303, 61.60661122995199], [-6.986618484105758, 61.60638310693439], [-6.984408653349392, 61.60662855700577], [-6.983043432145225, 61.60645043663116], [-6.981847018468986, 61.606464409864884], [-6.979446328029712, 61.606229164331104], [-6.9776769007221935, 61.606426901548225], [-6.977464182345389, 61.60672476314525], [-6.978204275513102, 61.607320819065755], [-6.978142869763428, 61.60814961853273], [-6.979401586420683, 61.6091526862437], [-6.979334945235821, 61.60963541126057], [-6.978744620563225, 61.6098984073716], [-6.97877626848473, 61.61011487806811], [-6.979049521739312, 61.61008777902639], [-6.980183956650209, 61.61120552372606], [-6.982060539846565, 61.61204669804164], [-6.982818291258721, 61.61202631653598], [-6.982743721790917, 61.612252974053554], [-6.983194061284813, 61.6123928675806], [-6.983136920036118, 61.61254033158181], [-6.983982717915955, 61.61315856525852], [-6.984704388725967, 61.61415102836145], [-6.987042500872341, 61.615564720472456], [-6.987340052809877, 61.61548364881454], [-6.988309444566728, 61.616016236913026], [-6.988638419165254, 61.61589567608462], [-6.989654906851694, 61.616374455368664], [-6.990046714501143, 61.61617500753112], [-6.990731113021135, 61.61634157846935], [-6.9911861079354765, 61.61686359741302], [-6.991476536732689, 61.6181272488289], [-6.991624130506093, 61.618261573394534], [-6.991935419312966, 61.61796074397439], [-6.99224508751425, 61.61799511167842], [-6.99244318378766, 61.61821995475145], [-6.992695225099379, 61.61814583175914], [-6.9927541791342955, 61.617659488634125], [-6.992951622797018, 61.61763905481304], [-6.993069382892105, 61.617762434681715], [-6.993158689199636, 61.61754308170793], [-6.99357060362119, 61.61743746590382], [-6.994137189792369, 61.617487910686286], [-6.994346092068112, 61.61814176692194], [-6.994848904619279, 61.61885515886756], [-6.994391062689716, 61.619252501333676], [-6.9941145156444575, 61.6191173595411], [-6.993985350100113, 61.61913458067624], [-6.994008549066174, 61.61938710121398], [-6.993631720898655, 61.61959378363836], [-6.992898036488392, 61.61956035797017], [-6.992256998132492, 61.62001056690962], [-6.992728384307694, 61.62103017687287], [-6.993095203953949, 61.6211838873849], [-6.994024623901805, 61.62126184799288], [-6.995037725178193, 61.62241833723969], [-6.9956468866366714, 61.622299545728694], [-6.996629547372821, 61.622915037204216], [-6.997674014156896, 61.62322080660384], [-6.998681784331538, 61.623205531506194], [-7.000789679703793, 61.62284378650934], [-7.002828094285184, 61.62253198375946], [-7.002915102949792, 61.62267680880001], [-7.002470047450524, 61.62315713763177], [-7.000790755592514, 61.62472934869975], [-6.999992309671622, 61.625661711905884], [-6.9992186452504015, 61.626251673233725], [-6.999230221805589, 61.626381568229576], [-6.997985865987791, 61.627001063015356], [-6.9977388493137465, 61.62689500179463], [-6.997574126402979, 61.62736982744794], [-6.997267559490967, 61.62777173668473], [-6.996165121957144, 61.628734626359794], [-6.995915650180929, 61.62871857046307], [-6.995652680633947, 61.62809687112454], [-6.9955194028840175, 61.6282582128926], [-6.995670935372981, 61.62880358123591], [-6.995042246332843, 61.62907003716507], [-6.994404798140002, 61.628835235561795], [-6.9928825431965835, 61.62718888634983], [-6.992284541197993, 61.6271779262597], [-6.9920750270084655, 61.62735690516818], [-6.9916511517496165, 61.62733979863141], [-6.9909067256706034, 61.62714398225617], [-6.99050831323466, 61.62730374599922], [-6.992583610482771, 61.63057952169729], [-6.9916027859843055, 61.63097714649186], [-6.991401813594934, 61.631120071064785], [-6.990329095138384, 61.63128273752179], [-6.9897625731442785, 61.63148823134813], [-6.989075040683485, 61.63142261161126], [-6.984544502422021, 61.63007793847244], [-6.98442038906854, 61.63018167996547], [-6.988762721703256, 61.63148192515067], [-6.988890704896414, 61.631781957571214], [-6.987363437390751, 61.632486155535894], [-6.984583046531251, 61.63301282796431], [-6.984107276237652, 61.632962971737484], [-6.983226337286367, 61.63303307698265], [-6.981875817621203, 61.632029420916965], [-6.981786560393782, 61.63170077703195], [-6.98166662385521, 61.631656717231024], [-6.981166276252188, 61.631931116074675], [-6.980654131450886, 61.631823342070504], [-6.9801500071764595, 61.63196786544077], [-6.980256032213616, 61.6322389433347], [-6.980459703637038, 61.63226907252736], [-6.9805141986958805, 61.63248579070488], [-6.980231836347782, 61.6325597133286], [-6.979246749241506, 61.633638588427], [-6.979691404300934, 61.63371708798795], [-6.979432200044767, 61.63431034691591], [-6.978884479792784, 61.63492689059765], [-6.978118948357895, 61.63546640711691], [-6.97735997218807, 61.635778793852495], [-6.9781569763259705, 61.635729835027576], [-6.978437831958011, 61.635443214638464], [-6.979630395817809, 61.63480193402924], [-6.979988883313507, 61.63472123980933], [-6.980259801637359, 61.63478791649971], [-6.980459759806694, 61.6352182113371], [-6.980173505308106, 61.6354290745577], [-6.979825251127145, 61.63541960641345], [-6.979851835452212, 61.635549636663924], [-6.979427360295671, 61.63608765897548], [-6.978790416000615, 61.63637196645385], [-6.978710082491746, 61.63680053318904], [-6.977685729257426, 61.636851600579256], [-6.97724326085387, 61.636690174452625], [-6.976957491667341, 61.636875811537855], [-6.975553732477076, 61.63694610180311], [-6.9748056150301565, 61.636876369690306], [-6.973935023044457, 61.63710870605076], [-6.9747338644990675, 61.63726529152493], [-6.97613169668406, 61.63847117784717], [-6.97692100268869, 61.6386961971698], [-6.9770971682974325, 61.63916959579326], [-6.9773063422676085, 61.63927190082896], [-6.978741402010208, 61.63943978162612], [-6.9786198426218, 61.639990550835286], [-6.978691936940133, 61.64011721590213], [-6.979241129591514, 61.64025777386943], [-6.978378131181819, 61.641718566429695], [-6.979097383593474, 61.642210783689315], [-6.979557846895831, 61.64356585984779], [-6.98227122239949, 61.64317950153586], [-6.982821978782188, 61.64360034702871], [-6.981733113162049, 61.64566165100171], [-6.980196311618372, 61.646175493820905], [-6.978839019013175, 61.64615538937065], [-6.978472220425747, 61.64550409706108], [-6.978515485310299, 61.64501196722967], [-6.977434582076068, 61.64463737867266], [-6.977205068250583, 61.64471522245746], [-6.97584053741193, 61.64471724427685], [-6.975401953714242, 61.64468200670485], [-6.974290332786325, 61.64486229143025], [-6.974169648517899, 61.64590701900854], [-6.973742243859287, 61.64600885090126], [-6.97315219233665, 61.64596902203577], [-6.972459951373342, 61.64605102411661], [-6.971831834056371, 61.64602175594342], [-6.971372509626316, 61.64591419668248], [-6.9692198558891345, 61.64591116273697], [-6.9681389639752425, 61.6460735414895], [-6.967466966875096, 61.64598264133316], [-6.966532146008402, 61.64580720072084], [-6.9665339911396345, 61.646005454545055], [-6.9663138587563145, 61.64601483117327], [-6.966254330629707, 61.64571525747465], [-6.966051772110783, 61.64537503691137], [-6.965265886423001, 61.64529418798783], [-6.964759014782002, 61.645521660702265], [-6.964673756691527, 61.64585274111049], [-6.9648251610322305, 61.646124150095524], [-6.962918440476751, 61.64626671238994], [-6.961913072885307, 61.646173678474476], [-6.961066352555057, 61.64635916152218], [-6.959852081132253, 61.6464053753694], [-6.959264751101022, 61.64653852659799], [-6.957708096681525, 61.646632836307575], [-6.956957249609829, 61.6469091474467], [-6.954956535031516, 61.64715558968164], [-6.954540556526544, 61.6473798996805], [-6.952026263264928, 61.6478212241364], [-6.951777724072442, 61.64802505694027], [-6.950808166158625, 61.64800061984985], [-6.950144967852394, 61.648129630346666], [-6.9483319289847865, 61.648171771095804], [-6.94679264836392, 61.64819035721736], [-6.946369881086442, 61.64812985745808], [-6.945959160776528, 61.6481776295982], [-6.943955499213734, 61.64826164056837], [-6.942552781835269, 61.64853352413699], [-6.9406510838293425, 61.648755127484364], [-6.940544150156953, 61.64903927486693], [-6.938145983207178, 61.64938729582639], [-6.937922155264456, 61.649519207373], [-6.9377112618183165, 61.64947454199942], [-6.937791227669162, 61.64933444093758], [-6.936158667263966, 61.64967685189797], [-6.935415692293613, 61.64973410956841], [-6.934428807578739, 61.64999451811338], [-6.933953720740799, 61.64986675203101], [-6.9340124747274965, 61.64855248725809], [-6.933794096514607, 61.648476010713125], [-6.93361111972992, 61.648547395451416], [-6.933470352333498, 61.649789403673076], [-6.933663649090742, 61.650020636699836], [-6.93362987811396, 61.6502401705043], [-6.933470670566437, 61.650246826351925], [-6.93345291418372, 61.64993700352954], [-6.933363076473389, 61.64987190030494], [-6.933073866728314, 61.649953705236854], [-6.932511179100252, 61.64915576179351], [-6.932255073429308, 61.64906479540579], [-6.931377011933169, 61.64999801090205], [-6.928664933719425, 61.65052838379632], [-6.926576839522821, 61.650402036046145], [-6.925664404735722, 61.64922104882972], [-6.925239539892907, 61.649273481849235], [-6.925533658635367, 61.65075839644968], [-6.923960345722075, 61.651109196324704], [-6.921639777742736, 61.65130593830583], [-6.918744824726496, 61.65097478046825], [-6.916131818600492, 61.65052567888983], [-6.916043841181909, 61.65035249877562]]]]}, "properties": {"disaggregations": [{"Series": "Partur av f\u00f3lkinum, i\u00f0 livir av minni enn f\u00e1t\u00e6kamarkinum \u00ed landinum", "region": "Su\u00f0uroyar \u00f8ki", "sex": "", "age": "", "Units": "%"}, {"Series": "Partur av f\u00f3lkinum, i\u00f0 livir av minni enn f\u00e1t\u00e6kamarkinum \u00ed landinum", "region": "Su\u00f0uroyar \u00f8ki", "sex": "", "age": "Aldur 0 - 17", "Units": "%"}, {"Series": "Partur av f\u00f3lkinum, i\u00f0 livir av minni enn f\u00e1t\u00e6kamarkinum \u00ed landinum", "region": "Su\u00f0uroyar \u00f8ki", "sex": "", "age": "Aldur 18 - 24", "Units": "%"}, {"Series": "Partur av f\u00f3lkinum, i\u00f0 livir av minni enn f\u00e1t\u00e6kamarkinum \u00ed landinum", "region": "Su\u00f0uroyar \u00f8ki", "sex": "", "age": "Aldur 25 - 54", "Units": "%"}, {"Series": "Partur av f\u00f3lkinum, i\u00f0 livir av minni enn f\u00e1t\u00e6kamarkinum \u00ed landinum", "region": "Su\u00f0uroyar \u00f8ki", "sex": "", "age": "Aldur 55 - 66", "Units": "%"}, {"Series": "Partur av f\u00f3lkinum, i\u00f0 livir av minni enn f\u00e1t\u00e6kamarkinum \u00ed landinum", "region": "Su\u00f0uroyar \u00f8ki", "sex": "", "age": "Aldur 67 + ", "Units": "%"}, {"Series": "Partur av f\u00f3lkinum, i\u00f0 livir av minni enn f\u00e1t\u00e6kamarkinum \u00ed landinum", "region": "Su\u00f0uroyar \u00f8ki", "sex": "Kvinnur", "age": "", "Units": "%"}, {"Series": "Partur av f\u00f3lkinum, i\u00f0 livir av minni enn f\u00e1t\u00e6kamarkinum \u00ed landinum", "region": "Su\u00f0uroyar \u00f8ki", "sex": "Kvinnur", "age": "Aldur 0 - 17", "Units": "%"}, {"Series": "Partur av f\u00f3lkinum, i\u00f0 livir av minni enn f\u00e1t\u00e6kamarkinum \u00ed landinum", "region": "Su\u00f0uroyar \u00f8ki", "sex": "Kvinnur", "age": "Aldur 18 - 24", "Units": "%"}, {"Series": "Partur av f\u00f3lkinum, i\u00f0 livir av minni enn f\u00e1t\u00e6kamarkinum \u00ed landinum", "region": "Su\u00f0uroyar \u00f8ki", "sex": "Kvinnur", "age": "Aldur 25 - 54", "Units": "%"}, {"Series": "Partur av f\u00f3lkinum, i\u00f0 livir av minni enn f\u00e1t\u00e6kamarkinum \u00ed landinum", "region": "Su\u00f0uroyar \u00f8ki", "sex": "Kvinnur", "age": "Aldur 55 - 66", "Units": "%"}, {"Series": "Partur av f\u00f3lkinum, i\u00f0 livir av minni enn f\u00e1t\u00e6kamarkinum \u00ed landinum", "region": "Su\u00f0uroyar \u00f8ki", "sex": "Kvinnur", "age": "Aldur 67 + ", "Units": "%"}, {"Series": "Partur av f\u00f3lkinum, i\u00f0 livir av minni enn f\u00e1t\u00e6kamarkinum \u00ed landinum", "region": "Su\u00f0uroyar \u00f8ki", "sex": "Menn", "age": "", "Units": "%"}, {"Series": "Partur av f\u00f3lkinum, i\u00f0 livir av minni enn f\u00e1t\u00e6kamarkinum \u00ed landinum", "region": "Su\u00f0uroyar \u00f8ki", "sex": "Menn", "age": "Aldur 0 - 17", "Units": "%"}, {"Series": "Partur av f\u00f3lkinum, i\u00f0 livir av minni enn f\u00e1t\u00e6kamarkinum \u00ed landinum", "region": "Su\u00f0uroyar \u00f8ki", "sex": "Menn", "age": "Aldur 18 - 24", "Units": "%"}, {"Series": "Partur av f\u00f3lkinum, i\u00f0 livir av minni enn f\u00e1t\u00e6kamarkinum \u00ed landinum", "region": "Su\u00f0uroyar \u00f8ki", "sex": "Menn", "age": "Aldur 25 - 54", "Units": "%"}, {"Series": "Partur av f\u00f3lkinum, i\u00f0 livir av minni enn f\u00e1t\u00e6kamarkinum \u00ed landinum", "region": "Su\u00f0uroyar \u00f8ki", "sex": "Menn", "age": "Aldur 55 - 66", "Units": "%"}, {"Series": "Partur av f\u00f3lkinum, i\u00f0 livir av minni enn f\u00e1t\u00e6kamarkinum \u00ed landinum", "region": "Su\u00f0uroyar \u00f8ki", "sex": "Menn", "age": "Aldur 67 + ", "Units": "%"}], "values": [{"2009": 6.9, "2010": 6.0, "2011": 6.8, "2012": 5.2, "2013": 5.5, "2014": 5.1, "2015": 4.4, "2016": 5.0, "2017": 4.4, "2018": 4.1, "2019": 4.3, "2020": 4.3, "2021": 3.8, "2022": 3.2, "2023": 3.3, "2024": 3.1}, {"2009": 11.2, "2010": 9.1, "2011": 9.9, "2012": 7.4, "2013": 8.4, "2014": 7.8, "2015": 6.7, "2016": 8.8, "2017": 5.1, "2018": 5.2, "2019": 6.6, "2020": 7.0, "2021": 5.9, "2022": 4.5, "2023": 5.3, "2024": 4.8}, {"2009": 5.5, "2010": 5.1, "2011": 6.2, "2012": 7.0, "2013": 6.8, "2014": 5.7, "2015": 3.3, "2016": 4.6, "2017": 3.4, "2018": 4.9, "2019": 4.3, "2020": 4.7, "2021": 4.1, "2022": 3.6, "2023": 3.2, "2024": 1.7}, {"2009": 6.9, "2010": 6.2, "2011": 7.1, "2012": 5.1, "2013": 6.0, "2014": 5.6, "2015": 4.9, "2016": 4.7, "2017": 4.8, "2018": 4.3, "2019": 4.9, "2020": 4.8, "2021": 4.3, "2022": 3.3, "2023": 3.7, "2024": 4.2}, {"2009": 4.7, "2010": 4.1, "2011": 5.0, "2012": 4.2, "2013": 3.6, "2014": 3.5, "2015": 2.6, "2016": 3.6, "2017": 3.7, "2018": 2.9, "2019": 3.5, "2020": 3.4, "2021": 3.3, "2022": 3.5, "2023": 2.1, "2024": 2.2}, {"2009": 3.4, "2010": 3.4, "2011": 4.2, "2012": 2.5, "2013": 1.9, "2014": 1.9, "2015": 2.7, "2016": 2.2, "2017": 3.6, "2018": 3.2, "2019": 1.4, "2020": 1.1, "2021": 0.9, "2022": 1.4, "2023": 1.5, "2024": 1.1}, {"2009": 8.0, "2010": 6.8, "2011": 7.6, "2012": 5.7, "2013": 6.3, "2014": 5.7, "2015": 4.8, "2016": 5.5, "2017": 4.3, "2018": 4.2, "2019": 4.5, "2020": 4.7, "2021": 3.5, "2022": 3.2, "2023": 3.5, "2024": 3.6}, {"2009": 12.7, "2010": 10.3, "2011": 11.4, "2012": 7.5, "2013": 10.0, "2014": 8.1, "2015": 7.1, "2016": 9.1, "2017": 5.3, "2018": 5.1, "2019": 6.8, "2020": 7.9, "2021": 5.1, "2022": 4.7, "2023": 5.5, "2024": 6.6}, {"2009": 7.5, "2010": 7.4, "2011": 7.7, "2012": 9.5, "2013": 9.0, "2014": 7.2, "2015": 2.5, "2016": 5.6, "2017": 3.8, "2018": 6.7, "2019": 3.3, "2020": 4.4, "2021": 2.8, "2022": 4.3, "2023": 3.2, "2024": 1.5}, {"2009": 7.7, "2010": 6.7, "2011": 7.3, "2012": 6.0, "2013": 7.4, "2014": 7.2, "2015": 6.7, "2016": 6.1, "2017": 5.0, "2018": 4.7, "2019": 6.0, "2020": 5.8, "2021": 4.9, "2022": 3.4, "2023": 4.3, "2024": 4.5}, {"2009": 5.4, "2010": 3.9, "2011": 4.9, "2012": 4.2, "2013": 2.4, "2014": 2.1, "2015": 1.6, "2016": 2.9, "2017": 3.0, "2018": 2.6, "2019": 2.6, "2020": 2.4, "2021": 2.0, "2022": 2.0, "2023": 1.7, "2024": 1.5}, {"2009": 4.4, "2010": 4.9, "2011": 5.5, "2012": 2.3, "2013": 2.1, "2014": 2.3, "2015": 2.9, "2016": 2.4, "2017": 3.1, "2018": 2.7, "2019": 1.6, "2020": 1.4, "2021": 0.9, "2022": 2.0, "2023": 1.5, "2024": 1.5}, {"2009": 5.9, "2010": 5.2, "2011": 6.1, "2012": 4.8, "2013": 4.8, "2014": 4.6, "2015": 4.0, "2016": 4.5, "2017": 4.5, "2018": 4.1, "2019": 4.2, "2020": 4.0, "2021": 4.0, "2022": 3.3, "2023": 3.1, "2024": 2.7}, {"2009": 9.9, "2010": 7.9, "2011": 8.4, "2012": 7.3, "2013": 6.9, "2014": 7.5, "2015": 6.3, "2016": 8.6, "2017": 5.0, "2018": 5.3, "2019": 6.5, "2020": 6.2, "2021": 6.6, "2022": 4.4, "2023": 5.1, "2024": 3.2}, {"2009": 3.9, "2010": 3.1, "2011": 5.0, "2012": 5.2, "2013": 5.0, "2014": 4.4, "2015": 4.0, "2016": 3.9, "2017": 3.0, "2018": 3.6, "2019": 5.2, "2020": 5.0, "2021": 5.1, "2022": 3.1, "2023": 3.1, "2024": 1.9}, {"2009": 6.1, "2010": 5.8, "2011": 6.8, "2012": 4.3, "2013": 4.8, "2014": 4.3, "2015": 3.5, "2016": 3.5, "2017": 4.6, "2018": 4.1, "2019": 4.0, "2020": 3.9, "2021": 3.8, "2022": 3.2, "2023": 3.1, "2024": 3.8}, {"2009": 4.0, "2010": 4.2, "2011": 5.1, "2012": 4.2, "2013": 4.8, "2014": 4.7, "2015": 3.5, "2016": 4.2, "2017": 4.4, "2018": 3.2, "2019": 4.4, "2020": 4.3, "2021": 4.5, "2022": 5.0, "2023": 2.5, "2024": 2.8}, {"2009": 2.2, "2010": 1.8, "2011": 2.9, "2012": 2.7, "2013": 1.8, "2014": 1.5, "2015": 2.6, "2016": 2.1, "2017": 4.1, "2018": 3.8, "2019": 1.3, "2020": 0.8, "2021": 0.8, "2022": 0.8, "2023": 1.4, "2024": 0.8}], "observation_attributes": [{}, {}, {}, {}, {}, {}, {}, {}, {}, {}, {}, {}, {}, {}, {}, {}, {}, {}], "name": "Suduroyar", "geocode": "4600"}}]}