Year,Series,øki,kyn,aldur,Units,GeoCode,Value
2009,"Partur av fólkinum, ið livir av minni enn fátækamarkinum í landinum",,,,%,TOTAL,3.9
2010,"Partur av fólkinum, ið livir av minni enn fátækamarkinum í landinum",,,,%,TOTAL,4.0
2011,"Partur av fólkinum, ið livir av minni enn fátækamarkinum í landinum",,,,%,TOTAL,4.4
2012,"Partur av fólkinum, ið livir av minni enn fátækamarkinum í landinum",,,,%,TOTAL,4.7
2013,"Partur av fólkinum, ið livir av minni enn fátækamarkinum í landinum",,,,%,TOTAL,3.7
2014,"Partur av fólkinum, ið livir av minni enn fátækamarkinum í landinum",,,,%,TOTAL,3.5
2015,"Partur av fólkinum, ið livir av minni enn fátækamarkinum í landinum",,,,%,TOTAL,3.4
2016,"Partur av fólkinum, ið livir av minni enn fátækamarkinum í landinum",,,,%,TOTAL,3.2
2017,"Partur av fólkinum, ið livir av minni enn fátækamarkinum í landinum",,,,%,TOTAL,3.0
2018,"Partur av fólkinum, ið livir av minni enn fátækamarkinum í landinum",,,,%,TOTAL,2.9
2019,"Partur av fólkinum, ið livir av minni enn fátækamarkinum í landinum",,,,%,TOTAL,2.6
2020,"Partur av fólkinum, ið livir av minni enn fátækamarkinum í landinum",,,,%,TOTAL,2.4
2021,"Partur av fólkinum, ið livir av minni enn fátækamarkinum í landinum",,,,%,TOTAL,2.6
2022,"Partur av fólkinum, ið livir av minni enn fátækamarkinum í landinum",,,,%,TOTAL,2.5
2023,"Partur av fólkinum, ið livir av minni enn fátækamarkinum í landinum",,,,%,TOTAL,2.5
2024,"Partur av fólkinum, ið livir av minni enn fátækamarkinum í landinum",,,,%,TOTAL,2.9
2009,"Partur av fólkinum, ið livir av minni enn fátækamarkinum í landinum",,,Aldur 0 - 17,%,TOTAL,5.1
2010,"Partur av fólkinum, ið livir av minni enn fátækamarkinum í landinum",,,Aldur 0 - 17,%,TOTAL,5.2
2011,"Partur av fólkinum, ið livir av minni enn fátækamarkinum í landinum",,,Aldur 0 - 17,%,TOTAL,5.7
2012,"Partur av fólkinum, ið livir av minni enn fátækamarkinum í landinum",,,Aldur 0 - 17,%,TOTAL,6.2
2013,"Partur av fólkinum, ið livir av minni enn fátækamarkinum í landinum",,,Aldur 0 - 17,%,TOTAL,5.1
2014,"Partur av fólkinum, ið livir av minni enn fátækamarkinum í landinum",,,Aldur 0 - 17,%,TOTAL,4.8
2015,"Partur av fólkinum, ið livir av minni enn fátækamarkinum í landinum",,,Aldur 0 - 17,%,TOTAL,4.4
2016,"Partur av fólkinum, ið livir av minni enn fátækamarkinum í landinum",,,Aldur 0 - 17,%,TOTAL,4.3
2017,"Partur av fólkinum, ið livir av minni enn fátækamarkinum í landinum",,,Aldur 0 - 17,%,TOTAL,3.8
2018,"Partur av fólkinum, ið livir av minni enn fátækamarkinum í landinum",,,Aldur 0 - 17,%,TOTAL,3.5
2019,"Partur av fólkinum, ið livir av minni enn fátækamarkinum í landinum",,,Aldur 0 - 17,%,TOTAL,3.4
2020,"Partur av fólkinum, ið livir av minni enn fátækamarkinum í landinum",,,Aldur 0 - 17,%,TOTAL,3.2
2021,"Partur av fólkinum, ið livir av minni enn fátækamarkinum í landinum",,,Aldur 0 - 17,%,TOTAL,3.4
2022,"Partur av fólkinum, ið livir av minni enn fátækamarkinum í landinum",,,Aldur 0 - 17,%,TOTAL,3.2
2023,"Partur av fólkinum, ið livir av minni enn fátækamarkinum í landinum",,,Aldur 0 - 17,%,TOTAL,3.0
2024,"Partur av fólkinum, ið livir av minni enn fátækamarkinum í landinum",,,Aldur 0 - 17,%,TOTAL,3.6
2009,"Partur av fólkinum, ið livir av minni enn fátækamarkinum í landinum",,,Aldur 18 - 24,%,TOTAL,3.7
2010,"Partur av fólkinum, ið livir av minni enn fátækamarkinum í landinum",,,Aldur 18 - 24,%,TOTAL,4.3
2011,"Partur av fólkinum, ið livir av minni enn fátækamarkinum í landinum",,,Aldur 18 - 24,%,TOTAL,5.4
2012,"Partur av fólkinum, ið livir av minni enn fátækamarkinum í landinum",,,Aldur 18 - 24,%,TOTAL,6.1
2013,"Partur av fólkinum, ið livir av minni enn fátækamarkinum í landinum",,,Aldur 18 - 24,%,TOTAL,4.3
2014,"Partur av fólkinum, ið livir av minni enn fátækamarkinum í landinum",,,Aldur 18 - 24,%,TOTAL,4.6
2015,"Partur av fólkinum, ið livir av minni enn fátækamarkinum í landinum",,,Aldur 18 - 24,%,TOTAL,4.1
2016,"Partur av fólkinum, ið livir av minni enn fátækamarkinum í landinum",,,Aldur 18 - 24,%,TOTAL,3.6
2017,"Partur av fólkinum, ið livir av minni enn fátækamarkinum í landinum",,,Aldur 18 - 24,%,TOTAL,3.0
2018,"Partur av fólkinum, ið livir av minni enn fátækamarkinum í landinum",,,Aldur 18 - 24,%,TOTAL,3.4
2019,"Partur av fólkinum, ið livir av minni enn fátækamarkinum í landinum",,,Aldur 18 - 24,%,TOTAL,3.1
2020,"Partur av fólkinum, ið livir av minni enn fátækamarkinum í landinum",,,Aldur 18 - 24,%,TOTAL,2.6
2021,"Partur av fólkinum, ið livir av minni enn fátækamarkinum í landinum",,,Aldur 18 - 24,%,TOTAL,3.3
2022,"Partur av fólkinum, ið livir av minni enn fátækamarkinum í landinum",,,Aldur 18 - 24,%,TOTAL,3.1
2023,"Partur av fólkinum, ið livir av minni enn fátækamarkinum í landinum",,,Aldur 18 - 24,%,TOTAL,3.3
2024,"Partur av fólkinum, ið livir av minni enn fátækamarkinum í landinum",,,Aldur 18 - 24,%,TOTAL,3.5
2009,"Partur av fólkinum, ið livir av minni enn fátækamarkinum í landinum",,,Aldur 25 - 54,%,TOTAL,3.5
2010,"Partur av fólkinum, ið livir av minni enn fátækamarkinum í landinum",,,Aldur 25 - 54,%,TOTAL,3.8
2011,"Partur av fólkinum, ið livir av minni enn fátækamarkinum í landinum",,,Aldur 25 - 54,%,TOTAL,4.1
2012,"Partur av fólkinum, ið livir av minni enn fátækamarkinum í landinum",,,Aldur 25 - 54,%,TOTAL,4.4
2013,"Partur av fólkinum, ið livir av minni enn fátækamarkinum í landinum",,,Aldur 25 - 54,%,TOTAL,3.4
2014,"Partur av fólkinum, ið livir av minni enn fátækamarkinum í landinum",,,Aldur 25 - 54,%,TOTAL,3.1
2015,"Partur av fólkinum, ið livir av minni enn fátækamarkinum í landinum",,,Aldur 25 - 54,%,TOTAL,3.2
2016,"Partur av fólkinum, ið livir av minni enn fátækamarkinum í landinum",,,Aldur 25 - 54,%,TOTAL,3.1
2017,"Partur av fólkinum, ið livir av minni enn fátækamarkinum í landinum",,,Aldur 25 - 54,%,TOTAL,2.9
2018,"Partur av fólkinum, ið livir av minni enn fátækamarkinum í landinum",,,Aldur 25 - 54,%,TOTAL,2.8
2019,"Partur av fólkinum, ið livir av minni enn fátækamarkinum í landinum",,,Aldur 25 - 54,%,TOTAL,2.6
2020,"Partur av fólkinum, ið livir av minni enn fátækamarkinum í landinum",,,Aldur 25 - 54,%,TOTAL,2.3
2021,"Partur av fólkinum, ið livir av minni enn fátækamarkinum í landinum",,,Aldur 25 - 54,%,TOTAL,2.8
2022,"Partur av fólkinum, ið livir av minni enn fátækamarkinum í landinum",,,Aldur 25 - 54,%,TOTAL,2.7
2023,"Partur av fólkinum, ið livir av minni enn fátækamarkinum í landinum",,,Aldur 25 - 54,%,TOTAL,2.6
2024,"Partur av fólkinum, ið livir av minni enn fátækamarkinum í landinum",,,Aldur 25 - 54,%,TOTAL,3.1
2009,"Partur av fólkinum, ið livir av minni enn fátækamarkinum í landinum",,,Aldur 55 - 66,%,TOTAL,3.7
2010,"Partur av fólkinum, ið livir av minni enn fátækamarkinum í landinum",,,Aldur 55 - 66,%,TOTAL,3.5
2011,"Partur av fólkinum, ið livir av minni enn fátækamarkinum í landinum",,,Aldur 55 - 66,%,TOTAL,3.5
2012,"Partur av fólkinum, ið livir av minni enn fátækamarkinum í landinum",,,Aldur 55 - 66,%,TOTAL,3.8
2013,"Partur av fólkinum, ið livir av minni enn fátækamarkinum í landinum",,,Aldur 55 - 66,%,TOTAL,3.2
2014,"Partur av fólkinum, ið livir av minni enn fátækamarkinum í landinum",,,Aldur 55 - 66,%,TOTAL,3.2
2015,"Partur av fólkinum, ið livir av minni enn fátækamarkinum í landinum",,,Aldur 55 - 66,%,TOTAL,2.7
2016,"Partur av fólkinum, ið livir av minni enn fátækamarkinum í landinum",,,Aldur 55 - 66,%,TOTAL,2.8
2017,"Partur av fólkinum, ið livir av minni enn fátækamarkinum í landinum",,,Aldur 55 - 66,%,TOTAL,2.7
2018,"Partur av fólkinum, ið livir av minni enn fátækamarkinum í landinum",,,Aldur 55 - 66,%,TOTAL,2.3
2019,"Partur av fólkinum, ið livir av minni enn fátækamarkinum í landinum",,,Aldur 55 - 66,%,TOTAL,2.2
2020,"Partur av fólkinum, ið livir av minni enn fátækamarkinum í landinum",,,Aldur 55 - 66,%,TOTAL,2.0
2021,"Partur av fólkinum, ið livir av minni enn fátækamarkinum í landinum",,,Aldur 55 - 66,%,TOTAL,2.1
2022,"Partur av fólkinum, ið livir av minni enn fátækamarkinum í landinum",,,Aldur 55 - 66,%,TOTAL,2.0
2023,"Partur av fólkinum, ið livir av minni enn fátækamarkinum í landinum",,,Aldur 55 - 66,%,TOTAL,2.0
2024,"Partur av fólkinum, ið livir av minni enn fátækamarkinum í landinum",,,Aldur 55 - 66,%,TOTAL,2.2
2009,"Partur av fólkinum, ið livir av minni enn fátækamarkinum í landinum",,,Aldur 67 + ,%,TOTAL,3.0
2010,"Partur av fólkinum, ið livir av minni enn fátækamarkinum í landinum",,,Aldur 67 + ,%,TOTAL,2.6
2011,"Partur av fólkinum, ið livir av minni enn fátækamarkinum í landinum",,,Aldur 67 + ,%,TOTAL,2.8
2012,"Partur av fólkinum, ið livir av minni enn fátækamarkinum í landinum",,,Aldur 67 + ,%,TOTAL,2.4
2013,"Partur av fólkinum, ið livir av minni enn fátækamarkinum í landinum",,,Aldur 67 + ,%,TOTAL,1.8
2014,"Partur av fólkinum, ið livir av minni enn fátækamarkinum í landinum",,,Aldur 67 + ,%,TOTAL,2.0
2015,"Partur av fólkinum, ið livir av minni enn fátækamarkinum í landinum",,,Aldur 67 + ,%,TOTAL,2.0
2016,"Partur av fólkinum, ið livir av minni enn fátækamarkinum í landinum",,,Aldur 67 + ,%,TOTAL,1.9
2017,"Partur av fólkinum, ið livir av minni enn fátækamarkinum í landinum",,,Aldur 67 + ,%,TOTAL,2.5
2018,"Partur av fólkinum, ið livir av minni enn fátækamarkinum í landinum",,,Aldur 67 + ,%,TOTAL,2.4
2019,"Partur av fólkinum, ið livir av minni enn fátækamarkinum í landinum",,,Aldur 67 + ,%,TOTAL,1.5
2020,"Partur av fólkinum, ið livir av minni enn fátækamarkinum í landinum",,,Aldur 67 + ,%,TOTAL,1.3
2021,"Partur av fólkinum, ið livir av minni enn fátækamarkinum í landinum",,,Aldur 67 + ,%,TOTAL,1.0
2022,"Partur av fólkinum, ið livir av minni enn fátækamarkinum í landinum",,,Aldur 67 + ,%,TOTAL,0.9
2023,"Partur av fólkinum, ið livir av minni enn fátækamarkinum í landinum",,,Aldur 67 + ,%,TOTAL,1.4
2024,"Partur av fólkinum, ið livir av minni enn fátækamarkinum í landinum",,,Aldur 67 + ,%,TOTAL,1.4
2009,"Partur av fólkinum, ið livir av minni enn fátækamarkinum í landinum",,Kvinnur,,%,TOTAL,4.1
2010,"Partur av fólkinum, ið livir av minni enn fátækamarkinum í landinum",,Kvinnur,,%,TOTAL,4.2
2011,"Partur av fólkinum, ið livir av minni enn fátækamarkinum í landinum",,Kvinnur,,%,TOTAL,4.7
2012,"Partur av fólkinum, ið livir av minni enn fátækamarkinum í landinum",,Kvinnur,,%,TOTAL,4.8
2013,"Partur av fólkinum, ið livir av minni enn fátækamarkinum í landinum",,Kvinnur,,%,TOTAL,3.9
2014,"Partur av fólkinum, ið livir av minni enn fátækamarkinum í landinum",,Kvinnur,,%,TOTAL,3.8
2015,"Partur av fólkinum, ið livir av minni enn fátækamarkinum í landinum",,Kvinnur,,%,TOTAL,3.6
2016,"Partur av fólkinum, ið livir av minni enn fátækamarkinum í landinum",,Kvinnur,,%,TOTAL,3.4
2017,"Partur av fólkinum, ið livir av minni enn fátækamarkinum í landinum",,Kvinnur,,%,TOTAL,3.1
2018,"Partur av fólkinum, ið livir av minni enn fátækamarkinum í landinum",,Kvinnur,,%,TOTAL,3.0
2019,"Partur av fólkinum, ið livir av minni enn fátækamarkinum í landinum",,Kvinnur,,%,TOTAL,2.9
2020,"Partur av fólkinum, ið livir av minni enn fátækamarkinum í landinum",,Kvinnur,,%,TOTAL,2.6
2021,"Partur av fólkinum, ið livir av minni enn fátækamarkinum í landinum",,Kvinnur,,%,TOTAL,2.7
2022,"Partur av fólkinum, ið livir av minni enn fátækamarkinum í landinum",,Kvinnur,,%,TOTAL,2.6
2023,"Partur av fólkinum, ið livir av minni enn fátækamarkinum í landinum",,Kvinnur,,%,TOTAL,2.6
2024,"Partur av fólkinum, ið livir av minni enn fátækamarkinum í landinum",,Kvinnur,,%,TOTAL,2.9
2009,"Partur av fólkinum, ið livir av minni enn fátækamarkinum í landinum",,Kvinnur,Aldur 0 - 17,%,TOTAL,5.2
2010,"Partur av fólkinum, ið livir av minni enn fátækamarkinum í landinum",,Kvinnur,Aldur 0 - 17,%,TOTAL,5.5
2011,"Partur av fólkinum, ið livir av minni enn fátækamarkinum í landinum",,Kvinnur,Aldur 0 - 17,%,TOTAL,6.1
2012,"Partur av fólkinum, ið livir av minni enn fátækamarkinum í landinum",,Kvinnur,Aldur 0 - 17,%,TOTAL,6.0
2013,"Partur av fólkinum, ið livir av minni enn fátækamarkinum í landinum",,Kvinnur,Aldur 0 - 17,%,TOTAL,5.3
2014,"Partur av fólkinum, ið livir av minni enn fátækamarkinum í landinum",,Kvinnur,Aldur 0 - 17,%,TOTAL,5.0
2015,"Partur av fólkinum, ið livir av minni enn fátækamarkinum í landinum",,Kvinnur,Aldur 0 - 17,%,TOTAL,4.9
2016,"Partur av fólkinum, ið livir av minni enn fátækamarkinum í landinum",,Kvinnur,Aldur 0 - 17,%,TOTAL,4.4
2017,"Partur av fólkinum, ið livir av minni enn fátækamarkinum í landinum",,Kvinnur,Aldur 0 - 17,%,TOTAL,3.8
2018,"Partur av fólkinum, ið livir av minni enn fátækamarkinum í landinum",,Kvinnur,Aldur 0 - 17,%,TOTAL,3.4
2019,"Partur av fólkinum, ið livir av minni enn fátækamarkinum í landinum",,Kvinnur,Aldur 0 - 17,%,TOTAL,3.8
2020,"Partur av fólkinum, ið livir av minni enn fátækamarkinum í landinum",,Kvinnur,Aldur 0 - 17,%,TOTAL,3.5
2021,"Partur av fólkinum, ið livir av minni enn fátækamarkinum í landinum",,Kvinnur,Aldur 0 - 17,%,TOTAL,3.5
2022,"Partur av fólkinum, ið livir av minni enn fátækamarkinum í landinum",,Kvinnur,Aldur 0 - 17,%,TOTAL,3.1
2023,"Partur av fólkinum, ið livir av minni enn fátækamarkinum í landinum",,Kvinnur,Aldur 0 - 17,%,TOTAL,3.3
2024,"Partur av fólkinum, ið livir av minni enn fátækamarkinum í landinum",,Kvinnur,Aldur 0 - 17,%,TOTAL,3.9
2009,"Partur av fólkinum, ið livir av minni enn fátækamarkinum í landinum",,Kvinnur,Aldur 18 - 24,%,TOTAL,4.8
2010,"Partur av fólkinum, ið livir av minni enn fátækamarkinum í landinum",,Kvinnur,Aldur 18 - 24,%,TOTAL,5.8
2011,"Partur av fólkinum, ið livir av minni enn fátækamarkinum í landinum",,Kvinnur,Aldur 18 - 24,%,TOTAL,7.4
2012,"Partur av fólkinum, ið livir av minni enn fátækamarkinum í landinum",,Kvinnur,Aldur 18 - 24,%,TOTAL,8.2
2013,"Partur av fólkinum, ið livir av minni enn fátækamarkinum í landinum",,Kvinnur,Aldur 18 - 24,%,TOTAL,5.9
2014,"Partur av fólkinum, ið livir av minni enn fátækamarkinum í landinum",,Kvinnur,Aldur 18 - 24,%,TOTAL,5.9
2015,"Partur av fólkinum, ið livir av minni enn fátækamarkinum í landinum",,Kvinnur,Aldur 18 - 24,%,TOTAL,5.3
2016,"Partur av fólkinum, ið livir av minni enn fátækamarkinum í landinum",,Kvinnur,Aldur 18 - 24,%,TOTAL,4.8
2017,"Partur av fólkinum, ið livir av minni enn fátækamarkinum í landinum",,Kvinnur,Aldur 18 - 24,%,TOTAL,4.0
2018,"Partur av fólkinum, ið livir av minni enn fátækamarkinum í landinum",,Kvinnur,Aldur 18 - 24,%,TOTAL,4.2
2019,"Partur av fólkinum, ið livir av minni enn fátækamarkinum í landinum",,Kvinnur,Aldur 18 - 24,%,TOTAL,3.9
2020,"Partur av fólkinum, ið livir av minni enn fátækamarkinum í landinum",,Kvinnur,Aldur 18 - 24,%,TOTAL,3.7
2021,"Partur av fólkinum, ið livir av minni enn fátækamarkinum í landinum",,Kvinnur,Aldur 18 - 24,%,TOTAL,4.1
2022,"Partur av fólkinum, ið livir av minni enn fátækamarkinum í landinum",,Kvinnur,Aldur 18 - 24,%,TOTAL,4.7
2023,"Partur av fólkinum, ið livir av minni enn fátækamarkinum í landinum",,Kvinnur,Aldur 18 - 24,%,TOTAL,4.5
2024,"Partur av fólkinum, ið livir av minni enn fátækamarkinum í landinum",,Kvinnur,Aldur 18 - 24,%,TOTAL,4.1
2009,"Partur av fólkinum, ið livir av minni enn fátækamarkinum í landinum",,Kvinnur,Aldur 25 - 54,%,TOTAL,3.9
2010,"Partur av fólkinum, ið livir av minni enn fátækamarkinum í landinum",,Kvinnur,Aldur 25 - 54,%,TOTAL,4.0
2011,"Partur av fólkinum, ið livir av minni enn fátækamarkinum í landinum",,Kvinnur,Aldur 25 - 54,%,TOTAL,4.3
2012,"Partur av fólkinum, ið livir av minni enn fátækamarkinum í landinum",,Kvinnur,Aldur 25 - 54,%,TOTAL,4.8
2013,"Partur av fólkinum, ið livir av minni enn fátækamarkinum í landinum",,Kvinnur,Aldur 25 - 54,%,TOTAL,3.8
2014,"Partur av fólkinum, ið livir av minni enn fátækamarkinum í landinum",,Kvinnur,Aldur 25 - 54,%,TOTAL,3.6
2015,"Partur av fólkinum, ið livir av minni enn fátækamarkinum í landinum",,Kvinnur,Aldur 25 - 54,%,TOTAL,3.5
2016,"Partur av fólkinum, ið livir av minni enn fátækamarkinum í landinum",,Kvinnur,Aldur 25 - 54,%,TOTAL,3.4
2017,"Partur av fólkinum, ið livir av minni enn fátækamarkinum í landinum",,Kvinnur,Aldur 25 - 54,%,TOTAL,3.0
2018,"Partur av fólkinum, ið livir av minni enn fátækamarkinum í landinum",,Kvinnur,Aldur 25 - 54,%,TOTAL,3.0
2019,"Partur av fólkinum, ið livir av minni enn fátækamarkinum í landinum",,Kvinnur,Aldur 25 - 54,%,TOTAL,3.0
2020,"Partur av fólkinum, ið livir av minni enn fátækamarkinum í landinum",,Kvinnur,Aldur 25 - 54,%,TOTAL,2.6
2021,"Partur av fólkinum, ið livir av minni enn fátækamarkinum í landinum",,Kvinnur,Aldur 25 - 54,%,TOTAL,2.9
2022,"Partur av fólkinum, ið livir av minni enn fátækamarkinum í landinum",,Kvinnur,Aldur 25 - 54,%,TOTAL,2.8
2023,"Partur av fólkinum, ið livir av minni enn fátækamarkinum í landinum",,Kvinnur,Aldur 25 - 54,%,TOTAL,2.6
2024,"Partur av fólkinum, ið livir av minni enn fátækamarkinum í landinum",,Kvinnur,Aldur 25 - 54,%,TOTAL,3.1
2009,"Partur av fólkinum, ið livir av minni enn fátækamarkinum í landinum",,Kvinnur,Aldur 55 - 66,%,TOTAL,3.0
2010,"Partur av fólkinum, ið livir av minni enn fátækamarkinum í landinum",,Kvinnur,Aldur 55 - 66,%,TOTAL,2.8
2011,"Partur av fólkinum, ið livir av minni enn fátækamarkinum í landinum",,Kvinnur,Aldur 55 - 66,%,TOTAL,2.8
2012,"Partur av fólkinum, ið livir av minni enn fátækamarkinum í landinum",,Kvinnur,Aldur 55 - 66,%,TOTAL,3.1
2013,"Partur av fólkinum, ið livir av minni enn fátækamarkinum í landinum",,Kvinnur,Aldur 55 - 66,%,TOTAL,2.6
2014,"Partur av fólkinum, ið livir av minni enn fátækamarkinum í landinum",,Kvinnur,Aldur 55 - 66,%,TOTAL,2.7
2015,"Partur av fólkinum, ið livir av minni enn fátækamarkinum í landinum",,Kvinnur,Aldur 55 - 66,%,TOTAL,2.1
2016,"Partur av fólkinum, ið livir av minni enn fátækamarkinum í landinum",,Kvinnur,Aldur 55 - 66,%,TOTAL,2.4
2017,"Partur av fólkinum, ið livir av minni enn fátækamarkinum í landinum",,Kvinnur,Aldur 55 - 66,%,TOTAL,2.3
2018,"Partur av fólkinum, ið livir av minni enn fátækamarkinum í landinum",,Kvinnur,Aldur 55 - 66,%,TOTAL,2.1
2019,"Partur av fólkinum, ið livir av minni enn fátækamarkinum í landinum",,Kvinnur,Aldur 55 - 66,%,TOTAL,1.9
2020,"Partur av fólkinum, ið livir av minni enn fátækamarkinum í landinum",,Kvinnur,Aldur 55 - 66,%,TOTAL,1.7
2021,"Partur av fólkinum, ið livir av minni enn fátækamarkinum í landinum",,Kvinnur,Aldur 55 - 66,%,TOTAL,1.6
2022,"Partur av fólkinum, ið livir av minni enn fátækamarkinum í landinum",,Kvinnur,Aldur 55 - 66,%,TOTAL,1.5
2023,"Partur av fólkinum, ið livir av minni enn fátækamarkinum í landinum",,Kvinnur,Aldur 55 - 66,%,TOTAL,1.7
2024,"Partur av fólkinum, ið livir av minni enn fátækamarkinum í landinum",,Kvinnur,Aldur 55 - 66,%,TOTAL,1.7
2009,"Partur av fólkinum, ið livir av minni enn fátækamarkinum í landinum",,Kvinnur,Aldur 67 + ,%,TOTAL,3.0
2010,"Partur av fólkinum, ið livir av minni enn fátækamarkinum í landinum",,Kvinnur,Aldur 67 + ,%,TOTAL,2.6
2011,"Partur av fólkinum, ið livir av minni enn fátækamarkinum í landinum",,Kvinnur,Aldur 67 + ,%,TOTAL,3.0
2012,"Partur av fólkinum, ið livir av minni enn fátækamarkinum í landinum",,Kvinnur,Aldur 67 + ,%,TOTAL,2.2
2013,"Partur av fólkinum, ið livir av minni enn fátækamarkinum í landinum",,Kvinnur,Aldur 67 + ,%,TOTAL,1.9
2014,"Partur av fólkinum, ið livir av minni enn fátækamarkinum í landinum",,Kvinnur,Aldur 67 + ,%,TOTAL,2.0
2015,"Partur av fólkinum, ið livir av minni enn fátækamarkinum í landinum",,Kvinnur,Aldur 67 + ,%,TOTAL,1.9
2016,"Partur av fólkinum, ið livir av minni enn fátækamarkinum í landinum",,Kvinnur,Aldur 67 + ,%,TOTAL,1.9
2017,"Partur av fólkinum, ið livir av minni enn fátækamarkinum í landinum",,Kvinnur,Aldur 67 + ,%,TOTAL,2.9
2018,"Partur av fólkinum, ið livir av minni enn fátækamarkinum í landinum",,Kvinnur,Aldur 67 + ,%,TOTAL,2.6
2019,"Partur av fólkinum, ið livir av minni enn fátækamarkinum í landinum",,Kvinnur,Aldur 67 + ,%,TOTAL,1.7
2020,"Partur av fólkinum, ið livir av minni enn fátækamarkinum í landinum",,Kvinnur,Aldur 67 + ,%,TOTAL,1.6
2021,"Partur av fólkinum, ið livir av minni enn fátækamarkinum í landinum",,Kvinnur,Aldur 67 + ,%,TOTAL,1.1
2022,"Partur av fólkinum, ið livir av minni enn fátækamarkinum í landinum",,Kvinnur,Aldur 67 + ,%,TOTAL,1.2
2023,"Partur av fólkinum, ið livir av minni enn fátækamarkinum í landinum",,Kvinnur,Aldur 67 + ,%,TOTAL,1.5
2024,"Partur av fólkinum, ið livir av minni enn fátækamarkinum í landinum",,Kvinnur,Aldur 67 + ,%,TOTAL,1.6
2009,"Partur av fólkinum, ið livir av minni enn fátækamarkinum í landinum",,Menn,,%,TOTAL,3.7
2010,"Partur av fólkinum, ið livir av minni enn fátækamarkinum í landinum",,Menn,,%,TOTAL,3.8
2011,"Partur av fólkinum, ið livir av minni enn fátækamarkinum í landinum",,Menn,,%,TOTAL,4.2
2012,"Partur av fólkinum, ið livir av minni enn fátækamarkinum í landinum",,Menn,,%,TOTAL,4.5
2013,"Partur av fólkinum, ið livir av minni enn fátækamarkinum í landinum",,Menn,,%,TOTAL,3.4
2014,"Partur av fólkinum, ið livir av minni enn fátækamarkinum í landinum",,Menn,,%,TOTAL,3.3
2015,"Partur av fólkinum, ið livir av minni enn fátækamarkinum í landinum",,Menn,,%,TOTAL,3.2
2016,"Partur av fólkinum, ið livir av minni enn fátækamarkinum í landinum",,Menn,,%,TOTAL,3.1
2017,"Partur av fólkinum, ið livir av minni enn fátækamarkinum í landinum",,Menn,,%,TOTAL,2.9
2018,"Partur av fólkinum, ið livir av minni enn fátækamarkinum í landinum",,Menn,,%,TOTAL,2.8
2019,"Partur av fólkinum, ið livir av minni enn fátækamarkinum í landinum",,Menn,,%,TOTAL,2.4
2020,"Partur av fólkinum, ið livir av minni enn fátækamarkinum í landinum",,Menn,,%,TOTAL,2.1
2021,"Partur av fólkinum, ið livir av minni enn fátækamarkinum í landinum",,Menn,,%,TOTAL,2.5
2022,"Partur av fólkinum, ið livir av minni enn fátækamarkinum í landinum",,Menn,,%,TOTAL,2.4
2023,"Partur av fólkinum, ið livir av minni enn fátækamarkinum í landinum",,Menn,,%,TOTAL,2.3
2024,"Partur av fólkinum, ið livir av minni enn fátækamarkinum í landinum",,Menn,,%,TOTAL,2.8
2009,"Partur av fólkinum, ið livir av minni enn fátækamarkinum í landinum",,Menn,Aldur 0 - 17,%,TOTAL,4.9
2010,"Partur av fólkinum, ið livir av minni enn fátækamarkinum í landinum",,Menn,Aldur 0 - 17,%,TOTAL,4.8
2011,"Partur av fólkinum, ið livir av minni enn fátækamarkinum í landinum",,Menn,Aldur 0 - 17,%,TOTAL,5.3
2012,"Partur av fólkinum, ið livir av minni enn fátækamarkinum í landinum",,Menn,Aldur 0 - 17,%,TOTAL,6.4
2013,"Partur av fólkinum, ið livir av minni enn fátækamarkinum í landinum",,Menn,Aldur 0 - 17,%,TOTAL,4.9
2014,"Partur av fólkinum, ið livir av minni enn fátækamarkinum í landinum",,Menn,Aldur 0 - 17,%,TOTAL,4.7
2015,"Partur av fólkinum, ið livir av minni enn fátækamarkinum í landinum",,Menn,Aldur 0 - 17,%,TOTAL,4.0
2016,"Partur av fólkinum, ið livir av minni enn fátækamarkinum í landinum",,Menn,Aldur 0 - 17,%,TOTAL,4.1
2017,"Partur av fólkinum, ið livir av minni enn fátækamarkinum í landinum",,Menn,Aldur 0 - 17,%,TOTAL,3.8
2018,"Partur av fólkinum, ið livir av minni enn fátækamarkinum í landinum",,Menn,Aldur 0 - 17,%,TOTAL,3.6
2019,"Partur av fólkinum, ið livir av minni enn fátækamarkinum í landinum",,Menn,Aldur 0 - 17,%,TOTAL,3.0
2020,"Partur av fólkinum, ið livir av minni enn fátækamarkinum í landinum",,Menn,Aldur 0 - 17,%,TOTAL,3.0
2021,"Partur av fólkinum, ið livir av minni enn fátækamarkinum í landinum",,Menn,Aldur 0 - 17,%,TOTAL,3.2
2022,"Partur av fólkinum, ið livir av minni enn fátækamarkinum í landinum",,Menn,Aldur 0 - 17,%,TOTAL,3.4
2023,"Partur av fólkinum, ið livir av minni enn fátækamarkinum í landinum",,Menn,Aldur 0 - 17,%,TOTAL,2.7
2024,"Partur av fólkinum, ið livir av minni enn fátækamarkinum í landinum",,Menn,Aldur 0 - 17,%,TOTAL,3.3
2009,"Partur av fólkinum, ið livir av minni enn fátækamarkinum í landinum",,Menn,Aldur 18 - 24,%,TOTAL,2.8
2010,"Partur av fólkinum, ið livir av minni enn fátækamarkinum í landinum",,Menn,Aldur 18 - 24,%,TOTAL,3.1
2011,"Partur av fólkinum, ið livir av minni enn fátækamarkinum í landinum",,Menn,Aldur 18 - 24,%,TOTAL,3.8
2012,"Partur av fólkinum, ið livir av minni enn fátækamarkinum í landinum",,Menn,Aldur 18 - 24,%,TOTAL,4.3
2013,"Partur av fólkinum, ið livir av minni enn fátækamarkinum í landinum",,Menn,Aldur 18 - 24,%,TOTAL,3.1
2014,"Partur av fólkinum, ið livir av minni enn fátækamarkinum í landinum",,Menn,Aldur 18 - 24,%,TOTAL,3.4
2015,"Partur av fólkinum, ið livir av minni enn fátækamarkinum í landinum",,Menn,Aldur 18 - 24,%,TOTAL,3.1
2016,"Partur av fólkinum, ið livir av minni enn fátækamarkinum í landinum",,Menn,Aldur 18 - 24,%,TOTAL,2.7
2017,"Partur av fólkinum, ið livir av minni enn fátækamarkinum í landinum",,Menn,Aldur 18 - 24,%,TOTAL,2.2
2018,"Partur av fólkinum, ið livir av minni enn fátækamarkinum í landinum",,Menn,Aldur 18 - 24,%,TOTAL,2.7
2019,"Partur av fólkinum, ið livir av minni enn fátækamarkinum í landinum",,Menn,Aldur 18 - 24,%,TOTAL,2.4
2020,"Partur av fólkinum, ið livir av minni enn fátækamarkinum í landinum",,Menn,Aldur 18 - 24,%,TOTAL,1.7
2021,"Partur av fólkinum, ið livir av minni enn fátækamarkinum í landinum",,Menn,Aldur 18 - 24,%,TOTAL,2.6
2022,"Partur av fólkinum, ið livir av minni enn fátækamarkinum í landinum",,Menn,Aldur 18 - 24,%,TOTAL,1.8
2023,"Partur av fólkinum, ið livir av minni enn fátækamarkinum í landinum",,Menn,Aldur 18 - 24,%,TOTAL,2.3
2024,"Partur av fólkinum, ið livir av minni enn fátækamarkinum í landinum",,Menn,Aldur 18 - 24,%,TOTAL,3.0
2009,"Partur av fólkinum, ið livir av minni enn fátækamarkinum í landinum",,Menn,Aldur 25 - 54,%,TOTAL,3.1
2010,"Partur av fólkinum, ið livir av minni enn fátækamarkinum í landinum",,Menn,Aldur 25 - 54,%,TOTAL,3.6
2011,"Partur av fólkinum, ið livir av minni enn fátækamarkinum í landinum",,Menn,Aldur 25 - 54,%,TOTAL,3.9
2012,"Partur av fólkinum, ið livir av minni enn fátækamarkinum í landinum",,Menn,Aldur 25 - 54,%,TOTAL,4.0
2013,"Partur av fólkinum, ið livir av minni enn fátækamarkinum í landinum",,Menn,Aldur 25 - 54,%,TOTAL,2.9
2014,"Partur av fólkinum, ið livir av minni enn fátækamarkinum í landinum",,Menn,Aldur 25 - 54,%,TOTAL,2.7
2015,"Partur av fólkinum, ið livir av minni enn fátækamarkinum í landinum",,Menn,Aldur 25 - 54,%,TOTAL,3.0
2016,"Partur av fólkinum, ið livir av minni enn fátækamarkinum í landinum",,Menn,Aldur 25 - 54,%,TOTAL,2.8
2017,"Partur av fólkinum, ið livir av minni enn fátækamarkinum í landinum",,Menn,Aldur 25 - 54,%,TOTAL,2.8
2018,"Partur av fólkinum, ið livir av minni enn fátækamarkinum í landinum",,Menn,Aldur 25 - 54,%,TOTAL,2.6
2019,"Partur av fólkinum, ið livir av minni enn fátækamarkinum í landinum",,Menn,Aldur 25 - 54,%,TOTAL,2.3
2020,"Partur av fólkinum, ið livir av minni enn fátækamarkinum í landinum",,Menn,Aldur 25 - 54,%,TOTAL,2.0
2021,"Partur av fólkinum, ið livir av minni enn fátækamarkinum í landinum",,Menn,Aldur 25 - 54,%,TOTAL,2.6
2022,"Partur av fólkinum, ið livir av minni enn fátækamarkinum í landinum",,Menn,Aldur 25 - 54,%,TOTAL,2.6
2023,"Partur av fólkinum, ið livir av minni enn fátækamarkinum í landinum",,Menn,Aldur 25 - 54,%,TOTAL,2.6
2024,"Partur av fólkinum, ið livir av minni enn fátækamarkinum í landinum",,Menn,Aldur 25 - 54,%,TOTAL,3.1
2009,"Partur av fólkinum, ið livir av minni enn fátækamarkinum í landinum",,Menn,Aldur 55 - 66,%,TOTAL,4.3
2010,"Partur av fólkinum, ið livir av minni enn fátækamarkinum í landinum",,Menn,Aldur 55 - 66,%,TOTAL,4.1
2011,"Partur av fólkinum, ið livir av minni enn fátækamarkinum í landinum",,Menn,Aldur 55 - 66,%,TOTAL,4.2
2012,"Partur av fólkinum, ið livir av minni enn fátækamarkinum í landinum",,Menn,Aldur 55 - 66,%,TOTAL,4.4
2013,"Partur av fólkinum, ið livir av minni enn fátækamarkinum í landinum",,Menn,Aldur 55 - 66,%,TOTAL,3.7
2014,"Partur av fólkinum, ið livir av minni enn fátækamarkinum í landinum",,Menn,Aldur 55 - 66,%,TOTAL,3.6
2015,"Partur av fólkinum, ið livir av minni enn fátækamarkinum í landinum",,Menn,Aldur 55 - 66,%,TOTAL,3.3
2016,"Partur av fólkinum, ið livir av minni enn fátækamarkinum í landinum",,Menn,Aldur 55 - 66,%,TOTAL,3.3
2017,"Partur av fólkinum, ið livir av minni enn fátækamarkinum í landinum",,Menn,Aldur 55 - 66,%,TOTAL,3.1
2018,"Partur av fólkinum, ið livir av minni enn fátækamarkinum í landinum",,Menn,Aldur 55 - 66,%,TOTAL,2.6
2019,"Partur av fólkinum, ið livir av minni enn fátækamarkinum í landinum",,Menn,Aldur 55 - 66,%,TOTAL,2.5
2020,"Partur av fólkinum, ið livir av minni enn fátækamarkinum í landinum",,Menn,Aldur 55 - 66,%,TOTAL,2.3
2021,"Partur av fólkinum, ið livir av minni enn fátækamarkinum í landinum",,Menn,Aldur 55 - 66,%,TOTAL,2.6
2022,"Partur av fólkinum, ið livir av minni enn fátækamarkinum í landinum",,Menn,Aldur 55 - 66,%,TOTAL,2.4
2023,"Partur av fólkinum, ið livir av minni enn fátækamarkinum í landinum",,Menn,Aldur 55 - 66,%,TOTAL,2.3
2024,"Partur av fólkinum, ið livir av minni enn fátækamarkinum í landinum",,Menn,Aldur 55 - 66,%,TOTAL,2.6
2009,"Partur av fólkinum, ið livir av minni enn fátækamarkinum í landinum",,Menn,Aldur 67 + ,%,TOTAL,3.0
2010,"Partur av fólkinum, ið livir av minni enn fátækamarkinum í landinum",,Menn,Aldur 67 + ,%,TOTAL,2.6
2011,"Partur av fólkinum, ið livir av minni enn fátækamarkinum í landinum",,Menn,Aldur 67 + ,%,TOTAL,2.6
2012,"Partur av fólkinum, ið livir av minni enn fátækamarkinum í landinum",,Menn,Aldur 67 + ,%,TOTAL,2.6
2013,"Partur av fólkinum, ið livir av minni enn fátækamarkinum í landinum",,Menn,Aldur 67 + ,%,TOTAL,1.7
2014,"Partur av fólkinum, ið livir av minni enn fátækamarkinum í landinum",,Menn,Aldur 67 + ,%,TOTAL,1.9
2015,"Partur av fólkinum, ið livir av minni enn fátækamarkinum í landinum",,Menn,Aldur 67 + ,%,TOTAL,2.0
2016,"Partur av fólkinum, ið livir av minni enn fátækamarkinum í landinum",,Menn,Aldur 67 + ,%,TOTAL,1.9
2017,"Partur av fólkinum, ið livir av minni enn fátækamarkinum í landinum",,Menn,Aldur 67 + ,%,TOTAL,2.2
2018,"Partur av fólkinum, ið livir av minni enn fátækamarkinum í landinum",,Menn,Aldur 67 + ,%,TOTAL,2.1
2019,"Partur av fólkinum, ið livir av minni enn fátækamarkinum í landinum",,Menn,Aldur 67 + ,%,TOTAL,1.2
2020,"Partur av fólkinum, ið livir av minni enn fátækamarkinum í landinum",,Menn,Aldur 67 + ,%,TOTAL,1.1
2021,"Partur av fólkinum, ið livir av minni enn fátækamarkinum í landinum",,Menn,Aldur 67 + ,%,TOTAL,0.8
2022,"Partur av fólkinum, ið livir av minni enn fátækamarkinum í landinum",,Menn,Aldur 67 + ,%,TOTAL,0.7
2023,"Partur av fólkinum, ið livir av minni enn fátækamarkinum í landinum",,Menn,Aldur 67 + ,%,TOTAL,1.2
2024,"Partur av fólkinum, ið livir av minni enn fátækamarkinum í landinum",,Menn,Aldur 67 + ,%,TOTAL,1.3
2009,"Partur av fólkinum, ið livir av minni enn fátækamarkinum í landinum",Eysturoyar øki,,,%,4200,3.3
2010,"Partur av fólkinum, ið livir av minni enn fátækamarkinum í landinum",Eysturoyar øki,,,%,4200,3.7
2011,"Partur av fólkinum, ið livir av minni enn fátækamarkinum í landinum",Eysturoyar øki,,,%,4200,3.1
2012,"Partur av fólkinum, ið livir av minni enn fátækamarkinum í landinum",Eysturoyar øki,,,%,4200,3.7
2013,"Partur av fólkinum, ið livir av minni enn fátækamarkinum í landinum",Eysturoyar øki,,,%,4200,3.1
2014,"Partur av fólkinum, ið livir av minni enn fátækamarkinum í landinum",Eysturoyar øki,,,%,4200,2.6
2015,"Partur av fólkinum, ið livir av minni enn fátækamarkinum í landinum",Eysturoyar øki,,,%,4200,2.7
2016,"Partur av fólkinum, ið livir av minni enn fátækamarkinum í landinum",Eysturoyar øki,,,%,4200,2.5
2017,"Partur av fólkinum, ið livir av minni enn fátækamarkinum í landinum",Eysturoyar øki,,,%,4200,2.7
2018,"Partur av fólkinum, ið livir av minni enn fátækamarkinum í landinum",Eysturoyar øki,,,%,4200,2.6
2019,"Partur av fólkinum, ið livir av minni enn fátækamarkinum í landinum",Eysturoyar øki,,,%,4200,2.1
2020,"Partur av fólkinum, ið livir av minni enn fátækamarkinum í landinum",Eysturoyar øki,,,%,4200,2.0
2021,"Partur av fólkinum, ið livir av minni enn fátækamarkinum í landinum",Eysturoyar øki,,,%,4200,2.1
2022,"Partur av fólkinum, ið livir av minni enn fátækamarkinum í landinum",Eysturoyar øki,,,%,4200,1.7
2023,"Partur av fólkinum, ið livir av minni enn fátækamarkinum í landinum",Eysturoyar øki,,,%,4200,1.9
2024,"Partur av fólkinum, ið livir av minni enn fátækamarkinum í landinum",Eysturoyar øki,,,%,4200,2.4
2009,"Partur av fólkinum, ið livir av minni enn fátækamarkinum í landinum",Eysturoyar øki,,Aldur 0 - 17,%,4200,3.6
2010,"Partur av fólkinum, ið livir av minni enn fátækamarkinum í landinum",Eysturoyar øki,,Aldur 0 - 17,%,4200,4.6
2011,"Partur av fólkinum, ið livir av minni enn fátækamarkinum í landinum",Eysturoyar øki,,Aldur 0 - 17,%,4200,3.7
2012,"Partur av fólkinum, ið livir av minni enn fátækamarkinum í landinum",Eysturoyar øki,,Aldur 0 - 17,%,4200,5.0
2013,"Partur av fólkinum, ið livir av minni enn fátækamarkinum í landinum",Eysturoyar øki,,Aldur 0 - 17,%,4200,4.6
2014,"Partur av fólkinum, ið livir av minni enn fátækamarkinum í landinum",Eysturoyar øki,,Aldur 0 - 17,%,4200,3.7
2015,"Partur av fólkinum, ið livir av minni enn fátækamarkinum í landinum",Eysturoyar øki,,Aldur 0 - 17,%,4200,3.8
2016,"Partur av fólkinum, ið livir av minni enn fátækamarkinum í landinum",Eysturoyar øki,,Aldur 0 - 17,%,4200,3.8
2017,"Partur av fólkinum, ið livir av minni enn fátækamarkinum í landinum",Eysturoyar øki,,Aldur 0 - 17,%,4200,4.2
2018,"Partur av fólkinum, ið livir av minni enn fátækamarkinum í landinum",Eysturoyar øki,,Aldur 0 - 17,%,4200,3.5
2019,"Partur av fólkinum, ið livir av minni enn fátækamarkinum í landinum",Eysturoyar øki,,Aldur 0 - 17,%,4200,3.1
2020,"Partur av fólkinum, ið livir av minni enn fátækamarkinum í landinum",Eysturoyar øki,,Aldur 0 - 17,%,4200,3.0
2021,"Partur av fólkinum, ið livir av minni enn fátækamarkinum í landinum",Eysturoyar øki,,Aldur 0 - 17,%,4200,2.5
2022,"Partur av fólkinum, ið livir av minni enn fátækamarkinum í landinum",Eysturoyar øki,,Aldur 0 - 17,%,4200,2.4
2023,"Partur av fólkinum, ið livir av minni enn fátækamarkinum í landinum",Eysturoyar øki,,Aldur 0 - 17,%,4200,2.8
2024,"Partur av fólkinum, ið livir av minni enn fátækamarkinum í landinum",Eysturoyar øki,,Aldur 0 - 17,%,4200,3.3
2009,"Partur av fólkinum, ið livir av minni enn fátækamarkinum í landinum",Eysturoyar øki,,Aldur 18 - 24,%,4200,3.2
2010,"Partur av fólkinum, ið livir av minni enn fátækamarkinum í landinum",Eysturoyar øki,,Aldur 18 - 24,%,4200,4.2
2011,"Partur av fólkinum, ið livir av minni enn fátækamarkinum í landinum",Eysturoyar øki,,Aldur 18 - 24,%,4200,3.3
2012,"Partur av fólkinum, ið livir av minni enn fátækamarkinum í landinum",Eysturoyar øki,,Aldur 18 - 24,%,4200,3.4
2013,"Partur av fólkinum, ið livir av minni enn fátækamarkinum í landinum",Eysturoyar øki,,Aldur 18 - 24,%,4200,3.1
2014,"Partur av fólkinum, ið livir av minni enn fátækamarkinum í landinum",Eysturoyar øki,,Aldur 18 - 24,%,4200,2.3
2015,"Partur av fólkinum, ið livir av minni enn fátækamarkinum í landinum",Eysturoyar øki,,Aldur 18 - 24,%,4200,3.6
2016,"Partur av fólkinum, ið livir av minni enn fátækamarkinum í landinum",Eysturoyar øki,,Aldur 18 - 24,%,4200,2.8
2017,"Partur av fólkinum, ið livir av minni enn fátækamarkinum í landinum",Eysturoyar øki,,Aldur 18 - 24,%,4200,1.9
2018,"Partur av fólkinum, ið livir av minni enn fátækamarkinum í landinum",Eysturoyar øki,,Aldur 18 - 24,%,4200,3.1
2019,"Partur av fólkinum, ið livir av minni enn fátækamarkinum í landinum",Eysturoyar øki,,Aldur 18 - 24,%,4200,2.5
2020,"Partur av fólkinum, ið livir av minni enn fátækamarkinum í landinum",Eysturoyar øki,,Aldur 18 - 24,%,4200,1.4
2021,"Partur av fólkinum, ið livir av minni enn fátækamarkinum í landinum",Eysturoyar øki,,Aldur 18 - 24,%,4200,2.5
2022,"Partur av fólkinum, ið livir av minni enn fátækamarkinum í landinum",Eysturoyar øki,,Aldur 18 - 24,%,4200,0.8
2023,"Partur av fólkinum, ið livir av minni enn fátækamarkinum í landinum",Eysturoyar øki,,Aldur 18 - 24,%,4200,1.2
2024,"Partur av fólkinum, ið livir av minni enn fátækamarkinum í landinum",Eysturoyar øki,,Aldur 18 - 24,%,4200,2.1
2009,"Partur av fólkinum, ið livir av minni enn fátækamarkinum í landinum",Eysturoyar øki,,Aldur 25 - 54,%,4200,2.8
2010,"Partur av fólkinum, ið livir av minni enn fátækamarkinum í landinum",Eysturoyar øki,,Aldur 25 - 54,%,4200,3.4
2011,"Partur av fólkinum, ið livir av minni enn fátækamarkinum í landinum",Eysturoyar øki,,Aldur 25 - 54,%,4200,2.9
2012,"Partur av fólkinum, ið livir av minni enn fátækamarkinum í landinum",Eysturoyar øki,,Aldur 25 - 54,%,4200,3.7
2013,"Partur av fólkinum, ið livir av minni enn fátækamarkinum í landinum",Eysturoyar øki,,Aldur 25 - 54,%,4200,3.0
2014,"Partur av fólkinum, ið livir av minni enn fátækamarkinum í landinum",Eysturoyar øki,,Aldur 25 - 54,%,4200,2.2
2015,"Partur av fólkinum, ið livir av minni enn fátækamarkinum í landinum",Eysturoyar øki,,Aldur 25 - 54,%,4200,2.4
2016,"Partur av fólkinum, ið livir av minni enn fátækamarkinum í landinum",Eysturoyar øki,,Aldur 25 - 54,%,4200,2.3
2017,"Partur av fólkinum, ið livir av minni enn fátækamarkinum í landinum",Eysturoyar øki,,Aldur 25 - 54,%,4200,2.6
2018,"Partur av fólkinum, ið livir av minni enn fátækamarkinum í landinum",Eysturoyar øki,,Aldur 25 - 54,%,4200,2.4
2019,"Partur av fólkinum, ið livir av minni enn fátækamarkinum í landinum",Eysturoyar øki,,Aldur 25 - 54,%,4200,1.8
2020,"Partur av fólkinum, ið livir av minni enn fátækamarkinum í landinum",Eysturoyar øki,,Aldur 25 - 54,%,4200,1.9
2021,"Partur av fólkinum, ið livir av minni enn fátækamarkinum í landinum",Eysturoyar øki,,Aldur 25 - 54,%,4200,2.3
2022,"Partur av fólkinum, ið livir av minni enn fátækamarkinum í landinum",Eysturoyar øki,,Aldur 25 - 54,%,4200,2.1
2023,"Partur av fólkinum, ið livir av minni enn fátækamarkinum í landinum",Eysturoyar øki,,Aldur 25 - 54,%,4200,2.0
2024,"Partur av fólkinum, ið livir av minni enn fátækamarkinum í landinum",Eysturoyar øki,,Aldur 25 - 54,%,4200,2.7
2009,"Partur av fólkinum, ið livir av minni enn fátækamarkinum í landinum",Eysturoyar øki,,Aldur 55 - 66,%,4200,3.6
2010,"Partur av fólkinum, ið livir av minni enn fátækamarkinum í landinum",Eysturoyar øki,,Aldur 55 - 66,%,4200,3.2
2011,"Partur av fólkinum, ið livir av minni enn fátækamarkinum í landinum",Eysturoyar øki,,Aldur 55 - 66,%,4200,3.2
2012,"Partur av fólkinum, ið livir av minni enn fátækamarkinum í landinum",Eysturoyar øki,,Aldur 55 - 66,%,4200,3.1
2013,"Partur av fólkinum, ið livir av minni enn fátækamarkinum í landinum",Eysturoyar øki,,Aldur 55 - 66,%,4200,2.5
2014,"Partur av fólkinum, ið livir av minni enn fátækamarkinum í landinum",Eysturoyar øki,,Aldur 55 - 66,%,4200,2.1
2015,"Partur av fólkinum, ið livir av minni enn fátækamarkinum í landinum",Eysturoyar øki,,Aldur 55 - 66,%,4200,1.7
2016,"Partur av fólkinum, ið livir av minni enn fátækamarkinum í landinum",Eysturoyar øki,,Aldur 55 - 66,%,4200,1.9
2017,"Partur av fólkinum, ið livir av minni enn fátækamarkinum í landinum",Eysturoyar øki,,Aldur 55 - 66,%,4200,1.6
2018,"Partur av fólkinum, ið livir av minni enn fátækamarkinum í landinum",Eysturoyar øki,,Aldur 55 - 66,%,4200,1.7
2019,"Partur av fólkinum, ið livir av minni enn fátækamarkinum í landinum",Eysturoyar øki,,Aldur 55 - 66,%,4200,1.3
2020,"Partur av fólkinum, ið livir av minni enn fátækamarkinum í landinum",Eysturoyar øki,,Aldur 55 - 66,%,4200,1.6
2021,"Partur av fólkinum, ið livir av minni enn fátækamarkinum í landinum",Eysturoyar øki,,Aldur 55 - 66,%,4200,1.7
2022,"Partur av fólkinum, ið livir av minni enn fátækamarkinum í landinum",Eysturoyar øki,,Aldur 55 - 66,%,4200,1.3
2023,"Partur av fólkinum, ið livir av minni enn fátækamarkinum í landinum",Eysturoyar øki,,Aldur 55 - 66,%,4200,1.4
2024,"Partur av fólkinum, ið livir av minni enn fátækamarkinum í landinum",Eysturoyar øki,,Aldur 55 - 66,%,4200,1.6
2009,"Partur av fólkinum, ið livir av minni enn fátækamarkinum í landinum",Eysturoyar øki,,Aldur 67 + ,%,4200,3.6
2010,"Partur av fólkinum, ið livir av minni enn fátækamarkinum í landinum",Eysturoyar øki,,Aldur 67 + ,%,4200,2.7
2011,"Partur av fólkinum, ið livir av minni enn fátækamarkinum í landinum",Eysturoyar øki,,Aldur 67 + ,%,4200,2.1
2012,"Partur av fólkinum, ið livir av minni enn fátækamarkinum í landinum",Eysturoyar øki,,Aldur 67 + ,%,4200,1.8
2013,"Partur av fólkinum, ið livir av minni enn fátækamarkinum í landinum",Eysturoyar øki,,Aldur 67 + ,%,4200,1.3
2014,"Partur av fólkinum, ið livir av minni enn fátækamarkinum í landinum",Eysturoyar øki,,Aldur 67 + ,%,4200,2.2
2015,"Partur av fólkinum, ið livir av minni enn fátækamarkinum í landinum",Eysturoyar øki,,Aldur 67 + ,%,4200,2.0
2016,"Partur av fólkinum, ið livir av minni enn fátækamarkinum í landinum",Eysturoyar øki,,Aldur 67 + ,%,4200,1.0
2017,"Partur av fólkinum, ið livir av minni enn fátækamarkinum í landinum",Eysturoyar øki,,Aldur 67 + ,%,4200,2.2
2018,"Partur av fólkinum, ið livir av minni enn fátækamarkinum í landinum",Eysturoyar øki,,Aldur 67 + ,%,4200,2.4
2019,"Partur av fólkinum, ið livir av minni enn fátækamarkinum í landinum",Eysturoyar øki,,Aldur 67 + ,%,4200,1.2
2020,"Partur av fólkinum, ið livir av minni enn fátækamarkinum í landinum",Eysturoyar øki,,Aldur 67 + ,%,4200,1.1
2021,"Partur av fólkinum, ið livir av minni enn fátækamarkinum í landinum",Eysturoyar øki,,Aldur 67 + ,%,4200,0.8
2022,"Partur av fólkinum, ið livir av minni enn fátækamarkinum í landinum",Eysturoyar øki,,Aldur 67 + ,%,4200,0.6
2023,"Partur av fólkinum, ið livir av minni enn fátækamarkinum í landinum",Eysturoyar øki,,Aldur 67 + ,%,4200,0.8
2024,"Partur av fólkinum, ið livir av minni enn fátækamarkinum í landinum",Eysturoyar øki,,Aldur 67 + ,%,4200,1.4
2009,"Partur av fólkinum, ið livir av minni enn fátækamarkinum í landinum",Eysturoyar øki,Kvinnur,,%,4200,3.4
2010,"Partur av fólkinum, ið livir av minni enn fátækamarkinum í landinum",Eysturoyar øki,Kvinnur,,%,4200,3.8
2011,"Partur av fólkinum, ið livir av minni enn fátækamarkinum í landinum",Eysturoyar øki,Kvinnur,,%,4200,3.3
2012,"Partur av fólkinum, ið livir av minni enn fátækamarkinum í landinum",Eysturoyar øki,Kvinnur,,%,4200,3.6
2013,"Partur av fólkinum, ið livir av minni enn fátækamarkinum í landinum",Eysturoyar øki,Kvinnur,,%,4200,3.3
2014,"Partur av fólkinum, ið livir av minni enn fátækamarkinum í landinum",Eysturoyar øki,Kvinnur,,%,4200,2.9
2015,"Partur av fólkinum, ið livir av minni enn fátækamarkinum í landinum",Eysturoyar øki,Kvinnur,,%,4200,3.2
2016,"Partur av fólkinum, ið livir av minni enn fátækamarkinum í landinum",Eysturoyar øki,Kvinnur,,%,4200,2.8
2017,"Partur av fólkinum, ið livir av minni enn fátækamarkinum í landinum",Eysturoyar øki,Kvinnur,,%,4200,3.1
2018,"Partur av fólkinum, ið livir av minni enn fátækamarkinum í landinum",Eysturoyar øki,Kvinnur,,%,4200,3.0
2019,"Partur av fólkinum, ið livir av minni enn fátækamarkinum í landinum",Eysturoyar øki,Kvinnur,,%,4200,2.4
2020,"Partur av fólkinum, ið livir av minni enn fátækamarkinum í landinum",Eysturoyar øki,Kvinnur,,%,4200,2.1
2021,"Partur av fólkinum, ið livir av minni enn fátækamarkinum í landinum",Eysturoyar øki,Kvinnur,,%,4200,2.1
2022,"Partur av fólkinum, ið livir av minni enn fátækamarkinum í landinum",Eysturoyar øki,Kvinnur,,%,4200,1.7
2023,"Partur av fólkinum, ið livir av minni enn fátækamarkinum í landinum",Eysturoyar øki,Kvinnur,,%,4200,2.0
2024,"Partur av fólkinum, ið livir av minni enn fátækamarkinum í landinum",Eysturoyar øki,Kvinnur,,%,4200,2.2
2009,"Partur av fólkinum, ið livir av minni enn fátækamarkinum í landinum",Eysturoyar øki,Kvinnur,Aldur 0 - 17,%,4200,3.5
2010,"Partur av fólkinum, ið livir av minni enn fátækamarkinum í landinum",Eysturoyar øki,Kvinnur,Aldur 0 - 17,%,4200,4.9
2011,"Partur av fólkinum, ið livir av minni enn fátækamarkinum í landinum",Eysturoyar øki,Kvinnur,Aldur 0 - 17,%,4200,4.3
2012,"Partur av fólkinum, ið livir av minni enn fátækamarkinum í landinum",Eysturoyar øki,Kvinnur,Aldur 0 - 17,%,4200,4.7
2013,"Partur av fólkinum, ið livir av minni enn fátækamarkinum í landinum",Eysturoyar øki,Kvinnur,Aldur 0 - 17,%,4200,4.4
2014,"Partur av fólkinum, ið livir av minni enn fátækamarkinum í landinum",Eysturoyar øki,Kvinnur,Aldur 0 - 17,%,4200,4.7
2015,"Partur av fólkinum, ið livir av minni enn fátækamarkinum í landinum",Eysturoyar øki,Kvinnur,Aldur 0 - 17,%,4200,4.4
2016,"Partur av fólkinum, ið livir av minni enn fátækamarkinum í landinum",Eysturoyar øki,Kvinnur,Aldur 0 - 17,%,4200,4.2
2017,"Partur av fólkinum, ið livir av minni enn fátækamarkinum í landinum",Eysturoyar øki,Kvinnur,Aldur 0 - 17,%,4200,4.8
2018,"Partur av fólkinum, ið livir av minni enn fátækamarkinum í landinum",Eysturoyar øki,Kvinnur,Aldur 0 - 17,%,4200,4.1
2019,"Partur av fólkinum, ið livir av minni enn fátækamarkinum í landinum",Eysturoyar øki,Kvinnur,Aldur 0 - 17,%,4200,3.6
2020,"Partur av fólkinum, ið livir av minni enn fátækamarkinum í landinum",Eysturoyar øki,Kvinnur,Aldur 0 - 17,%,4200,3.0
2021,"Partur av fólkinum, ið livir av minni enn fátækamarkinum í landinum",Eysturoyar øki,Kvinnur,Aldur 0 - 17,%,4200,2.7
2022,"Partur av fólkinum, ið livir av minni enn fátækamarkinum í landinum",Eysturoyar øki,Kvinnur,Aldur 0 - 17,%,4200,2.2
2023,"Partur av fólkinum, ið livir av minni enn fátækamarkinum í landinum",Eysturoyar øki,Kvinnur,Aldur 0 - 17,%,4200,3.1
2024,"Partur av fólkinum, ið livir av minni enn fátækamarkinum í landinum",Eysturoyar øki,Kvinnur,Aldur 0 - 17,%,4200,3.2
2009,"Partur av fólkinum, ið livir av minni enn fátækamarkinum í landinum",Eysturoyar øki,Kvinnur,Aldur 18 - 24,%,4200,3.9
2010,"Partur av fólkinum, ið livir av minni enn fátækamarkinum í landinum",Eysturoyar øki,Kvinnur,Aldur 18 - 24,%,4200,5.8
2011,"Partur av fólkinum, ið livir av minni enn fátækamarkinum í landinum",Eysturoyar øki,Kvinnur,Aldur 18 - 24,%,4200,4.2
2012,"Partur av fólkinum, ið livir av minni enn fátækamarkinum í landinum",Eysturoyar øki,Kvinnur,Aldur 18 - 24,%,4200,4.5
2013,"Partur av fólkinum, ið livir av minni enn fátækamarkinum í landinum",Eysturoyar øki,Kvinnur,Aldur 18 - 24,%,4200,4.5
2014,"Partur av fólkinum, ið livir av minni enn fátækamarkinum í landinum",Eysturoyar øki,Kvinnur,Aldur 18 - 24,%,4200,2.4
2015,"Partur av fólkinum, ið livir av minni enn fátækamarkinum í landinum",Eysturoyar øki,Kvinnur,Aldur 18 - 24,%,4200,5.0
2016,"Partur av fólkinum, ið livir av minni enn fátækamarkinum í landinum",Eysturoyar øki,Kvinnur,Aldur 18 - 24,%,4200,4.1
2017,"Partur av fólkinum, ið livir av minni enn fátækamarkinum í landinum",Eysturoyar øki,Kvinnur,Aldur 18 - 24,%,4200,3.1
2018,"Partur av fólkinum, ið livir av minni enn fátækamarkinum í landinum",Eysturoyar øki,Kvinnur,Aldur 18 - 24,%,4200,4.9
2019,"Partur av fólkinum, ið livir av minni enn fátækamarkinum í landinum",Eysturoyar øki,Kvinnur,Aldur 18 - 24,%,4200,4.3
2020,"Partur av fólkinum, ið livir av minni enn fátækamarkinum í landinum",Eysturoyar øki,Kvinnur,Aldur 18 - 24,%,4200,2.2
2021,"Partur av fólkinum, ið livir av minni enn fátækamarkinum í landinum",Eysturoyar øki,Kvinnur,Aldur 18 - 24,%,4200,3.9
2022,"Partur av fólkinum, ið livir av minni enn fátækamarkinum í landinum",Eysturoyar øki,Kvinnur,Aldur 18 - 24,%,4200,1.4
2023,"Partur av fólkinum, ið livir av minni enn fátækamarkinum í landinum",Eysturoyar øki,Kvinnur,Aldur 18 - 24,%,4200,1.6
2024,"Partur av fólkinum, ið livir av minni enn fátækamarkinum í landinum",Eysturoyar øki,Kvinnur,Aldur 18 - 24,%,4200,2.2
2009,"Partur av fólkinum, ið livir av minni enn fátækamarkinum í landinum",Eysturoyar øki,Kvinnur,Aldur 25 - 54,%,4200,3.1
2010,"Partur av fólkinum, ið livir av minni enn fátækamarkinum í landinum",Eysturoyar øki,Kvinnur,Aldur 25 - 54,%,4200,3.5
2011,"Partur av fólkinum, ið livir av minni enn fátækamarkinum í landinum",Eysturoyar øki,Kvinnur,Aldur 25 - 54,%,4200,3.0
2012,"Partur av fólkinum, ið livir av minni enn fátækamarkinum í landinum",Eysturoyar øki,Kvinnur,Aldur 25 - 54,%,4200,4.0
2013,"Partur av fólkinum, ið livir av minni enn fátækamarkinum í landinum",Eysturoyar øki,Kvinnur,Aldur 25 - 54,%,4200,3.3
2014,"Partur av fólkinum, ið livir av minni enn fátækamarkinum í landinum",Eysturoyar øki,Kvinnur,Aldur 25 - 54,%,4200,2.4
2015,"Partur av fólkinum, ið livir av minni enn fátækamarkinum í landinum",Eysturoyar øki,Kvinnur,Aldur 25 - 54,%,4200,2.7
2016,"Partur av fólkinum, ið livir av minni enn fátækamarkinum í landinum",Eysturoyar øki,Kvinnur,Aldur 25 - 54,%,4200,2.7
2017,"Partur av fólkinum, ið livir av minni enn fátækamarkinum í landinum",Eysturoyar øki,Kvinnur,Aldur 25 - 54,%,4200,2.7
2018,"Partur av fólkinum, ið livir av minni enn fátækamarkinum í landinum",Eysturoyar øki,Kvinnur,Aldur 25 - 54,%,4200,2.6
2019,"Partur av fólkinum, ið livir av minni enn fátækamarkinum í landinum",Eysturoyar øki,Kvinnur,Aldur 25 - 54,%,4200,2.2
2020,"Partur av fólkinum, ið livir av minni enn fátækamarkinum í landinum",Eysturoyar øki,Kvinnur,Aldur 25 - 54,%,4200,2.1
2021,"Partur av fólkinum, ið livir av minni enn fátækamarkinum í landinum",Eysturoyar øki,Kvinnur,Aldur 25 - 54,%,4200,2.2
2022,"Partur av fólkinum, ið livir av minni enn fátækamarkinum í landinum",Eysturoyar øki,Kvinnur,Aldur 25 - 54,%,4200,2.2
2023,"Partur av fólkinum, ið livir av minni enn fátækamarkinum í landinum",Eysturoyar øki,Kvinnur,Aldur 25 - 54,%,4200,2.1
2024,"Partur av fólkinum, ið livir av minni enn fátækamarkinum í landinum",Eysturoyar øki,Kvinnur,Aldur 25 - 54,%,4200,2.3
2009,"Partur av fólkinum, ið livir av minni enn fátækamarkinum í landinum",Eysturoyar øki,Kvinnur,Aldur 55 - 66,%,4200,3.3
2010,"Partur av fólkinum, ið livir av minni enn fátækamarkinum í landinum",Eysturoyar øki,Kvinnur,Aldur 55 - 66,%,4200,2.5
2011,"Partur av fólkinum, ið livir av minni enn fátækamarkinum í landinum",Eysturoyar øki,Kvinnur,Aldur 55 - 66,%,4200,2.4
2012,"Partur av fólkinum, ið livir av minni enn fátækamarkinum í landinum",Eysturoyar øki,Kvinnur,Aldur 55 - 66,%,4200,1.9
2013,"Partur av fólkinum, ið livir av minni enn fátækamarkinum í landinum",Eysturoyar øki,Kvinnur,Aldur 55 - 66,%,4200,2.1
2014,"Partur av fólkinum, ið livir av minni enn fátækamarkinum í landinum",Eysturoyar øki,Kvinnur,Aldur 55 - 66,%,4200,2.1
2015,"Partur av fólkinum, ið livir av minni enn fátækamarkinum í landinum",Eysturoyar øki,Kvinnur,Aldur 55 - 66,%,4200,1.9
2016,"Partur av fólkinum, ið livir av minni enn fátækamarkinum í landinum",Eysturoyar øki,Kvinnur,Aldur 55 - 66,%,4200,1.9
2017,"Partur av fólkinum, ið livir av minni enn fátækamarkinum í landinum",Eysturoyar øki,Kvinnur,Aldur 55 - 66,%,4200,1.9
2018,"Partur av fólkinum, ið livir av minni enn fátækamarkinum í landinum",Eysturoyar øki,Kvinnur,Aldur 55 - 66,%,4200,1.6
2019,"Partur av fólkinum, ið livir av minni enn fátækamarkinum í landinum",Eysturoyar øki,Kvinnur,Aldur 55 - 66,%,4200,0.8
2020,"Partur av fólkinum, ið livir av minni enn fátækamarkinum í landinum",Eysturoyar øki,Kvinnur,Aldur 55 - 66,%,4200,1.3
2021,"Partur av fólkinum, ið livir av minni enn fátækamarkinum í landinum",Eysturoyar øki,Kvinnur,Aldur 55 - 66,%,4200,0.9
2022,"Partur av fólkinum, ið livir av minni enn fátækamarkinum í landinum",Eysturoyar øki,Kvinnur,Aldur 55 - 66,%,4200,0.9
2023,"Partur av fólkinum, ið livir av minni enn fátækamarkinum í landinum",Eysturoyar øki,Kvinnur,Aldur 55 - 66,%,4200,1.2
2024,"Partur av fólkinum, ið livir av minni enn fátækamarkinum í landinum",Eysturoyar øki,Kvinnur,Aldur 55 - 66,%,4200,1.0
2009,"Partur av fólkinum, ið livir av minni enn fátækamarkinum í landinum",Eysturoyar øki,Kvinnur,Aldur 67 + ,%,4200,3.6
2010,"Partur av fólkinum, ið livir av minni enn fátækamarkinum í landinum",Eysturoyar øki,Kvinnur,Aldur 67 + ,%,4200,2.4
2011,"Partur av fólkinum, ið livir av minni enn fátækamarkinum í landinum",Eysturoyar øki,Kvinnur,Aldur 67 + ,%,4200,2.2
2012,"Partur av fólkinum, ið livir av minni enn fátækamarkinum í landinum",Eysturoyar øki,Kvinnur,Aldur 67 + ,%,4200,1.5
2013,"Partur av fólkinum, ið livir av minni enn fátækamarkinum í landinum",Eysturoyar øki,Kvinnur,Aldur 67 + ,%,4200,1.5
2014,"Partur av fólkinum, ið livir av minni enn fátækamarkinum í landinum",Eysturoyar øki,Kvinnur,Aldur 67 + ,%,4200,2.1
2015,"Partur av fólkinum, ið livir av minni enn fátækamarkinum í landinum",Eysturoyar øki,Kvinnur,Aldur 67 + ,%,4200,2.1
2016,"Partur av fólkinum, ið livir av minni enn fátækamarkinum í landinum",Eysturoyar øki,Kvinnur,Aldur 67 + ,%,4200,0.9
2017,"Partur av fólkinum, ið livir av minni enn fátækamarkinum í landinum",Eysturoyar øki,Kvinnur,Aldur 67 + ,%,4200,2.5
2018,"Partur av fólkinum, ið livir av minni enn fátækamarkinum í landinum",Eysturoyar øki,Kvinnur,Aldur 67 + ,%,4200,2.6
2019,"Partur av fólkinum, ið livir av minni enn fátækamarkinum í landinum",Eysturoyar øki,Kvinnur,Aldur 67 + ,%,4200,1.2
2020,"Partur av fólkinum, ið livir av minni enn fátækamarkinum í landinum",Eysturoyar øki,Kvinnur,Aldur 67 + ,%,4200,1.3
2021,"Partur av fólkinum, ið livir av minni enn fátækamarkinum í landinum",Eysturoyar øki,Kvinnur,Aldur 67 + ,%,4200,0.8
2022,"Partur av fólkinum, ið livir av minni enn fátækamarkinum í landinum",Eysturoyar øki,Kvinnur,Aldur 67 + ,%,4200,0.7
2023,"Partur av fólkinum, ið livir av minni enn fátækamarkinum í landinum",Eysturoyar øki,Kvinnur,Aldur 67 + ,%,4200,0.8
2024,"Partur av fólkinum, ið livir av minni enn fátækamarkinum í landinum",Eysturoyar øki,Kvinnur,Aldur 67 + ,%,4200,1.1
2009,"Partur av fólkinum, ið livir av minni enn fátækamarkinum í landinum",Eysturoyar øki,Menn,,%,4200,3.2
2010,"Partur av fólkinum, ið livir av minni enn fátækamarkinum í landinum",Eysturoyar øki,Menn,,%,4200,3.5
2011,"Partur av fólkinum, ið livir av minni enn fátækamarkinum í landinum",Eysturoyar øki,Menn,,%,4200,2.9
2012,"Partur av fólkinum, ið livir av minni enn fátækamarkinum í landinum",Eysturoyar øki,Menn,,%,4200,3.8
2013,"Partur av fólkinum, ið livir av minni enn fátækamarkinum í landinum",Eysturoyar øki,Menn,,%,4200,3.0
2014,"Partur av fólkinum, ið livir av minni enn fátækamarkinum í landinum",Eysturoyar øki,Menn,,%,4200,2.3
2015,"Partur av fólkinum, ið livir av minni enn fátækamarkinum í landinum",Eysturoyar øki,Menn,,%,4200,2.3
2016,"Partur av fólkinum, ið livir av minni enn fátækamarkinum í landinum",Eysturoyar øki,Menn,,%,4200,2.3
2017,"Partur av fólkinum, ið livir av minni enn fátækamarkinum í landinum",Eysturoyar øki,Menn,,%,4200,2.4
2018,"Partur av fólkinum, ið livir av minni enn fátækamarkinum í landinum",Eysturoyar øki,Menn,,%,4200,2.3
2019,"Partur av fólkinum, ið livir av minni enn fátækamarkinum í landinum",Eysturoyar øki,Menn,,%,4200,1.8
2020,"Partur av fólkinum, ið livir av minni enn fátækamarkinum í landinum",Eysturoyar øki,Menn,,%,4200,1.9
2021,"Partur av fólkinum, ið livir av minni enn fátækamarkinum í landinum",Eysturoyar øki,Menn,,%,4200,2.1
2022,"Partur av fólkinum, ið livir av minni enn fátækamarkinum í landinum",Eysturoyar øki,Menn,,%,4200,1.8
2023,"Partur av fólkinum, ið livir av minni enn fátækamarkinum í landinum",Eysturoyar øki,Menn,,%,4200,1.8
2024,"Partur av fólkinum, ið livir av minni enn fátækamarkinum í landinum",Eysturoyar øki,Menn,,%,4200,2.7
2009,"Partur av fólkinum, ið livir av minni enn fátækamarkinum í landinum",Eysturoyar øki,Menn,Aldur 0 - 17,%,4200,3.8
2010,"Partur av fólkinum, ið livir av minni enn fátækamarkinum í landinum",Eysturoyar øki,Menn,Aldur 0 - 17,%,4200,4.3
2011,"Partur av fólkinum, ið livir av minni enn fátækamarkinum í landinum",Eysturoyar øki,Menn,Aldur 0 - 17,%,4200,3.1
2012,"Partur av fólkinum, ið livir av minni enn fátækamarkinum í landinum",Eysturoyar øki,Menn,Aldur 0 - 17,%,4200,5.4
2013,"Partur av fólkinum, ið livir av minni enn fátækamarkinum í landinum",Eysturoyar øki,Menn,Aldur 0 - 17,%,4200,4.8
2014,"Partur av fólkinum, ið livir av minni enn fátækamarkinum í landinum",Eysturoyar øki,Menn,Aldur 0 - 17,%,4200,2.9
2015,"Partur av fólkinum, ið livir av minni enn fátækamarkinum í landinum",Eysturoyar øki,Menn,Aldur 0 - 17,%,4200,3.2
2016,"Partur av fólkinum, ið livir av minni enn fátækamarkinum í landinum",Eysturoyar øki,Menn,Aldur 0 - 17,%,4200,3.5
2017,"Partur av fólkinum, ið livir av minni enn fátækamarkinum í landinum",Eysturoyar øki,Menn,Aldur 0 - 17,%,4200,3.6
2018,"Partur av fólkinum, ið livir av minni enn fátækamarkinum í landinum",Eysturoyar øki,Menn,Aldur 0 - 17,%,4200,3.0
2019,"Partur av fólkinum, ið livir av minni enn fátækamarkinum í landinum",Eysturoyar øki,Menn,Aldur 0 - 17,%,4200,2.7
2020,"Partur av fólkinum, ið livir av minni enn fátækamarkinum í landinum",Eysturoyar øki,Menn,Aldur 0 - 17,%,4200,3.1
2021,"Partur av fólkinum, ið livir av minni enn fátækamarkinum í landinum",Eysturoyar øki,Menn,Aldur 0 - 17,%,4200,2.3
2022,"Partur av fólkinum, ið livir av minni enn fátækamarkinum í landinum",Eysturoyar øki,Menn,Aldur 0 - 17,%,4200,2.5
2023,"Partur av fólkinum, ið livir av minni enn fátækamarkinum í landinum",Eysturoyar øki,Menn,Aldur 0 - 17,%,4200,2.5
2024,"Partur av fólkinum, ið livir av minni enn fátækamarkinum í landinum",Eysturoyar øki,Menn,Aldur 0 - 17,%,4200,3.4
2009,"Partur av fólkinum, ið livir av minni enn fátækamarkinum í landinum",Eysturoyar øki,Menn,Aldur 18 - 24,%,4200,2.7
2010,"Partur av fólkinum, ið livir av minni enn fátækamarkinum í landinum",Eysturoyar øki,Menn,Aldur 18 - 24,%,4200,3.0
2011,"Partur av fólkinum, ið livir av minni enn fátækamarkinum í landinum",Eysturoyar øki,Menn,Aldur 18 - 24,%,4200,2.7
2012,"Partur av fólkinum, ið livir av minni enn fátækamarkinum í landinum",Eysturoyar øki,Menn,Aldur 18 - 24,%,4200,2.5
2013,"Partur av fólkinum, ið livir av minni enn fátækamarkinum í landinum",Eysturoyar øki,Menn,Aldur 18 - 24,%,4200,1.9
2014,"Partur av fólkinum, ið livir av minni enn fátækamarkinum í landinum",Eysturoyar øki,Menn,Aldur 18 - 24,%,4200,2.1
2015,"Partur av fólkinum, ið livir av minni enn fátækamarkinum í landinum",Eysturoyar øki,Menn,Aldur 18 - 24,%,4200,2.3
2016,"Partur av fólkinum, ið livir av minni enn fátækamarkinum í landinum",Eysturoyar øki,Menn,Aldur 18 - 24,%,4200,1.7
2017,"Partur av fólkinum, ið livir av minni enn fátækamarkinum í landinum",Eysturoyar øki,Menn,Aldur 18 - 24,%,4200,0.9
2018,"Partur av fólkinum, ið livir av minni enn fátækamarkinum í landinum",Eysturoyar øki,Menn,Aldur 18 - 24,%,4200,1.7
2019,"Partur av fólkinum, ið livir av minni enn fátækamarkinum í landinum",Eysturoyar øki,Menn,Aldur 18 - 24,%,4200,1.2
2020,"Partur av fólkinum, ið livir av minni enn fátækamarkinum í landinum",Eysturoyar øki,Menn,Aldur 18 - 24,%,4200,0.7
2021,"Partur av fólkinum, ið livir av minni enn fátækamarkinum í landinum",Eysturoyar øki,Menn,Aldur 18 - 24,%,4200,1.6
2022,"Partur av fólkinum, ið livir av minni enn fátækamarkinum í landinum",Eysturoyar øki,Menn,Aldur 18 - 24,%,4200,0.3
2023,"Partur av fólkinum, ið livir av minni enn fátækamarkinum í landinum",Eysturoyar øki,Menn,Aldur 18 - 24,%,4200,1.0
2024,"Partur av fólkinum, ið livir av minni enn fátækamarkinum í landinum",Eysturoyar øki,Menn,Aldur 18 - 24,%,4200,2.0
2009,"Partur av fólkinum, ið livir av minni enn fátækamarkinum í landinum",Eysturoyar øki,Menn,Aldur 25 - 54,%,4200,2.6
2010,"Partur av fólkinum, ið livir av minni enn fátækamarkinum í landinum",Eysturoyar øki,Menn,Aldur 25 - 54,%,4200,3.2
2011,"Partur av fólkinum, ið livir av minni enn fátækamarkinum í landinum",Eysturoyar øki,Menn,Aldur 25 - 54,%,4200,2.8
2012,"Partur av fólkinum, ið livir av minni enn fátækamarkinum í landinum",Eysturoyar øki,Menn,Aldur 25 - 54,%,4200,3.4
2013,"Partur av fólkinum, ið livir av minni enn fátækamarkinum í landinum",Eysturoyar øki,Menn,Aldur 25 - 54,%,4200,2.7
2014,"Partur av fólkinum, ið livir av minni enn fátækamarkinum í landinum",Eysturoyar øki,Menn,Aldur 25 - 54,%,4200,2.0
2015,"Partur av fólkinum, ið livir av minni enn fátækamarkinum í landinum",Eysturoyar øki,Menn,Aldur 25 - 54,%,4200,2.1
2016,"Partur av fólkinum, ið livir av minni enn fátækamarkinum í landinum",Eysturoyar øki,Menn,Aldur 25 - 54,%,4200,2.0
2017,"Partur av fólkinum, ið livir av minni enn fátækamarkinum í landinum",Eysturoyar øki,Menn,Aldur 25 - 54,%,4200,2.4
2018,"Partur av fólkinum, ið livir av minni enn fátækamarkinum í landinum",Eysturoyar øki,Menn,Aldur 25 - 54,%,4200,2.2
2019,"Partur av fólkinum, ið livir av minni enn fátækamarkinum í landinum",Eysturoyar øki,Menn,Aldur 25 - 54,%,4200,1.5
2020,"Partur av fólkinum, ið livir av minni enn fátækamarkinum í landinum",Eysturoyar øki,Menn,Aldur 25 - 54,%,4200,1.6
2021,"Partur av fólkinum, ið livir av minni enn fátækamarkinum í landinum",Eysturoyar øki,Menn,Aldur 25 - 54,%,4200,2.4
2022,"Partur av fólkinum, ið livir av minni enn fátækamarkinum í landinum",Eysturoyar øki,Menn,Aldur 25 - 54,%,4200,2.0
2023,"Partur av fólkinum, ið livir av minni enn fátækamarkinum í landinum",Eysturoyar øki,Menn,Aldur 25 - 54,%,4200,2.0
2024,"Partur av fólkinum, ið livir av minni enn fátækamarkinum í landinum",Eysturoyar øki,Menn,Aldur 25 - 54,%,4200,3.0
2009,"Partur av fólkinum, ið livir av minni enn fátækamarkinum í landinum",Eysturoyar øki,Menn,Aldur 55 - 66,%,4200,3.9
2010,"Partur av fólkinum, ið livir av minni enn fátækamarkinum í landinum",Eysturoyar øki,Menn,Aldur 55 - 66,%,4200,3.7
2011,"Partur av fólkinum, ið livir av minni enn fátækamarkinum í landinum",Eysturoyar øki,Menn,Aldur 55 - 66,%,4200,3.9
2012,"Partur av fólkinum, ið livir av minni enn fátækamarkinum í landinum",Eysturoyar øki,Menn,Aldur 55 - 66,%,4200,4.1
2013,"Partur av fólkinum, ið livir av minni enn fátækamarkinum í landinum",Eysturoyar øki,Menn,Aldur 55 - 66,%,4200,2.8
2014,"Partur av fólkinum, ið livir av minni enn fátækamarkinum í landinum",Eysturoyar øki,Menn,Aldur 55 - 66,%,4200,2.2
2015,"Partur av fólkinum, ið livir av minni enn fátækamarkinum í landinum",Eysturoyar øki,Menn,Aldur 55 - 66,%,4200,1.6
2016,"Partur av fólkinum, ið livir av minni enn fátækamarkinum í landinum",Eysturoyar øki,Menn,Aldur 55 - 66,%,4200,2.0
2017,"Partur av fólkinum, ið livir av minni enn fátækamarkinum í landinum",Eysturoyar øki,Menn,Aldur 55 - 66,%,4200,1.4
2018,"Partur av fólkinum, ið livir av minni enn fátækamarkinum í landinum",Eysturoyar øki,Menn,Aldur 55 - 66,%,4200,1.7
2019,"Partur av fólkinum, ið livir av minni enn fátækamarkinum í landinum",Eysturoyar øki,Menn,Aldur 55 - 66,%,4200,1.7
2020,"Partur av fólkinum, ið livir av minni enn fátækamarkinum í landinum",Eysturoyar øki,Menn,Aldur 55 - 66,%,4200,1.8
2021,"Partur av fólkinum, ið livir av minni enn fátækamarkinum í landinum",Eysturoyar øki,Menn,Aldur 55 - 66,%,4200,2.4
2022,"Partur av fólkinum, ið livir av minni enn fátækamarkinum í landinum",Eysturoyar øki,Menn,Aldur 55 - 66,%,4200,1.7
2023,"Partur av fólkinum, ið livir av minni enn fátækamarkinum í landinum",Eysturoyar øki,Menn,Aldur 55 - 66,%,4200,1.6
2024,"Partur av fólkinum, ið livir av minni enn fátækamarkinum í landinum",Eysturoyar øki,Menn,Aldur 55 - 66,%,4200,2.1
2009,"Partur av fólkinum, ið livir av minni enn fátækamarkinum í landinum",Eysturoyar øki,Menn,Aldur 67 + ,%,4200,3.5
2010,"Partur av fólkinum, ið livir av minni enn fátækamarkinum í landinum",Eysturoyar øki,Menn,Aldur 67 + ,%,4200,3.1
2011,"Partur av fólkinum, ið livir av minni enn fátækamarkinum í landinum",Eysturoyar øki,Menn,Aldur 67 + ,%,4200,1.9
2012,"Partur av fólkinum, ið livir av minni enn fátækamarkinum í landinum",Eysturoyar øki,Menn,Aldur 67 + ,%,4200,2.0
2013,"Partur av fólkinum, ið livir av minni enn fátækamarkinum í landinum",Eysturoyar øki,Menn,Aldur 67 + ,%,4200,1.1
2014,"Partur av fólkinum, ið livir av minni enn fátækamarkinum í landinum",Eysturoyar øki,Menn,Aldur 67 + ,%,4200,2.3
2015,"Partur av fólkinum, ið livir av minni enn fátækamarkinum í landinum",Eysturoyar øki,Menn,Aldur 67 + ,%,4200,1.9
2016,"Partur av fólkinum, ið livir av minni enn fátækamarkinum í landinum",Eysturoyar øki,Menn,Aldur 67 + ,%,4200,1.1
2017,"Partur av fólkinum, ið livir av minni enn fátækamarkinum í landinum",Eysturoyar øki,Menn,Aldur 67 + ,%,4200,2.0
2018,"Partur av fólkinum, ið livir av minni enn fátækamarkinum í landinum",Eysturoyar øki,Menn,Aldur 67 + ,%,4200,2.1
2019,"Partur av fólkinum, ið livir av minni enn fátækamarkinum í landinum",Eysturoyar øki,Menn,Aldur 67 + ,%,4200,1.3
2020,"Partur av fólkinum, ið livir av minni enn fátækamarkinum í landinum",Eysturoyar øki,Menn,Aldur 67 + ,%,4200,1.0
2021,"Partur av fólkinum, ið livir av minni enn fátækamarkinum í landinum",Eysturoyar øki,Menn,Aldur 67 + ,%,4200,0.8
2022,"Partur av fólkinum, ið livir av minni enn fátækamarkinum í landinum",Eysturoyar øki,Menn,Aldur 67 + ,%,4200,0.5
2023,"Partur av fólkinum, ið livir av minni enn fátækamarkinum í landinum",Eysturoyar øki,Menn,Aldur 67 + ,%,4200,0.8
2024,"Partur av fólkinum, ið livir av minni enn fátækamarkinum í landinum",Eysturoyar øki,Menn,Aldur 67 + ,%,4200,1.6
2009,"Partur av fólkinum, ið livir av minni enn fátækamarkinum í landinum",Norðoya øki,,,%,4100,5.3
2010,"Partur av fólkinum, ið livir av minni enn fátækamarkinum í landinum",Norðoya øki,,,%,4100,5.0
2011,"Partur av fólkinum, ið livir av minni enn fátækamarkinum í landinum",Norðoya øki,,,%,4100,4.8
2012,"Partur av fólkinum, ið livir av minni enn fátækamarkinum í landinum",Norðoya øki,,,%,4100,5.6
2013,"Partur av fólkinum, ið livir av minni enn fátækamarkinum í landinum",Norðoya øki,,,%,4100,4.0
2014,"Partur av fólkinum, ið livir av minni enn fátækamarkinum í landinum",Norðoya øki,,,%,4100,3.7
2015,"Partur av fólkinum, ið livir av minni enn fátækamarkinum í landinum",Norðoya øki,,,%,4100,3.2
2016,"Partur av fólkinum, ið livir av minni enn fátækamarkinum í landinum",Norðoya øki,,,%,4100,2.8
2017,"Partur av fólkinum, ið livir av minni enn fátækamarkinum í landinum",Norðoya øki,,,%,4100,2.5
2018,"Partur av fólkinum, ið livir av minni enn fátækamarkinum í landinum",Norðoya øki,,,%,4100,2.7
2019,"Partur av fólkinum, ið livir av minni enn fátækamarkinum í landinum",Norðoya øki,,,%,4100,2.4
2020,"Partur av fólkinum, ið livir av minni enn fátækamarkinum í landinum",Norðoya øki,,,%,4100,2.3
2021,"Partur av fólkinum, ið livir av minni enn fátækamarkinum í landinum",Norðoya øki,,,%,4100,2.3
2022,"Partur av fólkinum, ið livir av minni enn fátækamarkinum í landinum",Norðoya øki,,,%,4100,2.4
2023,"Partur av fólkinum, ið livir av minni enn fátækamarkinum í landinum",Norðoya øki,,,%,4100,2.5
2024,"Partur av fólkinum, ið livir av minni enn fátækamarkinum í landinum",Norðoya øki,,,%,4100,2.6
2009,"Partur av fólkinum, ið livir av minni enn fátækamarkinum í landinum",Norðoya øki,,Aldur 0 - 17,%,4100,8.7
2010,"Partur av fólkinum, ið livir av minni enn fátækamarkinum í landinum",Norðoya øki,,Aldur 0 - 17,%,4100,7.7
2011,"Partur av fólkinum, ið livir av minni enn fátækamarkinum í landinum",Norðoya øki,,Aldur 0 - 17,%,4100,7.0
2012,"Partur av fólkinum, ið livir av minni enn fátækamarkinum í landinum",Norðoya øki,,Aldur 0 - 17,%,4100,8.1
2013,"Partur av fólkinum, ið livir av minni enn fátækamarkinum í landinum",Norðoya øki,,Aldur 0 - 17,%,4100,6.1
2014,"Partur av fólkinum, ið livir av minni enn fátækamarkinum í landinum",Norðoya øki,,Aldur 0 - 17,%,4100,6.0
2015,"Partur av fólkinum, ið livir av minni enn fátækamarkinum í landinum",Norðoya øki,,Aldur 0 - 17,%,4100,4.5
2016,"Partur av fólkinum, ið livir av minni enn fátækamarkinum í landinum",Norðoya øki,,Aldur 0 - 17,%,4100,4.1
2017,"Partur av fólkinum, ið livir av minni enn fátækamarkinum í landinum",Norðoya øki,,Aldur 0 - 17,%,4100,3.2
2018,"Partur av fólkinum, ið livir av minni enn fátækamarkinum í landinum",Norðoya øki,,Aldur 0 - 17,%,4100,4.0
2019,"Partur av fólkinum, ið livir av minni enn fátækamarkinum í landinum",Norðoya øki,,Aldur 0 - 17,%,4100,3.2
2020,"Partur av fólkinum, ið livir av minni enn fátækamarkinum í landinum",Norðoya øki,,Aldur 0 - 17,%,4100,3.5
2021,"Partur av fólkinum, ið livir av minni enn fátækamarkinum í landinum",Norðoya øki,,Aldur 0 - 17,%,4100,3.9
2022,"Partur av fólkinum, ið livir av minni enn fátækamarkinum í landinum",Norðoya øki,,Aldur 0 - 17,%,4100,3.2
2023,"Partur av fólkinum, ið livir av minni enn fátækamarkinum í landinum",Norðoya øki,,Aldur 0 - 17,%,4100,3.3
2024,"Partur av fólkinum, ið livir av minni enn fátækamarkinum í landinum",Norðoya øki,,Aldur 0 - 17,%,4100,3.2
2009,"Partur av fólkinum, ið livir av minni enn fátækamarkinum í landinum",Norðoya øki,,Aldur 18 - 24,%,4100,5.1
2010,"Partur av fólkinum, ið livir av minni enn fátækamarkinum í landinum",Norðoya øki,,Aldur 18 - 24,%,4100,4.4
2011,"Partur av fólkinum, ið livir av minni enn fátækamarkinum í landinum",Norðoya øki,,Aldur 18 - 24,%,4100,3.9
2012,"Partur av fólkinum, ið livir av minni enn fátækamarkinum í landinum",Norðoya øki,,Aldur 18 - 24,%,4100,4.9
2013,"Partur av fólkinum, ið livir av minni enn fátækamarkinum í landinum",Norðoya øki,,Aldur 18 - 24,%,4100,3.4
2014,"Partur av fólkinum, ið livir av minni enn fátækamarkinum í landinum",Norðoya øki,,Aldur 18 - 24,%,4100,4.2
2015,"Partur av fólkinum, ið livir av minni enn fátækamarkinum í landinum",Norðoya øki,,Aldur 18 - 24,%,4100,2.3
2016,"Partur av fólkinum, ið livir av minni enn fátækamarkinum í landinum",Norðoya øki,,Aldur 18 - 24,%,4100,2.8
2017,"Partur av fólkinum, ið livir av minni enn fátækamarkinum í landinum",Norðoya øki,,Aldur 18 - 24,%,4100,1.8
2018,"Partur av fólkinum, ið livir av minni enn fátækamarkinum í landinum",Norðoya øki,,Aldur 18 - 24,%,4100,2.8
2019,"Partur av fólkinum, ið livir av minni enn fátækamarkinum í landinum",Norðoya øki,,Aldur 18 - 24,%,4100,2.1
2020,"Partur av fólkinum, ið livir av minni enn fátækamarkinum í landinum",Norðoya øki,,Aldur 18 - 24,%,4100,2.4
2021,"Partur av fólkinum, ið livir av minni enn fátækamarkinum í landinum",Norðoya øki,,Aldur 18 - 24,%,4100,1.5
2022,"Partur av fólkinum, ið livir av minni enn fátækamarkinum í landinum",Norðoya øki,,Aldur 18 - 24,%,4100,2.5
2023,"Partur av fólkinum, ið livir av minni enn fátækamarkinum í landinum",Norðoya øki,,Aldur 18 - 24,%,4100,2.7
2024,"Partur av fólkinum, ið livir av minni enn fátækamarkinum í landinum",Norðoya øki,,Aldur 18 - 24,%,4100,3.1
2009,"Partur av fólkinum, ið livir av minni enn fátækamarkinum í landinum",Norðoya øki,,Aldur 25 - 54,%,4100,4.8
2010,"Partur av fólkinum, ið livir av minni enn fátækamarkinum í landinum",Norðoya øki,,Aldur 25 - 54,%,4100,4.8
2011,"Partur av fólkinum, ið livir av minni enn fátækamarkinum í landinum",Norðoya øki,,Aldur 25 - 54,%,4100,5.2
2012,"Partur av fólkinum, ið livir av minni enn fátækamarkinum í landinum",Norðoya øki,,Aldur 25 - 54,%,4100,6.0
2013,"Partur av fólkinum, ið livir av minni enn fátækamarkinum í landinum",Norðoya øki,,Aldur 25 - 54,%,4100,3.8
2014,"Partur av fólkinum, ið livir av minni enn fátækamarkinum í landinum",Norðoya øki,,Aldur 25 - 54,%,4100,3.7
2015,"Partur av fólkinum, ið livir av minni enn fátækamarkinum í landinum",Norðoya øki,,Aldur 25 - 54,%,4100,3.4
2016,"Partur av fólkinum, ið livir av minni enn fátækamarkinum í landinum",Norðoya øki,,Aldur 25 - 54,%,4100,2.8
2017,"Partur av fólkinum, ið livir av minni enn fátækamarkinum í landinum",Norðoya øki,,Aldur 25 - 54,%,4100,2.4
2018,"Partur av fólkinum, ið livir av minni enn fátækamarkinum í landinum",Norðoya øki,,Aldur 25 - 54,%,4100,2.7
2019,"Partur av fólkinum, ið livir av minni enn fátækamarkinum í landinum",Norðoya øki,,Aldur 25 - 54,%,4100,2.7
2020,"Partur av fólkinum, ið livir av minni enn fátækamarkinum í landinum",Norðoya øki,,Aldur 25 - 54,%,4100,2.2
2021,"Partur av fólkinum, ið livir av minni enn fátækamarkinum í landinum",Norðoya øki,,Aldur 25 - 54,%,4100,2.6
2022,"Partur av fólkinum, ið livir av minni enn fátækamarkinum í landinum",Norðoya øki,,Aldur 25 - 54,%,4100,2.4
2023,"Partur av fólkinum, ið livir av minni enn fátækamarkinum í landinum",Norðoya øki,,Aldur 25 - 54,%,4100,2.5
2024,"Partur av fólkinum, ið livir av minni enn fátækamarkinum í landinum",Norðoya øki,,Aldur 25 - 54,%,4100,2.8
2009,"Partur av fólkinum, ið livir av minni enn fátækamarkinum í landinum",Norðoya øki,,Aldur 55 - 66,%,4100,3.4
2010,"Partur av fólkinum, ið livir av minni enn fátækamarkinum í landinum",Norðoya øki,,Aldur 55 - 66,%,4100,2.9
2011,"Partur av fólkinum, ið livir av minni enn fátækamarkinum í landinum",Norðoya øki,,Aldur 55 - 66,%,4100,2.9
2012,"Partur av fólkinum, ið livir av minni enn fátækamarkinum í landinum",Norðoya øki,,Aldur 55 - 66,%,4100,2.9
2013,"Partur av fólkinum, ið livir av minni enn fátækamarkinum í landinum",Norðoya øki,,Aldur 55 - 66,%,4100,2.4
2014,"Partur av fólkinum, ið livir av minni enn fátækamarkinum í landinum",Norðoya øki,,Aldur 55 - 66,%,4100,1.6
2015,"Partur av fólkinum, ið livir av minni enn fátækamarkinum í landinum",Norðoya øki,,Aldur 55 - 66,%,4100,1.8
2016,"Partur av fólkinum, ið livir av minni enn fátækamarkinum í landinum",Norðoya øki,,Aldur 55 - 66,%,4100,1.3
2017,"Partur av fólkinum, ið livir av minni enn fátækamarkinum í landinum",Norðoya øki,,Aldur 55 - 66,%,4100,2.0
2018,"Partur av fólkinum, ið livir av minni enn fátækamarkinum í landinum",Norðoya øki,,Aldur 55 - 66,%,4100,0.8
2019,"Partur av fólkinum, ið livir av minni enn fátækamarkinum í landinum",Norðoya øki,,Aldur 55 - 66,%,4100,1.0
2020,"Partur av fólkinum, ið livir av minni enn fátækamarkinum í landinum",Norðoya øki,,Aldur 55 - 66,%,4100,1.1
2021,"Partur av fólkinum, ið livir av minni enn fátækamarkinum í landinum",Norðoya øki,,Aldur 55 - 66,%,4100,0.9
2022,"Partur av fólkinum, ið livir av minni enn fátækamarkinum í landinum",Norðoya øki,,Aldur 55 - 66,%,4100,1.8
2023,"Partur av fólkinum, ið livir av minni enn fátækamarkinum í landinum",Norðoya øki,,Aldur 55 - 66,%,4100,1.9
2024,"Partur av fólkinum, ið livir av minni enn fátækamarkinum í landinum",Norðoya øki,,Aldur 55 - 66,%,4100,2.2
2009,"Partur av fólkinum, ið livir av minni enn fátækamarkinum í landinum",Norðoya øki,,Aldur 67 + ,%,4100,2.5
2010,"Partur av fólkinum, ið livir av minni enn fátækamarkinum í landinum",Norðoya øki,,Aldur 67 + ,%,4100,3.0
2011,"Partur av fólkinum, ið livir av minni enn fátækamarkinum í landinum",Norðoya øki,,Aldur 67 + ,%,4100,2.3
2012,"Partur av fólkinum, ið livir av minni enn fátækamarkinum í landinum",Norðoya øki,,Aldur 67 + ,%,4100,3.1
2013,"Partur av fólkinum, ið livir av minni enn fátækamarkinum í landinum",Norðoya øki,,Aldur 67 + ,%,4100,2.7
2014,"Partur av fólkinum, ið livir av minni enn fátækamarkinum í landinum",Norðoya øki,,Aldur 67 + ,%,4100,1.9
2015,"Partur av fólkinum, ið livir av minni enn fátækamarkinum í landinum",Norðoya øki,,Aldur 67 + ,%,4100,2.3
2016,"Partur av fólkinum, ið livir av minni enn fátækamarkinum í landinum",Norðoya øki,,Aldur 67 + ,%,4100,2.2
2017,"Partur av fólkinum, ið livir av minni enn fátækamarkinum í landinum",Norðoya øki,,Aldur 67 + ,%,4100,2.6
2018,"Partur av fólkinum, ið livir av minni enn fátækamarkinum í landinum",Norðoya øki,,Aldur 67 + ,%,4100,2.1
2019,"Partur av fólkinum, ið livir av minni enn fátækamarkinum í landinum",Norðoya øki,,Aldur 67 + ,%,4100,1.9
2020,"Partur av fólkinum, ið livir av minni enn fátækamarkinum í landinum",Norðoya øki,,Aldur 67 + ,%,4100,1.6
2021,"Partur av fólkinum, ið livir av minni enn fátækamarkinum í landinum",Norðoya øki,,Aldur 67 + ,%,4100,1.1
2022,"Partur av fólkinum, ið livir av minni enn fátækamarkinum í landinum",Norðoya øki,,Aldur 67 + ,%,4100,1.5
2023,"Partur av fólkinum, ið livir av minni enn fátækamarkinum í landinum",Norðoya øki,,Aldur 67 + ,%,4100,1.6
2024,"Partur av fólkinum, ið livir av minni enn fátækamarkinum í landinum",Norðoya øki,,Aldur 67 + ,%,4100,1.5
2009,"Partur av fólkinum, ið livir av minni enn fátækamarkinum í landinum",Norðoya øki,Kvinnur,,%,4100,5.5
2010,"Partur av fólkinum, ið livir av minni enn fátækamarkinum í landinum",Norðoya øki,Kvinnur,,%,4100,5.3
2011,"Partur av fólkinum, ið livir av minni enn fátækamarkinum í landinum",Norðoya øki,Kvinnur,,%,4100,4.7
2012,"Partur av fólkinum, ið livir av minni enn fátækamarkinum í landinum",Norðoya øki,Kvinnur,,%,4100,6.0
2013,"Partur av fólkinum, ið livir av minni enn fátækamarkinum í landinum",Norðoya øki,Kvinnur,,%,4100,4.3
2014,"Partur av fólkinum, ið livir av minni enn fátækamarkinum í landinum",Norðoya øki,Kvinnur,,%,4100,4.2
2015,"Partur av fólkinum, ið livir av minni enn fátækamarkinum í landinum",Norðoya øki,Kvinnur,,%,4100,3.4
2016,"Partur av fólkinum, ið livir av minni enn fátækamarkinum í landinum",Norðoya øki,Kvinnur,,%,4100,2.9
2017,"Partur av fólkinum, ið livir av minni enn fátækamarkinum í landinum",Norðoya øki,Kvinnur,,%,4100,2.8
2018,"Partur av fólkinum, ið livir av minni enn fátækamarkinum í landinum",Norðoya øki,Kvinnur,,%,4100,3.0
2019,"Partur av fólkinum, ið livir av minni enn fátækamarkinum í landinum",Norðoya øki,Kvinnur,,%,4100,2.7
2020,"Partur av fólkinum, ið livir av minni enn fátækamarkinum í landinum",Norðoya øki,Kvinnur,,%,4100,2.6
2021,"Partur av fólkinum, ið livir av minni enn fátækamarkinum í landinum",Norðoya øki,Kvinnur,,%,4100,2.4
2022,"Partur av fólkinum, ið livir av minni enn fátækamarkinum í landinum",Norðoya øki,Kvinnur,,%,4100,2.6
2023,"Partur av fólkinum, ið livir av minni enn fátækamarkinum í landinum",Norðoya øki,Kvinnur,,%,4100,2.4
2024,"Partur av fólkinum, ið livir av minni enn fátækamarkinum í landinum",Norðoya øki,Kvinnur,,%,4100,2.7
2009,"Partur av fólkinum, ið livir av minni enn fátækamarkinum í landinum",Norðoya øki,Kvinnur,Aldur 0 - 17,%,4100,8.3
2010,"Partur av fólkinum, ið livir av minni enn fátækamarkinum í landinum",Norðoya øki,Kvinnur,Aldur 0 - 17,%,4100,8.1
2011,"Partur av fólkinum, ið livir av minni enn fátækamarkinum í landinum",Norðoya øki,Kvinnur,Aldur 0 - 17,%,4100,6.0
2012,"Partur av fólkinum, ið livir av minni enn fátækamarkinum í landinum",Norðoya øki,Kvinnur,Aldur 0 - 17,%,4100,7.7
2013,"Partur av fólkinum, ið livir av minni enn fátækamarkinum í landinum",Norðoya øki,Kvinnur,Aldur 0 - 17,%,4100,6.5
2014,"Partur av fólkinum, ið livir av minni enn fátækamarkinum í landinum",Norðoya øki,Kvinnur,Aldur 0 - 17,%,4100,6.1
2015,"Partur av fólkinum, ið livir av minni enn fátækamarkinum í landinum",Norðoya øki,Kvinnur,Aldur 0 - 17,%,4100,4.6
2016,"Partur av fólkinum, ið livir av minni enn fátækamarkinum í landinum",Norðoya øki,Kvinnur,Aldur 0 - 17,%,4100,4.0
2017,"Partur av fólkinum, ið livir av minni enn fátækamarkinum í landinum",Norðoya øki,Kvinnur,Aldur 0 - 17,%,4100,2.9
2018,"Partur av fólkinum, ið livir av minni enn fátækamarkinum í landinum",Norðoya øki,Kvinnur,Aldur 0 - 17,%,4100,3.5
2019,"Partur av fólkinum, ið livir av minni enn fátækamarkinum í landinum",Norðoya øki,Kvinnur,Aldur 0 - 17,%,4100,3.1
2020,"Partur av fólkinum, ið livir av minni enn fátækamarkinum í landinum",Norðoya øki,Kvinnur,Aldur 0 - 17,%,4100,3.2
2021,"Partur av fólkinum, ið livir av minni enn fátækamarkinum í landinum",Norðoya øki,Kvinnur,Aldur 0 - 17,%,4100,3.4
2022,"Partur av fólkinum, ið livir av minni enn fátækamarkinum í landinum",Norðoya øki,Kvinnur,Aldur 0 - 17,%,4100,2.8
2023,"Partur av fólkinum, ið livir av minni enn fátækamarkinum í landinum",Norðoya øki,Kvinnur,Aldur 0 - 17,%,4100,2.5
2024,"Partur av fólkinum, ið livir av minni enn fátækamarkinum í landinum",Norðoya øki,Kvinnur,Aldur 0 - 17,%,4100,2.9
2009,"Partur av fólkinum, ið livir av minni enn fátækamarkinum í landinum",Norðoya øki,Kvinnur,Aldur 18 - 24,%,4100,6.4
2010,"Partur av fólkinum, ið livir av minni enn fátækamarkinum í landinum",Norðoya øki,Kvinnur,Aldur 18 - 24,%,4100,5.6
2011,"Partur av fólkinum, ið livir av minni enn fátækamarkinum í landinum",Norðoya øki,Kvinnur,Aldur 18 - 24,%,4100,5.1
2012,"Partur av fólkinum, ið livir av minni enn fátækamarkinum í landinum",Norðoya øki,Kvinnur,Aldur 18 - 24,%,4100,7.5
2013,"Partur av fólkinum, ið livir av minni enn fátækamarkinum í landinum",Norðoya øki,Kvinnur,Aldur 18 - 24,%,4100,4.8
2014,"Partur av fólkinum, ið livir av minni enn fátækamarkinum í landinum",Norðoya øki,Kvinnur,Aldur 18 - 24,%,4100,5.8
2015,"Partur av fólkinum, ið livir av minni enn fátækamarkinum í landinum",Norðoya øki,Kvinnur,Aldur 18 - 24,%,4100,3.2
2016,"Partur av fólkinum, ið livir av minni enn fátækamarkinum í landinum",Norðoya øki,Kvinnur,Aldur 18 - 24,%,4100,3.6
2017,"Partur av fólkinum, ið livir av minni enn fátækamarkinum í landinum",Norðoya øki,Kvinnur,Aldur 18 - 24,%,4100,3.0
2018,"Partur av fólkinum, ið livir av minni enn fátækamarkinum í landinum",Norðoya øki,Kvinnur,Aldur 18 - 24,%,4100,3.7
2019,"Partur av fólkinum, ið livir av minni enn fátækamarkinum í landinum",Norðoya øki,Kvinnur,Aldur 18 - 24,%,4100,2.5
2020,"Partur av fólkinum, ið livir av minni enn fátækamarkinum í landinum",Norðoya øki,Kvinnur,Aldur 18 - 24,%,4100,3.7
2021,"Partur av fólkinum, ið livir av minni enn fátækamarkinum í landinum",Norðoya øki,Kvinnur,Aldur 18 - 24,%,4100,1.5
2022,"Partur av fólkinum, ið livir av minni enn fátækamarkinum í landinum",Norðoya øki,Kvinnur,Aldur 18 - 24,%,4100,3.8
2023,"Partur av fólkinum, ið livir av minni enn fátækamarkinum í landinum",Norðoya øki,Kvinnur,Aldur 18 - 24,%,4100,3.0
2024,"Partur av fólkinum, ið livir av minni enn fátækamarkinum í landinum",Norðoya øki,Kvinnur,Aldur 18 - 24,%,4100,2.4
2009,"Partur av fólkinum, ið livir av minni enn fátækamarkinum í landinum",Norðoya øki,Kvinnur,Aldur 25 - 54,%,4100,5.7
2010,"Partur av fólkinum, ið livir av minni enn fátækamarkinum í landinum",Norðoya øki,Kvinnur,Aldur 25 - 54,%,4100,5.3
2011,"Partur av fólkinum, ið livir av minni enn fátækamarkinum í landinum",Norðoya øki,Kvinnur,Aldur 25 - 54,%,4100,5.6
2012,"Partur av fólkinum, ið livir av minni enn fátækamarkinum í landinum",Norðoya øki,Kvinnur,Aldur 25 - 54,%,4100,6.8
2013,"Partur av fólkinum, ið livir av minni enn fátækamarkinum í landinum",Norðoya øki,Kvinnur,Aldur 25 - 54,%,4100,4.2
2014,"Partur av fólkinum, ið livir av minni enn fátækamarkinum í landinum",Norðoya øki,Kvinnur,Aldur 25 - 54,%,4100,4.8
2015,"Partur av fólkinum, ið livir av minni enn fátækamarkinum í landinum",Norðoya øki,Kvinnur,Aldur 25 - 54,%,4100,3.9
2016,"Partur av fólkinum, ið livir av minni enn fátækamarkinum í landinum",Norðoya øki,Kvinnur,Aldur 25 - 54,%,4100,2.8
2017,"Partur av fólkinum, ið livir av minni enn fátækamarkinum í landinum",Norðoya øki,Kvinnur,Aldur 25 - 54,%,4100,2.6
2018,"Partur av fólkinum, ið livir av minni enn fátækamarkinum í landinum",Norðoya øki,Kvinnur,Aldur 25 - 54,%,4100,3.7
2019,"Partur av fólkinum, ið livir av minni enn fátækamarkinum í landinum",Norðoya øki,Kvinnur,Aldur 25 - 54,%,4100,3.3
2020,"Partur av fólkinum, ið livir av minni enn fátækamarkinum í landinum",Norðoya øki,Kvinnur,Aldur 25 - 54,%,4100,2.9
2021,"Partur av fólkinum, ið livir av minni enn fátækamarkinum í landinum",Norðoya øki,Kvinnur,Aldur 25 - 54,%,4100,3.0
2022,"Partur av fólkinum, ið livir av minni enn fátækamarkinum í landinum",Norðoya øki,Kvinnur,Aldur 25 - 54,%,4100,2.8
2023,"Partur av fólkinum, ið livir av minni enn fátækamarkinum í landinum",Norðoya øki,Kvinnur,Aldur 25 - 54,%,4100,2.6
2024,"Partur av fólkinum, ið livir av minni enn fátækamarkinum í landinum",Norðoya øki,Kvinnur,Aldur 25 - 54,%,4100,3.1
2009,"Partur av fólkinum, ið livir av minni enn fátækamarkinum í landinum",Norðoya øki,Kvinnur,Aldur 55 - 66,%,4100,2.2
2010,"Partur av fólkinum, ið livir av minni enn fátækamarkinum í landinum",Norðoya øki,Kvinnur,Aldur 55 - 66,%,4100,2.5
2011,"Partur av fólkinum, ið livir av minni enn fátækamarkinum í landinum",Norðoya øki,Kvinnur,Aldur 55 - 66,%,4100,2.1
2012,"Partur av fólkinum, ið livir av minni enn fátækamarkinum í landinum",Norðoya øki,Kvinnur,Aldur 55 - 66,%,4100,2.8
2013,"Partur av fólkinum, ið livir av minni enn fátækamarkinum í landinum",Norðoya øki,Kvinnur,Aldur 55 - 66,%,4100,2.3
2014,"Partur av fólkinum, ið livir av minni enn fátækamarkinum í landinum",Norðoya øki,Kvinnur,Aldur 55 - 66,%,4100,1.3
2015,"Partur av fólkinum, ið livir av minni enn fátækamarkinum í landinum",Norðoya øki,Kvinnur,Aldur 55 - 66,%,4100,1.5
2016,"Partur av fólkinum, ið livir av minni enn fátækamarkinum í landinum",Norðoya øki,Kvinnur,Aldur 55 - 66,%,4100,1.3
2017,"Partur av fólkinum, ið livir av minni enn fátækamarkinum í landinum",Norðoya øki,Kvinnur,Aldur 55 - 66,%,4100,2.3
2018,"Partur av fólkinum, ið livir av minni enn fátækamarkinum í landinum",Norðoya øki,Kvinnur,Aldur 55 - 66,%,4100,1.0
2019,"Partur av fólkinum, ið livir av minni enn fátækamarkinum í landinum",Norðoya øki,Kvinnur,Aldur 55 - 66,%,4100,1.4
2020,"Partur av fólkinum, ið livir av minni enn fátækamarkinum í landinum",Norðoya øki,Kvinnur,Aldur 55 - 66,%,4100,1.2
2021,"Partur av fólkinum, ið livir av minni enn fátækamarkinum í landinum",Norðoya øki,Kvinnur,Aldur 55 - 66,%,4100,0.9
2022,"Partur av fólkinum, ið livir av minni enn fátækamarkinum í landinum",Norðoya øki,Kvinnur,Aldur 55 - 66,%,4100,1.6
2023,"Partur av fólkinum, ið livir av minni enn fátækamarkinum í landinum",Norðoya øki,Kvinnur,Aldur 55 - 66,%,4100,1.9
2024,"Partur av fólkinum, ið livir av minni enn fátækamarkinum í landinum",Norðoya øki,Kvinnur,Aldur 55 - 66,%,4100,2.0
2009,"Partur av fólkinum, ið livir av minni enn fátækamarkinum í landinum",Norðoya øki,Kvinnur,Aldur 67 + ,%,4100,2.0
2010,"Partur av fólkinum, ið livir av minni enn fátækamarkinum í landinum",Norðoya øki,Kvinnur,Aldur 67 + ,%,4100,2.6
2011,"Partur av fólkinum, ið livir av minni enn fátækamarkinum í landinum",Norðoya øki,Kvinnur,Aldur 67 + ,%,4100,2.6
2012,"Partur av fólkinum, ið livir av minni enn fátækamarkinum í landinum",Norðoya øki,Kvinnur,Aldur 67 + ,%,4100,3.3
2013,"Partur av fólkinum, ið livir av minni enn fátækamarkinum í landinum",Norðoya øki,Kvinnur,Aldur 67 + ,%,4100,2.7
2014,"Partur av fólkinum, ið livir av minni enn fátækamarkinum í landinum",Norðoya øki,Kvinnur,Aldur 67 + ,%,4100,2.0
2015,"Partur av fólkinum, ið livir av minni enn fátækamarkinum í landinum",Norðoya øki,Kvinnur,Aldur 67 + ,%,4100,2.4
2016,"Partur av fólkinum, ið livir av minni enn fátækamarkinum í landinum",Norðoya øki,Kvinnur,Aldur 67 + ,%,4100,2.4
2017,"Partur av fólkinum, ið livir av minni enn fátækamarkinum í landinum",Norðoya øki,Kvinnur,Aldur 67 + ,%,4100,3.5
2018,"Partur av fólkinum, ið livir av minni enn fátækamarkinum í landinum",Norðoya øki,Kvinnur,Aldur 67 + ,%,4100,2.2
2019,"Partur av fólkinum, ið livir av minni enn fátækamarkinum í landinum",Norðoya øki,Kvinnur,Aldur 67 + ,%,4100,2.2
2020,"Partur av fólkinum, ið livir av minni enn fátækamarkinum í landinum",Norðoya øki,Kvinnur,Aldur 67 + ,%,4100,1.9
2021,"Partur av fólkinum, ið livir av minni enn fátækamarkinum í landinum",Norðoya øki,Kvinnur,Aldur 67 + ,%,4100,1.6
2022,"Partur av fólkinum, ið livir av minni enn fátækamarkinum í landinum",Norðoya øki,Kvinnur,Aldur 67 + ,%,4100,2.0
2023,"Partur av fólkinum, ið livir av minni enn fátækamarkinum í landinum",Norðoya øki,Kvinnur,Aldur 67 + ,%,4100,1.9
2024,"Partur av fólkinum, ið livir av minni enn fátækamarkinum í landinum",Norðoya øki,Kvinnur,Aldur 67 + ,%,4100,2.0
2009,"Partur av fólkinum, ið livir av minni enn fátækamarkinum í landinum",Norðoya øki,Menn,,%,4100,5.2
2010,"Partur av fólkinum, ið livir av minni enn fátækamarkinum í landinum",Norðoya øki,Menn,,%,4100,4.7
2011,"Partur av fólkinum, ið livir av minni enn fátækamarkinum í landinum",Norðoya øki,Menn,,%,4100,4.9
2012,"Partur av fólkinum, ið livir av minni enn fátækamarkinum í landinum",Norðoya øki,Menn,,%,4100,5.2
2013,"Partur av fólkinum, ið livir av minni enn fátækamarkinum í landinum",Norðoya øki,Menn,,%,4100,3.7
2014,"Partur av fólkinum, ið livir av minni enn fátækamarkinum í landinum",Norðoya øki,Menn,,%,4100,3.3
2015,"Partur av fólkinum, ið livir av minni enn fátækamarkinum í landinum",Norðoya øki,Menn,,%,4100,2.9
2016,"Partur av fólkinum, ið livir av minni enn fátækamarkinum í landinum",Norðoya øki,Menn,,%,4100,2.8
2017,"Partur av fólkinum, ið livir av minni enn fátækamarkinum í landinum",Norðoya øki,Menn,,%,4100,2.2
2018,"Partur av fólkinum, ið livir av minni enn fátækamarkinum í landinum",Norðoya øki,Menn,,%,4100,2.3
2019,"Partur av fólkinum, ið livir av minni enn fátækamarkinum í landinum",Norðoya øki,Menn,,%,4100,2.0
2020,"Partur av fólkinum, ið livir av minni enn fátækamarkinum í landinum",Norðoya øki,Menn,,%,4100,1.9
2021,"Partur av fólkinum, ið livir av minni enn fátækamarkinum í landinum",Norðoya øki,Menn,,%,4100,2.3
2022,"Partur av fólkinum, ið livir av minni enn fátækamarkinum í landinum",Norðoya øki,Menn,,%,4100,2.2
2023,"Partur av fólkinum, ið livir av minni enn fátækamarkinum í landinum",Norðoya øki,Menn,,%,4100,2.6
2024,"Partur av fólkinum, ið livir av minni enn fátækamarkinum í landinum",Norðoya øki,Menn,,%,4100,2.5
2009,"Partur av fólkinum, ið livir av minni enn fátækamarkinum í landinum",Norðoya øki,Menn,Aldur 0 - 17,%,4100,9.0
2010,"Partur av fólkinum, ið livir av minni enn fátækamarkinum í landinum",Norðoya øki,Menn,Aldur 0 - 17,%,4100,7.2
2011,"Partur av fólkinum, ið livir av minni enn fátækamarkinum í landinum",Norðoya øki,Menn,Aldur 0 - 17,%,4100,8.0
2012,"Partur av fólkinum, ið livir av minni enn fátækamarkinum í landinum",Norðoya øki,Menn,Aldur 0 - 17,%,4100,8.5
2013,"Partur av fólkinum, ið livir av minni enn fátækamarkinum í landinum",Norðoya øki,Menn,Aldur 0 - 17,%,4100,5.7
2014,"Partur av fólkinum, ið livir av minni enn fátækamarkinum í landinum",Norðoya øki,Menn,Aldur 0 - 17,%,4100,6.0
2015,"Partur av fólkinum, ið livir av minni enn fátækamarkinum í landinum",Norðoya øki,Menn,Aldur 0 - 17,%,4100,4.5
2016,"Partur av fólkinum, ið livir av minni enn fátækamarkinum í landinum",Norðoya øki,Menn,Aldur 0 - 17,%,4100,4.2
2017,"Partur av fólkinum, ið livir av minni enn fátækamarkinum í landinum",Norðoya øki,Menn,Aldur 0 - 17,%,4100,3.5
2018,"Partur av fólkinum, ið livir av minni enn fátækamarkinum í landinum",Norðoya øki,Menn,Aldur 0 - 17,%,4100,4.4
2019,"Partur av fólkinum, ið livir av minni enn fátækamarkinum í landinum",Norðoya øki,Menn,Aldur 0 - 17,%,4100,3.4
2020,"Partur av fólkinum, ið livir av minni enn fátækamarkinum í landinum",Norðoya øki,Menn,Aldur 0 - 17,%,4100,3.7
2021,"Partur av fólkinum, ið livir av minni enn fátækamarkinum í landinum",Norðoya øki,Menn,Aldur 0 - 17,%,4100,4.4
2022,"Partur av fólkinum, ið livir av minni enn fátækamarkinum í landinum",Norðoya øki,Menn,Aldur 0 - 17,%,4100,3.7
2023,"Partur av fólkinum, ið livir av minni enn fátækamarkinum í landinum",Norðoya øki,Menn,Aldur 0 - 17,%,4100,4.1
2024,"Partur av fólkinum, ið livir av minni enn fátækamarkinum í landinum",Norðoya øki,Menn,Aldur 0 - 17,%,4100,3.4
2009,"Partur av fólkinum, ið livir av minni enn fátækamarkinum í landinum",Norðoya øki,Menn,Aldur 18 - 24,%,4100,4.0
2010,"Partur av fólkinum, ið livir av minni enn fátækamarkinum í landinum",Norðoya øki,Menn,Aldur 18 - 24,%,4100,3.3
2011,"Partur av fólkinum, ið livir av minni enn fátækamarkinum í landinum",Norðoya øki,Menn,Aldur 18 - 24,%,4100,2.8
2012,"Partur av fólkinum, ið livir av minni enn fátækamarkinum í landinum",Norðoya øki,Menn,Aldur 18 - 24,%,4100,2.7
2013,"Partur av fólkinum, ið livir av minni enn fátækamarkinum í landinum",Norðoya øki,Menn,Aldur 18 - 24,%,4100,2.3
2014,"Partur av fólkinum, ið livir av minni enn fátækamarkinum í landinum",Norðoya øki,Menn,Aldur 18 - 24,%,4100,2.8
2015,"Partur av fólkinum, ið livir av minni enn fátækamarkinum í landinum",Norðoya øki,Menn,Aldur 18 - 24,%,4100,1.4
2016,"Partur av fólkinum, ið livir av minni enn fátækamarkinum í landinum",Norðoya øki,Menn,Aldur 18 - 24,%,4100,2.1
2017,"Partur av fólkinum, ið livir av minni enn fátækamarkinum í landinum",Norðoya øki,Menn,Aldur 18 - 24,%,4100,0.7
2018,"Partur av fólkinum, ið livir av minni enn fátækamarkinum í landinum",Norðoya øki,Menn,Aldur 18 - 24,%,4100,2.0
2019,"Partur av fólkinum, ið livir av minni enn fátækamarkinum í landinum",Norðoya øki,Menn,Aldur 18 - 24,%,4100,1.6
2020,"Partur av fólkinum, ið livir av minni enn fátækamarkinum í landinum",Norðoya øki,Menn,Aldur 18 - 24,%,4100,1.2
2021,"Partur av fólkinum, ið livir av minni enn fátækamarkinum í landinum",Norðoya øki,Menn,Aldur 18 - 24,%,4100,1.5
2022,"Partur av fólkinum, ið livir av minni enn fátækamarkinum í landinum",Norðoya øki,Menn,Aldur 18 - 24,%,4100,1.5
2023,"Partur av fólkinum, ið livir av minni enn fátækamarkinum í landinum",Norðoya øki,Menn,Aldur 18 - 24,%,4100,2.4
2024,"Partur av fólkinum, ið livir av minni enn fátækamarkinum í landinum",Norðoya øki,Menn,Aldur 18 - 24,%,4100,3.7
2009,"Partur av fólkinum, ið livir av minni enn fátækamarkinum í landinum",Norðoya øki,Menn,Aldur 25 - 54,%,4100,4.1
2010,"Partur av fólkinum, ið livir av minni enn fátækamarkinum í landinum",Norðoya øki,Menn,Aldur 25 - 54,%,4100,4.3
2011,"Partur av fólkinum, ið livir av minni enn fátækamarkinum í landinum",Norðoya øki,Menn,Aldur 25 - 54,%,4100,4.9
2012,"Partur av fólkinum, ið livir av minni enn fátækamarkinum í landinum",Norðoya øki,Menn,Aldur 25 - 54,%,4100,5.3
2013,"Partur av fólkinum, ið livir av minni enn fátækamarkinum í landinum",Norðoya øki,Menn,Aldur 25 - 54,%,4100,3.5
2014,"Partur av fólkinum, ið livir av minni enn fátækamarkinum í landinum",Norðoya øki,Menn,Aldur 25 - 54,%,4100,2.7
2015,"Partur av fólkinum, ið livir av minni enn fátækamarkinum í landinum",Norðoya øki,Menn,Aldur 25 - 54,%,4100,2.9
2016,"Partur av fólkinum, ið livir av minni enn fátækamarkinum í landinum",Norðoya øki,Menn,Aldur 25 - 54,%,4100,2.8
2017,"Partur av fólkinum, ið livir av minni enn fátækamarkinum í landinum",Norðoya øki,Menn,Aldur 25 - 54,%,4100,2.1
2018,"Partur av fólkinum, ið livir av minni enn fátækamarkinum í landinum",Norðoya øki,Menn,Aldur 25 - 54,%,4100,1.9
2019,"Partur av fólkinum, ið livir av minni enn fátækamarkinum í landinum",Norðoya øki,Menn,Aldur 25 - 54,%,4100,2.1
2020,"Partur av fólkinum, ið livir av minni enn fátækamarkinum í landinum",Norðoya øki,Menn,Aldur 25 - 54,%,4100,1.6
2021,"Partur av fólkinum, ið livir av minni enn fátækamarkinum í landinum",Norðoya øki,Menn,Aldur 25 - 54,%,4100,2.3
2022,"Partur av fólkinum, ið livir av minni enn fátækamarkinum í landinum",Norðoya øki,Menn,Aldur 25 - 54,%,4100,2.0
2023,"Partur av fólkinum, ið livir av minni enn fátækamarkinum í landinum",Norðoya øki,Menn,Aldur 25 - 54,%,4100,2.5
2024,"Partur av fólkinum, ið livir av minni enn fátækamarkinum í landinum",Norðoya øki,Menn,Aldur 25 - 54,%,4100,2.4
2009,"Partur av fólkinum, ið livir av minni enn fátækamarkinum í landinum",Norðoya øki,Menn,Aldur 55 - 66,%,4100,4.4
2010,"Partur av fólkinum, ið livir av minni enn fátækamarkinum í landinum",Norðoya øki,Menn,Aldur 55 - 66,%,4100,3.3
2011,"Partur av fólkinum, ið livir av minni enn fátækamarkinum í landinum",Norðoya øki,Menn,Aldur 55 - 66,%,4100,3.5
2012,"Partur av fólkinum, ið livir av minni enn fátækamarkinum í landinum",Norðoya øki,Menn,Aldur 55 - 66,%,4100,3.0
2013,"Partur av fólkinum, ið livir av minni enn fátækamarkinum í landinum",Norðoya øki,Menn,Aldur 55 - 66,%,4100,2.5
2014,"Partur av fólkinum, ið livir av minni enn fátækamarkinum í landinum",Norðoya øki,Menn,Aldur 55 - 66,%,4100,2.0
2015,"Partur av fólkinum, ið livir av minni enn fátækamarkinum í landinum",Norðoya øki,Menn,Aldur 55 - 66,%,4100,2.0
2016,"Partur av fólkinum, ið livir av minni enn fátækamarkinum í landinum",Norðoya øki,Menn,Aldur 55 - 66,%,4100,1.3
2017,"Partur av fólkinum, ið livir av minni enn fátækamarkinum í landinum",Norðoya øki,Menn,Aldur 55 - 66,%,4100,1.8
2018,"Partur av fólkinum, ið livir av minni enn fátækamarkinum í landinum",Norðoya øki,Menn,Aldur 55 - 66,%,4100,0.7
2019,"Partur av fólkinum, ið livir av minni enn fátækamarkinum í landinum",Norðoya øki,Menn,Aldur 55 - 66,%,4100,0.6
2020,"Partur av fólkinum, ið livir av minni enn fátækamarkinum í landinum",Norðoya øki,Menn,Aldur 55 - 66,%,4100,1.1
2021,"Partur av fólkinum, ið livir av minni enn fátækamarkinum í landinum",Norðoya øki,Menn,Aldur 55 - 66,%,4100,0.8
2022,"Partur av fólkinum, ið livir av minni enn fátækamarkinum í landinum",Norðoya øki,Menn,Aldur 55 - 66,%,4100,1.9
2023,"Partur av fólkinum, ið livir av minni enn fátækamarkinum í landinum",Norðoya øki,Menn,Aldur 55 - 66,%,4100,1.8
2024,"Partur av fólkinum, ið livir av minni enn fátækamarkinum í landinum",Norðoya øki,Menn,Aldur 55 - 66,%,4100,2.5
2009,"Partur av fólkinum, ið livir av minni enn fátækamarkinum í landinum",Norðoya øki,Menn,Aldur 67 + ,%,4100,3.2
2010,"Partur av fólkinum, ið livir av minni enn fátækamarkinum í landinum",Norðoya øki,Menn,Aldur 67 + ,%,4100,3.4
2011,"Partur av fólkinum, ið livir av minni enn fátækamarkinum í landinum",Norðoya øki,Menn,Aldur 67 + ,%,4100,1.9
2012,"Partur av fólkinum, ið livir av minni enn fátækamarkinum í landinum",Norðoya øki,Menn,Aldur 67 + ,%,4100,2.9
2013,"Partur av fólkinum, ið livir av minni enn fátækamarkinum í landinum",Norðoya øki,Menn,Aldur 67 + ,%,4100,2.8
2014,"Partur av fólkinum, ið livir av minni enn fátækamarkinum í landinum",Norðoya øki,Menn,Aldur 67 + ,%,4100,1.7
2015,"Partur av fólkinum, ið livir av minni enn fátækamarkinum í landinum",Norðoya øki,Menn,Aldur 67 + ,%,4100,2.1
2016,"Partur av fólkinum, ið livir av minni enn fátækamarkinum í landinum",Norðoya øki,Menn,Aldur 67 + ,%,4100,2.1
2017,"Partur av fólkinum, ið livir av minni enn fátækamarkinum í landinum",Norðoya øki,Menn,Aldur 67 + ,%,4100,1.6
2018,"Partur av fólkinum, ið livir av minni enn fátækamarkinum í landinum",Norðoya øki,Menn,Aldur 67 + ,%,4100,2.0
2019,"Partur av fólkinum, ið livir av minni enn fátækamarkinum í landinum",Norðoya øki,Menn,Aldur 67 + ,%,4100,1.5
2020,"Partur av fólkinum, ið livir av minni enn fátækamarkinum í landinum",Norðoya øki,Menn,Aldur 67 + ,%,4100,1.2
2021,"Partur av fólkinum, ið livir av minni enn fátækamarkinum í landinum",Norðoya øki,Menn,Aldur 67 + ,%,4100,0.6
2022,"Partur av fólkinum, ið livir av minni enn fátækamarkinum í landinum",Norðoya øki,Menn,Aldur 67 + ,%,4100,1.0
2023,"Partur av fólkinum, ið livir av minni enn fátækamarkinum í landinum",Norðoya øki,Menn,Aldur 67 + ,%,4100,1.3
2024,"Partur av fólkinum, ið livir av minni enn fátækamarkinum í landinum",Norðoya øki,Menn,Aldur 67 + ,%,4100,0.9
2009,"Partur av fólkinum, ið livir av minni enn fátækamarkinum í landinum",Sandoyar øki,,,%,4500,6.5
2010,"Partur av fólkinum, ið livir av minni enn fátækamarkinum í landinum",Sandoyar øki,,,%,4500,4.4
2011,"Partur av fólkinum, ið livir av minni enn fátækamarkinum í landinum",Sandoyar øki,,,%,4500,5.8
2012,"Partur av fólkinum, ið livir av minni enn fátækamarkinum í landinum",Sandoyar øki,,,%,4500,5.8
2013,"Partur av fólkinum, ið livir av minni enn fátækamarkinum í landinum",Sandoyar øki,,,%,4500,5.2
2014,"Partur av fólkinum, ið livir av minni enn fátækamarkinum í landinum",Sandoyar øki,,,%,4500,4.6
2015,"Partur av fólkinum, ið livir av minni enn fátækamarkinum í landinum",Sandoyar øki,,,%,4500,6.2
2016,"Partur av fólkinum, ið livir av minni enn fátækamarkinum í landinum",Sandoyar øki,,,%,4500,3.8
2017,"Partur av fólkinum, ið livir av minni enn fátækamarkinum í landinum",Sandoyar øki,,,%,4500,3.9
2018,"Partur av fólkinum, ið livir av minni enn fátækamarkinum í landinum",Sandoyar øki,,,%,4500,4.3
2019,"Partur av fólkinum, ið livir av minni enn fátækamarkinum í landinum",Sandoyar øki,,,%,4500,3.6
2020,"Partur av fólkinum, ið livir av minni enn fátækamarkinum í landinum",Sandoyar øki,,,%,4500,3.4
2021,"Partur av fólkinum, ið livir av minni enn fátækamarkinum í landinum",Sandoyar øki,,,%,4500,4.1
2022,"Partur av fólkinum, ið livir av minni enn fátækamarkinum í landinum",Sandoyar øki,,,%,4500,3.7
2023,"Partur av fólkinum, ið livir av minni enn fátækamarkinum í landinum",Sandoyar øki,,,%,4500,3.6
2024,"Partur av fólkinum, ið livir av minni enn fátækamarkinum í landinum",Sandoyar øki,,,%,4500,3.6
2009,"Partur av fólkinum, ið livir av minni enn fátækamarkinum í landinum",Sandoyar øki,,Aldur 0 - 17,%,4500,8.0
2010,"Partur av fólkinum, ið livir av minni enn fátækamarkinum í landinum",Sandoyar øki,,Aldur 0 - 17,%,4500,7.0
2011,"Partur av fólkinum, ið livir av minni enn fátækamarkinum í landinum",Sandoyar øki,,Aldur 0 - 17,%,4500,9.0
2012,"Partur av fólkinum, ið livir av minni enn fátækamarkinum í landinum",Sandoyar øki,,Aldur 0 - 17,%,4500,7.6
2013,"Partur av fólkinum, ið livir av minni enn fátækamarkinum í landinum",Sandoyar øki,,Aldur 0 - 17,%,4500,7.9
2014,"Partur av fólkinum, ið livir av minni enn fátækamarkinum í landinum",Sandoyar øki,,Aldur 0 - 17,%,4500,5.5
2015,"Partur av fólkinum, ið livir av minni enn fátækamarkinum í landinum",Sandoyar øki,,Aldur 0 - 17,%,4500,8.9
2016,"Partur av fólkinum, ið livir av minni enn fátækamarkinum í landinum",Sandoyar øki,,Aldur 0 - 17,%,4500,4.5
2017,"Partur av fólkinum, ið livir av minni enn fátækamarkinum í landinum",Sandoyar øki,,Aldur 0 - 17,%,4500,6.1
2018,"Partur av fólkinum, ið livir av minni enn fátækamarkinum í landinum",Sandoyar øki,,Aldur 0 - 17,%,4500,6.8
2019,"Partur av fólkinum, ið livir av minni enn fátækamarkinum í landinum",Sandoyar øki,,Aldur 0 - 17,%,4500,7.1
2020,"Partur av fólkinum, ið livir av minni enn fátækamarkinum í landinum",Sandoyar øki,,Aldur 0 - 17,%,4500,6.3
2021,"Partur av fólkinum, ið livir av minni enn fátækamarkinum í landinum",Sandoyar øki,,Aldur 0 - 17,%,4500,7.5
2022,"Partur av fólkinum, ið livir av minni enn fátækamarkinum í landinum",Sandoyar øki,,Aldur 0 - 17,%,4500,5.0
2023,"Partur av fólkinum, ið livir av minni enn fátækamarkinum í landinum",Sandoyar øki,,Aldur 0 - 17,%,4500,4.3
2024,"Partur av fólkinum, ið livir av minni enn fátækamarkinum í landinum",Sandoyar øki,,Aldur 0 - 17,%,4500,7.1
2009,"Partur av fólkinum, ið livir av minni enn fátækamarkinum í landinum",Sandoyar øki,,Aldur 18 - 24,%,4500,5.4
2010,"Partur av fólkinum, ið livir av minni enn fátækamarkinum í landinum",Sandoyar øki,,Aldur 18 - 24,%,4500,0.0
2011,"Partur av fólkinum, ið livir av minni enn fátækamarkinum í landinum",Sandoyar øki,,Aldur 18 - 24,%,4500,2.9
2012,"Partur av fólkinum, ið livir av minni enn fátækamarkinum í landinum",Sandoyar øki,,Aldur 18 - 24,%,4500,9.8
2013,"Partur av fólkinum, ið livir av minni enn fátækamarkinum í landinum",Sandoyar øki,,Aldur 18 - 24,%,4500,4.5
2014,"Partur av fólkinum, ið livir av minni enn fátækamarkinum í landinum",Sandoyar øki,,Aldur 18 - 24,%,4500,8.2
2015,"Partur av fólkinum, ið livir av minni enn fátækamarkinum í landinum",Sandoyar øki,,Aldur 18 - 24,%,4500,7.2
2016,"Partur av fólkinum, ið livir av minni enn fátækamarkinum í landinum",Sandoyar øki,,Aldur 18 - 24,%,4500,6.0
2017,"Partur av fólkinum, ið livir av minni enn fátækamarkinum í landinum",Sandoyar øki,,Aldur 18 - 24,%,4500,6.9
2018,"Partur av fólkinum, ið livir av minni enn fátækamarkinum í landinum",Sandoyar øki,,Aldur 18 - 24,%,4500,6.7
2019,"Partur av fólkinum, ið livir av minni enn fátækamarkinum í landinum",Sandoyar øki,,Aldur 18 - 24,%,4500,3.8
2020,"Partur av fólkinum, ið livir av minni enn fátækamarkinum í landinum",Sandoyar øki,,Aldur 18 - 24,%,4500,4.0
2021,"Partur av fólkinum, ið livir av minni enn fátækamarkinum í landinum",Sandoyar øki,,Aldur 18 - 24,%,4500,3.5
2022,"Partur av fólkinum, ið livir av minni enn fátækamarkinum í landinum",Sandoyar øki,,Aldur 18 - 24,%,4500,4.3
2023,"Partur av fólkinum, ið livir av minni enn fátækamarkinum í landinum",Sandoyar øki,,Aldur 18 - 24,%,4500,1.9
2024,"Partur av fólkinum, ið livir av minni enn fátækamarkinum í landinum",Sandoyar øki,,Aldur 18 - 24,%,4500,1.7
2009,"Partur av fólkinum, ið livir av minni enn fátækamarkinum í landinum",Sandoyar øki,,Aldur 25 - 54,%,4500,6.2
2010,"Partur av fólkinum, ið livir av minni enn fátækamarkinum í landinum",Sandoyar øki,,Aldur 25 - 54,%,4500,4.5
2011,"Partur av fólkinum, ið livir av minni enn fátækamarkinum í landinum",Sandoyar øki,,Aldur 25 - 54,%,4500,5.5
2012,"Partur av fólkinum, ið livir av minni enn fátækamarkinum í landinum",Sandoyar øki,,Aldur 25 - 54,%,4500,5.3
2013,"Partur av fólkinum, ið livir av minni enn fátækamarkinum í landinum",Sandoyar øki,,Aldur 25 - 54,%,4500,5.1
2014,"Partur av fólkinum, ið livir av minni enn fátækamarkinum í landinum",Sandoyar øki,,Aldur 25 - 54,%,4500,2.8
2015,"Partur av fólkinum, ið livir av minni enn fátækamarkinum í landinum",Sandoyar øki,,Aldur 25 - 54,%,4500,7.0
2016,"Partur av fólkinum, ið livir av minni enn fátækamarkinum í landinum",Sandoyar øki,,Aldur 25 - 54,%,4500,4.0
2017,"Partur av fólkinum, ið livir av minni enn fátækamarkinum í landinum",Sandoyar øki,,Aldur 25 - 54,%,4500,3.5
2018,"Partur av fólkinum, ið livir av minni enn fátækamarkinum í landinum",Sandoyar øki,,Aldur 25 - 54,%,4500,4.3
2019,"Partur av fólkinum, ið livir av minni enn fátækamarkinum í landinum",Sandoyar øki,,Aldur 25 - 54,%,4500,3.4
2020,"Partur av fólkinum, ið livir av minni enn fátækamarkinum í landinum",Sandoyar øki,,Aldur 25 - 54,%,4500,2.8
2021,"Partur av fólkinum, ið livir av minni enn fátækamarkinum í landinum",Sandoyar øki,,Aldur 25 - 54,%,4500,4.6
2022,"Partur av fólkinum, ið livir av minni enn fátækamarkinum í landinum",Sandoyar øki,,Aldur 25 - 54,%,4500,4.4
2023,"Partur av fólkinum, ið livir av minni enn fátækamarkinum í landinum",Sandoyar øki,,Aldur 25 - 54,%,4500,3.5
2024,"Partur av fólkinum, ið livir av minni enn fátækamarkinum í landinum",Sandoyar øki,,Aldur 25 - 54,%,4500,3.6
2009,"Partur av fólkinum, ið livir av minni enn fátækamarkinum í landinum",Sandoyar øki,,Aldur 55 - 66,%,4500,8.5
2010,"Partur av fólkinum, ið livir av minni enn fátækamarkinum í landinum",Sandoyar øki,,Aldur 55 - 66,%,4500,4.7
2011,"Partur av fólkinum, ið livir av minni enn fátækamarkinum í landinum",Sandoyar øki,,Aldur 55 - 66,%,4500,6.3
2012,"Partur av fólkinum, ið livir av minni enn fátækamarkinum í landinum",Sandoyar øki,,Aldur 55 - 66,%,4500,7.0
2013,"Partur av fólkinum, ið livir av minni enn fátækamarkinum í landinum",Sandoyar øki,,Aldur 55 - 66,%,4500,5.9
2014,"Partur av fólkinum, ið livir av minni enn fátækamarkinum í landinum",Sandoyar øki,,Aldur 55 - 66,%,4500,7.6
2015,"Partur av fólkinum, ið livir av minni enn fátækamarkinum í landinum",Sandoyar øki,,Aldur 55 - 66,%,4500,6.4
2016,"Partur av fólkinum, ið livir av minni enn fátækamarkinum í landinum",Sandoyar øki,,Aldur 55 - 66,%,4500,5.1
2017,"Partur av fólkinum, ið livir av minni enn fátækamarkinum í landinum",Sandoyar øki,,Aldur 55 - 66,%,4500,3.8
2018,"Partur av fólkinum, ið livir av minni enn fátækamarkinum í landinum",Sandoyar øki,,Aldur 55 - 66,%,4500,2.2
2019,"Partur av fólkinum, ið livir av minni enn fátækamarkinum í landinum",Sandoyar øki,,Aldur 55 - 66,%,4500,2.7
2020,"Partur av fólkinum, ið livir av minni enn fátækamarkinum í landinum",Sandoyar øki,,Aldur 55 - 66,%,4500,2.2
2021,"Partur av fólkinum, ið livir av minni enn fátækamarkinum í landinum",Sandoyar øki,,Aldur 55 - 66,%,4500,3.8
2022,"Partur av fólkinum, ið livir av minni enn fátækamarkinum í landinum",Sandoyar øki,,Aldur 55 - 66,%,4500,4.7
2023,"Partur av fólkinum, ið livir av minni enn fátækamarkinum í landinum",Sandoyar øki,,Aldur 55 - 66,%,4500,6.8
2024,"Partur av fólkinum, ið livir av minni enn fátækamarkinum í landinum",Sandoyar øki,,Aldur 55 - 66,%,4500,3.6
2009,"Partur av fólkinum, ið livir av minni enn fátækamarkinum í landinum",Sandoyar øki,,Aldur 67 + ,%,4500,3.5
2010,"Partur av fólkinum, ið livir av minni enn fátækamarkinum í landinum",Sandoyar øki,,Aldur 67 + ,%,4500,2.7
2011,"Partur av fólkinum, ið livir av minni enn fátækamarkinum í landinum",Sandoyar øki,,Aldur 67 + ,%,4500,2.7
2012,"Partur av fólkinum, ið livir av minni enn fátækamarkinum í landinum",Sandoyar øki,,Aldur 67 + ,%,4500,0.9
2013,"Partur av fólkinum, ið livir av minni enn fátækamarkinum í landinum",Sandoyar øki,,Aldur 67 + ,%,4500,1.8
2014,"Partur av fólkinum, ið livir av minni enn fátækamarkinum í landinum",Sandoyar øki,,Aldur 67 + ,%,4500,2.1
2015,"Partur av fólkinum, ið livir av minni enn fátækamarkinum í landinum",Sandoyar øki,,Aldur 67 + ,%,4500,1.6
2016,"Partur av fólkinum, ið livir av minni enn fátækamarkinum í landinum",Sandoyar øki,,Aldur 67 + ,%,4500,0.8
2017,"Partur av fólkinum, ið livir av minni enn fátækamarkinum í landinum",Sandoyar øki,,Aldur 67 + ,%,4500,0.8
2018,"Partur av fólkinum, ið livir av minni enn fátækamarkinum í landinum",Sandoyar øki,,Aldur 67 + ,%,4500,2.5
2019,"Partur av fólkinum, ið livir av minni enn fátækamarkinum í landinum",Sandoyar øki,,Aldur 67 + ,%,4500,0.8
2020,"Partur av fólkinum, ið livir av minni enn fátækamarkinum í landinum",Sandoyar øki,,Aldur 67 + ,%,4500,1.8
2021,"Partur av fólkinum, ið livir av minni enn fátækamarkinum í landinum",Sandoyar øki,,Aldur 67 + ,%,4500,0.7
2022,"Partur av fólkinum, ið livir av minni enn fátækamarkinum í landinum",Sandoyar øki,,Aldur 67 + ,%,4500,0.4
2023,"Partur av fólkinum, ið livir av minni enn fátækamarkinum í landinum",Sandoyar øki,,Aldur 67 + ,%,4500,1.5
2024,"Partur av fólkinum, ið livir av minni enn fátækamarkinum í landinum",Sandoyar øki,,Aldur 67 + ,%,4500,1.4
2009,"Partur av fólkinum, ið livir av minni enn fátækamarkinum í landinum",Sandoyar øki,Kvinnur,,%,4500,6.5
2010,"Partur av fólkinum, ið livir av minni enn fátækamarkinum í landinum",Sandoyar øki,Kvinnur,,%,4500,4.0
2011,"Partur av fólkinum, ið livir av minni enn fátækamarkinum í landinum",Sandoyar øki,Kvinnur,,%,4500,4.9
2012,"Partur av fólkinum, ið livir av minni enn fátækamarkinum í landinum",Sandoyar øki,Kvinnur,,%,4500,5.2
2013,"Partur av fólkinum, ið livir av minni enn fátækamarkinum í landinum",Sandoyar øki,Kvinnur,,%,4500,5.5
2014,"Partur av fólkinum, ið livir av minni enn fátækamarkinum í landinum",Sandoyar øki,Kvinnur,,%,4500,4.5
2015,"Partur av fólkinum, ið livir av minni enn fátækamarkinum í landinum",Sandoyar øki,Kvinnur,,%,4500,6.3
2016,"Partur av fólkinum, ið livir av minni enn fátækamarkinum í landinum",Sandoyar øki,Kvinnur,,%,4500,3.5
2017,"Partur av fólkinum, ið livir av minni enn fátækamarkinum í landinum",Sandoyar øki,Kvinnur,,%,4500,4.0
2018,"Partur av fólkinum, ið livir av minni enn fátækamarkinum í landinum",Sandoyar øki,Kvinnur,,%,4500,4.2
2019,"Partur av fólkinum, ið livir av minni enn fátækamarkinum í landinum",Sandoyar øki,Kvinnur,,%,4500,4.2
2020,"Partur av fólkinum, ið livir av minni enn fátækamarkinum í landinum",Sandoyar øki,Kvinnur,,%,4500,4.5
2021,"Partur av fólkinum, ið livir av minni enn fátækamarkinum í landinum",Sandoyar øki,Kvinnur,,%,4500,5.1
2022,"Partur av fólkinum, ið livir av minni enn fátækamarkinum í landinum",Sandoyar øki,Kvinnur,,%,4500,3.6
2023,"Partur av fólkinum, ið livir av minni enn fátækamarkinum í landinum",Sandoyar øki,Kvinnur,,%,4500,3.9
2024,"Partur av fólkinum, ið livir av minni enn fátækamarkinum í landinum",Sandoyar øki,Kvinnur,,%,4500,3.7
2009,"Partur av fólkinum, ið livir av minni enn fátækamarkinum í landinum",Sandoyar øki,Kvinnur,Aldur 0 - 17,%,4500,8.9
2010,"Partur av fólkinum, ið livir av minni enn fátækamarkinum í landinum",Sandoyar øki,Kvinnur,Aldur 0 - 17,%,4500,7.0
2011,"Partur av fólkinum, ið livir av minni enn fátækamarkinum í landinum",Sandoyar øki,Kvinnur,Aldur 0 - 17,%,4500,9.5
2012,"Partur av fólkinum, ið livir av minni enn fátækamarkinum í landinum",Sandoyar øki,Kvinnur,Aldur 0 - 17,%,4500,6.9
2013,"Partur av fólkinum, ið livir av minni enn fátækamarkinum í landinum",Sandoyar øki,Kvinnur,Aldur 0 - 17,%,4500,9.4
2014,"Partur av fólkinum, ið livir av minni enn fátækamarkinum í landinum",Sandoyar øki,Kvinnur,Aldur 0 - 17,%,4500,7.0
2015,"Partur av fólkinum, ið livir av minni enn fátækamarkinum í landinum",Sandoyar øki,Kvinnur,Aldur 0 - 17,%,4500,10.1
2016,"Partur av fólkinum, ið livir av minni enn fátækamarkinum í landinum",Sandoyar øki,Kvinnur,Aldur 0 - 17,%,4500,6.3
2017,"Partur av fólkinum, ið livir av minni enn fátækamarkinum í landinum",Sandoyar øki,Kvinnur,Aldur 0 - 17,%,4500,6.8
2018,"Partur av fólkinum, ið livir av minni enn fátækamarkinum í landinum",Sandoyar øki,Kvinnur,Aldur 0 - 17,%,4500,6.7
2019,"Partur av fólkinum, ið livir av minni enn fátækamarkinum í landinum",Sandoyar øki,Kvinnur,Aldur 0 - 17,%,4500,8.1
2020,"Partur av fólkinum, ið livir av minni enn fátækamarkinum í landinum",Sandoyar øki,Kvinnur,Aldur 0 - 17,%,4500,8.8
2021,"Partur av fólkinum, ið livir av minni enn fátækamarkinum í landinum",Sandoyar øki,Kvinnur,Aldur 0 - 17,%,4500,9.9
2022,"Partur av fólkinum, ið livir av minni enn fátækamarkinum í landinum",Sandoyar øki,Kvinnur,Aldur 0 - 17,%,4500,4.9
2023,"Partur av fólkinum, ið livir av minni enn fátækamarkinum í landinum",Sandoyar øki,Kvinnur,Aldur 0 - 17,%,4500,4.9
2024,"Partur av fólkinum, ið livir av minni enn fátækamarkinum í landinum",Sandoyar øki,Kvinnur,Aldur 0 - 17,%,4500,6.6
2009,"Partur av fólkinum, ið livir av minni enn fátækamarkinum í landinum",Sandoyar øki,Kvinnur,Aldur 18 - 24,%,4500,8.3
2010,"Partur av fólkinum, ið livir av minni enn fátækamarkinum í landinum",Sandoyar øki,Kvinnur,Aldur 18 - 24,%,4500,0.0
2011,"Partur av fólkinum, ið livir av minni enn fátækamarkinum í landinum",Sandoyar øki,Kvinnur,Aldur 18 - 24,%,4500,3.0
2012,"Partur av fólkinum, ið livir av minni enn fátækamarkinum í landinum",Sandoyar øki,Kvinnur,Aldur 18 - 24,%,4500,13.2
2013,"Partur av fólkinum, ið livir av minni enn fátækamarkinum í landinum",Sandoyar øki,Kvinnur,Aldur 18 - 24,%,4500,6.7
2014,"Partur av fólkinum, ið livir av minni enn fátækamarkinum í landinum",Sandoyar øki,Kvinnur,Aldur 18 - 24,%,4500,12.5
2015,"Partur av fólkinum, ið livir av minni enn fátækamarkinum í landinum",Sandoyar øki,Kvinnur,Aldur 18 - 24,%,4500,8.1
2016,"Partur av fólkinum, ið livir av minni enn fátækamarkinum í landinum",Sandoyar øki,Kvinnur,Aldur 18 - 24,%,4500,5.3
2017,"Partur av fólkinum, ið livir av minni enn fátækamarkinum í landinum",Sandoyar øki,Kvinnur,Aldur 18 - 24,%,4500,8.9
2018,"Partur av fólkinum, ið livir av minni enn fátækamarkinum í landinum",Sandoyar øki,Kvinnur,Aldur 18 - 24,%,4500,3.9
2019,"Partur av fólkinum, ið livir av minni enn fátækamarkinum í landinum",Sandoyar øki,Kvinnur,Aldur 18 - 24,%,4500,3.9
2020,"Partur av fólkinum, ið livir av minni enn fátækamarkinum í landinum",Sandoyar øki,Kvinnur,Aldur 18 - 24,%,4500,4.3
2021,"Partur av fólkinum, ið livir av minni enn fátækamarkinum í landinum",Sandoyar øki,Kvinnur,Aldur 18 - 24,%,4500,5.1
2022,"Partur av fólkinum, ið livir av minni enn fátækamarkinum í landinum",Sandoyar øki,Kvinnur,Aldur 18 - 24,%,4500,4.7
2023,"Partur av fólkinum, ið livir av minni enn fátækamarkinum í landinum",Sandoyar øki,Kvinnur,Aldur 18 - 24,%,4500,2.1
2024,"Partur av fólkinum, ið livir av minni enn fátækamarkinum í landinum",Sandoyar øki,Kvinnur,Aldur 18 - 24,%,4500,1.9
2009,"Partur av fólkinum, ið livir av minni enn fátækamarkinum í landinum",Sandoyar øki,Kvinnur,Aldur 25 - 54,%,4500,5.8
2010,"Partur av fólkinum, ið livir av minni enn fátækamarkinum í landinum",Sandoyar øki,Kvinnur,Aldur 25 - 54,%,4500,3.5
2011,"Partur av fólkinum, ið livir av minni enn fátækamarkinum í landinum",Sandoyar øki,Kvinnur,Aldur 25 - 54,%,4500,5.6
2012,"Partur av fólkinum, ið livir av minni enn fátækamarkinum í landinum",Sandoyar øki,Kvinnur,Aldur 25 - 54,%,4500,5.3
2013,"Partur av fólkinum, ið livir av minni enn fátækamarkinum í landinum",Sandoyar øki,Kvinnur,Aldur 25 - 54,%,4500,5.5
2014,"Partur av fólkinum, ið livir av minni enn fátækamarkinum í landinum",Sandoyar øki,Kvinnur,Aldur 25 - 54,%,4500,3.8
2015,"Partur av fólkinum, ið livir av minni enn fátækamarkinum í landinum",Sandoyar øki,Kvinnur,Aldur 25 - 54,%,4500,7.8
2016,"Partur av fólkinum, ið livir av minni enn fátækamarkinum í landinum",Sandoyar øki,Kvinnur,Aldur 25 - 54,%,4500,3.4
2017,"Partur av fólkinum, ið livir av minni enn fátækamarkinum í landinum",Sandoyar øki,Kvinnur,Aldur 25 - 54,%,4500,3.6
2018,"Partur av fólkinum, ið livir av minni enn fátækamarkinum í landinum",Sandoyar øki,Kvinnur,Aldur 25 - 54,%,4500,4.8
2019,"Partur av fólkinum, ið livir av minni enn fátækamarkinum í landinum",Sandoyar øki,Kvinnur,Aldur 25 - 54,%,4500,4.6
2020,"Partur av fólkinum, ið livir av minni enn fátækamarkinum í landinum",Sandoyar øki,Kvinnur,Aldur 25 - 54,%,4500,4.6
2021,"Partur av fólkinum, ið livir av minni enn fátækamarkinum í landinum",Sandoyar øki,Kvinnur,Aldur 25 - 54,%,4500,5.7
2022,"Partur av fólkinum, ið livir av minni enn fátækamarkinum í landinum",Sandoyar øki,Kvinnur,Aldur 25 - 54,%,4500,5.1
2023,"Partur av fólkinum, ið livir av minni enn fátækamarkinum í landinum",Sandoyar øki,Kvinnur,Aldur 25 - 54,%,4500,4.3
2024,"Partur av fólkinum, ið livir av minni enn fátækamarkinum í landinum",Sandoyar øki,Kvinnur,Aldur 25 - 54,%,4500,3.6
2009,"Partur av fólkinum, ið livir av minni enn fátækamarkinum í landinum",Sandoyar øki,Kvinnur,Aldur 55 - 66,%,4500,5.0
2010,"Partur av fólkinum, ið livir av minni enn fátækamarkinum í landinum",Sandoyar øki,Kvinnur,Aldur 55 - 66,%,4500,4.2
2011,"Partur av fólkinum, ið livir av minni enn fátækamarkinum í landinum",Sandoyar øki,Kvinnur,Aldur 55 - 66,%,4500,1.0
2012,"Partur av fólkinum, ið livir av minni enn fátækamarkinum í landinum",Sandoyar øki,Kvinnur,Aldur 55 - 66,%,4500,3.9
2013,"Partur av fólkinum, ið livir av minni enn fátækamarkinum í landinum",Sandoyar øki,Kvinnur,Aldur 55 - 66,%,4500,1.9
2014,"Partur av fólkinum, ið livir av minni enn fátækamarkinum í landinum",Sandoyar øki,Kvinnur,Aldur 55 - 66,%,4500,3.0
2015,"Partur av fólkinum, ið livir av minni enn fátækamarkinum í landinum",Sandoyar øki,Kvinnur,Aldur 55 - 66,%,4500,4.0
2016,"Partur av fólkinum, ið livir av minni enn fátækamarkinum í landinum",Sandoyar øki,Kvinnur,Aldur 55 - 66,%,4500,2.1
2017,"Partur av fólkinum, ið livir av minni enn fátækamarkinum í landinum",Sandoyar øki,Kvinnur,Aldur 55 - 66,%,4500,2.0
2018,"Partur av fólkinum, ið livir av minni enn fátækamarkinum í landinum",Sandoyar øki,Kvinnur,Aldur 55 - 66,%,4500,2.0
2019,"Partur av fólkinum, ið livir av minni enn fátækamarkinum í landinum",Sandoyar øki,Kvinnur,Aldur 55 - 66,%,4500,3.0
2020,"Partur av fólkinum, ið livir av minni enn fátækamarkinum í landinum",Sandoyar øki,Kvinnur,Aldur 55 - 66,%,4500,2.1
2021,"Partur av fólkinum, ið livir av minni enn fátækamarkinum í landinum",Sandoyar øki,Kvinnur,Aldur 55 - 66,%,4500,4.3
2022,"Partur av fólkinum, ið livir av minni enn fátækamarkinum í landinum",Sandoyar øki,Kvinnur,Aldur 55 - 66,%,4500,4.0
2023,"Partur av fólkinum, ið livir av minni enn fátækamarkinum í landinum",Sandoyar øki,Kvinnur,Aldur 55 - 66,%,4500,6.5
2024,"Partur av fólkinum, ið livir av minni enn fátækamarkinum í landinum",Sandoyar øki,Kvinnur,Aldur 55 - 66,%,4500,3.2
2009,"Partur av fólkinum, ið livir av minni enn fátækamarkinum í landinum",Sandoyar øki,Kvinnur,Aldur 67 + ,%,4500,5.6
2010,"Partur av fólkinum, ið livir av minni enn fátækamarkinum í landinum",Sandoyar øki,Kvinnur,Aldur 67 + ,%,4500,2.4
2011,"Partur av fólkinum, ið livir av minni enn fátækamarkinum í landinum",Sandoyar øki,Kvinnur,Aldur 67 + ,%,4500,2.5
2012,"Partur av fólkinum, ið livir av minni enn fátækamarkinum í landinum",Sandoyar øki,Kvinnur,Aldur 67 + ,%,4500,1.7
2013,"Partur av fólkinum, ið livir av minni enn fátækamarkinum í landinum",Sandoyar øki,Kvinnur,Aldur 67 + ,%,4500,3.3
2014,"Partur av fólkinum, ið livir av minni enn fátækamarkinum í landinum",Sandoyar øki,Kvinnur,Aldur 67 + ,%,4500,1.6
2015,"Partur av fólkinum, ið livir av minni enn fátækamarkinum í landinum",Sandoyar øki,Kvinnur,Aldur 67 + ,%,4500,1.5
2016,"Partur av fólkinum, ið livir av minni enn fátækamarkinum í landinum",Sandoyar øki,Kvinnur,Aldur 67 + ,%,4500,1.4
2017,"Partur av fólkinum, ið livir av minni enn fátækamarkinum í landinum",Sandoyar øki,Kvinnur,Aldur 67 + ,%,4500,1.4
2018,"Partur av fólkinum, ið livir av minni enn fátækamarkinum í landinum",Sandoyar øki,Kvinnur,Aldur 67 + ,%,4500,2.7
2019,"Partur av fólkinum, ið livir av minni enn fátækamarkinum í landinum",Sandoyar øki,Kvinnur,Aldur 67 + ,%,4500,0.7
2020,"Partur av fólkinum, ið livir av minni enn fátækamarkinum í landinum",Sandoyar øki,Kvinnur,Aldur 67 + ,%,4500,2.1
2021,"Partur av fólkinum, ið livir av minni enn fátækamarkinum í landinum",Sandoyar øki,Kvinnur,Aldur 67 + ,%,4500,0.7
2022,"Partur av fólkinum, ið livir av minni enn fátækamarkinum í landinum",Sandoyar øki,Kvinnur,Aldur 67 + ,%,4500,0.0
2023,"Partur av fólkinum, ið livir av minni enn fátækamarkinum í landinum",Sandoyar øki,Kvinnur,Aldur 67 + ,%,4500,1.5
2024,"Partur av fólkinum, ið livir av minni enn fátækamarkinum í landinum",Sandoyar øki,Kvinnur,Aldur 67 + ,%,4500,2.2
2009,"Partur av fólkinum, ið livir av minni enn fátækamarkinum í landinum",Sandoyar øki,Menn,,%,4500,6.5
2010,"Partur av fólkinum, ið livir av minni enn fátækamarkinum í landinum",Sandoyar øki,Menn,,%,4500,4.8
2011,"Partur av fólkinum, ið livir av minni enn fátækamarkinum í landinum",Sandoyar øki,Menn,,%,4500,6.5
2012,"Partur av fólkinum, ið livir av minni enn fátækamarkinum í landinum",Sandoyar øki,Menn,,%,4500,6.2
2013,"Partur av fólkinum, ið livir av minni enn fátækamarkinum í landinum",Sandoyar øki,Menn,,%,4500,5.1
2014,"Partur av fólkinum, ið livir av minni enn fátækamarkinum í landinum",Sandoyar øki,Menn,,%,4500,4.7
2015,"Partur av fólkinum, ið livir av minni enn fátækamarkinum í landinum",Sandoyar øki,Menn,,%,4500,6.2
2016,"Partur av fólkinum, ið livir av minni enn fátækamarkinum í landinum",Sandoyar øki,Menn,,%,4500,4.1
2017,"Partur av fólkinum, ið livir av minni enn fátækamarkinum í landinum",Sandoyar øki,Menn,,%,4500,3.8
2018,"Partur av fólkinum, ið livir av minni enn fátækamarkinum í landinum",Sandoyar øki,Menn,,%,4500,4.4
2019,"Partur av fólkinum, ið livir av minni enn fátækamarkinum í landinum",Sandoyar øki,Menn,,%,4500,3.0
2020,"Partur av fólkinum, ið livir av minni enn fátækamarkinum í landinum",Sandoyar øki,Menn,,%,4500,2.4
2021,"Partur av fólkinum, ið livir av minni enn fátækamarkinum í landinum",Sandoyar øki,Menn,,%,4500,3.2
2022,"Partur av fólkinum, ið livir av minni enn fátækamarkinum í landinum",Sandoyar øki,Menn,,%,4500,3.7
2023,"Partur av fólkinum, ið livir av minni enn fátækamarkinum í landinum",Sandoyar øki,Menn,,%,4500,3.3
2024,"Partur av fólkinum, ið livir av minni enn fátækamarkinum í landinum",Sandoyar øki,Menn,,%,4500,3.6
2009,"Partur av fólkinum, ið livir av minni enn fátækamarkinum í landinum",Sandoyar øki,Menn,Aldur 0 - 17,%,4500,7.2
2010,"Partur av fólkinum, ið livir av minni enn fátækamarkinum í landinum",Sandoyar øki,Menn,Aldur 0 - 17,%,4500,7.0
2011,"Partur av fólkinum, ið livir av minni enn fátækamarkinum í landinum",Sandoyar øki,Menn,Aldur 0 - 17,%,4500,8.6
2012,"Partur av fólkinum, ið livir av minni enn fátækamarkinum í landinum",Sandoyar øki,Menn,Aldur 0 - 17,%,4500,8.2
2013,"Partur av fólkinum, ið livir av minni enn fátækamarkinum í landinum",Sandoyar øki,Menn,Aldur 0 - 17,%,4500,6.5
2014,"Partur av fólkinum, ið livir av minni enn fátækamarkinum í landinum",Sandoyar øki,Menn,Aldur 0 - 17,%,4500,4.0
2015,"Partur av fólkinum, ið livir av minni enn fátækamarkinum í landinum",Sandoyar øki,Menn,Aldur 0 - 17,%,4500,7.7
2016,"Partur av fólkinum, ið livir av minni enn fátækamarkinum í landinum",Sandoyar øki,Menn,Aldur 0 - 17,%,4500,2.8
2017,"Partur av fólkinum, ið livir av minni enn fátækamarkinum í landinum",Sandoyar øki,Menn,Aldur 0 - 17,%,4500,5.4
2018,"Partur av fólkinum, ið livir av minni enn fátækamarkinum í landinum",Sandoyar øki,Menn,Aldur 0 - 17,%,4500,7.0
2019,"Partur av fólkinum, ið livir av minni enn fátækamarkinum í landinum",Sandoyar øki,Menn,Aldur 0 - 17,%,4500,6.2
2020,"Partur av fólkinum, ið livir av minni enn fátækamarkinum í landinum",Sandoyar øki,Menn,Aldur 0 - 17,%,4500,4.0
2021,"Partur av fólkinum, ið livir av minni enn fátækamarkinum í landinum",Sandoyar øki,Menn,Aldur 0 - 17,%,4500,5.2
2022,"Partur av fólkinum, ið livir av minni enn fátækamarkinum í landinum",Sandoyar øki,Menn,Aldur 0 - 17,%,4500,5.2
2023,"Partur av fólkinum, ið livir av minni enn fátækamarkinum í landinum",Sandoyar øki,Menn,Aldur 0 - 17,%,4500,3.8
2024,"Partur av fólkinum, ið livir av minni enn fátækamarkinum í landinum",Sandoyar øki,Menn,Aldur 0 - 17,%,4500,7.5
2009,"Partur av fólkinum, ið livir av minni enn fátækamarkinum í landinum",Sandoyar øki,Menn,Aldur 18 - 24,%,4500,4.0
2010,"Partur av fólkinum, ið livir av minni enn fátækamarkinum í landinum",Sandoyar øki,Menn,Aldur 18 - 24,%,4500,0.0
2011,"Partur av fólkinum, ið livir av minni enn fátækamarkinum í landinum",Sandoyar øki,Menn,Aldur 18 - 24,%,4500,2.9
2012,"Partur av fólkinum, ið livir av minni enn fátækamarkinum í landinum",Sandoyar øki,Menn,Aldur 18 - 24,%,4500,7.8
2013,"Partur av fólkinum, ið livir av minni enn fátækamarkinum í landinum",Sandoyar øki,Menn,Aldur 18 - 24,%,4500,3.1
2014,"Partur av fólkinum, ið livir av minni enn fátækamarkinum í landinum",Sandoyar øki,Menn,Aldur 18 - 24,%,4500,5.3
2015,"Partur av fólkinum, ið livir av minni enn fátækamarkinum í landinum",Sandoyar øki,Menn,Aldur 18 - 24,%,4500,6.7
2016,"Partur av fólkinum, ið livir av minni enn fátækamarkinum í landinum",Sandoyar øki,Menn,Aldur 18 - 24,%,4500,6.5
2017,"Partur av fólkinum, ið livir av minni enn fátækamarkinum í landinum",Sandoyar øki,Menn,Aldur 18 - 24,%,4500,5.3
2018,"Partur av fólkinum, ið livir av minni enn fátækamarkinum í landinum",Sandoyar øki,Menn,Aldur 18 - 24,%,4500,9.4
2019,"Partur av fólkinum, ið livir av minni enn fátækamarkinum í landinum",Sandoyar øki,Menn,Aldur 18 - 24,%,4500,3.7
2020,"Partur av fólkinum, ið livir av minni enn fátækamarkinum í landinum",Sandoyar øki,Menn,Aldur 18 - 24,%,4500,3.9
2021,"Partur av fólkinum, ið livir av minni enn fátækamarkinum í landinum",Sandoyar øki,Menn,Aldur 18 - 24,%,4500,2.2
2022,"Partur av fólkinum, ið livir av minni enn fátækamarkinum í landinum",Sandoyar øki,Menn,Aldur 18 - 24,%,4500,4.1
2023,"Partur av fólkinum, ið livir av minni enn fátækamarkinum í landinum",Sandoyar øki,Menn,Aldur 18 - 24,%,4500,1.8
2024,"Partur av fólkinum, ið livir av minni enn fátækamarkinum í landinum",Sandoyar øki,Menn,Aldur 18 - 24,%,4500,1.6
2009,"Partur av fólkinum, ið livir av minni enn fátækamarkinum í landinum",Sandoyar øki,Menn,Aldur 25 - 54,%,4500,6.6
2010,"Partur av fólkinum, ið livir av minni enn fátækamarkinum í landinum",Sandoyar øki,Menn,Aldur 25 - 54,%,4500,5.3
2011,"Partur av fólkinum, ið livir av minni enn fátækamarkinum í landinum",Sandoyar øki,Menn,Aldur 25 - 54,%,4500,5.5
2012,"Partur av fólkinum, ið livir av minni enn fátækamarkinum í landinum",Sandoyar øki,Menn,Aldur 25 - 54,%,4500,5.4
2013,"Partur av fólkinum, ið livir av minni enn fátækamarkinum í landinum",Sandoyar øki,Menn,Aldur 25 - 54,%,4500,4.8
2014,"Partur av fólkinum, ið livir av minni enn fátækamarkinum í landinum",Sandoyar øki,Menn,Aldur 25 - 54,%,4500,1.9
2015,"Partur av fólkinum, ið livir av minni enn fátækamarkinum í landinum",Sandoyar øki,Menn,Aldur 25 - 54,%,4500,6.2
2016,"Partur av fólkinum, ið livir av minni enn fátækamarkinum í landinum",Sandoyar øki,Menn,Aldur 25 - 54,%,4500,4.6
2017,"Partur av fólkinum, ið livir av minni enn fátækamarkinum í landinum",Sandoyar øki,Menn,Aldur 25 - 54,%,4500,3.4
2018,"Partur av fólkinum, ið livir av minni enn fátækamarkinum í landinum",Sandoyar øki,Menn,Aldur 25 - 54,%,4500,3.9
2019,"Partur av fólkinum, ið livir av minni enn fátækamarkinum í landinum",Sandoyar øki,Menn,Aldur 25 - 54,%,4500,2.4
2020,"Partur av fólkinum, ið livir av minni enn fátækamarkinum í landinum",Sandoyar øki,Menn,Aldur 25 - 54,%,4500,1.4
2021,"Partur av fólkinum, ið livir av minni enn fátækamarkinum í landinum",Sandoyar øki,Menn,Aldur 25 - 54,%,4500,3.7
2022,"Partur av fólkinum, ið livir av minni enn fátækamarkinum í landinum",Sandoyar øki,Menn,Aldur 25 - 54,%,4500,3.9
2023,"Partur av fólkinum, ið livir av minni enn fátækamarkinum í landinum",Sandoyar øki,Menn,Aldur 25 - 54,%,4500,2.8
2024,"Partur av fólkinum, ið livir av minni enn fátækamarkinum í landinum",Sandoyar øki,Menn,Aldur 25 - 54,%,4500,3.6
2009,"Partur av fólkinum, ið livir av minni enn fátækamarkinum í landinum",Sandoyar øki,Menn,Aldur 55 - 66,%,4500,11.2
2010,"Partur av fólkinum, ið livir av minni enn fátækamarkinum í landinum",Sandoyar øki,Menn,Aldur 55 - 66,%,4500,5.1
2011,"Partur av fólkinum, ið livir av minni enn fátækamarkinum í landinum",Sandoyar øki,Menn,Aldur 55 - 66,%,4500,10.1
2012,"Partur av fólkinum, ið livir av minni enn fátækamarkinum í landinum",Sandoyar øki,Menn,Aldur 55 - 66,%,4500,9.3
2013,"Partur av fólkinum, ið livir av minni enn fátækamarkinum í landinum",Sandoyar øki,Menn,Aldur 55 - 66,%,4500,8.9
2014,"Partur av fólkinum, ið livir av minni enn fátækamarkinum í landinum",Sandoyar øki,Menn,Aldur 55 - 66,%,4500,11.1
2015,"Partur av fólkinum, ið livir av minni enn fátækamarkinum í landinum",Sandoyar øki,Menn,Aldur 55 - 66,%,4500,8.3
2016,"Partur av fólkinum, ið livir av minni enn fátækamarkinum í landinum",Sandoyar øki,Menn,Aldur 55 - 66,%,4500,7.3
2017,"Partur av fólkinum, ið livir av minni enn fátækamarkinum í landinum",Sandoyar øki,Menn,Aldur 55 - 66,%,4500,5.2
2018,"Partur av fólkinum, ið livir av minni enn fátækamarkinum í landinum",Sandoyar øki,Menn,Aldur 55 - 66,%,4500,2.4
2019,"Partur av fólkinum, ið livir av minni enn fátækamarkinum í landinum",Sandoyar øki,Menn,Aldur 55 - 66,%,4500,2.4
2020,"Partur av fólkinum, ið livir av minni enn fátækamarkinum í landinum",Sandoyar øki,Menn,Aldur 55 - 66,%,4500,2.4
2021,"Partur av fólkinum, ið livir av minni enn fátækamarkinum í landinum",Sandoyar øki,Menn,Aldur 55 - 66,%,4500,3.4
2022,"Partur av fólkinum, ið livir av minni enn fátækamarkinum í landinum",Sandoyar øki,Menn,Aldur 55 - 66,%,4500,5.3
2023,"Partur av fólkinum, ið livir av minni enn fátækamarkinum í landinum",Sandoyar øki,Menn,Aldur 55 - 66,%,4500,7.0
2024,"Partur av fólkinum, ið livir av minni enn fátækamarkinum í landinum",Sandoyar øki,Menn,Aldur 55 - 66,%,4500,3.9
2009,"Partur av fólkinum, ið livir av minni enn fátækamarkinum í landinum",Sandoyar øki,Menn,Aldur 67 + ,%,4500,1.0
2010,"Partur av fólkinum, ið livir av minni enn fátækamarkinum í landinum",Sandoyar øki,Menn,Aldur 67 + ,%,4500,3.0
2011,"Partur av fólkinum, ið livir av minni enn fátækamarkinum í landinum",Sandoyar øki,Menn,Aldur 67 + ,%,4500,2.9
2012,"Partur av fólkinum, ið livir av minni enn fátækamarkinum í landinum",Sandoyar øki,Menn,Aldur 67 + ,%,4500,0.0
2013,"Partur av fólkinum, ið livir av minni enn fátækamarkinum í landinum",Sandoyar øki,Menn,Aldur 67 + ,%,4500,0.0
2014,"Partur av fólkinum, ið livir av minni enn fátækamarkinum í landinum",Sandoyar øki,Menn,Aldur 67 + ,%,4500,2.8
2015,"Partur av fólkinum, ið livir av minni enn fátækamarkinum í landinum",Sandoyar øki,Menn,Aldur 67 + ,%,4500,1.8
2016,"Partur av fólkinum, ið livir av minni enn fátækamarkinum í landinum",Sandoyar øki,Menn,Aldur 67 + ,%,4500,0.0
2017,"Partur av fólkinum, ið livir av minni enn fátækamarkinum í landinum",Sandoyar øki,Menn,Aldur 67 + ,%,4500,0.0
2018,"Partur av fólkinum, ið livir av minni enn fátækamarkinum í landinum",Sandoyar øki,Menn,Aldur 67 + ,%,4500,2.3
2019,"Partur av fólkinum, ið livir av minni enn fátækamarkinum í landinum",Sandoyar øki,Menn,Aldur 67 + ,%,4500,0.8
2020,"Partur av fólkinum, ið livir av minni enn fátækamarkinum í landinum",Sandoyar øki,Menn,Aldur 67 + ,%,4500,1.6
2021,"Partur av fólkinum, ið livir av minni enn fátækamarkinum í landinum",Sandoyar øki,Menn,Aldur 67 + ,%,4500,0.7
2022,"Partur av fólkinum, ið livir av minni enn fátækamarkinum í landinum",Sandoyar øki,Menn,Aldur 67 + ,%,4500,0.7
2023,"Partur av fólkinum, ið livir av minni enn fátækamarkinum í landinum",Sandoyar øki,Menn,Aldur 67 + ,%,4500,1.4
2024,"Partur av fólkinum, ið livir av minni enn fátækamarkinum í landinum",Sandoyar øki,Menn,Aldur 67 + ,%,4500,0.7
2009,"Partur av fólkinum, ið livir av minni enn fátækamarkinum í landinum","Streymoyar øki, norður",,,%,4300,4.2
2010,"Partur av fólkinum, ið livir av minni enn fátækamarkinum í landinum","Streymoyar øki, norður",,,%,4300,3.3
2011,"Partur av fólkinum, ið livir av minni enn fátækamarkinum í landinum","Streymoyar øki, norður",,,%,4300,4.4
2012,"Partur av fólkinum, ið livir av minni enn fátækamarkinum í landinum","Streymoyar øki, norður",,,%,4300,5.1
2013,"Partur av fólkinum, ið livir av minni enn fátækamarkinum í landinum","Streymoyar øki, norður",,,%,4300,4.3
2014,"Partur av fólkinum, ið livir av minni enn fátækamarkinum í landinum","Streymoyar øki, norður",,,%,4300,3.8
2015,"Partur av fólkinum, ið livir av minni enn fátækamarkinum í landinum","Streymoyar øki, norður",,,%,4300,3.0
2016,"Partur av fólkinum, ið livir av minni enn fátækamarkinum í landinum","Streymoyar øki, norður",,,%,4300,3.2
2017,"Partur av fólkinum, ið livir av minni enn fátækamarkinum í landinum","Streymoyar øki, norður",,,%,4300,3.4
2018,"Partur av fólkinum, ið livir av minni enn fátækamarkinum í landinum","Streymoyar øki, norður",,,%,4300,2.4
2019,"Partur av fólkinum, ið livir av minni enn fátækamarkinum í landinum","Streymoyar øki, norður",,,%,4300,2.1
2020,"Partur av fólkinum, ið livir av minni enn fátækamarkinum í landinum","Streymoyar øki, norður",,,%,4300,1.8
2021,"Partur av fólkinum, ið livir av minni enn fátækamarkinum í landinum","Streymoyar øki, norður",,,%,4300,2.3
2022,"Partur av fólkinum, ið livir av minni enn fátækamarkinum í landinum","Streymoyar øki, norður",,,%,4300,2.4
2023,"Partur av fólkinum, ið livir av minni enn fátækamarkinum í landinum","Streymoyar øki, norður",,,%,4300,1.8
2024,"Partur av fólkinum, ið livir av minni enn fátækamarkinum í landinum","Streymoyar øki, norður",,,%,4300,2.5
2009,"Partur av fólkinum, ið livir av minni enn fátækamarkinum í landinum","Streymoyar øki, norður",,Aldur 0 - 17,%,4300,6.6
2010,"Partur av fólkinum, ið livir av minni enn fátækamarkinum í landinum","Streymoyar øki, norður",,Aldur 0 - 17,%,4300,3.8
2011,"Partur av fólkinum, ið livir av minni enn fátækamarkinum í landinum","Streymoyar øki, norður",,Aldur 0 - 17,%,4300,6.6
2012,"Partur av fólkinum, ið livir av minni enn fátækamarkinum í landinum","Streymoyar øki, norður",,Aldur 0 - 17,%,4300,8.2
2013,"Partur av fólkinum, ið livir av minni enn fátækamarkinum í landinum","Streymoyar øki, norður",,Aldur 0 - 17,%,4300,7.0
2014,"Partur av fólkinum, ið livir av minni enn fátækamarkinum í landinum","Streymoyar øki, norður",,Aldur 0 - 17,%,4300,6.3
2015,"Partur av fólkinum, ið livir av minni enn fátækamarkinum í landinum","Streymoyar øki, norður",,Aldur 0 - 17,%,4300,4.3
2016,"Partur av fólkinum, ið livir av minni enn fátækamarkinum í landinum","Streymoyar øki, norður",,Aldur 0 - 17,%,4300,4.2
2017,"Partur av fólkinum, ið livir av minni enn fátækamarkinum í landinum","Streymoyar øki, norður",,Aldur 0 - 17,%,4300,4.9
2018,"Partur av fólkinum, ið livir av minni enn fátækamarkinum í landinum","Streymoyar øki, norður",,Aldur 0 - 17,%,4300,3.0
2019,"Partur av fólkinum, ið livir av minni enn fátækamarkinum í landinum","Streymoyar øki, norður",,Aldur 0 - 17,%,4300,2.7
2020,"Partur av fólkinum, ið livir av minni enn fátækamarkinum í landinum","Streymoyar øki, norður",,Aldur 0 - 17,%,4300,2.3
2021,"Partur av fólkinum, ið livir av minni enn fátækamarkinum í landinum","Streymoyar øki, norður",,Aldur 0 - 17,%,4300,3.6
2022,"Partur av fólkinum, ið livir av minni enn fátækamarkinum í landinum","Streymoyar øki, norður",,Aldur 0 - 17,%,4300,4.0
2023,"Partur av fólkinum, ið livir av minni enn fátækamarkinum í landinum","Streymoyar øki, norður",,Aldur 0 - 17,%,4300,2.5
2024,"Partur av fólkinum, ið livir av minni enn fátækamarkinum í landinum","Streymoyar øki, norður",,Aldur 0 - 17,%,4300,3.2
2009,"Partur av fólkinum, ið livir av minni enn fátækamarkinum í landinum","Streymoyar øki, norður",,Aldur 18 - 24,%,4300,3.4
2010,"Partur av fólkinum, ið livir av minni enn fátækamarkinum í landinum","Streymoyar øki, norður",,Aldur 18 - 24,%,4300,2.7
2011,"Partur av fólkinum, ið livir av minni enn fátækamarkinum í landinum","Streymoyar øki, norður",,Aldur 18 - 24,%,4300,6.1
2012,"Partur av fólkinum, ið livir av minni enn fátækamarkinum í landinum","Streymoyar øki, norður",,Aldur 18 - 24,%,4300,6.2
2013,"Partur av fólkinum, ið livir av minni enn fátækamarkinum í landinum","Streymoyar øki, norður",,Aldur 18 - 24,%,4300,4.8
2014,"Partur av fólkinum, ið livir av minni enn fátækamarkinum í landinum","Streymoyar øki, norður",,Aldur 18 - 24,%,4300,3.0
2015,"Partur av fólkinum, ið livir av minni enn fátækamarkinum í landinum","Streymoyar øki, norður",,Aldur 18 - 24,%,4300,1.8
2016,"Partur av fólkinum, ið livir av minni enn fátækamarkinum í landinum","Streymoyar øki, norður",,Aldur 18 - 24,%,4300,3.5
2017,"Partur av fólkinum, ið livir av minni enn fátækamarkinum í landinum","Streymoyar øki, norður",,Aldur 18 - 24,%,4300,3.5
2018,"Partur av fólkinum, ið livir av minni enn fátækamarkinum í landinum","Streymoyar øki, norður",,Aldur 18 - 24,%,4300,1.0
2019,"Partur av fólkinum, ið livir av minni enn fátækamarkinum í landinum","Streymoyar øki, norður",,Aldur 18 - 24,%,4300,0.3
2020,"Partur av fólkinum, ið livir av minni enn fátækamarkinum í landinum","Streymoyar øki, norður",,Aldur 18 - 24,%,4300,2.3
2021,"Partur av fólkinum, ið livir av minni enn fátækamarkinum í landinum","Streymoyar øki, norður",,Aldur 18 - 24,%,4300,1.0
2022,"Partur av fólkinum, ið livir av minni enn fátækamarkinum í landinum","Streymoyar øki, norður",,Aldur 18 - 24,%,4300,1.3
2023,"Partur av fólkinum, ið livir av minni enn fátækamarkinum í landinum","Streymoyar øki, norður",,Aldur 18 - 24,%,4300,1.6
2024,"Partur av fólkinum, ið livir av minni enn fátækamarkinum í landinum","Streymoyar øki, norður",,Aldur 18 - 24,%,4300,1.3
2009,"Partur av fólkinum, ið livir av minni enn fátækamarkinum í landinum","Streymoyar øki, norður",,Aldur 25 - 54,%,4300,2.8
2010,"Partur av fólkinum, ið livir av minni enn fátækamarkinum í landinum","Streymoyar øki, norður",,Aldur 25 - 54,%,4300,2.6
2011,"Partur av fólkinum, ið livir av minni enn fátækamarkinum í landinum","Streymoyar øki, norður",,Aldur 25 - 54,%,4300,3.8
2012,"Partur av fólkinum, ið livir av minni enn fátækamarkinum í landinum","Streymoyar øki, norður",,Aldur 25 - 54,%,4300,4.5
2013,"Partur av fólkinum, ið livir av minni enn fátækamarkinum í landinum","Streymoyar øki, norður",,Aldur 25 - 54,%,4300,3.8
2014,"Partur av fólkinum, ið livir av minni enn fátækamarkinum í landinum","Streymoyar øki, norður",,Aldur 25 - 54,%,4300,3.3
2015,"Partur av fólkinum, ið livir av minni enn fátækamarkinum í landinum","Streymoyar øki, norður",,Aldur 25 - 54,%,4300,3.2
2016,"Partur av fólkinum, ið livir av minni enn fátækamarkinum í landinum","Streymoyar øki, norður",,Aldur 25 - 54,%,4300,3.1
2017,"Partur av fólkinum, ið livir av minni enn fátækamarkinum í landinum","Streymoyar øki, norður",,Aldur 25 - 54,%,4300,2.6
2018,"Partur av fólkinum, ið livir av minni enn fátækamarkinum í landinum","Streymoyar øki, norður",,Aldur 25 - 54,%,4300,2.1
2019,"Partur av fólkinum, ið livir av minni enn fátækamarkinum í landinum","Streymoyar øki, norður",,Aldur 25 - 54,%,4300,2.4
2020,"Partur av fólkinum, ið livir av minni enn fátækamarkinum í landinum","Streymoyar øki, norður",,Aldur 25 - 54,%,4300,1.5
2021,"Partur av fólkinum, ið livir av minni enn fátækamarkinum í landinum","Streymoyar øki, norður",,Aldur 25 - 54,%,4300,2.5
2022,"Partur av fólkinum, ið livir av minni enn fátækamarkinum í landinum","Streymoyar øki, norður",,Aldur 25 - 54,%,4300,2.5
2023,"Partur av fólkinum, ið livir av minni enn fátækamarkinum í landinum","Streymoyar øki, norður",,Aldur 25 - 54,%,4300,1.8
2024,"Partur av fólkinum, ið livir av minni enn fátækamarkinum í landinum","Streymoyar øki, norður",,Aldur 25 - 54,%,4300,2.8
2009,"Partur av fólkinum, ið livir av minni enn fátækamarkinum í landinum","Streymoyar øki, norður",,Aldur 55 - 66,%,4300,3.8
2010,"Partur av fólkinum, ið livir av minni enn fátækamarkinum í landinum","Streymoyar øki, norður",,Aldur 55 - 66,%,4300,4.2
2011,"Partur av fólkinum, ið livir av minni enn fátækamarkinum í landinum","Streymoyar øki, norður",,Aldur 55 - 66,%,4300,2.0
2012,"Partur av fólkinum, ið livir av minni enn fátækamarkinum í landinum","Streymoyar øki, norður",,Aldur 55 - 66,%,4300,2.9
2013,"Partur av fólkinum, ið livir av minni enn fátækamarkinum í landinum","Streymoyar øki, norður",,Aldur 55 - 66,%,4300,3.2
2014,"Partur av fólkinum, ið livir av minni enn fátækamarkinum í landinum","Streymoyar øki, norður",,Aldur 55 - 66,%,4300,3.1
2015,"Partur av fólkinum, ið livir av minni enn fátækamarkinum í landinum","Streymoyar øki, norður",,Aldur 55 - 66,%,4300,2.3
2016,"Partur av fólkinum, ið livir av minni enn fátækamarkinum í landinum","Streymoyar øki, norður",,Aldur 55 - 66,%,4300,3.7
2017,"Partur av fólkinum, ið livir av minni enn fátækamarkinum í landinum","Streymoyar øki, norður",,Aldur 55 - 66,%,4300,3.2
2018,"Partur av fólkinum, ið livir av minni enn fátækamarkinum í landinum","Streymoyar øki, norður",,Aldur 55 - 66,%,4300,2.9
2019,"Partur av fólkinum, ið livir av minni enn fátækamarkinum í landinum","Streymoyar øki, norður",,Aldur 55 - 66,%,4300,2.4
2020,"Partur av fólkinum, ið livir av minni enn fátækamarkinum í landinum","Streymoyar øki, norður",,Aldur 55 - 66,%,4300,2.4
2021,"Partur av fólkinum, ið livir av minni enn fátækamarkinum í landinum","Streymoyar øki, norður",,Aldur 55 - 66,%,4300,2.3
2022,"Partur av fólkinum, ið livir av minni enn fátækamarkinum í landinum","Streymoyar øki, norður",,Aldur 55 - 66,%,4300,2.0
2023,"Partur av fólkinum, ið livir av minni enn fátækamarkinum í landinum","Streymoyar øki, norður",,Aldur 55 - 66,%,4300,1.8
2024,"Partur av fólkinum, ið livir av minni enn fátækamarkinum í landinum","Streymoyar øki, norður",,Aldur 55 - 66,%,4300,1.9
2009,"Partur av fólkinum, ið livir av minni enn fátækamarkinum í landinum","Streymoyar øki, norður",,Aldur 67 + ,%,4300,4.4
2010,"Partur av fólkinum, ið livir av minni enn fátækamarkinum í landinum","Streymoyar øki, norður",,Aldur 67 + ,%,4300,4.2
2011,"Partur av fólkinum, ið livir av minni enn fátækamarkinum í landinum","Streymoyar øki, norður",,Aldur 67 + ,%,4300,3.2
2012,"Partur av fólkinum, ið livir av minni enn fátækamarkinum í landinum","Streymoyar øki, norður",,Aldur 67 + ,%,4300,2.7
2013,"Partur av fólkinum, ið livir av minni enn fátækamarkinum í landinum","Streymoyar øki, norður",,Aldur 67 + ,%,4300,1.6
2014,"Partur av fólkinum, ið livir av minni enn fátækamarkinum í landinum","Streymoyar øki, norður",,Aldur 67 + ,%,4300,1.9
2015,"Partur av fólkinum, ið livir av minni enn fátækamarkinum í landinum","Streymoyar øki, norður",,Aldur 67 + ,%,4300,1.9
2016,"Partur av fólkinum, ið livir av minni enn fátækamarkinum í landinum","Streymoyar øki, norður",,Aldur 67 + ,%,4300,1.4
2017,"Partur av fólkinum, ið livir av minni enn fátækamarkinum í landinum","Streymoyar øki, norður",,Aldur 67 + ,%,4300,2.7
2018,"Partur av fólkinum, ið livir av minni enn fátækamarkinum í landinum","Streymoyar øki, norður",,Aldur 67 + ,%,4300,2.2
2019,"Partur av fólkinum, ið livir av minni enn fátækamarkinum í landinum","Streymoyar øki, norður",,Aldur 67 + ,%,4300,0.9
2020,"Partur av fólkinum, ið livir av minni enn fátækamarkinum í landinum","Streymoyar øki, norður",,Aldur 67 + ,%,4300,1.1
2021,"Partur av fólkinum, ið livir av minni enn fátækamarkinum í landinum","Streymoyar øki, norður",,Aldur 67 + ,%,4300,0.6
2022,"Partur av fólkinum, ið livir av minni enn fátækamarkinum í landinum","Streymoyar øki, norður",,Aldur 67 + ,%,4300,0.9
2023,"Partur av fólkinum, ið livir av minni enn fátækamarkinum í landinum","Streymoyar øki, norður",,Aldur 67 + ,%,4300,0.7
2024,"Partur av fólkinum, ið livir av minni enn fátækamarkinum í landinum","Streymoyar øki, norður",,Aldur 67 + ,%,4300,1.7
2009,"Partur av fólkinum, ið livir av minni enn fátækamarkinum í landinum","Streymoyar øki, norður",Kvinnur,,%,4300,4.8
2010,"Partur av fólkinum, ið livir av minni enn fátækamarkinum í landinum","Streymoyar øki, norður",Kvinnur,,%,4300,3.4
2011,"Partur av fólkinum, ið livir av minni enn fátækamarkinum í landinum","Streymoyar øki, norður",Kvinnur,,%,4300,4.7
2012,"Partur av fólkinum, ið livir av minni enn fátækamarkinum í landinum","Streymoyar øki, norður",Kvinnur,,%,4300,5.2
2013,"Partur av fólkinum, ið livir av minni enn fátækamarkinum í landinum","Streymoyar øki, norður",Kvinnur,,%,4300,4.7
2014,"Partur av fólkinum, ið livir av minni enn fátækamarkinum í landinum","Streymoyar øki, norður",Kvinnur,,%,4300,4.2
2015,"Partur av fólkinum, ið livir av minni enn fátækamarkinum í landinum","Streymoyar øki, norður",Kvinnur,,%,4300,3.1
2016,"Partur av fólkinum, ið livir av minni enn fátækamarkinum í landinum","Streymoyar øki, norður",Kvinnur,,%,4300,3.4
2017,"Partur av fólkinum, ið livir av minni enn fátækamarkinum í landinum","Streymoyar øki, norður",Kvinnur,,%,4300,3.5
2018,"Partur av fólkinum, ið livir av minni enn fátækamarkinum í landinum","Streymoyar øki, norður",Kvinnur,,%,4300,2.6
2019,"Partur av fólkinum, ið livir av minni enn fátækamarkinum í landinum","Streymoyar øki, norður",Kvinnur,,%,4300,2.1
2020,"Partur av fólkinum, ið livir av minni enn fátækamarkinum í landinum","Streymoyar øki, norður",Kvinnur,,%,4300,2.1
2021,"Partur av fólkinum, ið livir av minni enn fátækamarkinum í landinum","Streymoyar øki, norður",Kvinnur,,%,4300,2.5
2022,"Partur av fólkinum, ið livir av minni enn fátækamarkinum í landinum","Streymoyar øki, norður",Kvinnur,,%,4300,2.4
2023,"Partur av fólkinum, ið livir av minni enn fátækamarkinum í landinum","Streymoyar øki, norður",Kvinnur,,%,4300,2.2
2024,"Partur av fólkinum, ið livir av minni enn fátækamarkinum í landinum","Streymoyar øki, norður",Kvinnur,,%,4300,2.5
2009,"Partur av fólkinum, ið livir av minni enn fátækamarkinum í landinum","Streymoyar øki, norður",Kvinnur,Aldur 0 - 17,%,4300,7.9
2010,"Partur av fólkinum, ið livir av minni enn fátækamarkinum í landinum","Streymoyar øki, norður",Kvinnur,Aldur 0 - 17,%,4300,3.8
2011,"Partur av fólkinum, ið livir av minni enn fátækamarkinum í landinum","Streymoyar øki, norður",Kvinnur,Aldur 0 - 17,%,4300,6.0
2012,"Partur av fólkinum, ið livir av minni enn fátækamarkinum í landinum","Streymoyar øki, norður",Kvinnur,Aldur 0 - 17,%,4300,7.7
2013,"Partur av fólkinum, ið livir av minni enn fátækamarkinum í landinum","Streymoyar øki, norður",Kvinnur,Aldur 0 - 17,%,4300,7.5
2014,"Partur av fólkinum, ið livir av minni enn fátækamarkinum í landinum","Streymoyar øki, norður",Kvinnur,Aldur 0 - 17,%,4300,6.8
2015,"Partur av fólkinum, ið livir av minni enn fátækamarkinum í landinum","Streymoyar øki, norður",Kvinnur,Aldur 0 - 17,%,4300,5.1
2016,"Partur av fólkinum, ið livir av minni enn fátækamarkinum í landinum","Streymoyar øki, norður",Kvinnur,Aldur 0 - 17,%,4300,4.7
2017,"Partur av fólkinum, ið livir av minni enn fátækamarkinum í landinum","Streymoyar øki, norður",Kvinnur,Aldur 0 - 17,%,4300,4.8
2018,"Partur av fólkinum, ið livir av minni enn fátækamarkinum í landinum","Streymoyar øki, norður",Kvinnur,Aldur 0 - 17,%,4300,3.0
2019,"Partur av fólkinum, ið livir av minni enn fátækamarkinum í landinum","Streymoyar øki, norður",Kvinnur,Aldur 0 - 17,%,4300,2.2
2020,"Partur av fólkinum, ið livir av minni enn fátækamarkinum í landinum","Streymoyar øki, norður",Kvinnur,Aldur 0 - 17,%,4300,3.2
2021,"Partur av fólkinum, ið livir av minni enn fátækamarkinum í landinum","Streymoyar øki, norður",Kvinnur,Aldur 0 - 17,%,4300,3.8
2022,"Partur av fólkinum, ið livir av minni enn fátækamarkinum í landinum","Streymoyar øki, norður",Kvinnur,Aldur 0 - 17,%,4300,3.5
2023,"Partur av fólkinum, ið livir av minni enn fátækamarkinum í landinum","Streymoyar øki, norður",Kvinnur,Aldur 0 - 17,%,4300,3.7
2024,"Partur av fólkinum, ið livir av minni enn fátækamarkinum í landinum","Streymoyar øki, norður",Kvinnur,Aldur 0 - 17,%,4300,3.1
2009,"Partur av fólkinum, ið livir av minni enn fátækamarkinum í landinum","Streymoyar øki, norður",Kvinnur,Aldur 18 - 24,%,4300,6.1
2010,"Partur av fólkinum, ið livir av minni enn fátækamarkinum í landinum","Streymoyar øki, norður",Kvinnur,Aldur 18 - 24,%,4300,4.7
2011,"Partur av fólkinum, ið livir av minni enn fátækamarkinum í landinum","Streymoyar øki, norður",Kvinnur,Aldur 18 - 24,%,4300,9.2
2012,"Partur av fólkinum, ið livir av minni enn fátækamarkinum í landinum","Streymoyar øki, norður",Kvinnur,Aldur 18 - 24,%,4300,7.0
2013,"Partur av fólkinum, ið livir av minni enn fátækamarkinum í landinum","Streymoyar øki, norður",Kvinnur,Aldur 18 - 24,%,4300,6.0
2014,"Partur av fólkinum, ið livir av minni enn fátækamarkinum í landinum","Streymoyar øki, norður",Kvinnur,Aldur 18 - 24,%,4300,5.0
2015,"Partur av fólkinum, ið livir av minni enn fátækamarkinum í landinum","Streymoyar øki, norður",Kvinnur,Aldur 18 - 24,%,4300,2.8
2016,"Partur av fólkinum, ið livir av minni enn fátækamarkinum í landinum","Streymoyar øki, norður",Kvinnur,Aldur 18 - 24,%,4300,3.6
2017,"Partur av fólkinum, ið livir av minni enn fátækamarkinum í landinum","Streymoyar øki, norður",Kvinnur,Aldur 18 - 24,%,4300,4.3
2018,"Partur av fólkinum, ið livir av minni enn fátækamarkinum í landinum","Streymoyar øki, norður",Kvinnur,Aldur 18 - 24,%,4300,0.7
2019,"Partur av fólkinum, ið livir av minni enn fátækamarkinum í landinum","Streymoyar øki, norður",Kvinnur,Aldur 18 - 24,%,4300,0.7
2020,"Partur av fólkinum, ið livir av minni enn fátækamarkinum í landinum","Streymoyar øki, norður",Kvinnur,Aldur 18 - 24,%,4300,3.5
2021,"Partur av fólkinum, ið livir av minni enn fátækamarkinum í landinum","Streymoyar øki, norður",Kvinnur,Aldur 18 - 24,%,4300,1.4
2022,"Partur av fólkinum, ið livir av minni enn fátækamarkinum í landinum","Streymoyar øki, norður",Kvinnur,Aldur 18 - 24,%,4300,1.3
2023,"Partur av fólkinum, ið livir av minni enn fátækamarkinum í landinum","Streymoyar øki, norður",Kvinnur,Aldur 18 - 24,%,4300,2.0
2024,"Partur av fólkinum, ið livir av minni enn fátækamarkinum í landinum","Streymoyar øki, norður",Kvinnur,Aldur 18 - 24,%,4300,2.0
2009,"Partur av fólkinum, ið livir av minni enn fátækamarkinum í landinum","Streymoyar øki, norður",Kvinnur,Aldur 25 - 54,%,4300,3.3
2010,"Partur av fólkinum, ið livir av minni enn fátækamarkinum í landinum","Streymoyar øki, norður",Kvinnur,Aldur 25 - 54,%,4300,2.8
2011,"Partur av fólkinum, ið livir av minni enn fátækamarkinum í landinum","Streymoyar øki, norður",Kvinnur,Aldur 25 - 54,%,4300,4.6
2012,"Partur av fólkinum, ið livir av minni enn fátækamarkinum í landinum","Streymoyar øki, norður",Kvinnur,Aldur 25 - 54,%,4300,5.7
2013,"Partur av fólkinum, ið livir av minni enn fátækamarkinum í landinum","Streymoyar øki, norður",Kvinnur,Aldur 25 - 54,%,4300,5.1
2014,"Partur av fólkinum, ið livir av minni enn fátækamarkinum í landinum","Streymoyar øki, norður",Kvinnur,Aldur 25 - 54,%,4300,4.5
2015,"Partur av fólkinum, ið livir av minni enn fátækamarkinum í landinum","Streymoyar øki, norður",Kvinnur,Aldur 25 - 54,%,4300,3.8
2016,"Partur av fólkinum, ið livir av minni enn fátækamarkinum í landinum","Streymoyar øki, norður",Kvinnur,Aldur 25 - 54,%,4300,4.1
2017,"Partur av fólkinum, ið livir av minni enn fátækamarkinum í landinum","Streymoyar øki, norður",Kvinnur,Aldur 25 - 54,%,4300,3.3
2018,"Partur av fólkinum, ið livir av minni enn fátækamarkinum í landinum","Streymoyar øki, norður",Kvinnur,Aldur 25 - 54,%,4300,2.8
2019,"Partur av fólkinum, ið livir av minni enn fátækamarkinum í landinum","Streymoyar øki, norður",Kvinnur,Aldur 25 - 54,%,4300,2.7
2020,"Partur av fólkinum, ið livir av minni enn fátækamarkinum í landinum","Streymoyar øki, norður",Kvinnur,Aldur 25 - 54,%,4300,1.5
2021,"Partur av fólkinum, ið livir av minni enn fátækamarkinum í landinum","Streymoyar øki, norður",Kvinnur,Aldur 25 - 54,%,4300,2.5
2022,"Partur av fólkinum, ið livir av minni enn fátækamarkinum í landinum","Streymoyar øki, norður",Kvinnur,Aldur 25 - 54,%,4300,2.8
2023,"Partur av fólkinum, ið livir av minni enn fátækamarkinum í landinum","Streymoyar øki, norður",Kvinnur,Aldur 25 - 54,%,4300,2.0
2024,"Partur av fólkinum, ið livir av minni enn fátækamarkinum í landinum","Streymoyar øki, norður",Kvinnur,Aldur 25 - 54,%,4300,3.0
2009,"Partur av fólkinum, ið livir av minni enn fátækamarkinum í landinum","Streymoyar øki, norður",Kvinnur,Aldur 55 - 66,%,4300,2.5
2010,"Partur av fólkinum, ið livir av minni enn fátækamarkinum í landinum","Streymoyar øki, norður",Kvinnur,Aldur 55 - 66,%,4300,2.6
2011,"Partur av fólkinum, ið livir av minni enn fátækamarkinum í landinum","Streymoyar øki, norður",Kvinnur,Aldur 55 - 66,%,4300,0.8
2012,"Partur av fólkinum, ið livir av minni enn fátækamarkinum í landinum","Streymoyar øki, norður",Kvinnur,Aldur 55 - 66,%,4300,1.2
2013,"Partur av fólkinum, ið livir av minni enn fátækamarkinum í landinum","Streymoyar øki, norður",Kvinnur,Aldur 55 - 66,%,4300,1.2
2014,"Partur av fólkinum, ið livir av minni enn fátækamarkinum í landinum","Streymoyar øki, norður",Kvinnur,Aldur 55 - 66,%,4300,1.6
2015,"Partur av fólkinum, ið livir av minni enn fátækamarkinum í landinum","Streymoyar øki, norður",Kvinnur,Aldur 55 - 66,%,4300,0.8
2016,"Partur av fólkinum, ið livir av minni enn fátækamarkinum í landinum","Streymoyar øki, norður",Kvinnur,Aldur 55 - 66,%,4300,1.6
2017,"Partur av fólkinum, ið livir av minni enn fátækamarkinum í landinum","Streymoyar øki, norður",Kvinnur,Aldur 55 - 66,%,4300,1.9
2018,"Partur av fólkinum, ið livir av minni enn fátækamarkinum í landinum","Streymoyar øki, norður",Kvinnur,Aldur 55 - 66,%,4300,2.3
2019,"Partur av fólkinum, ið livir av minni enn fátækamarkinum í landinum","Streymoyar øki, norður",Kvinnur,Aldur 55 - 66,%,4300,1.9
2020,"Partur av fólkinum, ið livir av minni enn fátækamarkinum í landinum","Streymoyar øki, norður",Kvinnur,Aldur 55 - 66,%,4300,1.8
2021,"Partur av fólkinum, ið livir av minni enn fátækamarkinum í landinum","Streymoyar øki, norður",Kvinnur,Aldur 55 - 66,%,4300,2.2
2022,"Partur av fólkinum, ið livir av minni enn fátækamarkinum í landinum","Streymoyar øki, norður",Kvinnur,Aldur 55 - 66,%,4300,1.9
2023,"Partur av fólkinum, ið livir av minni enn fátækamarkinum í landinum","Streymoyar øki, norður",Kvinnur,Aldur 55 - 66,%,4300,1.8
2024,"Partur av fólkinum, ið livir av minni enn fátækamarkinum í landinum","Streymoyar øki, norður",Kvinnur,Aldur 55 - 66,%,4300,1.9
2009,"Partur av fólkinum, ið livir av minni enn fátækamarkinum í landinum","Streymoyar øki, norður",Kvinnur,Aldur 67 + ,%,4300,4.1
2010,"Partur av fólkinum, ið livir av minni enn fátækamarkinum í landinum","Streymoyar øki, norður",Kvinnur,Aldur 67 + ,%,4300,4.0
2011,"Partur av fólkinum, ið livir av minni enn fátækamarkinum í landinum","Streymoyar øki, norður",Kvinnur,Aldur 67 + ,%,4300,3.5
2012,"Partur av fólkinum, ið livir av minni enn fátækamarkinum í landinum","Streymoyar øki, norður",Kvinnur,Aldur 67 + ,%,4300,2.5
2013,"Partur av fólkinum, ið livir av minni enn fátækamarkinum í landinum","Streymoyar øki, norður",Kvinnur,Aldur 67 + ,%,4300,1.7
2014,"Partur av fólkinum, ið livir av minni enn fátækamarkinum í landinum","Streymoyar øki, norður",Kvinnur,Aldur 67 + ,%,4300,1.7
2015,"Partur av fólkinum, ið livir av minni enn fátækamarkinum í landinum","Streymoyar øki, norður",Kvinnur,Aldur 67 + ,%,4300,1.0
2016,"Partur av fólkinum, ið livir av minni enn fátækamarkinum í landinum","Streymoyar øki, norður",Kvinnur,Aldur 67 + ,%,4300,1.3
2017,"Partur av fólkinum, ið livir av minni enn fátækamarkinum í landinum","Streymoyar øki, norður",Kvinnur,Aldur 67 + ,%,4300,3.0
2018,"Partur av fólkinum, ið livir av minni enn fátækamarkinum í landinum","Streymoyar øki, norður",Kvinnur,Aldur 67 + ,%,4300,2.5
2019,"Partur av fólkinum, ið livir av minni enn fátækamarkinum í landinum","Streymoyar øki, norður",Kvinnur,Aldur 67 + ,%,4300,1.6
2020,"Partur av fólkinum, ið livir av minni enn fátækamarkinum í landinum","Streymoyar øki, norður",Kvinnur,Aldur 67 + ,%,4300,1.2
2021,"Partur av fólkinum, ið livir av minni enn fátækamarkinum í landinum","Streymoyar øki, norður",Kvinnur,Aldur 67 + ,%,4300,0.9
2022,"Partur av fólkinum, ið livir av minni enn fátækamarkinum í landinum","Streymoyar øki, norður",Kvinnur,Aldur 67 + ,%,4300,0.9
2023,"Partur av fólkinum, ið livir av minni enn fátækamarkinum í landinum","Streymoyar øki, norður",Kvinnur,Aldur 67 + ,%,4300,0.9
2024,"Partur av fólkinum, ið livir av minni enn fátækamarkinum í landinum","Streymoyar øki, norður",Kvinnur,Aldur 67 + ,%,4300,1.4
2009,"Partur av fólkinum, ið livir av minni enn fátækamarkinum í landinum","Streymoyar øki, norður",Menn,,%,4300,3.7
2010,"Partur av fólkinum, ið livir av minni enn fátækamarkinum í landinum","Streymoyar øki, norður",Menn,,%,4300,3.3
2011,"Partur av fólkinum, ið livir av minni enn fátækamarkinum í landinum","Streymoyar øki, norður",Menn,,%,4300,4.2
2012,"Partur av fólkinum, ið livir av minni enn fátækamarkinum í landinum","Streymoyar øki, norður",Menn,,%,4300,5.0
2013,"Partur av fólkinum, ið livir av minni enn fátækamarkinum í landinum","Streymoyar øki, norður",Menn,,%,4300,3.8
2014,"Partur av fólkinum, ið livir av minni enn fátækamarkinum í landinum","Streymoyar øki, norður",Menn,,%,4300,3.4
2015,"Partur av fólkinum, ið livir av minni enn fátækamarkinum í landinum","Streymoyar øki, norður",Menn,,%,4300,2.9
2016,"Partur av fólkinum, ið livir av minni enn fátækamarkinum í landinum","Streymoyar øki, norður",Menn,,%,4300,3.0
2017,"Partur av fólkinum, ið livir av minni enn fátækamarkinum í landinum","Streymoyar øki, norður",Menn,,%,4300,3.2
2018,"Partur av fólkinum, ið livir av minni enn fátækamarkinum í landinum","Streymoyar øki, norður",Menn,,%,4300,2.2
2019,"Partur av fólkinum, ið livir av minni enn fátækamarkinum í landinum","Streymoyar øki, norður",Menn,,%,4300,2.0
2020,"Partur av fólkinum, ið livir av minni enn fátækamarkinum í landinum","Streymoyar øki, norður",Menn,,%,4300,1.6
2021,"Partur av fólkinum, ið livir av minni enn fátækamarkinum í landinum","Streymoyar øki, norður",Menn,,%,4300,2.2
2022,"Partur av fólkinum, ið livir av minni enn fátækamarkinum í landinum","Streymoyar øki, norður",Menn,,%,4300,2.5
2023,"Partur av fólkinum, ið livir av minni enn fátækamarkinum í landinum","Streymoyar øki, norður",Menn,,%,4300,1.4
2024,"Partur av fólkinum, ið livir av minni enn fátækamarkinum í landinum","Streymoyar øki, norður",Menn,,%,4300,2.4
2009,"Partur av fólkinum, ið livir av minni enn fátækamarkinum í landinum","Streymoyar øki, norður",Menn,Aldur 0 - 17,%,4300,5.5
2010,"Partur av fólkinum, ið livir av minni enn fátækamarkinum í landinum","Streymoyar øki, norður",Menn,Aldur 0 - 17,%,4300,3.8
2011,"Partur av fólkinum, ið livir av minni enn fátækamarkinum í landinum","Streymoyar øki, norður",Menn,Aldur 0 - 17,%,4300,7.2
2012,"Partur av fólkinum, ið livir av minni enn fátækamarkinum í landinum","Streymoyar øki, norður",Menn,Aldur 0 - 17,%,4300,8.7
2013,"Partur av fólkinum, ið livir av minni enn fátækamarkinum í landinum","Streymoyar øki, norður",Menn,Aldur 0 - 17,%,4300,6.5
2014,"Partur av fólkinum, ið livir av minni enn fátækamarkinum í landinum","Streymoyar øki, norður",Menn,Aldur 0 - 17,%,4300,5.8
2015,"Partur av fólkinum, ið livir av minni enn fátækamarkinum í landinum","Streymoyar øki, norður",Menn,Aldur 0 - 17,%,4300,3.5
2016,"Partur av fólkinum, ið livir av minni enn fátækamarkinum í landinum","Streymoyar øki, norður",Menn,Aldur 0 - 17,%,4300,3.7
2017,"Partur av fólkinum, ið livir av minni enn fátækamarkinum í landinum","Streymoyar øki, norður",Menn,Aldur 0 - 17,%,4300,5.0
2018,"Partur av fólkinum, ið livir av minni enn fátækamarkinum í landinum","Streymoyar øki, norður",Menn,Aldur 0 - 17,%,4300,3.0
2019,"Partur av fólkinum, ið livir av minni enn fátækamarkinum í landinum","Streymoyar øki, norður",Menn,Aldur 0 - 17,%,4300,3.2
2020,"Partur av fólkinum, ið livir av minni enn fátækamarkinum í landinum","Streymoyar øki, norður",Menn,Aldur 0 - 17,%,4300,1.4
2021,"Partur av fólkinum, ið livir av minni enn fátækamarkinum í landinum","Streymoyar øki, norður",Menn,Aldur 0 - 17,%,4300,3.5
2022,"Partur av fólkinum, ið livir av minni enn fátækamarkinum í landinum","Streymoyar øki, norður",Menn,Aldur 0 - 17,%,4300,4.4
2023,"Partur av fólkinum, ið livir av minni enn fátækamarkinum í landinum","Streymoyar øki, norður",Menn,Aldur 0 - 17,%,4300,1.4
2024,"Partur av fólkinum, ið livir av minni enn fátækamarkinum í landinum","Streymoyar øki, norður",Menn,Aldur 0 - 17,%,4300,3.2
2009,"Partur av fólkinum, ið livir av minni enn fátækamarkinum í landinum","Streymoyar øki, norður",Menn,Aldur 18 - 24,%,4300,1.1
2010,"Partur av fólkinum, ið livir av minni enn fátækamarkinum í landinum","Streymoyar øki, norður",Menn,Aldur 18 - 24,%,4300,1.1
2011,"Partur av fólkinum, ið livir av minni enn fátækamarkinum í landinum","Streymoyar øki, norður",Menn,Aldur 18 - 24,%,4300,3.7
2012,"Partur av fólkinum, ið livir av minni enn fátækamarkinum í landinum","Streymoyar øki, norður",Menn,Aldur 18 - 24,%,4300,5.6
2013,"Partur av fólkinum, ið livir av minni enn fátækamarkinum í landinum","Streymoyar øki, norður",Menn,Aldur 18 - 24,%,4300,3.9
2014,"Partur av fólkinum, ið livir av minni enn fátækamarkinum í landinum","Streymoyar øki, norður",Menn,Aldur 18 - 24,%,4300,1.6
2015,"Partur av fólkinum, ið livir av minni enn fátækamarkinum í landinum","Streymoyar øki, norður",Menn,Aldur 18 - 24,%,4300,1.0
2016,"Partur av fólkinum, ið livir av minni enn fátækamarkinum í landinum","Streymoyar øki, norður",Menn,Aldur 18 - 24,%,4300,3.5
2017,"Partur av fólkinum, ið livir av minni enn fátækamarkinum í landinum","Streymoyar øki, norður",Menn,Aldur 18 - 24,%,4300,2.8
2018,"Partur av fólkinum, ið livir av minni enn fátækamarkinum í landinum","Streymoyar øki, norður",Menn,Aldur 18 - 24,%,4300,1.1
2019,"Partur av fólkinum, ið livir av minni enn fátækamarkinum í landinum","Streymoyar øki, norður",Menn,Aldur 18 - 24,%,4300,0.0
2020,"Partur av fólkinum, ið livir av minni enn fátækamarkinum í landinum","Streymoyar øki, norður",Menn,Aldur 18 - 24,%,4300,1.2
2021,"Partur av fólkinum, ið livir av minni enn fátækamarkinum í landinum","Streymoyar øki, norður",Menn,Aldur 18 - 24,%,4300,0.6
2022,"Partur av fólkinum, ið livir av minni enn fátækamarkinum í landinum","Streymoyar øki, norður",Menn,Aldur 18 - 24,%,4300,1.2
2023,"Partur av fólkinum, ið livir av minni enn fátækamarkinum í landinum","Streymoyar øki, norður",Menn,Aldur 18 - 24,%,4300,1.2
2024,"Partur av fólkinum, ið livir av minni enn fátækamarkinum í landinum","Streymoyar øki, norður",Menn,Aldur 18 - 24,%,4300,0.7
2009,"Partur av fólkinum, ið livir av minni enn fátækamarkinum í landinum","Streymoyar øki, norður",Menn,Aldur 25 - 54,%,4300,2.3
2010,"Partur av fólkinum, ið livir av minni enn fátækamarkinum í landinum","Streymoyar øki, norður",Menn,Aldur 25 - 54,%,4300,2.4
2011,"Partur av fólkinum, ið livir av minni enn fátækamarkinum í landinum","Streymoyar øki, norður",Menn,Aldur 25 - 54,%,4300,3.0
2012,"Partur av fólkinum, ið livir av minni enn fátækamarkinum í landinum","Streymoyar øki, norður",Menn,Aldur 25 - 54,%,4300,3.5
2013,"Partur av fólkinum, ið livir av minni enn fátækamarkinum í landinum","Streymoyar øki, norður",Menn,Aldur 25 - 54,%,4300,2.5
2014,"Partur av fólkinum, ið livir av minni enn fátækamarkinum í landinum","Streymoyar øki, norður",Menn,Aldur 25 - 54,%,4300,2.3
2015,"Partur av fólkinum, ið livir av minni enn fátækamarkinum í landinum","Streymoyar øki, norður",Menn,Aldur 25 - 54,%,4300,2.8
2016,"Partur av fólkinum, ið livir av minni enn fátækamarkinum í landinum","Streymoyar øki, norður",Menn,Aldur 25 - 54,%,4300,2.2
2017,"Partur av fólkinum, ið livir av minni enn fátækamarkinum í landinum","Streymoyar øki, norður",Menn,Aldur 25 - 54,%,4300,2.1
2018,"Partur av fólkinum, ið livir av minni enn fátækamarkinum í landinum","Streymoyar øki, norður",Menn,Aldur 25 - 54,%,4300,1.6
2019,"Partur av fólkinum, ið livir av minni enn fátækamarkinum í landinum","Streymoyar øki, norður",Menn,Aldur 25 - 54,%,4300,2.1
2020,"Partur av fólkinum, ið livir av minni enn fátækamarkinum í landinum","Streymoyar øki, norður",Menn,Aldur 25 - 54,%,4300,1.6
2021,"Partur av fólkinum, ið livir av minni enn fátækamarkinum í landinum","Streymoyar øki, norður",Menn,Aldur 25 - 54,%,4300,2.5
2022,"Partur av fólkinum, ið livir av minni enn fátækamarkinum í landinum","Streymoyar øki, norður",Menn,Aldur 25 - 54,%,4300,2.3
2023,"Partur av fólkinum, ið livir av minni enn fátækamarkinum í landinum","Streymoyar øki, norður",Menn,Aldur 25 - 54,%,4300,1.7
2024,"Partur av fólkinum, ið livir av minni enn fátækamarkinum í landinum","Streymoyar øki, norður",Menn,Aldur 25 - 54,%,4300,2.6
2009,"Partur av fólkinum, ið livir av minni enn fátækamarkinum í landinum","Streymoyar øki, norður",Menn,Aldur 55 - 66,%,4300,5.0
2010,"Partur av fólkinum, ið livir av minni enn fátækamarkinum í landinum","Streymoyar øki, norður",Menn,Aldur 55 - 66,%,4300,5.5
2011,"Partur av fólkinum, ið livir av minni enn fátækamarkinum í landinum","Streymoyar øki, norður",Menn,Aldur 55 - 66,%,4300,3.0
2012,"Partur av fólkinum, ið livir av minni enn fátækamarkinum í landinum","Streymoyar øki, norður",Menn,Aldur 55 - 66,%,4300,4.4
2013,"Partur av fólkinum, ið livir av minni enn fátækamarkinum í landinum","Streymoyar øki, norður",Menn,Aldur 55 - 66,%,4300,4.9
2014,"Partur av fólkinum, ið livir av minni enn fátækamarkinum í landinum","Streymoyar øki, norður",Menn,Aldur 55 - 66,%,4300,4.5
2015,"Partur av fólkinum, ið livir av minni enn fátækamarkinum í landinum","Streymoyar øki, norður",Menn,Aldur 55 - 66,%,4300,3.5
2016,"Partur av fólkinum, ið livir av minni enn fátækamarkinum í landinum","Streymoyar øki, norður",Menn,Aldur 55 - 66,%,4300,5.5
2017,"Partur av fólkinum, ið livir av minni enn fátækamarkinum í landinum","Streymoyar øki, norður",Menn,Aldur 55 - 66,%,4300,4.3
2018,"Partur av fólkinum, ið livir av minni enn fátækamarkinum í landinum","Streymoyar øki, norður",Menn,Aldur 55 - 66,%,4300,3.5
2019,"Partur av fólkinum, ið livir av minni enn fátækamarkinum í landinum","Streymoyar øki, norður",Menn,Aldur 55 - 66,%,4300,2.8
2020,"Partur av fólkinum, ið livir av minni enn fátækamarkinum í landinum","Streymoyar øki, norður",Menn,Aldur 55 - 66,%,4300,2.9
2021,"Partur av fólkinum, ið livir av minni enn fátækamarkinum í landinum","Streymoyar øki, norður",Menn,Aldur 55 - 66,%,4300,2.4
2022,"Partur av fólkinum, ið livir av minni enn fátækamarkinum í landinum","Streymoyar øki, norður",Menn,Aldur 55 - 66,%,4300,2.1
2023,"Partur av fólkinum, ið livir av minni enn fátækamarkinum í landinum","Streymoyar øki, norður",Menn,Aldur 55 - 66,%,4300,1.8
2024,"Partur av fólkinum, ið livir av minni enn fátækamarkinum í landinum","Streymoyar øki, norður",Menn,Aldur 55 - 66,%,4300,1.8
2009,"Partur av fólkinum, ið livir av minni enn fátækamarkinum í landinum","Streymoyar øki, norður",Menn,Aldur 67 + ,%,4300,4.8
2010,"Partur av fólkinum, ið livir av minni enn fátækamarkinum í landinum","Streymoyar øki, norður",Menn,Aldur 67 + ,%,4300,4.3
2011,"Partur av fólkinum, ið livir av minni enn fátækamarkinum í landinum","Streymoyar øki, norður",Menn,Aldur 67 + ,%,4300,2.9
2012,"Partur av fólkinum, ið livir av minni enn fátækamarkinum í landinum","Streymoyar øki, norður",Menn,Aldur 67 + ,%,4300,2.9
2013,"Partur av fólkinum, ið livir av minni enn fátækamarkinum í landinum","Streymoyar øki, norður",Menn,Aldur 67 + ,%,4300,1.4
2014,"Partur av fólkinum, ið livir av minni enn fátækamarkinum í landinum","Streymoyar øki, norður",Menn,Aldur 67 + ,%,4300,2.1
2015,"Partur av fólkinum, ið livir av minni enn fátækamarkinum í landinum","Streymoyar øki, norður",Menn,Aldur 67 + ,%,4300,2.8
2016,"Partur av fólkinum, ið livir av minni enn fátækamarkinum í landinum","Streymoyar øki, norður",Menn,Aldur 67 + ,%,4300,1.4
2017,"Partur av fólkinum, ið livir av minni enn fátækamarkinum í landinum","Streymoyar øki, norður",Menn,Aldur 67 + ,%,4300,2.4
2018,"Partur av fólkinum, ið livir av minni enn fátækamarkinum í landinum","Streymoyar øki, norður",Menn,Aldur 67 + ,%,4300,2.0
2019,"Partur av fólkinum, ið livir av minni enn fátækamarkinum í landinum","Streymoyar øki, norður",Menn,Aldur 67 + ,%,4300,0.3
2020,"Partur av fólkinum, ið livir av minni enn fátækamarkinum í landinum","Streymoyar øki, norður",Menn,Aldur 67 + ,%,4300,0.9
2021,"Partur av fólkinum, ið livir av minni enn fátækamarkinum í landinum","Streymoyar øki, norður",Menn,Aldur 67 + ,%,4300,0.3
2022,"Partur av fólkinum, ið livir av minni enn fátækamarkinum í landinum","Streymoyar øki, norður",Menn,Aldur 67 + ,%,4300,0.9
2023,"Partur av fólkinum, ið livir av minni enn fátækamarkinum í landinum","Streymoyar øki, norður",Menn,Aldur 67 + ,%,4300,0.6
2024,"Partur av fólkinum, ið livir av minni enn fátækamarkinum í landinum","Streymoyar øki, norður",Menn,Aldur 67 + ,%,4300,1.9
2009,"Partur av fólkinum, ið livir av minni enn fátækamarkinum í landinum","Streymoyar øki, suður",,,%,4700,2.7
2010,"Partur av fólkinum, ið livir av minni enn fátækamarkinum í landinum","Streymoyar øki, suður",,,%,4700,3.7
2011,"Partur av fólkinum, ið livir av minni enn fátækamarkinum í landinum","Streymoyar øki, suður",,,%,4700,4.4
2012,"Partur av fólkinum, ið livir av minni enn fátækamarkinum í landinum","Streymoyar øki, suður",,,%,4700,4.5
2013,"Partur av fólkinum, ið livir av minni enn fátækamarkinum í landinum","Streymoyar øki, suður",,,%,4700,3.3
2014,"Partur av fólkinum, ið livir av minni enn fátækamarkinum í landinum","Streymoyar øki, suður",,,%,4700,3.5
2015,"Partur av fólkinum, ið livir av minni enn fátækamarkinum í landinum","Streymoyar øki, suður",,,%,4700,3.3
2016,"Partur av fólkinum, ið livir av minni enn fátækamarkinum í landinum","Streymoyar øki, suður",,,%,4700,3.2
2017,"Partur av fólkinum, ið livir av minni enn fátækamarkinum í landinum","Streymoyar øki, suður",,,%,4700,3.0
2018,"Partur av fólkinum, ið livir av minni enn fátækamarkinum í landinum","Streymoyar øki, suður",,,%,4700,2.8
2019,"Partur av fólkinum, ið livir av minni enn fátækamarkinum í landinum","Streymoyar øki, suður",,,%,4700,2.6
2020,"Partur av fólkinum, ið livir av minni enn fátækamarkinum í landinum","Streymoyar øki, suður",,,%,4700,2.2
2021,"Partur av fólkinum, ið livir av minni enn fátækamarkinum í landinum","Streymoyar øki, suður",,,%,4700,2.6
2022,"Partur av fólkinum, ið livir av minni enn fátækamarkinum í landinum","Streymoyar øki, suður",,,%,4700,2.8
2023,"Partur av fólkinum, ið livir av minni enn fátækamarkinum í landinum","Streymoyar øki, suður",,,%,4700,2.6
2024,"Partur av fólkinum, ið livir av minni enn fátækamarkinum í landinum","Streymoyar øki, suður",,,%,4700,3.1
2009,"Partur av fólkinum, ið livir av minni enn fátækamarkinum í landinum","Streymoyar øki, suður",,Aldur 0 - 17,%,4700,2.9
2010,"Partur av fólkinum, ið livir av minni enn fátækamarkinum í landinum","Streymoyar øki, suður",,Aldur 0 - 17,%,4700,4.2
2011,"Partur av fólkinum, ið livir av minni enn fátækamarkinum í landinum","Streymoyar øki, suður",,Aldur 0 - 17,%,4700,5.3
2012,"Partur av fólkinum, ið livir av minni enn fátækamarkinum í landinum","Streymoyar øki, suður",,Aldur 0 - 17,%,4700,5.2
2013,"Partur av fólkinum, ið livir av minni enn fátækamarkinum í landinum","Streymoyar øki, suður",,Aldur 0 - 17,%,4700,4.0
2014,"Partur av fólkinum, ið livir av minni enn fátækamarkinum í landinum","Streymoyar øki, suður",,Aldur 0 - 17,%,4700,4.1
2015,"Partur av fólkinum, ið livir av minni enn fátækamarkinum í landinum","Streymoyar øki, suður",,Aldur 0 - 17,%,4700,3.8
2016,"Partur av fólkinum, ið livir av minni enn fátækamarkinum í landinum","Streymoyar øki, suður",,Aldur 0 - 17,%,4700,3.6
2017,"Partur av fólkinum, ið livir av minni enn fátækamarkinum í landinum","Streymoyar øki, suður",,Aldur 0 - 17,%,4700,3.4
2018,"Partur av fólkinum, ið livir av minni enn fátækamarkinum í landinum","Streymoyar øki, suður",,Aldur 0 - 17,%,4700,3.0
2019,"Partur av fólkinum, ið livir av minni enn fátækamarkinum í landinum","Streymoyar øki, suður",,Aldur 0 - 17,%,4700,3.0
2020,"Partur av fólkinum, ið livir av minni enn fátækamarkinum í landinum","Streymoyar øki, suður",,Aldur 0 - 17,%,4700,2.6
2021,"Partur av fólkinum, ið livir av minni enn fátækamarkinum í landinum","Streymoyar øki, suður",,Aldur 0 - 17,%,4700,2.9
2022,"Partur av fólkinum, ið livir av minni enn fátækamarkinum í landinum","Streymoyar øki, suður",,Aldur 0 - 17,%,4700,3.3
2023,"Partur av fólkinum, ið livir av minni enn fátækamarkinum í landinum","Streymoyar øki, suður",,Aldur 0 - 17,%,4700,2.5
2024,"Partur av fólkinum, ið livir av minni enn fátækamarkinum í landinum","Streymoyar øki, suður",,Aldur 0 - 17,%,4700,3.3
2009,"Partur av fólkinum, ið livir av minni enn fátækamarkinum í landinum","Streymoyar øki, suður",,Aldur 18 - 24,%,4700,3.0
2010,"Partur av fólkinum, ið livir av minni enn fátækamarkinum í landinum","Streymoyar øki, suður",,Aldur 18 - 24,%,4700,4.9
2011,"Partur av fólkinum, ið livir av minni enn fátækamarkinum í landinum","Streymoyar øki, suður",,Aldur 18 - 24,%,4700,7.3
2012,"Partur av fólkinum, ið livir av minni enn fátækamarkinum í landinum","Streymoyar øki, suður",,Aldur 18 - 24,%,4700,7.7
2013,"Partur av fólkinum, ið livir av minni enn fátækamarkinum í landinum","Streymoyar øki, suður",,Aldur 18 - 24,%,4700,4.9
2014,"Partur av fólkinum, ið livir av minni enn fátækamarkinum í landinum","Streymoyar øki, suður",,Aldur 18 - 24,%,4700,5.8
2015,"Partur av fólkinum, ið livir av minni enn fátækamarkinum í landinum","Streymoyar øki, suður",,Aldur 18 - 24,%,4700,5.4
2016,"Partur av fólkinum, ið livir av minni enn fátækamarkinum í landinum","Streymoyar øki, suður",,Aldur 18 - 24,%,4700,4.3
2017,"Partur av fólkinum, ið livir av minni enn fátækamarkinum í landinum","Streymoyar øki, suður",,Aldur 18 - 24,%,4700,3.8
2018,"Partur av fólkinum, ið livir av minni enn fátækamarkinum í landinum","Streymoyar øki, suður",,Aldur 18 - 24,%,4700,3.8
2019,"Partur av fólkinum, ið livir av minni enn fátækamarkinum í landinum","Streymoyar øki, suður",,Aldur 18 - 24,%,4700,3.7
2020,"Partur av fólkinum, ið livir av minni enn fátækamarkinum í landinum","Streymoyar øki, suður",,Aldur 18 - 24,%,4700,3.1
2021,"Partur av fólkinum, ið livir av minni enn fátækamarkinum í landinum","Streymoyar øki, suður",,Aldur 18 - 24,%,4700,4.5
2022,"Partur av fólkinum, ið livir av minni enn fátækamarkinum í landinum","Streymoyar øki, suður",,Aldur 18 - 24,%,4700,4.8
2023,"Partur av fólkinum, ið livir av minni enn fátækamarkinum í landinum","Streymoyar øki, suður",,Aldur 18 - 24,%,4700,5.0
2024,"Partur av fólkinum, ið livir av minni enn fátækamarkinum í landinum","Streymoyar øki, suður",,Aldur 18 - 24,%,4700,5.5
2009,"Partur av fólkinum, ið livir av minni enn fátækamarkinum í landinum","Streymoyar øki, suður",,Aldur 25 - 54,%,4700,2.6
2010,"Partur av fólkinum, ið livir av minni enn fátækamarkinum í landinum","Streymoyar øki, suður",,Aldur 25 - 54,%,4700,3.6
2011,"Partur av fólkinum, ið livir av minni enn fátækamarkinum í landinum","Streymoyar øki, suður",,Aldur 25 - 54,%,4700,3.8
2012,"Partur av fólkinum, ið livir av minni enn fátækamarkinum í landinum","Streymoyar øki, suður",,Aldur 25 - 54,%,4700,4.0
2013,"Partur av fólkinum, ið livir av minni enn fátækamarkinum í landinum","Streymoyar øki, suður",,Aldur 25 - 54,%,4700,2.8
2014,"Partur av fólkinum, ið livir av minni enn fátækamarkinum í landinum","Streymoyar øki, suður",,Aldur 25 - 54,%,4700,2.9
2015,"Partur av fólkinum, ið livir av minni enn fátækamarkinum í landinum","Streymoyar øki, suður",,Aldur 25 - 54,%,4700,3.0
2016,"Partur av fólkinum, ið livir av minni enn fátækamarkinum í landinum","Streymoyar øki, suður",,Aldur 25 - 54,%,4700,3.1
2017,"Partur av fólkinum, ið livir av minni enn fátækamarkinum í landinum","Streymoyar øki, suður",,Aldur 25 - 54,%,4700,2.8
2018,"Partur av fólkinum, ið livir av minni enn fátækamarkinum í landinum","Streymoyar øki, suður",,Aldur 25 - 54,%,4700,2.8
2019,"Partur av fólkinum, ið livir av minni enn fátækamarkinum í landinum","Streymoyar øki, suður",,Aldur 25 - 54,%,4700,2.5
2020,"Partur av fólkinum, ið livir av minni enn fátækamarkinum í landinum","Streymoyar øki, suður",,Aldur 25 - 54,%,4700,2.1
2021,"Partur av fólkinum, ið livir av minni enn fátækamarkinum í landinum","Streymoyar øki, suður",,Aldur 25 - 54,%,4700,2.6
2022,"Partur av fólkinum, ið livir av minni enn fátækamarkinum í landinum","Streymoyar øki, suður",,Aldur 25 - 54,%,4700,3.1
2023,"Partur av fólkinum, ið livir av minni enn fátækamarkinum í landinum","Streymoyar øki, suður",,Aldur 25 - 54,%,4700,2.8
2024,"Partur av fólkinum, ið livir av minni enn fátækamarkinum í landinum","Streymoyar øki, suður",,Aldur 25 - 54,%,4700,3.3
2009,"Partur av fólkinum, ið livir av minni enn fátækamarkinum í landinum","Streymoyar øki, suður",,Aldur 55 - 66,%,4700,2.9
2010,"Partur av fólkinum, ið livir av minni enn fátækamarkinum í landinum","Streymoyar øki, suður",,Aldur 55 - 66,%,4700,3.5
2011,"Partur av fólkinum, ið livir av minni enn fátækamarkinum í landinum","Streymoyar øki, suður",,Aldur 55 - 66,%,4700,3.6
2012,"Partur av fólkinum, ið livir av minni enn fátækamarkinum í landinum","Streymoyar øki, suður",,Aldur 55 - 66,%,4700,4.1
2013,"Partur av fólkinum, ið livir av minni enn fátækamarkinum í landinum","Streymoyar øki, suður",,Aldur 55 - 66,%,4700,3.3
2014,"Partur av fólkinum, ið livir av minni enn fátækamarkinum í landinum","Streymoyar øki, suður",,Aldur 55 - 66,%,4700,3.8
2015,"Partur av fólkinum, ið livir av minni enn fátækamarkinum í landinum","Streymoyar øki, suður",,Aldur 55 - 66,%,4700,3.4
2016,"Partur av fólkinum, ið livir av minni enn fátækamarkinum í landinum","Streymoyar øki, suður",,Aldur 55 - 66,%,4700,3.3
2017,"Partur av fólkinum, ið livir av minni enn fátækamarkinum í landinum","Streymoyar øki, suður",,Aldur 55 - 66,%,4700,3.1
2018,"Partur av fólkinum, ið livir av minni enn fátækamarkinum í landinum","Streymoyar øki, suður",,Aldur 55 - 66,%,4700,2.7
2019,"Partur av fólkinum, ið livir av minni enn fátækamarkinum í landinum","Streymoyar øki, suður",,Aldur 55 - 66,%,4700,2.6
2020,"Partur av fólkinum, ið livir av minni enn fátækamarkinum í landinum","Streymoyar øki, suður",,Aldur 55 - 66,%,4700,1.9
2021,"Partur av fólkinum, ið livir av minni enn fátækamarkinum í landinum","Streymoyar øki, suður",,Aldur 55 - 66,%,4700,2.2
2022,"Partur av fólkinum, ið livir av minni enn fátækamarkinum í landinum","Streymoyar øki, suður",,Aldur 55 - 66,%,4700,1.9
2023,"Partur av fólkinum, ið livir av minni enn fátækamarkinum í landinum","Streymoyar øki, suður",,Aldur 55 - 66,%,4700,2.1
2024,"Partur av fólkinum, ið livir av minni enn fátækamarkinum í landinum","Streymoyar øki, suður",,Aldur 55 - 66,%,4700,2.4
2009,"Partur av fólkinum, ið livir av minni enn fátækamarkinum í landinum","Streymoyar øki, suður",,Aldur 67 + ,%,4700,2.2
2010,"Partur av fólkinum, ið livir av minni enn fátækamarkinum í landinum","Streymoyar øki, suður",,Aldur 67 + ,%,4700,1.8
2011,"Partur av fólkinum, ið livir av minni enn fátækamarkinum í landinum","Streymoyar øki, suður",,Aldur 67 + ,%,4700,2.7
2012,"Partur av fólkinum, ið livir av minni enn fátækamarkinum í landinum","Streymoyar øki, suður",,Aldur 67 + ,%,4700,2.5
2013,"Partur av fólkinum, ið livir av minni enn fátækamarkinum í landinum","Streymoyar øki, suður",,Aldur 67 + ,%,4700,1.9
2014,"Partur av fólkinum, ið livir av minni enn fátækamarkinum í landinum","Streymoyar øki, suður",,Aldur 67 + ,%,4700,1.9
2015,"Partur av fólkinum, ið livir av minni enn fátækamarkinum í landinum","Streymoyar øki, suður",,Aldur 67 + ,%,4700,1.6
2016,"Partur av fólkinum, ið livir av minni enn fátækamarkinum í landinum","Streymoyar øki, suður",,Aldur 67 + ,%,4700,2.0
2017,"Partur av fólkinum, ið livir av minni enn fátækamarkinum í landinum","Streymoyar øki, suður",,Aldur 67 + ,%,4700,2.3
2018,"Partur av fólkinum, ið livir av minni enn fátækamarkinum í landinum","Streymoyar øki, suður",,Aldur 67 + ,%,4700,1.9
2019,"Partur av fólkinum, ið livir av minni enn fátækamarkinum í landinum","Streymoyar øki, suður",,Aldur 67 + ,%,4700,1.5
2020,"Partur av fólkinum, ið livir av minni enn fátækamarkinum í landinum","Streymoyar øki, suður",,Aldur 67 + ,%,4700,1.3
2021,"Partur av fólkinum, ið livir av minni enn fátækamarkinum í landinum","Streymoyar øki, suður",,Aldur 67 + ,%,4700,1.0
2022,"Partur av fólkinum, ið livir av minni enn fátækamarkinum í landinum","Streymoyar øki, suður",,Aldur 67 + ,%,4700,0.7
2023,"Partur av fólkinum, ið livir av minni enn fátækamarkinum í landinum","Streymoyar øki, suður",,Aldur 67 + ,%,4700,1.6
2024,"Partur av fólkinum, ið livir av minni enn fátækamarkinum í landinum","Streymoyar øki, suður",,Aldur 67 + ,%,4700,1.4
2009,"Partur av fólkinum, ið livir av minni enn fátækamarkinum í landinum","Streymoyar øki, suður",Kvinnur,,%,4700,2.8
2010,"Partur av fólkinum, ið livir av minni enn fátækamarkinum í landinum","Streymoyar øki, suður",Kvinnur,,%,4700,3.8
2011,"Partur av fólkinum, ið livir av minni enn fátækamarkinum í landinum","Streymoyar øki, suður",Kvinnur,,%,4700,4.7
2012,"Partur av fólkinum, ið livir av minni enn fátækamarkinum í landinum","Streymoyar øki, suður",Kvinnur,,%,4700,4.7
2013,"Partur av fólkinum, ið livir av minni enn fátækamarkinum í landinum","Streymoyar øki, suður",Kvinnur,,%,4700,3.5
2014,"Partur av fólkinum, ið livir av minni enn fátækamarkinum í landinum","Streymoyar øki, suður",Kvinnur,,%,4700,3.6
2015,"Partur av fólkinum, ið livir av minni enn fátækamarkinum í landinum","Streymoyar øki, suður",Kvinnur,,%,4700,3.3
2016,"Partur av fólkinum, ið livir av minni enn fátækamarkinum í landinum","Streymoyar øki, suður",Kvinnur,,%,4700,3.4
2017,"Partur av fólkinum, ið livir av minni enn fátækamarkinum í landinum","Streymoyar øki, suður",Kvinnur,,%,4700,3.0
2018,"Partur av fólkinum, ið livir av minni enn fátækamarkinum í landinum","Streymoyar øki, suður",Kvinnur,,%,4700,2.7
2019,"Partur av fólkinum, ið livir av minni enn fátækamarkinum í landinum","Streymoyar øki, suður",Kvinnur,,%,4700,2.9
2020,"Partur av fólkinum, ið livir av minni enn fátækamarkinum í landinum","Streymoyar øki, suður",Kvinnur,,%,4700,2.3
2021,"Partur av fólkinum, ið livir av minni enn fátækamarkinum í landinum","Streymoyar øki, suður",Kvinnur,,%,4700,2.7
2022,"Partur av fólkinum, ið livir av minni enn fátækamarkinum í landinum","Streymoyar øki, suður",Kvinnur,,%,4700,2.9
2023,"Partur av fólkinum, ið livir av minni enn fátækamarkinum í landinum","Streymoyar øki, suður",Kvinnur,,%,4700,2.8
2024,"Partur av fólkinum, ið livir av minni enn fátækamarkinum í landinum","Streymoyar øki, suður",Kvinnur,,%,4700,3.4
2009,"Partur av fólkinum, ið livir av minni enn fátækamarkinum í landinum","Streymoyar øki, suður",Kvinnur,Aldur 0 - 17,%,4700,3.0
2010,"Partur av fólkinum, ið livir av minni enn fátækamarkinum í landinum","Streymoyar øki, suður",Kvinnur,Aldur 0 - 17,%,4700,4.3
2011,"Partur av fólkinum, ið livir av minni enn fátækamarkinum í landinum","Streymoyar øki, suður",Kvinnur,Aldur 0 - 17,%,4700,5.6
2012,"Partur av fólkinum, ið livir av minni enn fátækamarkinum í landinum","Streymoyar øki, suður",Kvinnur,Aldur 0 - 17,%,4700,5.2
2013,"Partur av fólkinum, ið livir av minni enn fátækamarkinum í landinum","Streymoyar øki, suður",Kvinnur,Aldur 0 - 17,%,4700,4.0
2014,"Partur av fólkinum, ið livir av minni enn fátækamarkinum í landinum","Streymoyar øki, suður",Kvinnur,Aldur 0 - 17,%,4700,3.8
2015,"Partur av fólkinum, ið livir av minni enn fátækamarkinum í landinum","Streymoyar øki, suður",Kvinnur,Aldur 0 - 17,%,4700,4.0
2016,"Partur av fólkinum, ið livir av minni enn fátækamarkinum í landinum","Streymoyar øki, suður",Kvinnur,Aldur 0 - 17,%,4700,3.7
2017,"Partur av fólkinum, ið livir av minni enn fátækamarkinum í landinum","Streymoyar øki, suður",Kvinnur,Aldur 0 - 17,%,4700,3.0
2018,"Partur av fólkinum, ið livir av minni enn fátækamarkinum í landinum","Streymoyar øki, suður",Kvinnur,Aldur 0 - 17,%,4700,2.7
2019,"Partur av fólkinum, ið livir av minni enn fátækamarkinum í landinum","Streymoyar øki, suður",Kvinnur,Aldur 0 - 17,%,4700,3.7
2020,"Partur av fólkinum, ið livir av minni enn fátækamarkinum í landinum","Streymoyar øki, suður",Kvinnur,Aldur 0 - 17,%,4700,2.7
2021,"Partur av fólkinum, ið livir av minni enn fátækamarkinum í landinum","Streymoyar øki, suður",Kvinnur,Aldur 0 - 17,%,4700,3.2
2022,"Partur av fólkinum, ið livir av minni enn fátækamarkinum í landinum","Streymoyar øki, suður",Kvinnur,Aldur 0 - 17,%,4700,3.3
2023,"Partur av fólkinum, ið livir av minni enn fátækamarkinum í landinum","Streymoyar øki, suður",Kvinnur,Aldur 0 - 17,%,4700,2.9
2024,"Partur av fólkinum, ið livir av minni enn fátækamarkinum í landinum","Streymoyar øki, suður",Kvinnur,Aldur 0 - 17,%,4700,4.2
2009,"Partur av fólkinum, ið livir av minni enn fátækamarkinum í landinum","Streymoyar øki, suður",Kvinnur,Aldur 18 - 24,%,4700,3.6
2010,"Partur av fólkinum, ið livir av minni enn fátækamarkinum í landinum","Streymoyar øki, suður",Kvinnur,Aldur 18 - 24,%,4700,6.6
2011,"Partur av fólkinum, ið livir av minni enn fátækamarkinum í landinum","Streymoyar øki, suður",Kvinnur,Aldur 18 - 24,%,4700,10.0
2012,"Partur av fólkinum, ið livir av minni enn fátækamarkinum í landinum","Streymoyar øki, suður",Kvinnur,Aldur 18 - 24,%,4700,10.5
2013,"Partur av fólkinum, ið livir av minni enn fátækamarkinum í landinum","Streymoyar øki, suður",Kvinnur,Aldur 18 - 24,%,4700,6.6
2014,"Partur av fólkinum, ið livir av minni enn fátækamarkinum í landinum","Streymoyar øki, suður",Kvinnur,Aldur 18 - 24,%,4700,8.1
2015,"Partur av fólkinum, ið livir av minni enn fátækamarkinum í landinum","Streymoyar øki, suður",Kvinnur,Aldur 18 - 24,%,4700,6.9
2016,"Partur av fólkinum, ið livir av minni enn fátækamarkinum í landinum","Streymoyar øki, suður",Kvinnur,Aldur 18 - 24,%,4700,5.9
2017,"Partur av fólkinum, ið livir av minni enn fátækamarkinum í landinum","Streymoyar øki, suður",Kvinnur,Aldur 18 - 24,%,4700,5.1
2018,"Partur av fólkinum, ið livir av minni enn fátækamarkinum í landinum","Streymoyar øki, suður",Kvinnur,Aldur 18 - 24,%,4700,4.2
2019,"Partur av fólkinum, ið livir av minni enn fátækamarkinum í landinum","Streymoyar øki, suður",Kvinnur,Aldur 18 - 24,%,4700,4.8
2020,"Partur av fólkinum, ið livir av minni enn fátækamarkinum í landinum","Streymoyar øki, suður",Kvinnur,Aldur 18 - 24,%,4700,4.5
2021,"Partur av fólkinum, ið livir av minni enn fátækamarkinum í landinum","Streymoyar øki, suður",Kvinnur,Aldur 18 - 24,%,4700,5.9
2022,"Partur av fólkinum, ið livir av minni enn fátækamarkinum í landinum","Streymoyar øki, suður",Kvinnur,Aldur 18 - 24,%,4700,7.3
2023,"Partur av fólkinum, ið livir av minni enn fátækamarkinum í landinum","Streymoyar øki, suður",Kvinnur,Aldur 18 - 24,%,4700,7.2
2024,"Partur av fólkinum, ið livir av minni enn fátækamarkinum í landinum","Streymoyar øki, suður",Kvinnur,Aldur 18 - 24,%,4700,7.0
2009,"Partur av fólkinum, ið livir av minni enn fátækamarkinum í landinum","Streymoyar øki, suður",Kvinnur,Aldur 25 - 54,%,4700,2.9
2010,"Partur av fólkinum, ið livir av minni enn fátækamarkinum í landinum","Streymoyar øki, suður",Kvinnur,Aldur 25 - 54,%,4700,3.8
2011,"Partur av fólkinum, ið livir av minni enn fátækamarkinum í landinum","Streymoyar øki, suður",Kvinnur,Aldur 25 - 54,%,4700,4.1
2012,"Partur av fólkinum, ið livir av minni enn fátækamarkinum í landinum","Streymoyar øki, suður",Kvinnur,Aldur 25 - 54,%,4700,4.1
2013,"Partur av fólkinum, ið livir av minni enn fátækamarkinum í landinum","Streymoyar øki, suður",Kvinnur,Aldur 25 - 54,%,4700,3.0
2014,"Partur av fólkinum, ið livir av minni enn fátækamarkinum í landinum","Streymoyar øki, suður",Kvinnur,Aldur 25 - 54,%,4700,2.9
2015,"Partur av fólkinum, ið livir av minni enn fátækamarkinum í landinum","Streymoyar øki, suður",Kvinnur,Aldur 25 - 54,%,4700,2.9
2016,"Partur av fólkinum, ið livir av minni enn fátækamarkinum í landinum","Streymoyar øki, suður",Kvinnur,Aldur 25 - 54,%,4700,3.2
2017,"Partur av fólkinum, ið livir av minni enn fátækamarkinum í landinum","Streymoyar øki, suður",Kvinnur,Aldur 25 - 54,%,4700,2.8
2018,"Partur av fólkinum, ið livir av minni enn fátækamarkinum í landinum","Streymoyar øki, suður",Kvinnur,Aldur 25 - 54,%,4700,2.6
2019,"Partur av fólkinum, ið livir av minni enn fátækamarkinum í landinum","Streymoyar øki, suður",Kvinnur,Aldur 25 - 54,%,4700,2.6
2020,"Partur av fólkinum, ið livir av minni enn fátækamarkinum í landinum","Streymoyar øki, suður",Kvinnur,Aldur 25 - 54,%,4700,2.2
2021,"Partur av fólkinum, ið livir av minni enn fátækamarkinum í landinum","Streymoyar øki, suður",Kvinnur,Aldur 25 - 54,%,4700,2.7
2022,"Partur av fólkinum, ið livir av minni enn fátækamarkinum í landinum","Streymoyar øki, suður",Kvinnur,Aldur 25 - 54,%,4700,3.1
2023,"Partur av fólkinum, ið livir av minni enn fátækamarkinum í landinum","Streymoyar øki, suður",Kvinnur,Aldur 25 - 54,%,4700,2.5
2024,"Partur av fólkinum, ið livir av minni enn fátækamarkinum í landinum","Streymoyar øki, suður",Kvinnur,Aldur 25 - 54,%,4700,3.3
2009,"Partur av fólkinum, ið livir av minni enn fátækamarkinum í landinum","Streymoyar øki, suður",Kvinnur,Aldur 55 - 66,%,4700,2.4
2010,"Partur av fólkinum, ið livir av minni enn fátækamarkinum í landinum","Streymoyar øki, suður",Kvinnur,Aldur 55 - 66,%,4700,2.9
2011,"Partur av fólkinum, ið livir av minni enn fátækamarkinum í landinum","Streymoyar øki, suður",Kvinnur,Aldur 55 - 66,%,4700,3.3
2012,"Partur av fólkinum, ið livir av minni enn fátækamarkinum í landinum","Streymoyar øki, suður",Kvinnur,Aldur 55 - 66,%,4700,3.9
2013,"Partur av fólkinum, ið livir av minni enn fátækamarkinum í landinum","Streymoyar øki, suður",Kvinnur,Aldur 55 - 66,%,4700,3.2
2014,"Partur av fólkinum, ið livir av minni enn fátækamarkinum í landinum","Streymoyar øki, suður",Kvinnur,Aldur 55 - 66,%,4700,3.9
2015,"Partur av fólkinum, ið livir av minni enn fátækamarkinum í landinum","Streymoyar øki, suður",Kvinnur,Aldur 55 - 66,%,4700,2.8
2016,"Partur av fólkinum, ið livir av minni enn fátækamarkinum í landinum","Streymoyar øki, suður",Kvinnur,Aldur 55 - 66,%,4700,3.0
2017,"Partur av fólkinum, ið livir av minni enn fátækamarkinum í landinum","Streymoyar øki, suður",Kvinnur,Aldur 55 - 66,%,4700,2.5
2018,"Partur av fólkinum, ið livir av minni enn fátækamarkinum í landinum","Streymoyar øki, suður",Kvinnur,Aldur 55 - 66,%,4700,2.3
2019,"Partur av fólkinum, ið livir av minni enn fátækamarkinum í landinum","Streymoyar øki, suður",Kvinnur,Aldur 55 - 66,%,4700,2.4
2020,"Partur av fólkinum, ið livir av minni enn fátækamarkinum í landinum","Streymoyar øki, suður",Kvinnur,Aldur 55 - 66,%,4700,1.5
2021,"Partur av fólkinum, ið livir av minni enn fátækamarkinum í landinum","Streymoyar øki, suður",Kvinnur,Aldur 55 - 66,%,4700,1.5
2022,"Partur av fólkinum, ið livir av minni enn fátækamarkinum í landinum","Streymoyar øki, suður",Kvinnur,Aldur 55 - 66,%,4700,1.4
2023,"Partur av fólkinum, ið livir av minni enn fátækamarkinum í landinum","Streymoyar øki, suður",Kvinnur,Aldur 55 - 66,%,4700,1.6
2024,"Partur av fólkinum, ið livir av minni enn fátækamarkinum í landinum","Streymoyar øki, suður",Kvinnur,Aldur 55 - 66,%,4700,1.8
2009,"Partur av fólkinum, ið livir av minni enn fátækamarkinum í landinum","Streymoyar øki, suður",Kvinnur,Aldur 67 + ,%,4700,2.2
2010,"Partur av fólkinum, ið livir av minni enn fátækamarkinum í landinum","Streymoyar øki, suður",Kvinnur,Aldur 67 + ,%,4700,1.7
2011,"Partur av fólkinum, ið livir av minni enn fátækamarkinum í landinum","Streymoyar øki, suður",Kvinnur,Aldur 67 + ,%,4700,2.3
2012,"Partur av fólkinum, ið livir av minni enn fátækamarkinum í landinum","Streymoyar øki, suður",Kvinnur,Aldur 67 + ,%,4700,2.2
2013,"Partur av fólkinum, ið livir av minni enn fátækamarkinum í landinum","Streymoyar øki, suður",Kvinnur,Aldur 67 + ,%,4700,1.8
2014,"Partur av fólkinum, ið livir av minni enn fátækamarkinum í landinum","Streymoyar øki, suður",Kvinnur,Aldur 67 + ,%,4700,1.8
2015,"Partur av fólkinum, ið livir av minni enn fátækamarkinum í landinum","Streymoyar øki, suður",Kvinnur,Aldur 67 + ,%,4700,1.4
2016,"Partur av fólkinum, ið livir av minni enn fátækamarkinum í landinum","Streymoyar øki, suður",Kvinnur,Aldur 67 + ,%,4700,1.9
2017,"Partur av fólkinum, ið livir av minni enn fátækamarkinum í landinum","Streymoyar øki, suður",Kvinnur,Aldur 67 + ,%,4700,2.9
2018,"Partur av fólkinum, ið livir av minni enn fátækamarkinum í landinum","Streymoyar øki, suður",Kvinnur,Aldur 67 + ,%,4700,2.5
2019,"Partur av fólkinum, ið livir av minni enn fátækamarkinum í landinum","Streymoyar øki, suður",Kvinnur,Aldur 67 + ,%,4700,1.8
2020,"Partur av fólkinum, ið livir av minni enn fátækamarkinum í landinum","Streymoyar øki, suður",Kvinnur,Aldur 67 + ,%,4700,1.5
2021,"Partur av fólkinum, ið livir av minni enn fátækamarkinum í landinum","Streymoyar øki, suður",Kvinnur,Aldur 67 + ,%,4700,1.2
2022,"Partur av fólkinum, ið livir av minni enn fátækamarkinum í landinum","Streymoyar øki, suður",Kvinnur,Aldur 67 + ,%,4700,1.1
2023,"Partur av fólkinum, ið livir av minni enn fátækamarkinum í landinum","Streymoyar øki, suður",Kvinnur,Aldur 67 + ,%,4700,2.0
2024,"Partur av fólkinum, ið livir av minni enn fátækamarkinum í landinum","Streymoyar øki, suður",Kvinnur,Aldur 67 + ,%,4700,1.8
2009,"Partur av fólkinum, ið livir av minni enn fátækamarkinum í landinum","Streymoyar øki, suður",Menn,,%,4700,2.6
2010,"Partur av fólkinum, ið livir av minni enn fátækamarkinum í landinum","Streymoyar øki, suður",Menn,,%,4700,3.6
2011,"Partur av fólkinum, ið livir av minni enn fátækamarkinum í landinum","Streymoyar øki, suður",Menn,,%,4700,4.1
2012,"Partur av fólkinum, ið livir av minni enn fátækamarkinum í landinum","Streymoyar øki, suður",Menn,,%,4700,4.3
2013,"Partur av fólkinum, ið livir av minni enn fátækamarkinum í landinum","Streymoyar øki, suður",Menn,,%,4700,3.1
2014,"Partur av fólkinum, ið livir av minni enn fátækamarkinum í landinum","Streymoyar øki, suður",Menn,,%,4700,3.4
2015,"Partur av fólkinum, ið livir av minni enn fátækamarkinum í landinum","Streymoyar øki, suður",Menn,,%,4700,3.2
2016,"Partur av fólkinum, ið livir av minni enn fátækamarkinum í landinum","Streymoyar øki, suður",Menn,,%,4700,3.1
2017,"Partur av fólkinum, ið livir av minni enn fátækamarkinum í landinum","Streymoyar øki, suður",Menn,,%,4700,3.0
2018,"Partur av fólkinum, ið livir av minni enn fátækamarkinum í landinum","Streymoyar øki, suður",Menn,,%,4700,2.9
2019,"Partur av fólkinum, ið livir av minni enn fátækamarkinum í landinum","Streymoyar øki, suður",Menn,,%,4700,2.3
2020,"Partur av fólkinum, ið livir av minni enn fátækamarkinum í landinum","Streymoyar øki, suður",Menn,,%,4700,2.0
2021,"Partur av fólkinum, ið livir av minni enn fátækamarkinum í landinum","Streymoyar øki, suður",Menn,,%,4700,2.4
2022,"Partur av fólkinum, ið livir av minni enn fátækamarkinum í landinum","Streymoyar øki, suður",Menn,,%,4700,2.6
2023,"Partur av fólkinum, ið livir av minni enn fátækamarkinum í landinum","Streymoyar øki, suður",Menn,,%,4700,2.5
2024,"Partur av fólkinum, ið livir av minni enn fátækamarkinum í landinum","Streymoyar øki, suður",Menn,,%,4700,2.8
2009,"Partur av fólkinum, ið livir av minni enn fátækamarkinum í landinum","Streymoyar øki, suður",Menn,Aldur 0 - 17,%,4700,2.9
2010,"Partur av fólkinum, ið livir av minni enn fátækamarkinum í landinum","Streymoyar øki, suður",Menn,Aldur 0 - 17,%,4700,4.2
2011,"Partur av fólkinum, ið livir av minni enn fátækamarkinum í landinum","Streymoyar øki, suður",Menn,Aldur 0 - 17,%,4700,4.9
2012,"Partur av fólkinum, ið livir av minni enn fátækamarkinum í landinum","Streymoyar øki, suður",Menn,Aldur 0 - 17,%,4700,5.1
2013,"Partur av fólkinum, ið livir av minni enn fátækamarkinum í landinum","Streymoyar øki, suður",Menn,Aldur 0 - 17,%,4700,4.0
2014,"Partur av fólkinum, ið livir av minni enn fátækamarkinum í landinum","Streymoyar øki, suður",Menn,Aldur 0 - 17,%,4700,4.4
2015,"Partur av fólkinum, ið livir av minni enn fátækamarkinum í landinum","Streymoyar øki, suður",Menn,Aldur 0 - 17,%,4700,3.6
2016,"Partur av fólkinum, ið livir av minni enn fátækamarkinum í landinum","Streymoyar øki, suður",Menn,Aldur 0 - 17,%,4700,3.5
2017,"Partur av fólkinum, ið livir av minni enn fátækamarkinum í landinum","Streymoyar øki, suður",Menn,Aldur 0 - 17,%,4700,3.8
2018,"Partur av fólkinum, ið livir av minni enn fátækamarkinum í landinum","Streymoyar øki, suður",Menn,Aldur 0 - 17,%,4700,3.3
2019,"Partur av fólkinum, ið livir av minni enn fátækamarkinum í landinum","Streymoyar øki, suður",Menn,Aldur 0 - 17,%,4700,2.2
2020,"Partur av fólkinum, ið livir av minni enn fátækamarkinum í landinum","Streymoyar øki, suður",Menn,Aldur 0 - 17,%,4700,2.5
2021,"Partur av fólkinum, ið livir av minni enn fátækamarkinum í landinum","Streymoyar øki, suður",Menn,Aldur 0 - 17,%,4700,2.6
2022,"Partur av fólkinum, ið livir av minni enn fátækamarkinum í landinum","Streymoyar øki, suður",Menn,Aldur 0 - 17,%,4700,3.3
2023,"Partur av fólkinum, ið livir av minni enn fátækamarkinum í landinum","Streymoyar øki, suður",Menn,Aldur 0 - 17,%,4700,2.1
2024,"Partur av fólkinum, ið livir av minni enn fátækamarkinum í landinum","Streymoyar øki, suður",Menn,Aldur 0 - 17,%,4700,2.5
2009,"Partur av fólkinum, ið livir av minni enn fátækamarkinum í landinum","Streymoyar øki, suður",Menn,Aldur 18 - 24,%,4700,2.4
2010,"Partur av fólkinum, ið livir av minni enn fátækamarkinum í landinum","Streymoyar øki, suður",Menn,Aldur 18 - 24,%,4700,3.4
2011,"Partur av fólkinum, ið livir av minni enn fátækamarkinum í landinum","Streymoyar øki, suður",Menn,Aldur 18 - 24,%,4700,5.0
2012,"Partur av fólkinum, ið livir av minni enn fátækamarkinum í landinum","Streymoyar øki, suður",Menn,Aldur 18 - 24,%,4700,5.3
2013,"Partur av fólkinum, ið livir av minni enn fátækamarkinum í landinum","Streymoyar øki, suður",Menn,Aldur 18 - 24,%,4700,3.5
2014,"Partur av fólkinum, ið livir av minni enn fátækamarkinum í landinum","Streymoyar øki, suður",Menn,Aldur 18 - 24,%,4700,3.8
2015,"Partur av fólkinum, ið livir av minni enn fátækamarkinum í landinum","Streymoyar øki, suður",Menn,Aldur 18 - 24,%,4700,4.0
2016,"Partur av fólkinum, ið livir av minni enn fátækamarkinum í landinum","Streymoyar øki, suður",Menn,Aldur 18 - 24,%,4700,2.9
2017,"Partur av fólkinum, ið livir av minni enn fátækamarkinum í landinum","Streymoyar øki, suður",Menn,Aldur 18 - 24,%,4700,2.6
2018,"Partur av fólkinum, ið livir av minni enn fátækamarkinum í landinum","Streymoyar øki, suður",Menn,Aldur 18 - 24,%,4700,3.4
2019,"Partur av fólkinum, ið livir av minni enn fátækamarkinum í landinum","Streymoyar øki, suður",Menn,Aldur 18 - 24,%,4700,2.7
2020,"Partur av fólkinum, ið livir av minni enn fátækamarkinum í landinum","Streymoyar øki, suður",Menn,Aldur 18 - 24,%,4700,1.8
2021,"Partur av fólkinum, ið livir av minni enn fátækamarkinum í landinum","Streymoyar øki, suður",Menn,Aldur 18 - 24,%,4700,3.1
2022,"Partur av fólkinum, ið livir av minni enn fátækamarkinum í landinum","Streymoyar øki, suður",Menn,Aldur 18 - 24,%,4700,2.5
2023,"Partur av fólkinum, ið livir av minni enn fátækamarkinum í landinum","Streymoyar øki, suður",Menn,Aldur 18 - 24,%,4700,3.1
2024,"Partur av fólkinum, ið livir av minni enn fátækamarkinum í landinum","Streymoyar øki, suður",Menn,Aldur 18 - 24,%,4700,4.2
2009,"Partur av fólkinum, ið livir av minni enn fátækamarkinum í landinum","Streymoyar øki, suður",Menn,Aldur 25 - 54,%,4700,2.3
2010,"Partur av fólkinum, ið livir av minni enn fátækamarkinum í landinum","Streymoyar øki, suður",Menn,Aldur 25 - 54,%,4700,3.4
2011,"Partur av fólkinum, ið livir av minni enn fátækamarkinum í landinum","Streymoyar øki, suður",Menn,Aldur 25 - 54,%,4700,3.6
2012,"Partur av fólkinum, ið livir av minni enn fátækamarkinum í landinum","Streymoyar øki, suður",Menn,Aldur 25 - 54,%,4700,3.9
2013,"Partur av fólkinum, ið livir av minni enn fátækamarkinum í landinum","Streymoyar øki, suður",Menn,Aldur 25 - 54,%,4700,2.5
2014,"Partur av fólkinum, ið livir av minni enn fátækamarkinum í landinum","Streymoyar øki, suður",Menn,Aldur 25 - 54,%,4700,2.9
2015,"Partur av fólkinum, ið livir av minni enn fátækamarkinum í landinum","Streymoyar øki, suður",Menn,Aldur 25 - 54,%,4700,3.1
2016,"Partur av fólkinum, ið livir av minni enn fátækamarkinum í landinum","Streymoyar øki, suður",Menn,Aldur 25 - 54,%,4700,3.0
2017,"Partur av fólkinum, ið livir av minni enn fátækamarkinum í landinum","Streymoyar øki, suður",Menn,Aldur 25 - 54,%,4700,2.8
2018,"Partur av fólkinum, ið livir av minni enn fátækamarkinum í landinum","Streymoyar øki, suður",Menn,Aldur 25 - 54,%,4700,2.9
2019,"Partur av fólkinum, ið livir av minni enn fátækamarkinum í landinum","Streymoyar øki, suður",Menn,Aldur 25 - 54,%,4700,2.4
2020,"Partur av fólkinum, ið livir av minni enn fátækamarkinum í landinum","Streymoyar øki, suður",Menn,Aldur 25 - 54,%,4700,1.9
2021,"Partur av fólkinum, ið livir av minni enn fátækamarkinum í landinum","Streymoyar øki, suður",Menn,Aldur 25 - 54,%,4700,2.5
2022,"Partur av fólkinum, ið livir av minni enn fátækamarkinum í landinum","Streymoyar øki, suður",Menn,Aldur 25 - 54,%,4700,3.1
2023,"Partur av fólkinum, ið livir av minni enn fátækamarkinum í landinum","Streymoyar øki, suður",Menn,Aldur 25 - 54,%,4700,3.1
2024,"Partur av fólkinum, ið livir av minni enn fátækamarkinum í landinum","Streymoyar øki, suður",Menn,Aldur 25 - 54,%,4700,3.3
2009,"Partur av fólkinum, ið livir av minni enn fátækamarkinum í landinum","Streymoyar øki, suður",Menn,Aldur 55 - 66,%,4700,3.4
2010,"Partur av fólkinum, ið livir av minni enn fátækamarkinum í landinum","Streymoyar øki, suður",Menn,Aldur 55 - 66,%,4700,4.1
2011,"Partur av fólkinum, ið livir av minni enn fátækamarkinum í landinum","Streymoyar øki, suður",Menn,Aldur 55 - 66,%,4700,4.0
2012,"Partur av fólkinum, ið livir av minni enn fátækamarkinum í landinum","Streymoyar øki, suður",Menn,Aldur 55 - 66,%,4700,4.2
2013,"Partur av fólkinum, ið livir av minni enn fátækamarkinum í landinum","Streymoyar øki, suður",Menn,Aldur 55 - 66,%,4700,3.4
2014,"Partur av fólkinum, ið livir av minni enn fátækamarkinum í landinum","Streymoyar øki, suður",Menn,Aldur 55 - 66,%,4700,3.6
2015,"Partur av fólkinum, ið livir av minni enn fátækamarkinum í landinum","Streymoyar øki, suður",Menn,Aldur 55 - 66,%,4700,3.9
2016,"Partur av fólkinum, ið livir av minni enn fátækamarkinum í landinum","Streymoyar øki, suður",Menn,Aldur 55 - 66,%,4700,3.5
2017,"Partur av fólkinum, ið livir av minni enn fátækamarkinum í landinum","Streymoyar øki, suður",Menn,Aldur 55 - 66,%,4700,3.8
2018,"Partur av fólkinum, ið livir av minni enn fátækamarkinum í landinum","Streymoyar øki, suður",Menn,Aldur 55 - 66,%,4700,3.1
2019,"Partur av fólkinum, ið livir av minni enn fátækamarkinum í landinum","Streymoyar øki, suður",Menn,Aldur 55 - 66,%,4700,2.8
2020,"Partur av fólkinum, ið livir av minni enn fátækamarkinum í landinum","Streymoyar øki, suður",Menn,Aldur 55 - 66,%,4700,2.3
2021,"Partur av fólkinum, ið livir av minni enn fátækamarkinum í landinum","Streymoyar øki, suður",Menn,Aldur 55 - 66,%,4700,2.8
2022,"Partur av fólkinum, ið livir av minni enn fátækamarkinum í landinum","Streymoyar øki, suður",Menn,Aldur 55 - 66,%,4700,2.3
2023,"Partur av fólkinum, ið livir av minni enn fátækamarkinum í landinum","Streymoyar øki, suður",Menn,Aldur 55 - 66,%,4700,2.6
2024,"Partur av fólkinum, ið livir av minni enn fátækamarkinum í landinum","Streymoyar øki, suður",Menn,Aldur 55 - 66,%,4700,3.0
2009,"Partur av fólkinum, ið livir av minni enn fátækamarkinum í landinum","Streymoyar øki, suður",Menn,Aldur 67 + ,%,4700,2.2
2010,"Partur av fólkinum, ið livir av minni enn fátækamarkinum í landinum","Streymoyar øki, suður",Menn,Aldur 67 + ,%,4700,2.0
2011,"Partur av fólkinum, ið livir av minni enn fátækamarkinum í landinum","Streymoyar øki, suður",Menn,Aldur 67 + ,%,4700,3.2
2012,"Partur av fólkinum, ið livir av minni enn fátækamarkinum í landinum","Streymoyar øki, suður",Menn,Aldur 67 + ,%,4700,2.9
2013,"Partur av fólkinum, ið livir av minni enn fátækamarkinum í landinum","Streymoyar øki, suður",Menn,Aldur 67 + ,%,4700,2.0
2014,"Partur av fólkinum, ið livir av minni enn fátækamarkinum í landinum","Streymoyar øki, suður",Menn,Aldur 67 + ,%,4700,2.0
2015,"Partur av fólkinum, ið livir av minni enn fátækamarkinum í landinum","Streymoyar øki, suður",Menn,Aldur 67 + ,%,4700,1.7
2016,"Partur av fólkinum, ið livir av minni enn fátækamarkinum í landinum","Streymoyar øki, suður",Menn,Aldur 67 + ,%,4700,2.2
2017,"Partur av fólkinum, ið livir av minni enn fátækamarkinum í landinum","Streymoyar øki, suður",Menn,Aldur 67 + ,%,4700,1.7
2018,"Partur av fólkinum, ið livir av minni enn fátækamarkinum í landinum","Streymoyar øki, suður",Menn,Aldur 67 + ,%,4700,1.3
2019,"Partur av fólkinum, ið livir av minni enn fátækamarkinum í landinum","Streymoyar øki, suður",Menn,Aldur 67 + ,%,4700,1.2
2020,"Partur av fólkinum, ið livir av minni enn fátækamarkinum í landinum","Streymoyar øki, suður",Menn,Aldur 67 + ,%,4700,1.1
2021,"Partur av fólkinum, ið livir av minni enn fátækamarkinum í landinum","Streymoyar øki, suður",Menn,Aldur 67 + ,%,4700,0.8
2022,"Partur av fólkinum, ið livir av minni enn fátækamarkinum í landinum","Streymoyar øki, suður",Menn,Aldur 67 + ,%,4700,0.4
2023,"Partur av fólkinum, ið livir av minni enn fátækamarkinum í landinum","Streymoyar øki, suður",Menn,Aldur 67 + ,%,4700,1.1
2024,"Partur av fólkinum, ið livir av minni enn fátækamarkinum í landinum","Streymoyar øki, suður",Menn,Aldur 67 + ,%,4700,0.9
2009,"Partur av fólkinum, ið livir av minni enn fátækamarkinum í landinum",Suðuroyar øki,,,%,4600,6.9
2010,"Partur av fólkinum, ið livir av minni enn fátækamarkinum í landinum",Suðuroyar øki,,,%,4600,6.0
2011,"Partur av fólkinum, ið livir av minni enn fátækamarkinum í landinum",Suðuroyar øki,,,%,4600,6.8
2012,"Partur av fólkinum, ið livir av minni enn fátækamarkinum í landinum",Suðuroyar øki,,,%,4600,5.2
2013,"Partur av fólkinum, ið livir av minni enn fátækamarkinum í landinum",Suðuroyar øki,,,%,4600,5.5
2014,"Partur av fólkinum, ið livir av minni enn fátækamarkinum í landinum",Suðuroyar øki,,,%,4600,5.1
2015,"Partur av fólkinum, ið livir av minni enn fátækamarkinum í landinum",Suðuroyar øki,,,%,4600,4.4
2016,"Partur av fólkinum, ið livir av minni enn fátækamarkinum í landinum",Suðuroyar øki,,,%,4600,5.0
2017,"Partur av fólkinum, ið livir av minni enn fátækamarkinum í landinum",Suðuroyar øki,,,%,4600,4.4
2018,"Partur av fólkinum, ið livir av minni enn fátækamarkinum í landinum",Suðuroyar øki,,,%,4600,4.1
2019,"Partur av fólkinum, ið livir av minni enn fátækamarkinum í landinum",Suðuroyar øki,,,%,4600,4.3
2020,"Partur av fólkinum, ið livir av minni enn fátækamarkinum í landinum",Suðuroyar øki,,,%,4600,4.3
2021,"Partur av fólkinum, ið livir av minni enn fátækamarkinum í landinum",Suðuroyar øki,,,%,4600,3.8
2022,"Partur av fólkinum, ið livir av minni enn fátækamarkinum í landinum",Suðuroyar øki,,,%,4600,3.2
2023,"Partur av fólkinum, ið livir av minni enn fátækamarkinum í landinum",Suðuroyar øki,,,%,4600,3.3
2024,"Partur av fólkinum, ið livir av minni enn fátækamarkinum í landinum",Suðuroyar øki,,,%,4600,3.1
2009,"Partur av fólkinum, ið livir av minni enn fátækamarkinum í landinum",Suðuroyar øki,,Aldur 0 - 17,%,4600,11.2
2010,"Partur av fólkinum, ið livir av minni enn fátækamarkinum í landinum",Suðuroyar øki,,Aldur 0 - 17,%,4600,9.1
2011,"Partur av fólkinum, ið livir av minni enn fátækamarkinum í landinum",Suðuroyar øki,,Aldur 0 - 17,%,4600,9.9
2012,"Partur av fólkinum, ið livir av minni enn fátækamarkinum í landinum",Suðuroyar øki,,Aldur 0 - 17,%,4600,7.4
2013,"Partur av fólkinum, ið livir av minni enn fátækamarkinum í landinum",Suðuroyar øki,,Aldur 0 - 17,%,4600,8.4
2014,"Partur av fólkinum, ið livir av minni enn fátækamarkinum í landinum",Suðuroyar øki,,Aldur 0 - 17,%,4600,7.8
2015,"Partur av fólkinum, ið livir av minni enn fátækamarkinum í landinum",Suðuroyar øki,,Aldur 0 - 17,%,4600,6.7
2016,"Partur av fólkinum, ið livir av minni enn fátækamarkinum í landinum",Suðuroyar øki,,Aldur 0 - 17,%,4600,8.8
2017,"Partur av fólkinum, ið livir av minni enn fátækamarkinum í landinum",Suðuroyar øki,,Aldur 0 - 17,%,4600,5.1
2018,"Partur av fólkinum, ið livir av minni enn fátækamarkinum í landinum",Suðuroyar øki,,Aldur 0 - 17,%,4600,5.2
2019,"Partur av fólkinum, ið livir av minni enn fátækamarkinum í landinum",Suðuroyar øki,,Aldur 0 - 17,%,4600,6.6
2020,"Partur av fólkinum, ið livir av minni enn fátækamarkinum í landinum",Suðuroyar øki,,Aldur 0 - 17,%,4600,7.0
2021,"Partur av fólkinum, ið livir av minni enn fátækamarkinum í landinum",Suðuroyar øki,,Aldur 0 - 17,%,4600,5.9
2022,"Partur av fólkinum, ið livir av minni enn fátækamarkinum í landinum",Suðuroyar øki,,Aldur 0 - 17,%,4600,4.5
2023,"Partur av fólkinum, ið livir av minni enn fátækamarkinum í landinum",Suðuroyar øki,,Aldur 0 - 17,%,4600,5.3
2024,"Partur av fólkinum, ið livir av minni enn fátækamarkinum í landinum",Suðuroyar øki,,Aldur 0 - 17,%,4600,4.8
2009,"Partur av fólkinum, ið livir av minni enn fátækamarkinum í landinum",Suðuroyar øki,,Aldur 18 - 24,%,4600,5.5
2010,"Partur av fólkinum, ið livir av minni enn fátækamarkinum í landinum",Suðuroyar øki,,Aldur 18 - 24,%,4600,5.1
2011,"Partur av fólkinum, ið livir av minni enn fátækamarkinum í landinum",Suðuroyar øki,,Aldur 18 - 24,%,4600,6.2
2012,"Partur av fólkinum, ið livir av minni enn fátækamarkinum í landinum",Suðuroyar øki,,Aldur 18 - 24,%,4600,7.0
2013,"Partur av fólkinum, ið livir av minni enn fátækamarkinum í landinum",Suðuroyar øki,,Aldur 18 - 24,%,4600,6.8
2014,"Partur av fólkinum, ið livir av minni enn fátækamarkinum í landinum",Suðuroyar øki,,Aldur 18 - 24,%,4600,5.7
2015,"Partur av fólkinum, ið livir av minni enn fátækamarkinum í landinum",Suðuroyar øki,,Aldur 18 - 24,%,4600,3.3
2016,"Partur av fólkinum, ið livir av minni enn fátækamarkinum í landinum",Suðuroyar øki,,Aldur 18 - 24,%,4600,4.6
2017,"Partur av fólkinum, ið livir av minni enn fátækamarkinum í landinum",Suðuroyar øki,,Aldur 18 - 24,%,4600,3.4
2018,"Partur av fólkinum, ið livir av minni enn fátækamarkinum í landinum",Suðuroyar øki,,Aldur 18 - 24,%,4600,4.9
2019,"Partur av fólkinum, ið livir av minni enn fátækamarkinum í landinum",Suðuroyar øki,,Aldur 18 - 24,%,4600,4.3
2020,"Partur av fólkinum, ið livir av minni enn fátækamarkinum í landinum",Suðuroyar øki,,Aldur 18 - 24,%,4600,4.7
2021,"Partur av fólkinum, ið livir av minni enn fátækamarkinum í landinum",Suðuroyar øki,,Aldur 18 - 24,%,4600,4.1
2022,"Partur av fólkinum, ið livir av minni enn fátækamarkinum í landinum",Suðuroyar øki,,Aldur 18 - 24,%,4600,3.6
2023,"Partur av fólkinum, ið livir av minni enn fátækamarkinum í landinum",Suðuroyar øki,,Aldur 18 - 24,%,4600,3.2
2024,"Partur av fólkinum, ið livir av minni enn fátækamarkinum í landinum",Suðuroyar øki,,Aldur 18 - 24,%,4600,1.7
2009,"Partur av fólkinum, ið livir av minni enn fátækamarkinum í landinum",Suðuroyar øki,,Aldur 25 - 54,%,4600,6.9
2010,"Partur av fólkinum, ið livir av minni enn fátækamarkinum í landinum",Suðuroyar øki,,Aldur 25 - 54,%,4600,6.2
2011,"Partur av fólkinum, ið livir av minni enn fátækamarkinum í landinum",Suðuroyar øki,,Aldur 25 - 54,%,4600,7.1
2012,"Partur av fólkinum, ið livir av minni enn fátækamarkinum í landinum",Suðuroyar øki,,Aldur 25 - 54,%,4600,5.1
2013,"Partur av fólkinum, ið livir av minni enn fátækamarkinum í landinum",Suðuroyar øki,,Aldur 25 - 54,%,4600,6.0
2014,"Partur av fólkinum, ið livir av minni enn fátækamarkinum í landinum",Suðuroyar øki,,Aldur 25 - 54,%,4600,5.6
2015,"Partur av fólkinum, ið livir av minni enn fátækamarkinum í landinum",Suðuroyar øki,,Aldur 25 - 54,%,4600,4.9
2016,"Partur av fólkinum, ið livir av minni enn fátækamarkinum í landinum",Suðuroyar øki,,Aldur 25 - 54,%,4600,4.7
2017,"Partur av fólkinum, ið livir av minni enn fátækamarkinum í landinum",Suðuroyar øki,,Aldur 25 - 54,%,4600,4.8
2018,"Partur av fólkinum, ið livir av minni enn fátækamarkinum í landinum",Suðuroyar øki,,Aldur 25 - 54,%,4600,4.3
2019,"Partur av fólkinum, ið livir av minni enn fátækamarkinum í landinum",Suðuroyar øki,,Aldur 25 - 54,%,4600,4.9
2020,"Partur av fólkinum, ið livir av minni enn fátækamarkinum í landinum",Suðuroyar øki,,Aldur 25 - 54,%,4600,4.8
2021,"Partur av fólkinum, ið livir av minni enn fátækamarkinum í landinum",Suðuroyar øki,,Aldur 25 - 54,%,4600,4.3
2022,"Partur av fólkinum, ið livir av minni enn fátækamarkinum í landinum",Suðuroyar øki,,Aldur 25 - 54,%,4600,3.3
2023,"Partur av fólkinum, ið livir av minni enn fátækamarkinum í landinum",Suðuroyar øki,,Aldur 25 - 54,%,4600,3.7
2024,"Partur av fólkinum, ið livir av minni enn fátækamarkinum í landinum",Suðuroyar øki,,Aldur 25 - 54,%,4600,4.2
2009,"Partur av fólkinum, ið livir av minni enn fátækamarkinum í landinum",Suðuroyar øki,,Aldur 55 - 66,%,4600,4.7
2010,"Partur av fólkinum, ið livir av minni enn fátækamarkinum í landinum",Suðuroyar øki,,Aldur 55 - 66,%,4600,4.1
2011,"Partur av fólkinum, ið livir av minni enn fátækamarkinum í landinum",Suðuroyar øki,,Aldur 55 - 66,%,4600,5.0
2012,"Partur av fólkinum, ið livir av minni enn fátækamarkinum í landinum",Suðuroyar øki,,Aldur 55 - 66,%,4600,4.2
2013,"Partur av fólkinum, ið livir av minni enn fátækamarkinum í landinum",Suðuroyar øki,,Aldur 55 - 66,%,4600,3.6
2014,"Partur av fólkinum, ið livir av minni enn fátækamarkinum í landinum",Suðuroyar øki,,Aldur 55 - 66,%,4600,3.5
2015,"Partur av fólkinum, ið livir av minni enn fátækamarkinum í landinum",Suðuroyar øki,,Aldur 55 - 66,%,4600,2.6
2016,"Partur av fólkinum, ið livir av minni enn fátækamarkinum í landinum",Suðuroyar øki,,Aldur 55 - 66,%,4600,3.6
2017,"Partur av fólkinum, ið livir av minni enn fátækamarkinum í landinum",Suðuroyar øki,,Aldur 55 - 66,%,4600,3.7
2018,"Partur av fólkinum, ið livir av minni enn fátækamarkinum í landinum",Suðuroyar øki,,Aldur 55 - 66,%,4600,2.9
2019,"Partur av fólkinum, ið livir av minni enn fátækamarkinum í landinum",Suðuroyar øki,,Aldur 55 - 66,%,4600,3.5
2020,"Partur av fólkinum, ið livir av minni enn fátækamarkinum í landinum",Suðuroyar øki,,Aldur 55 - 66,%,4600,3.4
2021,"Partur av fólkinum, ið livir av minni enn fátækamarkinum í landinum",Suðuroyar øki,,Aldur 55 - 66,%,4600,3.3
2022,"Partur av fólkinum, ið livir av minni enn fátækamarkinum í landinum",Suðuroyar øki,,Aldur 55 - 66,%,4600,3.5
2023,"Partur av fólkinum, ið livir av minni enn fátækamarkinum í landinum",Suðuroyar øki,,Aldur 55 - 66,%,4600,2.1
2024,"Partur av fólkinum, ið livir av minni enn fátækamarkinum í landinum",Suðuroyar øki,,Aldur 55 - 66,%,4600,2.2
2009,"Partur av fólkinum, ið livir av minni enn fátækamarkinum í landinum",Suðuroyar øki,,Aldur 67 + ,%,4600,3.4
2010,"Partur av fólkinum, ið livir av minni enn fátækamarkinum í landinum",Suðuroyar øki,,Aldur 67 + ,%,4600,3.4
2011,"Partur av fólkinum, ið livir av minni enn fátækamarkinum í landinum",Suðuroyar øki,,Aldur 67 + ,%,4600,4.2
2012,"Partur av fólkinum, ið livir av minni enn fátækamarkinum í landinum",Suðuroyar øki,,Aldur 67 + ,%,4600,2.5
2013,"Partur av fólkinum, ið livir av minni enn fátækamarkinum í landinum",Suðuroyar øki,,Aldur 67 + ,%,4600,1.9
2014,"Partur av fólkinum, ið livir av minni enn fátækamarkinum í landinum",Suðuroyar øki,,Aldur 67 + ,%,4600,1.9
2015,"Partur av fólkinum, ið livir av minni enn fátækamarkinum í landinum",Suðuroyar øki,,Aldur 67 + ,%,4600,2.7
2016,"Partur av fólkinum, ið livir av minni enn fátækamarkinum í landinum",Suðuroyar øki,,Aldur 67 + ,%,4600,2.2
2017,"Partur av fólkinum, ið livir av minni enn fátækamarkinum í landinum",Suðuroyar øki,,Aldur 67 + ,%,4600,3.6
2018,"Partur av fólkinum, ið livir av minni enn fátækamarkinum í landinum",Suðuroyar øki,,Aldur 67 + ,%,4600,3.2
2019,"Partur av fólkinum, ið livir av minni enn fátækamarkinum í landinum",Suðuroyar øki,,Aldur 67 + ,%,4600,1.4
2020,"Partur av fólkinum, ið livir av minni enn fátækamarkinum í landinum",Suðuroyar øki,,Aldur 67 + ,%,4600,1.1
2021,"Partur av fólkinum, ið livir av minni enn fátækamarkinum í landinum",Suðuroyar øki,,Aldur 67 + ,%,4600,0.9
2022,"Partur av fólkinum, ið livir av minni enn fátækamarkinum í landinum",Suðuroyar øki,,Aldur 67 + ,%,4600,1.4
2023,"Partur av fólkinum, ið livir av minni enn fátækamarkinum í landinum",Suðuroyar øki,,Aldur 67 + ,%,4600,1.5
2024,"Partur av fólkinum, ið livir av minni enn fátækamarkinum í landinum",Suðuroyar øki,,Aldur 67 + ,%,4600,1.1
2009,"Partur av fólkinum, ið livir av minni enn fátækamarkinum í landinum",Suðuroyar øki,Kvinnur,,%,4600,8.0
2010,"Partur av fólkinum, ið livir av minni enn fátækamarkinum í landinum",Suðuroyar øki,Kvinnur,,%,4600,6.8
2011,"Partur av fólkinum, ið livir av minni enn fátækamarkinum í landinum",Suðuroyar øki,Kvinnur,,%,4600,7.6
2012,"Partur av fólkinum, ið livir av minni enn fátækamarkinum í landinum",Suðuroyar øki,Kvinnur,,%,4600,5.7
2013,"Partur av fólkinum, ið livir av minni enn fátækamarkinum í landinum",Suðuroyar øki,Kvinnur,,%,4600,6.3
2014,"Partur av fólkinum, ið livir av minni enn fátækamarkinum í landinum",Suðuroyar øki,Kvinnur,,%,4600,5.7
2015,"Partur av fólkinum, ið livir av minni enn fátækamarkinum í landinum",Suðuroyar øki,Kvinnur,,%,4600,4.8
2016,"Partur av fólkinum, ið livir av minni enn fátækamarkinum í landinum",Suðuroyar øki,Kvinnur,,%,4600,5.5
2017,"Partur av fólkinum, ið livir av minni enn fátækamarkinum í landinum",Suðuroyar øki,Kvinnur,,%,4600,4.3
2018,"Partur av fólkinum, ið livir av minni enn fátækamarkinum í landinum",Suðuroyar øki,Kvinnur,,%,4600,4.2
2019,"Partur av fólkinum, ið livir av minni enn fátækamarkinum í landinum",Suðuroyar øki,Kvinnur,,%,4600,4.5
2020,"Partur av fólkinum, ið livir av minni enn fátækamarkinum í landinum",Suðuroyar øki,Kvinnur,,%,4600,4.7
2021,"Partur av fólkinum, ið livir av minni enn fátækamarkinum í landinum",Suðuroyar øki,Kvinnur,,%,4600,3.5
2022,"Partur av fólkinum, ið livir av minni enn fátækamarkinum í landinum",Suðuroyar øki,Kvinnur,,%,4600,3.2
2023,"Partur av fólkinum, ið livir av minni enn fátækamarkinum í landinum",Suðuroyar øki,Kvinnur,,%,4600,3.5
2024,"Partur av fólkinum, ið livir av minni enn fátækamarkinum í landinum",Suðuroyar øki,Kvinnur,,%,4600,3.6
2009,"Partur av fólkinum, ið livir av minni enn fátækamarkinum í landinum",Suðuroyar øki,Kvinnur,Aldur 0 - 17,%,4600,12.7
2010,"Partur av fólkinum, ið livir av minni enn fátækamarkinum í landinum",Suðuroyar øki,Kvinnur,Aldur 0 - 17,%,4600,10.3
2011,"Partur av fólkinum, ið livir av minni enn fátækamarkinum í landinum",Suðuroyar øki,Kvinnur,Aldur 0 - 17,%,4600,11.4
2012,"Partur av fólkinum, ið livir av minni enn fátækamarkinum í landinum",Suðuroyar øki,Kvinnur,Aldur 0 - 17,%,4600,7.5
2013,"Partur av fólkinum, ið livir av minni enn fátækamarkinum í landinum",Suðuroyar øki,Kvinnur,Aldur 0 - 17,%,4600,10.0
2014,"Partur av fólkinum, ið livir av minni enn fátækamarkinum í landinum",Suðuroyar øki,Kvinnur,Aldur 0 - 17,%,4600,8.1
2015,"Partur av fólkinum, ið livir av minni enn fátækamarkinum í landinum",Suðuroyar øki,Kvinnur,Aldur 0 - 17,%,4600,7.1
2016,"Partur av fólkinum, ið livir av minni enn fátækamarkinum í landinum",Suðuroyar øki,Kvinnur,Aldur 0 - 17,%,4600,9.1
2017,"Partur av fólkinum, ið livir av minni enn fátækamarkinum í landinum",Suðuroyar øki,Kvinnur,Aldur 0 - 17,%,4600,5.3
2018,"Partur av fólkinum, ið livir av minni enn fátækamarkinum í landinum",Suðuroyar øki,Kvinnur,Aldur 0 - 17,%,4600,5.1
2019,"Partur av fólkinum, ið livir av minni enn fátækamarkinum í landinum",Suðuroyar øki,Kvinnur,Aldur 0 - 17,%,4600,6.8
2020,"Partur av fólkinum, ið livir av minni enn fátækamarkinum í landinum",Suðuroyar øki,Kvinnur,Aldur 0 - 17,%,4600,7.9
2021,"Partur av fólkinum, ið livir av minni enn fátækamarkinum í landinum",Suðuroyar øki,Kvinnur,Aldur 0 - 17,%,4600,5.1
2022,"Partur av fólkinum, ið livir av minni enn fátækamarkinum í landinum",Suðuroyar øki,Kvinnur,Aldur 0 - 17,%,4600,4.7
2023,"Partur av fólkinum, ið livir av minni enn fátækamarkinum í landinum",Suðuroyar øki,Kvinnur,Aldur 0 - 17,%,4600,5.5
2024,"Partur av fólkinum, ið livir av minni enn fátækamarkinum í landinum",Suðuroyar øki,Kvinnur,Aldur 0 - 17,%,4600,6.6
2009,"Partur av fólkinum, ið livir av minni enn fátækamarkinum í landinum",Suðuroyar øki,Kvinnur,Aldur 18 - 24,%,4600,7.5
2010,"Partur av fólkinum, ið livir av minni enn fátækamarkinum í landinum",Suðuroyar øki,Kvinnur,Aldur 18 - 24,%,4600,7.4
2011,"Partur av fólkinum, ið livir av minni enn fátækamarkinum í landinum",Suðuroyar øki,Kvinnur,Aldur 18 - 24,%,4600,7.7
2012,"Partur av fólkinum, ið livir av minni enn fátækamarkinum í landinum",Suðuroyar øki,Kvinnur,Aldur 18 - 24,%,4600,9.5
2013,"Partur av fólkinum, ið livir av minni enn fátækamarkinum í landinum",Suðuroyar øki,Kvinnur,Aldur 18 - 24,%,4600,9.0
2014,"Partur av fólkinum, ið livir av minni enn fátækamarkinum í landinum",Suðuroyar øki,Kvinnur,Aldur 18 - 24,%,4600,7.2
2015,"Partur av fólkinum, ið livir av minni enn fátækamarkinum í landinum",Suðuroyar øki,Kvinnur,Aldur 18 - 24,%,4600,2.5
2016,"Partur av fólkinum, ið livir av minni enn fátækamarkinum í landinum",Suðuroyar øki,Kvinnur,Aldur 18 - 24,%,4600,5.6
2017,"Partur av fólkinum, ið livir av minni enn fátækamarkinum í landinum",Suðuroyar øki,Kvinnur,Aldur 18 - 24,%,4600,3.8
2018,"Partur av fólkinum, ið livir av minni enn fátækamarkinum í landinum",Suðuroyar øki,Kvinnur,Aldur 18 - 24,%,4600,6.7
2019,"Partur av fólkinum, ið livir av minni enn fátækamarkinum í landinum",Suðuroyar øki,Kvinnur,Aldur 18 - 24,%,4600,3.3
2020,"Partur av fólkinum, ið livir av minni enn fátækamarkinum í landinum",Suðuroyar øki,Kvinnur,Aldur 18 - 24,%,4600,4.4
2021,"Partur av fólkinum, ið livir av minni enn fátækamarkinum í landinum",Suðuroyar øki,Kvinnur,Aldur 18 - 24,%,4600,2.8
2022,"Partur av fólkinum, ið livir av minni enn fátækamarkinum í landinum",Suðuroyar øki,Kvinnur,Aldur 18 - 24,%,4600,4.3
2023,"Partur av fólkinum, ið livir av minni enn fátækamarkinum í landinum",Suðuroyar øki,Kvinnur,Aldur 18 - 24,%,4600,3.2
2024,"Partur av fólkinum, ið livir av minni enn fátækamarkinum í landinum",Suðuroyar øki,Kvinnur,Aldur 18 - 24,%,4600,1.5
2009,"Partur av fólkinum, ið livir av minni enn fátækamarkinum í landinum",Suðuroyar øki,Kvinnur,Aldur 25 - 54,%,4600,7.7
2010,"Partur av fólkinum, ið livir av minni enn fátækamarkinum í landinum",Suðuroyar øki,Kvinnur,Aldur 25 - 54,%,4600,6.7
2011,"Partur av fólkinum, ið livir av minni enn fátækamarkinum í landinum",Suðuroyar øki,Kvinnur,Aldur 25 - 54,%,4600,7.3
2012,"Partur av fólkinum, ið livir av minni enn fátækamarkinum í landinum",Suðuroyar øki,Kvinnur,Aldur 25 - 54,%,4600,6.0
2013,"Partur av fólkinum, ið livir av minni enn fátækamarkinum í landinum",Suðuroyar øki,Kvinnur,Aldur 25 - 54,%,4600,7.4
2014,"Partur av fólkinum, ið livir av minni enn fátækamarkinum í landinum",Suðuroyar øki,Kvinnur,Aldur 25 - 54,%,4600,7.2
2015,"Partur av fólkinum, ið livir av minni enn fátækamarkinum í landinum",Suðuroyar øki,Kvinnur,Aldur 25 - 54,%,4600,6.7
2016,"Partur av fólkinum, ið livir av minni enn fátækamarkinum í landinum",Suðuroyar øki,Kvinnur,Aldur 25 - 54,%,4600,6.1
2017,"Partur av fólkinum, ið livir av minni enn fátækamarkinum í landinum",Suðuroyar øki,Kvinnur,Aldur 25 - 54,%,4600,5.0
2018,"Partur av fólkinum, ið livir av minni enn fátækamarkinum í landinum",Suðuroyar øki,Kvinnur,Aldur 25 - 54,%,4600,4.7
2019,"Partur av fólkinum, ið livir av minni enn fátækamarkinum í landinum",Suðuroyar øki,Kvinnur,Aldur 25 - 54,%,4600,6.0
2020,"Partur av fólkinum, ið livir av minni enn fátækamarkinum í landinum",Suðuroyar øki,Kvinnur,Aldur 25 - 54,%,4600,5.8
2021,"Partur av fólkinum, ið livir av minni enn fátækamarkinum í landinum",Suðuroyar øki,Kvinnur,Aldur 25 - 54,%,4600,4.9
2022,"Partur av fólkinum, ið livir av minni enn fátækamarkinum í landinum",Suðuroyar øki,Kvinnur,Aldur 25 - 54,%,4600,3.4
2023,"Partur av fólkinum, ið livir av minni enn fátækamarkinum í landinum",Suðuroyar øki,Kvinnur,Aldur 25 - 54,%,4600,4.3
2024,"Partur av fólkinum, ið livir av minni enn fátækamarkinum í landinum",Suðuroyar øki,Kvinnur,Aldur 25 - 54,%,4600,4.5
2009,"Partur av fólkinum, ið livir av minni enn fátækamarkinum í landinum",Suðuroyar øki,Kvinnur,Aldur 55 - 66,%,4600,5.4
2010,"Partur av fólkinum, ið livir av minni enn fátækamarkinum í landinum",Suðuroyar øki,Kvinnur,Aldur 55 - 66,%,4600,3.9
2011,"Partur av fólkinum, ið livir av minni enn fátækamarkinum í landinum",Suðuroyar øki,Kvinnur,Aldur 55 - 66,%,4600,4.9
2012,"Partur av fólkinum, ið livir av minni enn fátækamarkinum í landinum",Suðuroyar øki,Kvinnur,Aldur 55 - 66,%,4600,4.2
2013,"Partur av fólkinum, ið livir av minni enn fátækamarkinum í landinum",Suðuroyar øki,Kvinnur,Aldur 55 - 66,%,4600,2.4
2014,"Partur av fólkinum, ið livir av minni enn fátækamarkinum í landinum",Suðuroyar øki,Kvinnur,Aldur 55 - 66,%,4600,2.1
2015,"Partur av fólkinum, ið livir av minni enn fátækamarkinum í landinum",Suðuroyar øki,Kvinnur,Aldur 55 - 66,%,4600,1.6
2016,"Partur av fólkinum, ið livir av minni enn fátækamarkinum í landinum",Suðuroyar øki,Kvinnur,Aldur 55 - 66,%,4600,2.9
2017,"Partur av fólkinum, ið livir av minni enn fátækamarkinum í landinum",Suðuroyar øki,Kvinnur,Aldur 55 - 66,%,4600,3.0
2018,"Partur av fólkinum, ið livir av minni enn fátækamarkinum í landinum",Suðuroyar øki,Kvinnur,Aldur 55 - 66,%,4600,2.6
2019,"Partur av fólkinum, ið livir av minni enn fátækamarkinum í landinum",Suðuroyar øki,Kvinnur,Aldur 55 - 66,%,4600,2.6
2020,"Partur av fólkinum, ið livir av minni enn fátækamarkinum í landinum",Suðuroyar øki,Kvinnur,Aldur 55 - 66,%,4600,2.4
2021,"Partur av fólkinum, ið livir av minni enn fátækamarkinum í landinum",Suðuroyar øki,Kvinnur,Aldur 55 - 66,%,4600,2.0
2022,"Partur av fólkinum, ið livir av minni enn fátækamarkinum í landinum",Suðuroyar øki,Kvinnur,Aldur 55 - 66,%,4600,2.0
2023,"Partur av fólkinum, ið livir av minni enn fátækamarkinum í landinum",Suðuroyar øki,Kvinnur,Aldur 55 - 66,%,4600,1.7
2024,"Partur av fólkinum, ið livir av minni enn fátækamarkinum í landinum",Suðuroyar øki,Kvinnur,Aldur 55 - 66,%,4600,1.5
2009,"Partur av fólkinum, ið livir av minni enn fátækamarkinum í landinum",Suðuroyar øki,Kvinnur,Aldur 67 + ,%,4600,4.4
2010,"Partur av fólkinum, ið livir av minni enn fátækamarkinum í landinum",Suðuroyar øki,Kvinnur,Aldur 67 + ,%,4600,4.9
2011,"Partur av fólkinum, ið livir av minni enn fátækamarkinum í landinum",Suðuroyar øki,Kvinnur,Aldur 67 + ,%,4600,5.5
2012,"Partur av fólkinum, ið livir av minni enn fátækamarkinum í landinum",Suðuroyar øki,Kvinnur,Aldur 67 + ,%,4600,2.3
2013,"Partur av fólkinum, ið livir av minni enn fátækamarkinum í landinum",Suðuroyar øki,Kvinnur,Aldur 67 + ,%,4600,2.1
2014,"Partur av fólkinum, ið livir av minni enn fátækamarkinum í landinum",Suðuroyar øki,Kvinnur,Aldur 67 + ,%,4600,2.3
2015,"Partur av fólkinum, ið livir av minni enn fátækamarkinum í landinum",Suðuroyar øki,Kvinnur,Aldur 67 + ,%,4600,2.9
2016,"Partur av fólkinum, ið livir av minni enn fátækamarkinum í landinum",Suðuroyar øki,Kvinnur,Aldur 67 + ,%,4600,2.4
2017,"Partur av fólkinum, ið livir av minni enn fátækamarkinum í landinum",Suðuroyar øki,Kvinnur,Aldur 67 + ,%,4600,3.1
2018,"Partur av fólkinum, ið livir av minni enn fátækamarkinum í landinum",Suðuroyar øki,Kvinnur,Aldur 67 + ,%,4600,2.7
2019,"Partur av fólkinum, ið livir av minni enn fátækamarkinum í landinum",Suðuroyar øki,Kvinnur,Aldur 67 + ,%,4600,1.6
2020,"Partur av fólkinum, ið livir av minni enn fátækamarkinum í landinum",Suðuroyar øki,Kvinnur,Aldur 67 + ,%,4600,1.4
2021,"Partur av fólkinum, ið livir av minni enn fátækamarkinum í landinum",Suðuroyar øki,Kvinnur,Aldur 67 + ,%,4600,0.9
2022,"Partur av fólkinum, ið livir av minni enn fátækamarkinum í landinum",Suðuroyar øki,Kvinnur,Aldur 67 + ,%,4600,2.0
2023,"Partur av fólkinum, ið livir av minni enn fátækamarkinum í landinum",Suðuroyar øki,Kvinnur,Aldur 67 + ,%,4600,1.5
2024,"Partur av fólkinum, ið livir av minni enn fátækamarkinum í landinum",Suðuroyar øki,Kvinnur,Aldur 67 + ,%,4600,1.5
2009,"Partur av fólkinum, ið livir av minni enn fátækamarkinum í landinum",Suðuroyar øki,Menn,,%,4600,5.9
2010,"Partur av fólkinum, ið livir av minni enn fátækamarkinum í landinum",Suðuroyar øki,Menn,,%,4600,5.2
2011,"Partur av fólkinum, ið livir av minni enn fátækamarkinum í landinum",Suðuroyar øki,Menn,,%,4600,6.1
2012,"Partur av fólkinum, ið livir av minni enn fátækamarkinum í landinum",Suðuroyar øki,Menn,,%,4600,4.8
2013,"Partur av fólkinum, ið livir av minni enn fátækamarkinum í landinum",Suðuroyar øki,Menn,,%,4600,4.8
2014,"Partur av fólkinum, ið livir av minni enn fátækamarkinum í landinum",Suðuroyar øki,Menn,,%,4600,4.6
2015,"Partur av fólkinum, ið livir av minni enn fátækamarkinum í landinum",Suðuroyar øki,Menn,,%,4600,4.0
2016,"Partur av fólkinum, ið livir av minni enn fátækamarkinum í landinum",Suðuroyar øki,Menn,,%,4600,4.5
2017,"Partur av fólkinum, ið livir av minni enn fátækamarkinum í landinum",Suðuroyar øki,Menn,,%,4600,4.5
2018,"Partur av fólkinum, ið livir av minni enn fátækamarkinum í landinum",Suðuroyar øki,Menn,,%,4600,4.1
2019,"Partur av fólkinum, ið livir av minni enn fátækamarkinum í landinum",Suðuroyar øki,Menn,,%,4600,4.2
2020,"Partur av fólkinum, ið livir av minni enn fátækamarkinum í landinum",Suðuroyar øki,Menn,,%,4600,4.0
2021,"Partur av fólkinum, ið livir av minni enn fátækamarkinum í landinum",Suðuroyar øki,Menn,,%,4600,4.0
2022,"Partur av fólkinum, ið livir av minni enn fátækamarkinum í landinum",Suðuroyar øki,Menn,,%,4600,3.3
2023,"Partur av fólkinum, ið livir av minni enn fátækamarkinum í landinum",Suðuroyar øki,Menn,,%,4600,3.1
2024,"Partur av fólkinum, ið livir av minni enn fátækamarkinum í landinum",Suðuroyar øki,Menn,,%,4600,2.7
2009,"Partur av fólkinum, ið livir av minni enn fátækamarkinum í landinum",Suðuroyar øki,Menn,Aldur 0 - 17,%,4600,9.9
2010,"Partur av fólkinum, ið livir av minni enn fátækamarkinum í landinum",Suðuroyar øki,Menn,Aldur 0 - 17,%,4600,7.9
2011,"Partur av fólkinum, ið livir av minni enn fátækamarkinum í landinum",Suðuroyar øki,Menn,Aldur 0 - 17,%,4600,8.4
2012,"Partur av fólkinum, ið livir av minni enn fátækamarkinum í landinum",Suðuroyar øki,Menn,Aldur 0 - 17,%,4600,7.3
2013,"Partur av fólkinum, ið livir av minni enn fátækamarkinum í landinum",Suðuroyar øki,Menn,Aldur 0 - 17,%,4600,6.9
2014,"Partur av fólkinum, ið livir av minni enn fátækamarkinum í landinum",Suðuroyar øki,Menn,Aldur 0 - 17,%,4600,7.5
2015,"Partur av fólkinum, ið livir av minni enn fátækamarkinum í landinum",Suðuroyar øki,Menn,Aldur 0 - 17,%,4600,6.3
2016,"Partur av fólkinum, ið livir av minni enn fátækamarkinum í landinum",Suðuroyar øki,Menn,Aldur 0 - 17,%,4600,8.6
2017,"Partur av fólkinum, ið livir av minni enn fátækamarkinum í landinum",Suðuroyar øki,Menn,Aldur 0 - 17,%,4600,5.0
2018,"Partur av fólkinum, ið livir av minni enn fátækamarkinum í landinum",Suðuroyar øki,Menn,Aldur 0 - 17,%,4600,5.3
2019,"Partur av fólkinum, ið livir av minni enn fátækamarkinum í landinum",Suðuroyar øki,Menn,Aldur 0 - 17,%,4600,6.5
2020,"Partur av fólkinum, ið livir av minni enn fátækamarkinum í landinum",Suðuroyar øki,Menn,Aldur 0 - 17,%,4600,6.2
2021,"Partur av fólkinum, ið livir av minni enn fátækamarkinum í landinum",Suðuroyar øki,Menn,Aldur 0 - 17,%,4600,6.6
2022,"Partur av fólkinum, ið livir av minni enn fátækamarkinum í landinum",Suðuroyar øki,Menn,Aldur 0 - 17,%,4600,4.4
2023,"Partur av fólkinum, ið livir av minni enn fátækamarkinum í landinum",Suðuroyar øki,Menn,Aldur 0 - 17,%,4600,5.1
2024,"Partur av fólkinum, ið livir av minni enn fátækamarkinum í landinum",Suðuroyar øki,Menn,Aldur 0 - 17,%,4600,3.2
2009,"Partur av fólkinum, ið livir av minni enn fátækamarkinum í landinum",Suðuroyar øki,Menn,Aldur 18 - 24,%,4600,3.9
2010,"Partur av fólkinum, ið livir av minni enn fátækamarkinum í landinum",Suðuroyar øki,Menn,Aldur 18 - 24,%,4600,3.1
2011,"Partur av fólkinum, ið livir av minni enn fátækamarkinum í landinum",Suðuroyar øki,Menn,Aldur 18 - 24,%,4600,5.0
2012,"Partur av fólkinum, ið livir av minni enn fátækamarkinum í landinum",Suðuroyar øki,Menn,Aldur 18 - 24,%,4600,5.2
2013,"Partur av fólkinum, ið livir av minni enn fátækamarkinum í landinum",Suðuroyar øki,Menn,Aldur 18 - 24,%,4600,5.0
2014,"Partur av fólkinum, ið livir av minni enn fátækamarkinum í landinum",Suðuroyar øki,Menn,Aldur 18 - 24,%,4600,4.4
2015,"Partur av fólkinum, ið livir av minni enn fátækamarkinum í landinum",Suðuroyar øki,Menn,Aldur 18 - 24,%,4600,4.0
2016,"Partur av fólkinum, ið livir av minni enn fátækamarkinum í landinum",Suðuroyar øki,Menn,Aldur 18 - 24,%,4600,3.9
2017,"Partur av fólkinum, ið livir av minni enn fátækamarkinum í landinum",Suðuroyar øki,Menn,Aldur 18 - 24,%,4600,3.0
2018,"Partur av fólkinum, ið livir av minni enn fátækamarkinum í landinum",Suðuroyar øki,Menn,Aldur 18 - 24,%,4600,3.6
2019,"Partur av fólkinum, ið livir av minni enn fátækamarkinum í landinum",Suðuroyar øki,Menn,Aldur 18 - 24,%,4600,5.2
2020,"Partur av fólkinum, ið livir av minni enn fátækamarkinum í landinum",Suðuroyar øki,Menn,Aldur 18 - 24,%,4600,5.0
2021,"Partur av fólkinum, ið livir av minni enn fátækamarkinum í landinum",Suðuroyar øki,Menn,Aldur 18 - 24,%,4600,5.1
2022,"Partur av fólkinum, ið livir av minni enn fátækamarkinum í landinum",Suðuroyar øki,Menn,Aldur 18 - 24,%,4600,3.1
2023,"Partur av fólkinum, ið livir av minni enn fátækamarkinum í landinum",Suðuroyar øki,Menn,Aldur 18 - 24,%,4600,3.1
2024,"Partur av fólkinum, ið livir av minni enn fátækamarkinum í landinum",Suðuroyar øki,Menn,Aldur 18 - 24,%,4600,1.9
2009,"Partur av fólkinum, ið livir av minni enn fátækamarkinum í landinum",Suðuroyar øki,Menn,Aldur 25 - 54,%,4600,6.1
2010,"Partur av fólkinum, ið livir av minni enn fátækamarkinum í landinum",Suðuroyar øki,Menn,Aldur 25 - 54,%,4600,5.8
2011,"Partur av fólkinum, ið livir av minni enn fátækamarkinum í landinum",Suðuroyar øki,Menn,Aldur 25 - 54,%,4600,6.8
2012,"Partur av fólkinum, ið livir av minni enn fátækamarkinum í landinum",Suðuroyar øki,Menn,Aldur 25 - 54,%,4600,4.3
2013,"Partur av fólkinum, ið livir av minni enn fátækamarkinum í landinum",Suðuroyar øki,Menn,Aldur 25 - 54,%,4600,4.8
2014,"Partur av fólkinum, ið livir av minni enn fátækamarkinum í landinum",Suðuroyar øki,Menn,Aldur 25 - 54,%,4600,4.3
2015,"Partur av fólkinum, ið livir av minni enn fátækamarkinum í landinum",Suðuroyar øki,Menn,Aldur 25 - 54,%,4600,3.5
2016,"Partur av fólkinum, ið livir av minni enn fátækamarkinum í landinum",Suðuroyar øki,Menn,Aldur 25 - 54,%,4600,3.5
2017,"Partur av fólkinum, ið livir av minni enn fátækamarkinum í landinum",Suðuroyar øki,Menn,Aldur 25 - 54,%,4600,4.6
2018,"Partur av fólkinum, ið livir av minni enn fátækamarkinum í landinum",Suðuroyar øki,Menn,Aldur 25 - 54,%,4600,4.1
2019,"Partur av fólkinum, ið livir av minni enn fátækamarkinum í landinum",Suðuroyar øki,Menn,Aldur 25 - 54,%,4600,4.0
2020,"Partur av fólkinum, ið livir av minni enn fátækamarkinum í landinum",Suðuroyar øki,Menn,Aldur 25 - 54,%,4600,3.9
2021,"Partur av fólkinum, ið livir av minni enn fátækamarkinum í landinum",Suðuroyar øki,Menn,Aldur 25 - 54,%,4600,3.8
2022,"Partur av fólkinum, ið livir av minni enn fátækamarkinum í landinum",Suðuroyar øki,Menn,Aldur 25 - 54,%,4600,3.2
2023,"Partur av fólkinum, ið livir av minni enn fátækamarkinum í landinum",Suðuroyar øki,Menn,Aldur 25 - 54,%,4600,3.1
2024,"Partur av fólkinum, ið livir av minni enn fátækamarkinum í landinum",Suðuroyar øki,Menn,Aldur 25 - 54,%,4600,3.8
2009,"Partur av fólkinum, ið livir av minni enn fátækamarkinum í landinum",Suðuroyar øki,Menn,Aldur 55 - 66,%,4600,4.0
2010,"Partur av fólkinum, ið livir av minni enn fátækamarkinum í landinum",Suðuroyar øki,Menn,Aldur 55 - 66,%,4600,4.2
2011,"Partur av fólkinum, ið livir av minni enn fátækamarkinum í landinum",Suðuroyar øki,Menn,Aldur 55 - 66,%,4600,5.1
2012,"Partur av fólkinum, ið livir av minni enn fátækamarkinum í landinum",Suðuroyar øki,Menn,Aldur 55 - 66,%,4600,4.2
2013,"Partur av fólkinum, ið livir av minni enn fátækamarkinum í landinum",Suðuroyar øki,Menn,Aldur 55 - 66,%,4600,4.8
2014,"Partur av fólkinum, ið livir av minni enn fátækamarkinum í landinum",Suðuroyar øki,Menn,Aldur 55 - 66,%,4600,4.7
2015,"Partur av fólkinum, ið livir av minni enn fátækamarkinum í landinum",Suðuroyar øki,Menn,Aldur 55 - 66,%,4600,3.5
2016,"Partur av fólkinum, ið livir av minni enn fátækamarkinum í landinum",Suðuroyar øki,Menn,Aldur 55 - 66,%,4600,4.2
2017,"Partur av fólkinum, ið livir av minni enn fátækamarkinum í landinum",Suðuroyar øki,Menn,Aldur 55 - 66,%,4600,4.4
2018,"Partur av fólkinum, ið livir av minni enn fátækamarkinum í landinum",Suðuroyar øki,Menn,Aldur 55 - 66,%,4600,3.2
2019,"Partur av fólkinum, ið livir av minni enn fátækamarkinum í landinum",Suðuroyar øki,Menn,Aldur 55 - 66,%,4600,4.4
2020,"Partur av fólkinum, ið livir av minni enn fátækamarkinum í landinum",Suðuroyar øki,Menn,Aldur 55 - 66,%,4600,4.3
2021,"Partur av fólkinum, ið livir av minni enn fátækamarkinum í landinum",Suðuroyar øki,Menn,Aldur 55 - 66,%,4600,4.5
2022,"Partur av fólkinum, ið livir av minni enn fátækamarkinum í landinum",Suðuroyar øki,Menn,Aldur 55 - 66,%,4600,5.0
2023,"Partur av fólkinum, ið livir av minni enn fátækamarkinum í landinum",Suðuroyar øki,Menn,Aldur 55 - 66,%,4600,2.5
2024,"Partur av fólkinum, ið livir av minni enn fátækamarkinum í landinum",Suðuroyar øki,Menn,Aldur 55 - 66,%,4600,2.8
2009,"Partur av fólkinum, ið livir av minni enn fátækamarkinum í landinum",Suðuroyar øki,Menn,Aldur 67 + ,%,4600,2.2
2010,"Partur av fólkinum, ið livir av minni enn fátækamarkinum í landinum",Suðuroyar øki,Menn,Aldur 67 + ,%,4600,1.8
2011,"Partur av fólkinum, ið livir av minni enn fátækamarkinum í landinum",Suðuroyar øki,Menn,Aldur 67 + ,%,4600,2.9
2012,"Partur av fólkinum, ið livir av minni enn fátækamarkinum í landinum",Suðuroyar øki,Menn,Aldur 67 + ,%,4600,2.7
2013,"Partur av fólkinum, ið livir av minni enn fátækamarkinum í landinum",Suðuroyar øki,Menn,Aldur 67 + ,%,4600,1.8
2014,"Partur av fólkinum, ið livir av minni enn fátækamarkinum í landinum",Suðuroyar øki,Menn,Aldur 67 + ,%,4600,1.5
2015,"Partur av fólkinum, ið livir av minni enn fátækamarkinum í landinum",Suðuroyar øki,Menn,Aldur 67 + ,%,4600,2.6
2016,"Partur av fólkinum, ið livir av minni enn fátækamarkinum í landinum",Suðuroyar øki,Menn,Aldur 67 + ,%,4600,2.1
2017,"Partur av fólkinum, ið livir av minni enn fátækamarkinum í landinum",Suðuroyar øki,Menn,Aldur 67 + ,%,4600,4.1
2018,"Partur av fólkinum, ið livir av minni enn fátækamarkinum í landinum",Suðuroyar øki,Menn,Aldur 67 + ,%,4600,3.8
2019,"Partur av fólkinum, ið livir av minni enn fátækamarkinum í landinum",Suðuroyar øki,Menn,Aldur 67 + ,%,4600,1.3
2020,"Partur av fólkinum, ið livir av minni enn fátækamarkinum í landinum",Suðuroyar øki,Menn,Aldur 67 + ,%,4600,0.8
2021,"Partur av fólkinum, ið livir av minni enn fátækamarkinum í landinum",Suðuroyar øki,Menn,Aldur 67 + ,%,4600,0.8
2022,"Partur av fólkinum, ið livir av minni enn fátækamarkinum í landinum",Suðuroyar øki,Menn,Aldur 67 + ,%,4600,0.8
2023,"Partur av fólkinum, ið livir av minni enn fátækamarkinum í landinum",Suðuroyar øki,Menn,Aldur 67 + ,%,4600,1.4
2024,"Partur av fólkinum, ið livir av minni enn fátækamarkinum í landinum",Suðuroyar øki,Menn,Aldur 67 + ,%,4600,0.8
2009,"Partur av fólkinum, ið livir av minni enn fátækamarkinum í landinum",Vága øki,,,%,4400,4.3
2010,"Partur av fólkinum, ið livir av minni enn fátækamarkinum í landinum",Vága øki,,,%,4400,3.0
2011,"Partur av fólkinum, ið livir av minni enn fátækamarkinum í landinum",Vága øki,,,%,4400,3.9
2012,"Partur av fólkinum, ið livir av minni enn fátækamarkinum í landinum",Vága øki,,,%,4400,5.3
2013,"Partur av fólkinum, ið livir av minni enn fátækamarkinum í landinum",Vága øki,,,%,4400,3.1
2014,"Partur av fólkinum, ið livir av minni enn fátækamarkinum í landinum",Vága øki,,,%,4400,3.8
2015,"Partur av fólkinum, ið livir av minni enn fátækamarkinum í landinum",Vága øki,,,%,4400,4.2
2016,"Partur av fólkinum, ið livir av minni enn fátækamarkinum í landinum",Vága øki,,,%,4400,3.3
2017,"Partur av fólkinum, ið livir av minni enn fátækamarkinum í landinum",Vága øki,,,%,4400,2.6
2018,"Partur av fólkinum, ið livir av minni enn fátækamarkinum í landinum",Vága øki,,,%,4400,3.1
2019,"Partur av fólkinum, ið livir av minni enn fátækamarkinum í landinum",Vága øki,,,%,4400,2.9
2020,"Partur av fólkinum, ið livir av minni enn fátækamarkinum í landinum",Vága øki,,,%,4400,2.6
2021,"Partur av fólkinum, ið livir av minni enn fátækamarkinum í landinum",Vága øki,,,%,4400,3.2
2022,"Partur av fólkinum, ið livir av minni enn fátækamarkinum í landinum",Vága øki,,,%,4400,2.1
2023,"Partur av fólkinum, ið livir av minni enn fátækamarkinum í landinum",Vága øki,,,%,4400,2.6
2024,"Partur av fólkinum, ið livir av minni enn fátækamarkinum í landinum",Vága øki,,,%,4400,3.3
2009,"Partur av fólkinum, ið livir av minni enn fátækamarkinum í landinum",Vága øki,,Aldur 0 - 17,%,4400,5.7
2010,"Partur av fólkinum, ið livir av minni enn fátækamarkinum í landinum",Vága øki,,Aldur 0 - 17,%,4400,3.8
2011,"Partur av fólkinum, ið livir av minni enn fátækamarkinum í landinum",Vága øki,,Aldur 0 - 17,%,4400,5.2
2012,"Partur av fólkinum, ið livir av minni enn fátækamarkinum í landinum",Vága øki,,Aldur 0 - 17,%,4400,8.0
2013,"Partur av fólkinum, ið livir av minni enn fátækamarkinum í landinum",Vága øki,,Aldur 0 - 17,%,4400,4.1
2014,"Partur av fólkinum, ið livir av minni enn fátækamarkinum í landinum",Vága øki,,Aldur 0 - 17,%,4400,5.1
2015,"Partur av fólkinum, ið livir av minni enn fátækamarkinum í landinum",Vága øki,,Aldur 0 - 17,%,4400,6.4
2016,"Partur av fólkinum, ið livir av minni enn fátækamarkinum í landinum",Vága øki,,Aldur 0 - 17,%,4400,4.2
2017,"Partur av fólkinum, ið livir av minni enn fátækamarkinum í landinum",Vága øki,,Aldur 0 - 17,%,4400,2.3
2018,"Partur av fólkinum, ið livir av minni enn fátækamarkinum í landinum",Vága øki,,Aldur 0 - 17,%,4400,2.9
2019,"Partur av fólkinum, ið livir av minni enn fátækamarkinum í landinum",Vága øki,,Aldur 0 - 17,%,4400,2.6
2020,"Partur av fólkinum, ið livir av minni enn fátækamarkinum í landinum",Vága øki,,Aldur 0 - 17,%,4400,3.2
2021,"Partur av fólkinum, ið livir av minni enn fátækamarkinum í landinum",Vága øki,,Aldur 0 - 17,%,4400,3.6
2022,"Partur av fólkinum, ið livir av minni enn fátækamarkinum í landinum",Vága øki,,Aldur 0 - 17,%,4400,2.7
2023,"Partur av fólkinum, ið livir av minni enn fátækamarkinum í landinum",Vága øki,,Aldur 0 - 17,%,4400,3.7
2024,"Partur av fólkinum, ið livir av minni enn fátækamarkinum í landinum",Vága øki,,Aldur 0 - 17,%,4400,5.5
2009,"Partur av fólkinum, ið livir av minni enn fátækamarkinum í landinum",Vága øki,,Aldur 18 - 24,%,4400,4.9
2010,"Partur av fólkinum, ið livir av minni enn fátækamarkinum í landinum",Vága øki,,Aldur 18 - 24,%,4400,3.2
2011,"Partur av fólkinum, ið livir av minni enn fátækamarkinum í landinum",Vága øki,,Aldur 18 - 24,%,4400,3.1
2012,"Partur av fólkinum, ið livir av minni enn fátækamarkinum í landinum",Vága øki,,Aldur 18 - 24,%,4400,5.4
2013,"Partur av fólkinum, ið livir av minni enn fátækamarkinum í landinum",Vága øki,,Aldur 18 - 24,%,4400,2.8
2014,"Partur av fólkinum, ið livir av minni enn fátækamarkinum í landinum",Vága øki,,Aldur 18 - 24,%,4400,4.8
2015,"Partur av fólkinum, ið livir av minni enn fátækamarkinum í landinum",Vága øki,,Aldur 18 - 24,%,4400,4.3
2016,"Partur av fólkinum, ið livir av minni enn fátækamarkinum í landinum",Vága øki,,Aldur 18 - 24,%,4400,1.7
2017,"Partur av fólkinum, ið livir av minni enn fátækamarkinum í landinum",Vága øki,,Aldur 18 - 24,%,4400,2.9
2018,"Partur av fólkinum, ið livir av minni enn fátækamarkinum í landinum",Vága øki,,Aldur 18 - 24,%,4400,3.2
2019,"Partur av fólkinum, ið livir av minni enn fátækamarkinum í landinum",Vága øki,,Aldur 18 - 24,%,4400,4.3
2020,"Partur av fólkinum, ið livir av minni enn fátækamarkinum í landinum",Vága øki,,Aldur 18 - 24,%,4400,2.1
2021,"Partur av fólkinum, ið livir av minni enn fátækamarkinum í landinum",Vága øki,,Aldur 18 - 24,%,4400,3.5
2022,"Partur av fólkinum, ið livir av minni enn fátækamarkinum í landinum",Vága øki,,Aldur 18 - 24,%,4400,2.8
2023,"Partur av fólkinum, ið livir av minni enn fátækamarkinum í landinum",Vága øki,,Aldur 18 - 24,%,4400,2.7
2024,"Partur av fólkinum, ið livir av minni enn fátækamarkinum í landinum",Vága øki,,Aldur 18 - 24,%,4400,1.3
2009,"Partur av fólkinum, ið livir av minni enn fátækamarkinum í landinum",Vága øki,,Aldur 25 - 54,%,4400,3.6
2010,"Partur av fólkinum, ið livir av minni enn fátækamarkinum í landinum",Vága øki,,Aldur 25 - 54,%,4400,2.5
2011,"Partur av fólkinum, ið livir av minni enn fátækamarkinum í landinum",Vága øki,,Aldur 25 - 54,%,4400,3.5
2012,"Partur av fólkinum, ið livir av minni enn fátækamarkinum í landinum",Vága øki,,Aldur 25 - 54,%,4400,4.7
2013,"Partur av fólkinum, ið livir av minni enn fátækamarkinum í landinum",Vága øki,,Aldur 25 - 54,%,4400,2.8
2014,"Partur av fólkinum, ið livir av minni enn fátækamarkinum í landinum",Vága øki,,Aldur 25 - 54,%,4400,3.5
2015,"Partur av fólkinum, ið livir av minni enn fátækamarkinum í landinum",Vága øki,,Aldur 25 - 54,%,4400,4.0
2016,"Partur av fólkinum, ið livir av minni enn fátækamarkinum í landinum",Vága øki,,Aldur 25 - 54,%,4400,3.3
2017,"Partur av fólkinum, ið livir av minni enn fátækamarkinum í landinum",Vága øki,,Aldur 25 - 54,%,4400,2.5
2018,"Partur av fólkinum, ið livir av minni enn fátækamarkinum í landinum",Vága øki,,Aldur 25 - 54,%,4400,3.0
2019,"Partur av fólkinum, ið livir av minni enn fátækamarkinum í landinum",Vága øki,,Aldur 25 - 54,%,4400,3.1
2020,"Partur av fólkinum, ið livir av minni enn fátækamarkinum í landinum",Vága øki,,Aldur 25 - 54,%,4400,2.4
2021,"Partur av fólkinum, ið livir av minni enn fátækamarkinum í landinum",Vága øki,,Aldur 25 - 54,%,4400,3.3
2022,"Partur av fólkinum, ið livir av minni enn fátækamarkinum í landinum",Vága øki,,Aldur 25 - 54,%,4400,1.8
2023,"Partur av fólkinum, ið livir av minni enn fátækamarkinum í landinum",Vága øki,,Aldur 25 - 54,%,4400,2.2
2024,"Partur av fólkinum, ið livir av minni enn fátækamarkinum í landinum",Vága øki,,Aldur 25 - 54,%,4400,3.2
2009,"Partur av fólkinum, ið livir av minni enn fátækamarkinum í landinum",Vága øki,,Aldur 55 - 66,%,4400,4.2
2010,"Partur av fólkinum, ið livir av minni enn fátækamarkinum í landinum",Vága øki,,Aldur 55 - 66,%,4400,3.0
2011,"Partur av fólkinum, ið livir av minni enn fátækamarkinum í landinum",Vága øki,,Aldur 55 - 66,%,4400,3.2
2012,"Partur av fólkinum, ið livir av minni enn fátækamarkinum í landinum",Vága øki,,Aldur 55 - 66,%,4400,4.2
2013,"Partur av fólkinum, ið livir av minni enn fátækamarkinum í landinum",Vága øki,,Aldur 55 - 66,%,4400,3.8
2014,"Partur av fólkinum, ið livir av minni enn fátækamarkinum í landinum",Vága øki,,Aldur 55 - 66,%,4400,3.2
2015,"Partur av fólkinum, ið livir av minni enn fátækamarkinum í landinum",Vága øki,,Aldur 55 - 66,%,4400,2.5
2016,"Partur av fólkinum, ið livir av minni enn fátækamarkinum í landinum",Vága øki,,Aldur 55 - 66,%,4400,2.6
2017,"Partur av fólkinum, ið livir av minni enn fátækamarkinum í landinum",Vága øki,,Aldur 55 - 66,%,4400,2.1
2018,"Partur av fólkinum, ið livir av minni enn fátækamarkinum í landinum",Vága øki,,Aldur 55 - 66,%,4400,3.5
2019,"Partur av fólkinum, ið livir av minni enn fátækamarkinum í landinum",Vága øki,,Aldur 55 - 66,%,4400,2.5
2020,"Partur av fólkinum, ið livir av minni enn fátækamarkinum í landinum",Vága øki,,Aldur 55 - 66,%,4400,3.3
2021,"Partur av fólkinum, ið livir av minni enn fátækamarkinum í landinum",Vága øki,,Aldur 55 - 66,%,4400,3.3
2022,"Partur av fólkinum, ið livir av minni enn fátækamarkinum í landinum",Vága øki,,Aldur 55 - 66,%,4400,1.6
2023,"Partur av fólkinum, ið livir av minni enn fátækamarkinum í landinum",Vága øki,,Aldur 55 - 66,%,4400,1.9
2024,"Partur av fólkinum, ið livir av minni enn fátækamarkinum í landinum",Vága øki,,Aldur 55 - 66,%,4400,2.2
2009,"Partur av fólkinum, ið livir av minni enn fátækamarkinum í landinum",Vága øki,,Aldur 67 + ,%,4400,3.3
2010,"Partur av fólkinum, ið livir av minni enn fátækamarkinum í landinum",Vága øki,,Aldur 67 + ,%,4400,2.3
2011,"Partur av fólkinum, ið livir av minni enn fátækamarkinum í landinum",Vága øki,,Aldur 67 + ,%,4400,3.8
2012,"Partur av fólkinum, ið livir av minni enn fátækamarkinum í landinum",Vága øki,,Aldur 67 + ,%,4400,2.9
2013,"Partur av fólkinum, ið livir av minni enn fátækamarkinum í landinum",Vága øki,,Aldur 67 + ,%,4400,1.8
2014,"Partur av fólkinum, ið livir av minni enn fátækamarkinum í landinum",Vága øki,,Aldur 67 + ,%,4400,2.0
2015,"Partur av fólkinum, ið livir av minni enn fátækamarkinum í landinum",Vága øki,,Aldur 67 + ,%,4400,2.2
2016,"Partur av fólkinum, ið livir av minni enn fátækamarkinum í landinum",Vága øki,,Aldur 67 + ,%,4400,3.3
2017,"Partur av fólkinum, ið livir av minni enn fátækamarkinum í landinum",Vága øki,,Aldur 67 + ,%,4400,3.4
2018,"Partur av fólkinum, ið livir av minni enn fátækamarkinum í landinum",Vága øki,,Aldur 67 + ,%,4400,3.4
2019,"Partur av fólkinum, ið livir av minni enn fátækamarkinum í landinum",Vága øki,,Aldur 67 + ,%,4400,2.5
2020,"Partur av fólkinum, ið livir av minni enn fátækamarkinum í landinum",Vága øki,,Aldur 67 + ,%,4400,2.0
2021,"Partur av fólkinum, ið livir av minni enn fátækamarkinum í landinum",Vága øki,,Aldur 67 + ,%,4400,2.0
2022,"Partur av fólkinum, ið livir av minni enn fátækamarkinum í landinum",Vága øki,,Aldur 67 + ,%,4400,1.8
2023,"Partur av fólkinum, ið livir av minni enn fátækamarkinum í landinum",Vága øki,,Aldur 67 + ,%,4400,2.1
2024,"Partur av fólkinum, ið livir av minni enn fátækamarkinum í landinum",Vága øki,,Aldur 67 + ,%,4400,2.3
2009,"Partur av fólkinum, ið livir av minni enn fátækamarkinum í landinum",Vága øki,Kvinnur,,%,4400,4.0
2010,"Partur av fólkinum, ið livir av minni enn fátækamarkinum í landinum",Vága øki,Kvinnur,,%,4400,3.0
2011,"Partur av fólkinum, ið livir av minni enn fátækamarkinum í landinum",Vága øki,Kvinnur,,%,4400,4.6
2012,"Partur av fólkinum, ið livir av minni enn fátækamarkinum í landinum",Vága øki,Kvinnur,,%,4400,5.1
2013,"Partur av fólkinum, ið livir av minni enn fátækamarkinum í landinum",Vága øki,Kvinnur,,%,4400,3.2
2014,"Partur av fólkinum, ið livir av minni enn fátækamarkinum í landinum",Vága øki,Kvinnur,,%,4400,3.8
2015,"Partur av fólkinum, ið livir av minni enn fátækamarkinum í landinum",Vága øki,Kvinnur,,%,4400,4.3
2016,"Partur av fólkinum, ið livir av minni enn fátækamarkinum í landinum",Vága øki,Kvinnur,,%,4400,3.0
2017,"Partur av fólkinum, ið livir av minni enn fátækamarkinum í landinum",Vága øki,Kvinnur,,%,4400,2.4
2018,"Partur av fólkinum, ið livir av minni enn fátækamarkinum í landinum",Vága øki,Kvinnur,,%,4400,2.8
2019,"Partur av fólkinum, ið livir av minni enn fátækamarkinum í landinum",Vága øki,Kvinnur,,%,4400,2.9
2020,"Partur av fólkinum, ið livir av minni enn fátækamarkinum í landinum",Vága øki,Kvinnur,,%,4400,3.1
2021,"Partur av fólkinum, ið livir av minni enn fátækamarkinum í landinum",Vága øki,Kvinnur,,%,4400,3.2
2022,"Partur av fólkinum, ið livir av minni enn fátækamarkinum í landinum",Vága øki,Kvinnur,,%,4400,2.1
2023,"Partur av fólkinum, ið livir av minni enn fátækamarkinum í landinum",Vága øki,Kvinnur,,%,4400,2.8
2024,"Partur av fólkinum, ið livir av minni enn fátækamarkinum í landinum",Vága øki,Kvinnur,,%,4400,2.9
2009,"Partur av fólkinum, ið livir av minni enn fátækamarkinum í landinum",Vága øki,Kvinnur,Aldur 0 - 17,%,4400,5.5
2010,"Partur av fólkinum, ið livir av minni enn fátækamarkinum í landinum",Vága øki,Kvinnur,Aldur 0 - 17,%,4400,5.1
2011,"Partur av fólkinum, ið livir av minni enn fátækamarkinum í landinum",Vága øki,Kvinnur,Aldur 0 - 17,%,4400,7.2
2012,"Partur av fólkinum, ið livir av minni enn fátækamarkinum í landinum",Vága øki,Kvinnur,Aldur 0 - 17,%,4400,7.4
2013,"Partur av fólkinum, ið livir av minni enn fátækamarkinum í landinum",Vága øki,Kvinnur,Aldur 0 - 17,%,4400,4.1
2014,"Partur av fólkinum, ið livir av minni enn fátækamarkinum í landinum",Vága øki,Kvinnur,Aldur 0 - 17,%,4400,5.0
2015,"Partur av fólkinum, ið livir av minni enn fátækamarkinum í landinum",Vága øki,Kvinnur,Aldur 0 - 17,%,4400,7.6
2016,"Partur av fólkinum, ið livir av minni enn fátækamarkinum í landinum",Vága øki,Kvinnur,Aldur 0 - 17,%,4400,3.8
2017,"Partur av fólkinum, ið livir av minni enn fátækamarkinum í landinum",Vága øki,Kvinnur,Aldur 0 - 17,%,4400,2.6
2018,"Partur av fólkinum, ið livir av minni enn fátækamarkinum í landinum",Vága øki,Kvinnur,Aldur 0 - 17,%,4400,2.3
2019,"Partur av fólkinum, ið livir av minni enn fátækamarkinum í landinum",Vága øki,Kvinnur,Aldur 0 - 17,%,4400,2.8
2020,"Partur av fólkinum, ið livir av minni enn fátækamarkinum í landinum",Vága øki,Kvinnur,Aldur 0 - 17,%,4400,3.8
2021,"Partur av fólkinum, ið livir av minni enn fátækamarkinum í landinum",Vága øki,Kvinnur,Aldur 0 - 17,%,4400,4.0
2022,"Partur av fólkinum, ið livir av minni enn fátækamarkinum í landinum",Vága øki,Kvinnur,Aldur 0 - 17,%,4400,2.3
2023,"Partur av fólkinum, ið livir av minni enn fátækamarkinum í landinum",Vága øki,Kvinnur,Aldur 0 - 17,%,4400,3.9
2024,"Partur av fólkinum, ið livir av minni enn fátækamarkinum í landinum",Vága øki,Kvinnur,Aldur 0 - 17,%,4400,4.2
2009,"Partur av fólkinum, ið livir av minni enn fátækamarkinum í landinum",Vága øki,Kvinnur,Aldur 18 - 24,%,4400,5.9
2010,"Partur av fólkinum, ið livir av minni enn fátækamarkinum í landinum",Vága øki,Kvinnur,Aldur 18 - 24,%,4400,1.5
2011,"Partur av fólkinum, ið livir av minni enn fátækamarkinum í landinum",Vága øki,Kvinnur,Aldur 18 - 24,%,4400,5.6
2012,"Partur av fólkinum, ið livir av minni enn fátækamarkinum í landinum",Vága øki,Kvinnur,Aldur 18 - 24,%,4400,7.2
2013,"Partur av fólkinum, ið livir av minni enn fátækamarkinum í landinum",Vága øki,Kvinnur,Aldur 18 - 24,%,4400,3.4
2014,"Partur av fólkinum, ið livir av minni enn fátækamarkinum í landinum",Vága øki,Kvinnur,Aldur 18 - 24,%,4400,2.1
2015,"Partur av fólkinum, ið livir av minni enn fátækamarkinum í landinum",Vága øki,Kvinnur,Aldur 18 - 24,%,4400,5.3
2016,"Partur av fólkinum, ið livir av minni enn fátækamarkinum í landinum",Vága øki,Kvinnur,Aldur 18 - 24,%,4400,1.9
2017,"Partur av fólkinum, ið livir av minni enn fátækamarkinum í landinum",Vága øki,Kvinnur,Aldur 18 - 24,%,4400,1.0
2018,"Partur av fólkinum, ið livir av minni enn fátækamarkinum í landinum",Vága øki,Kvinnur,Aldur 18 - 24,%,4400,3.8
2019,"Partur av fólkinum, ið livir av minni enn fátækamarkinum í landinum",Vága øki,Kvinnur,Aldur 18 - 24,%,4400,4.0
2020,"Partur av fólkinum, ið livir av minni enn fátækamarkinum í landinum",Vága øki,Kvinnur,Aldur 18 - 24,%,4400,3.1
2021,"Partur av fólkinum, ið livir av minni enn fátækamarkinum í landinum",Vága øki,Kvinnur,Aldur 18 - 24,%,4400,2.4
2022,"Partur av fólkinum, ið livir av minni enn fátækamarkinum í landinum",Vága øki,Kvinnur,Aldur 18 - 24,%,4400,4.3
2023,"Partur av fólkinum, ið livir av minni enn fátækamarkinum í landinum",Vága øki,Kvinnur,Aldur 18 - 24,%,4400,3.7
2024,"Partur av fólkinum, ið livir av minni enn fátækamarkinum í landinum",Vága øki,Kvinnur,Aldur 18 - 24,%,4400,0.7
2009,"Partur av fólkinum, ið livir av minni enn fátækamarkinum í landinum",Vága øki,Kvinnur,Aldur 25 - 54,%,4400,4.1
2010,"Partur av fólkinum, ið livir av minni enn fátækamarkinum í landinum",Vága øki,Kvinnur,Aldur 25 - 54,%,4400,2.6
2011,"Partur av fólkinum, ið livir av minni enn fátækamarkinum í landinum",Vága øki,Kvinnur,Aldur 25 - 54,%,4400,3.0
2012,"Partur av fólkinum, ið livir av minni enn fátækamarkinum í landinum",Vága øki,Kvinnur,Aldur 25 - 54,%,4400,5.1
2013,"Partur av fólkinum, ið livir av minni enn fátækamarkinum í landinum",Vága øki,Kvinnur,Aldur 25 - 54,%,4400,3.0
2014,"Partur av fólkinum, ið livir av minni enn fátækamarkinum í landinum",Vága øki,Kvinnur,Aldur 25 - 54,%,4400,4.4
2015,"Partur av fólkinum, ið livir av minni enn fátækamarkinum í landinum",Vága øki,Kvinnur,Aldur 25 - 54,%,4400,3.7
2016,"Partur av fólkinum, ið livir av minni enn fátækamarkinum í landinum",Vága øki,Kvinnur,Aldur 25 - 54,%,4400,2.9
2017,"Partur av fólkinum, ið livir av minni enn fátækamarkinum í landinum",Vága øki,Kvinnur,Aldur 25 - 54,%,4400,2.1
2018,"Partur av fólkinum, ið livir av minni enn fátækamarkinum í landinum",Vága øki,Kvinnur,Aldur 25 - 54,%,4400,2.8
2019,"Partur av fólkinum, ið livir av minni enn fátækamarkinum í landinum",Vága øki,Kvinnur,Aldur 25 - 54,%,4400,3.1
2020,"Partur av fólkinum, ið livir av minni enn fátækamarkinum í landinum",Vága øki,Kvinnur,Aldur 25 - 54,%,4400,2.5
2021,"Partur av fólkinum, ið livir av minni enn fátækamarkinum í landinum",Vága øki,Kvinnur,Aldur 25 - 54,%,4400,3.2
2022,"Partur av fólkinum, ið livir av minni enn fátækamarkinum í landinum",Vága øki,Kvinnur,Aldur 25 - 54,%,4400,1.8
2023,"Partur av fólkinum, ið livir av minni enn fátækamarkinum í landinum",Vága øki,Kvinnur,Aldur 25 - 54,%,4400,3.0
2024,"Partur av fólkinum, ið livir av minni enn fátækamarkinum í landinum",Vága øki,Kvinnur,Aldur 25 - 54,%,4400,3.7
2009,"Partur av fólkinum, ið livir av minni enn fátækamarkinum í landinum",Vága øki,Kvinnur,Aldur 55 - 66,%,4400,1.9
2010,"Partur av fólkinum, ið livir av minni enn fátækamarkinum í landinum",Vága øki,Kvinnur,Aldur 55 - 66,%,4400,1.5
2011,"Partur av fólkinum, ið livir av minni enn fátækamarkinum í landinum",Vága øki,Kvinnur,Aldur 55 - 66,%,4400,2.5
2012,"Partur av fólkinum, ið livir av minni enn fátækamarkinum í landinum",Vága øki,Kvinnur,Aldur 55 - 66,%,4400,2.5
2013,"Partur av fólkinum, ið livir av minni enn fátækamarkinum í landinum",Vága øki,Kvinnur,Aldur 55 - 66,%,4400,3.4
2014,"Partur av fólkinum, ið livir av minni enn fátækamarkinum í landinum",Vága øki,Kvinnur,Aldur 55 - 66,%,4400,2.2
2015,"Partur av fólkinum, ið livir av minni enn fátækamarkinum í landinum",Vága øki,Kvinnur,Aldur 55 - 66,%,4400,0.9
2016,"Partur av fólkinum, ið livir av minni enn fátækamarkinum í landinum",Vága øki,Kvinnur,Aldur 55 - 66,%,4400,1.4
2017,"Partur av fólkinum, ið livir av minni enn fátækamarkinum í landinum",Vága øki,Kvinnur,Aldur 55 - 66,%,4400,1.9
2018,"Partur av fólkinum, ið livir av minni enn fátækamarkinum í landinum",Vága øki,Kvinnur,Aldur 55 - 66,%,4400,2.9
2019,"Partur av fólkinum, ið livir av minni enn fátækamarkinum í landinum",Vága øki,Kvinnur,Aldur 55 - 66,%,4400,1.4
2020,"Partur av fólkinum, ið livir av minni enn fátækamarkinum í landinum",Vága øki,Kvinnur,Aldur 55 - 66,%,4400,3.9
2021,"Partur av fólkinum, ið livir av minni enn fátækamarkinum í landinum",Vága øki,Kvinnur,Aldur 55 - 66,%,4400,3.4
2022,"Partur av fólkinum, ið livir av minni enn fátækamarkinum í landinum",Vága øki,Kvinnur,Aldur 55 - 66,%,4400,2.5
2023,"Partur av fólkinum, ið livir av minni enn fátækamarkinum í landinum",Vága øki,Kvinnur,Aldur 55 - 66,%,4400,2.0
2024,"Partur av fólkinum, ið livir av minni enn fátækamarkinum í landinum",Vága øki,Kvinnur,Aldur 55 - 66,%,4400,2.4
2009,"Partur av fólkinum, ið livir av minni enn fátækamarkinum í landinum",Vága øki,Kvinnur,Aldur 67 + ,%,4400,1.9
2010,"Partur av fólkinum, ið livir av minni enn fátækamarkinum í landinum",Vága øki,Kvinnur,Aldur 67 + ,%,4400,2.7
2011,"Partur av fólkinum, ið livir av minni enn fátækamarkinum í landinum",Vága øki,Kvinnur,Aldur 67 + ,%,4400,4.7
2012,"Partur av fólkinum, ið livir av minni enn fátækamarkinum í landinum",Vága øki,Kvinnur,Aldur 67 + ,%,4400,2.6
2013,"Partur av fólkinum, ið livir av minni enn fátækamarkinum í landinum",Vága øki,Kvinnur,Aldur 67 + ,%,4400,1.7
2014,"Partur av fólkinum, ið livir av minni enn fátækamarkinum í landinum",Vága øki,Kvinnur,Aldur 67 + ,%,4400,2.6
2015,"Partur av fólkinum, ið livir av minni enn fátækamarkinum í landinum",Vága øki,Kvinnur,Aldur 67 + ,%,4400,2.6
2016,"Partur av fólkinum, ið livir av minni enn fátækamarkinum í landinum",Vága øki,Kvinnur,Aldur 67 + ,%,4400,3.7
2017,"Partur av fólkinum, ið livir av minni enn fátækamarkinum í landinum",Vága øki,Kvinnur,Aldur 67 + ,%,4400,3.5
2018,"Partur av fólkinum, ið livir av minni enn fátækamarkinum í landinum",Vága øki,Kvinnur,Aldur 67 + ,%,4400,3.5
2019,"Partur av fólkinum, ið livir av minni enn fátækamarkinum í landinum",Vága øki,Kvinnur,Aldur 67 + ,%,4400,3.4
2020,"Partur av fólkinum, ið livir av minni enn fátækamarkinum í landinum",Vága øki,Kvinnur,Aldur 67 + ,%,4400,2.6
2021,"Partur av fólkinum, ið livir av minni enn fátækamarkinum í landinum",Vága øki,Kvinnur,Aldur 67 + ,%,4400,1.8
2022,"Partur av fólkinum, ið livir av minni enn fátækamarkinum í landinum",Vága øki,Kvinnur,Aldur 67 + ,%,4400,1.5
2023,"Partur av fólkinum, ið livir av minni enn fátækamarkinum í landinum",Vága øki,Kvinnur,Aldur 67 + ,%,4400,1.1
2024,"Partur av fólkinum, ið livir av minni enn fátækamarkinum í landinum",Vága øki,Kvinnur,Aldur 67 + ,%,4400,1.1
2009,"Partur av fólkinum, ið livir av minni enn fátækamarkinum í landinum",Vága øki,Menn,,%,4400,4.6
2010,"Partur av fólkinum, ið livir av minni enn fátækamarkinum í landinum",Vága øki,Menn,,%,4400,2.9
2011,"Partur av fólkinum, ið livir av minni enn fátækamarkinum í landinum",Vága øki,Menn,,%,4400,3.3
2012,"Partur av fólkinum, ið livir av minni enn fátækamarkinum í landinum",Vága øki,Menn,,%,4400,5.4
2013,"Partur av fólkinum, ið livir av minni enn fátækamarkinum í landinum",Vága øki,Menn,,%,4400,3.1
2014,"Partur av fólkinum, ið livir av minni enn fátækamarkinum í landinum",Vága øki,Menn,,%,4400,3.7
2015,"Partur av fólkinum, ið livir av minni enn fátækamarkinum í landinum",Vága øki,Menn,,%,4400,4.0
2016,"Partur av fólkinum, ið livir av minni enn fátækamarkinum í landinum",Vága øki,Menn,,%,4400,3.6
2017,"Partur av fólkinum, ið livir av minni enn fátækamarkinum í landinum",Vága øki,Menn,,%,4400,2.7
2018,"Partur av fólkinum, ið livir av minni enn fátækamarkinum í landinum",Vága øki,Menn,,%,4400,3.4
2019,"Partur av fólkinum, ið livir av minni enn fátækamarkinum í landinum",Vága øki,Menn,,%,4400,2.8
2020,"Partur av fólkinum, ið livir av minni enn fátækamarkinum í landinum",Vága øki,Menn,,%,4400,2.1
2021,"Partur av fólkinum, ið livir av minni enn fátækamarkinum í landinum",Vága øki,Menn,,%,4400,3.2
2022,"Partur av fólkinum, ið livir av minni enn fátækamarkinum í landinum",Vága øki,Menn,,%,4400,2.1
2023,"Partur av fólkinum, ið livir av minni enn fátækamarkinum í landinum",Vága øki,Menn,,%,4400,2.4
2024,"Partur av fólkinum, ið livir av minni enn fátækamarkinum í landinum",Vága øki,Menn,,%,4400,3.7
2009,"Partur av fólkinum, ið livir av minni enn fátækamarkinum í landinum",Vága øki,Menn,Aldur 0 - 17,%,4400,5.8
2010,"Partur av fólkinum, ið livir av minni enn fátækamarkinum í landinum",Vága øki,Menn,Aldur 0 - 17,%,4400,2.6
2011,"Partur av fólkinum, ið livir av minni enn fátækamarkinum í landinum",Vága øki,Menn,Aldur 0 - 17,%,4400,3.2
2012,"Partur av fólkinum, ið livir av minni enn fátækamarkinum í landinum",Vága øki,Menn,Aldur 0 - 17,%,4400,8.5
2013,"Partur av fólkinum, ið livir av minni enn fátækamarkinum í landinum",Vága øki,Menn,Aldur 0 - 17,%,4400,4.2
2014,"Partur av fólkinum, ið livir av minni enn fátækamarkinum í landinum",Vága øki,Menn,Aldur 0 - 17,%,4400,5.2
2015,"Partur av fólkinum, ið livir av minni enn fátækamarkinum í landinum",Vága øki,Menn,Aldur 0 - 17,%,4400,5.2
2016,"Partur av fólkinum, ið livir av minni enn fátækamarkinum í landinum",Vága øki,Menn,Aldur 0 - 17,%,4400,4.6
2017,"Partur av fólkinum, ið livir av minni enn fátækamarkinum í landinum",Vága øki,Menn,Aldur 0 - 17,%,4400,1.9
2018,"Partur av fólkinum, ið livir av minni enn fátækamarkinum í landinum",Vága øki,Menn,Aldur 0 - 17,%,4400,3.5
2019,"Partur av fólkinum, ið livir av minni enn fátækamarkinum í landinum",Vága øki,Menn,Aldur 0 - 17,%,4400,2.3
2020,"Partur av fólkinum, ið livir av minni enn fátækamarkinum í landinum",Vága øki,Menn,Aldur 0 - 17,%,4400,2.5
2021,"Partur av fólkinum, ið livir av minni enn fátækamarkinum í landinum",Vága øki,Menn,Aldur 0 - 17,%,4400,3.2
2022,"Partur av fólkinum, ið livir av minni enn fátækamarkinum í landinum",Vága øki,Menn,Aldur 0 - 17,%,4400,3.2
2023,"Partur av fólkinum, ið livir av minni enn fátækamarkinum í landinum",Vága øki,Menn,Aldur 0 - 17,%,4400,3.5
2024,"Partur av fólkinum, ið livir av minni enn fátækamarkinum í landinum",Vága øki,Menn,Aldur 0 - 17,%,4400,6.8
2009,"Partur av fólkinum, ið livir av minni enn fátækamarkinum í landinum",Vága øki,Menn,Aldur 18 - 24,%,4400,3.9
2010,"Partur av fólkinum, ið livir av minni enn fátækamarkinum í landinum",Vága øki,Menn,Aldur 18 - 24,%,4400,4.7
2011,"Partur av fólkinum, ið livir av minni enn fátækamarkinum í landinum",Vága øki,Menn,Aldur 18 - 24,%,4400,1.4
2012,"Partur av fólkinum, ið livir av minni enn fátækamarkinum í landinum",Vága øki,Menn,Aldur 18 - 24,%,4400,4.2
2013,"Partur av fólkinum, ið livir av minni enn fátækamarkinum í landinum",Vága øki,Menn,Aldur 18 - 24,%,4400,2.3
2014,"Partur av fólkinum, ið livir av minni enn fátækamarkinum í landinum",Vága øki,Menn,Aldur 18 - 24,%,4400,6.8
2015,"Partur av fólkinum, ið livir av minni enn fátækamarkinum í landinum",Vága øki,Menn,Aldur 18 - 24,%,4400,3.6
2016,"Partur av fólkinum, ið livir av minni enn fátækamarkinum í landinum",Vága øki,Menn,Aldur 18 - 24,%,4400,1.6
2017,"Partur av fólkinum, ið livir av minni enn fátækamarkinum í landinum",Vága øki,Menn,Aldur 18 - 24,%,4400,4.4
2018,"Partur av fólkinum, ið livir av minni enn fátækamarkinum í landinum",Vága øki,Menn,Aldur 18 - 24,%,4400,2.8
2019,"Partur av fólkinum, ið livir av minni enn fátækamarkinum í landinum",Vága øki,Menn,Aldur 18 - 24,%,4400,4.5
2020,"Partur av fólkinum, ið livir av minni enn fátækamarkinum í landinum",Vága øki,Menn,Aldur 18 - 24,%,4400,1.3
2021,"Partur av fólkinum, ið livir av minni enn fátækamarkinum í landinum",Vága øki,Menn,Aldur 18 - 24,%,4400,4.4
2022,"Partur av fólkinum, ið livir av minni enn fátækamarkinum í landinum",Vága øki,Menn,Aldur 18 - 24,%,4400,1.3
2023,"Partur av fólkinum, ið livir av minni enn fátækamarkinum í landinum",Vága øki,Menn,Aldur 18 - 24,%,4400,1.8
2024,"Partur av fólkinum, ið livir av minni enn fátækamarkinum í landinum",Vága øki,Menn,Aldur 18 - 24,%,4400,2.0
2009,"Partur av fólkinum, ið livir av minni enn fátækamarkinum í landinum",Vága øki,Menn,Aldur 25 - 54,%,4400,3.2
2010,"Partur av fólkinum, ið livir av minni enn fátækamarkinum í landinum",Vága øki,Menn,Aldur 25 - 54,%,4400,2.3
2011,"Partur av fólkinum, ið livir av minni enn fátækamarkinum í landinum",Vága øki,Menn,Aldur 25 - 54,%,4400,3.9
2012,"Partur av fólkinum, ið livir av minni enn fátækamarkinum í landinum",Vága øki,Menn,Aldur 25 - 54,%,4400,4.3
2013,"Partur av fólkinum, ið livir av minni enn fátækamarkinum í landinum",Vága øki,Menn,Aldur 25 - 54,%,4400,2.6
2014,"Partur av fólkinum, ið livir av minni enn fátækamarkinum í landinum",Vága øki,Menn,Aldur 25 - 54,%,4400,2.7
2015,"Partur av fólkinum, ið livir av minni enn fátækamarkinum í landinum",Vága øki,Menn,Aldur 25 - 54,%,4400,4.2
2016,"Partur av fólkinum, ið livir av minni enn fátækamarkinum í landinum",Vága øki,Menn,Aldur 25 - 54,%,4400,3.6
2017,"Partur av fólkinum, ið livir av minni enn fátækamarkinum í landinum",Vága øki,Menn,Aldur 25 - 54,%,4400,2.9
2018,"Partur av fólkinum, ið livir av minni enn fátækamarkinum í landinum",Vága øki,Menn,Aldur 25 - 54,%,4400,3.1
2019,"Partur av fólkinum, ið livir av minni enn fátækamarkinum í landinum",Vága øki,Menn,Aldur 25 - 54,%,4400,3.0
2020,"Partur av fólkinum, ið livir av minni enn fátækamarkinum í landinum",Vága øki,Menn,Aldur 25 - 54,%,4400,2.2
2021,"Partur av fólkinum, ið livir av minni enn fátækamarkinum í landinum",Vága øki,Menn,Aldur 25 - 54,%,4400,3.4
2022,"Partur av fólkinum, ið livir av minni enn fátækamarkinum í landinum",Vága øki,Menn,Aldur 25 - 54,%,4400,1.9
2023,"Partur av fólkinum, ið livir av minni enn fátækamarkinum í landinum",Vága øki,Menn,Aldur 25 - 54,%,4400,1.6
2024,"Partur av fólkinum, ið livir av minni enn fátækamarkinum í landinum",Vága øki,Menn,Aldur 25 - 54,%,4400,2.7
2009,"Partur av fólkinum, ið livir av minni enn fátækamarkinum í landinum",Vága øki,Menn,Aldur 55 - 66,%,4400,6.4
2010,"Partur av fólkinum, ið livir av minni enn fátækamarkinum í landinum",Vága øki,Menn,Aldur 55 - 66,%,4400,4.5
2011,"Partur av fólkinum, ið livir av minni enn fátækamarkinum í landinum",Vága øki,Menn,Aldur 55 - 66,%,4400,4.0
2012,"Partur av fólkinum, ið livir av minni enn fátækamarkinum í landinum",Vága øki,Menn,Aldur 55 - 66,%,4400,5.9
2013,"Partur av fólkinum, ið livir av minni enn fátækamarkinum í landinum",Vága øki,Menn,Aldur 55 - 66,%,4400,4.0
2014,"Partur av fólkinum, ið livir av minni enn fátækamarkinum í landinum",Vága øki,Menn,Aldur 55 - 66,%,4400,4.1
2015,"Partur av fólkinum, ið livir av minni enn fátækamarkinum í landinum",Vága øki,Menn,Aldur 55 - 66,%,4400,4.0
2016,"Partur av fólkinum, ið livir av minni enn fátækamarkinum í landinum",Vága øki,Menn,Aldur 55 - 66,%,4400,3.6
2017,"Partur av fólkinum, ið livir av minni enn fátækamarkinum í landinum",Vága øki,Menn,Aldur 55 - 66,%,4400,2.3
2018,"Partur av fólkinum, ið livir av minni enn fátækamarkinum í landinum",Vága øki,Menn,Aldur 55 - 66,%,4400,4.1
2019,"Partur av fólkinum, ið livir av minni enn fátækamarkinum í landinum",Vága øki,Menn,Aldur 55 - 66,%,4400,3.4
2020,"Partur av fólkinum, ið livir av minni enn fátækamarkinum í landinum",Vága øki,Menn,Aldur 55 - 66,%,4400,2.7
2021,"Partur av fólkinum, ið livir av minni enn fátækamarkinum í landinum",Vága øki,Menn,Aldur 55 - 66,%,4400,3.2
2022,"Partur av fólkinum, ið livir av minni enn fátækamarkinum í landinum",Vága øki,Menn,Aldur 55 - 66,%,4400,0.9
2023,"Partur av fólkinum, ið livir av minni enn fátækamarkinum í landinum",Vága øki,Menn,Aldur 55 - 66,%,4400,1.8
2024,"Partur av fólkinum, ið livir av minni enn fátækamarkinum í landinum",Vága øki,Menn,Aldur 55 - 66,%,4400,2.1
2009,"Partur av fólkinum, ið livir av minni enn fátækamarkinum í landinum",Vága øki,Menn,Aldur 67 + ,%,4400,4.7
2010,"Partur av fólkinum, ið livir av minni enn fátækamarkinum í landinum",Vága øki,Menn,Aldur 67 + ,%,4400,1.9
2011,"Partur av fólkinum, ið livir av minni enn fátækamarkinum í landinum",Vága øki,Menn,Aldur 67 + ,%,4400,2.8
2012,"Partur av fólkinum, ið livir av minni enn fátækamarkinum í landinum",Vága øki,Menn,Aldur 67 + ,%,4400,3.1
2013,"Partur av fólkinum, ið livir av minni enn fátækamarkinum í landinum",Vága øki,Menn,Aldur 67 + ,%,4400,1.8
2014,"Partur av fólkinum, ið livir av minni enn fátækamarkinum í landinum",Vága øki,Menn,Aldur 67 + ,%,4400,1.3
2015,"Partur av fólkinum, ið livir av minni enn fátækamarkinum í landinum",Vága øki,Menn,Aldur 67 + ,%,4400,1.8
2016,"Partur av fólkinum, ið livir av minni enn fátækamarkinum í landinum",Vága øki,Menn,Aldur 67 + ,%,4400,3.0
2017,"Partur av fólkinum, ið livir av minni enn fátækamarkinum í landinum",Vága øki,Menn,Aldur 67 + ,%,4400,3.2
2018,"Partur av fólkinum, ið livir av minni enn fátækamarkinum í landinum",Vága øki,Menn,Aldur 67 + ,%,4400,3.2
2019,"Partur av fólkinum, ið livir av minni enn fátækamarkinum í landinum",Vága øki,Menn,Aldur 67 + ,%,4400,1.6
2020,"Partur av fólkinum, ið livir av minni enn fátækamarkinum í landinum",Vága øki,Menn,Aldur 67 + ,%,4400,1.4
2021,"Partur av fólkinum, ið livir av minni enn fátækamarkinum í landinum",Vága øki,Menn,Aldur 67 + ,%,4400,2.1
2022,"Partur av fólkinum, ið livir av minni enn fátækamarkinum í landinum",Vága øki,Menn,Aldur 67 + ,%,4400,2.1
2023,"Partur av fólkinum, ið livir av minni enn fátækamarkinum í landinum",Vága øki,Menn,Aldur 67 + ,%,4400,3.0
2024,"Partur av fólkinum, ið livir av minni enn fátækamarkinum í landinum",Vága øki,Menn,Aldur 67 + ,%,4400,3.4
