Year,Series,region,sex,age,Units,Value
2009,Proportion of population living below the national poverty line,,,,pct.,3.9
2010,Proportion of population living below the national poverty line,,,,pct.,4.0
2011,Proportion of population living below the national poverty line,,,,pct.,4.4
2012,Proportion of population living below the national poverty line,,,,pct.,4.7
2013,Proportion of population living below the national poverty line,,,,pct.,3.7
2014,Proportion of population living below the national poverty line,,,,pct.,3.5
2015,Proportion of population living below the national poverty line,,,,pct.,3.4
2016,Proportion of population living below the national poverty line,,,,pct.,3.2
2017,Proportion of population living below the national poverty line,,,,pct.,3.0
2018,Proportion of population living below the national poverty line,,,,pct.,2.9
2019,Proportion of population living below the national poverty line,,,,pct.,2.6
2020,Proportion of population living below the national poverty line,,,,pct.,2.4
2021,Proportion of population living below the national poverty line,,,,pct.,2.6
2022,Proportion of population living below the national poverty line,,,,pct.,2.5
2023,Proportion of population living below the national poverty line,,,,pct.,2.5
2024,Proportion of population living below the national poverty line,,,,pct.,2.9
2009,Proportion of population living below the national poverty line,,,Age 0 - 17,pct.,5.1
2010,Proportion of population living below the national poverty line,,,Age 0 - 17,pct.,5.2
2011,Proportion of population living below the national poverty line,,,Age 0 - 17,pct.,5.7
2012,Proportion of population living below the national poverty line,,,Age 0 - 17,pct.,6.2
2013,Proportion of population living below the national poverty line,,,Age 0 - 17,pct.,5.1
2014,Proportion of population living below the national poverty line,,,Age 0 - 17,pct.,4.8
2015,Proportion of population living below the national poverty line,,,Age 0 - 17,pct.,4.4
2016,Proportion of population living below the national poverty line,,,Age 0 - 17,pct.,4.3
2017,Proportion of population living below the national poverty line,,,Age 0 - 17,pct.,3.8
2018,Proportion of population living below the national poverty line,,,Age 0 - 17,pct.,3.5
2019,Proportion of population living below the national poverty line,,,Age 0 - 17,pct.,3.4
2020,Proportion of population living below the national poverty line,,,Age 0 - 17,pct.,3.2
2021,Proportion of population living below the national poverty line,,,Age 0 - 17,pct.,3.4
2022,Proportion of population living below the national poverty line,,,Age 0 - 17,pct.,3.2
2023,Proportion of population living below the national poverty line,,,Age 0 - 17,pct.,3.0
2024,Proportion of population living below the national poverty line,,,Age 0 - 17,pct.,3.6
2009,Proportion of population living below the national poverty line,,,Age 18 - 24,pct.,3.7
2010,Proportion of population living below the national poverty line,,,Age 18 - 24,pct.,4.3
2011,Proportion of population living below the national poverty line,,,Age 18 - 24,pct.,5.4
2012,Proportion of population living below the national poverty line,,,Age 18 - 24,pct.,6.1
2013,Proportion of population living below the national poverty line,,,Age 18 - 24,pct.,4.3
2014,Proportion of population living below the national poverty line,,,Age 18 - 24,pct.,4.6
2015,Proportion of population living below the national poverty line,,,Age 18 - 24,pct.,4.1
2016,Proportion of population living below the national poverty line,,,Age 18 - 24,pct.,3.6
2017,Proportion of population living below the national poverty line,,,Age 18 - 24,pct.,3.0
2018,Proportion of population living below the national poverty line,,,Age 18 - 24,pct.,3.4
2019,Proportion of population living below the national poverty line,,,Age 18 - 24,pct.,3.1
2020,Proportion of population living below the national poverty line,,,Age 18 - 24,pct.,2.6
2021,Proportion of population living below the national poverty line,,,Age 18 - 24,pct.,3.3
2022,Proportion of population living below the national poverty line,,,Age 18 - 24,pct.,3.1
2023,Proportion of population living below the national poverty line,,,Age 18 - 24,pct.,3.3
2024,Proportion of population living below the national poverty line,,,Age 18 - 24,pct.,3.5
2009,Proportion of population living below the national poverty line,,,Age 25 - 54,pct.,3.5
2010,Proportion of population living below the national poverty line,,,Age 25 - 54,pct.,3.8
2011,Proportion of population living below the national poverty line,,,Age 25 - 54,pct.,4.1
2012,Proportion of population living below the national poverty line,,,Age 25 - 54,pct.,4.4
2013,Proportion of population living below the national poverty line,,,Age 25 - 54,pct.,3.4
2014,Proportion of population living below the national poverty line,,,Age 25 - 54,pct.,3.1
2015,Proportion of population living below the national poverty line,,,Age 25 - 54,pct.,3.2
2016,Proportion of population living below the national poverty line,,,Age 25 - 54,pct.,3.1
2017,Proportion of population living below the national poverty line,,,Age 25 - 54,pct.,2.9
2018,Proportion of population living below the national poverty line,,,Age 25 - 54,pct.,2.8
2019,Proportion of population living below the national poverty line,,,Age 25 - 54,pct.,2.6
2020,Proportion of population living below the national poverty line,,,Age 25 - 54,pct.,2.3
2021,Proportion of population living below the national poverty line,,,Age 25 - 54,pct.,2.8
2022,Proportion of population living below the national poverty line,,,Age 25 - 54,pct.,2.7
2023,Proportion of population living below the national poverty line,,,Age 25 - 54,pct.,2.6
2024,Proportion of population living below the national poverty line,,,Age 25 - 54,pct.,3.1
2009,Proportion of population living below the national poverty line,,,Age 55 - 66,pct.,3.7
2010,Proportion of population living below the national poverty line,,,Age 55 - 66,pct.,3.5
2011,Proportion of population living below the national poverty line,,,Age 55 - 66,pct.,3.5
2012,Proportion of population living below the national poverty line,,,Age 55 - 66,pct.,3.8
2013,Proportion of population living below the national poverty line,,,Age 55 - 66,pct.,3.2
2014,Proportion of population living below the national poverty line,,,Age 55 - 66,pct.,3.2
2015,Proportion of population living below the national poverty line,,,Age 55 - 66,pct.,2.7
2016,Proportion of population living below the national poverty line,,,Age 55 - 66,pct.,2.8
2017,Proportion of population living below the national poverty line,,,Age 55 - 66,pct.,2.7
2018,Proportion of population living below the national poverty line,,,Age 55 - 66,pct.,2.3
2019,Proportion of population living below the national poverty line,,,Age 55 - 66,pct.,2.2
2020,Proportion of population living below the national poverty line,,,Age 55 - 66,pct.,2.0
2021,Proportion of population living below the national poverty line,,,Age 55 - 66,pct.,2.1
2022,Proportion of population living below the national poverty line,,,Age 55 - 66,pct.,2.0
2023,Proportion of population living below the national poverty line,,,Age 55 - 66,pct.,2.0
2024,Proportion of population living below the national poverty line,,,Age 55 - 66,pct.,2.2
2009,Proportion of population living below the national poverty line,,,Age 67 + ,pct.,3.0
2010,Proportion of population living below the national poverty line,,,Age 67 + ,pct.,2.6
2011,Proportion of population living below the national poverty line,,,Age 67 + ,pct.,2.8
2012,Proportion of population living below the national poverty line,,,Age 67 + ,pct.,2.4
2013,Proportion of population living below the national poverty line,,,Age 67 + ,pct.,1.8
2014,Proportion of population living below the national poverty line,,,Age 67 + ,pct.,2.0
2015,Proportion of population living below the national poverty line,,,Age 67 + ,pct.,2.0
2016,Proportion of population living below the national poverty line,,,Age 67 + ,pct.,1.9
2017,Proportion of population living below the national poverty line,,,Age 67 + ,pct.,2.5
2018,Proportion of population living below the national poverty line,,,Age 67 + ,pct.,2.4
2019,Proportion of population living below the national poverty line,,,Age 67 + ,pct.,1.5
2020,Proportion of population living below the national poverty line,,,Age 67 + ,pct.,1.3
2021,Proportion of population living below the national poverty line,,,Age 67 + ,pct.,1.0
2022,Proportion of population living below the national poverty line,,,Age 67 + ,pct.,0.9
2023,Proportion of population living below the national poverty line,,,Age 67 + ,pct.,1.4
2024,Proportion of population living below the national poverty line,,,Age 67 + ,pct.,1.4
2009,Proportion of population living below the national poverty line,,Females,,pct.,4.1
2010,Proportion of population living below the national poverty line,,Females,,pct.,4.2
2011,Proportion of population living below the national poverty line,,Females,,pct.,4.7
2012,Proportion of population living below the national poverty line,,Females,,pct.,4.8
2013,Proportion of population living below the national poverty line,,Females,,pct.,3.9
2014,Proportion of population living below the national poverty line,,Females,,pct.,3.8
2015,Proportion of population living below the national poverty line,,Females,,pct.,3.6
2016,Proportion of population living below the national poverty line,,Females,,pct.,3.4
2017,Proportion of population living below the national poverty line,,Females,,pct.,3.1
2018,Proportion of population living below the national poverty line,,Females,,pct.,3.0
2019,Proportion of population living below the national poverty line,,Females,,pct.,2.9
2020,Proportion of population living below the national poverty line,,Females,,pct.,2.6
2021,Proportion of population living below the national poverty line,,Females,,pct.,2.7
2022,Proportion of population living below the national poverty line,,Females,,pct.,2.6
2023,Proportion of population living below the national poverty line,,Females,,pct.,2.6
2024,Proportion of population living below the national poverty line,,Females,,pct.,2.9
2009,Proportion of population living below the national poverty line,,Females,Age 0 - 17,pct.,5.2
2010,Proportion of population living below the national poverty line,,Females,Age 0 - 17,pct.,5.5
2011,Proportion of population living below the national poverty line,,Females,Age 0 - 17,pct.,6.1
2012,Proportion of population living below the national poverty line,,Females,Age 0 - 17,pct.,6.0
2013,Proportion of population living below the national poverty line,,Females,Age 0 - 17,pct.,5.3
2014,Proportion of population living below the national poverty line,,Females,Age 0 - 17,pct.,5.0
2015,Proportion of population living below the national poverty line,,Females,Age 0 - 17,pct.,4.9
2016,Proportion of population living below the national poverty line,,Females,Age 0 - 17,pct.,4.4
2017,Proportion of population living below the national poverty line,,Females,Age 0 - 17,pct.,3.8
2018,Proportion of population living below the national poverty line,,Females,Age 0 - 17,pct.,3.4
2019,Proportion of population living below the national poverty line,,Females,Age 0 - 17,pct.,3.8
2020,Proportion of population living below the national poverty line,,Females,Age 0 - 17,pct.,3.5
2021,Proportion of population living below the national poverty line,,Females,Age 0 - 17,pct.,3.5
2022,Proportion of population living below the national poverty line,,Females,Age 0 - 17,pct.,3.1
2023,Proportion of population living below the national poverty line,,Females,Age 0 - 17,pct.,3.3
2024,Proportion of population living below the national poverty line,,Females,Age 0 - 17,pct.,3.9
2009,Proportion of population living below the national poverty line,,Females,Age 18 - 24,pct.,4.8
2010,Proportion of population living below the national poverty line,,Females,Age 18 - 24,pct.,5.8
2011,Proportion of population living below the national poverty line,,Females,Age 18 - 24,pct.,7.4
2012,Proportion of population living below the national poverty line,,Females,Age 18 - 24,pct.,8.2
2013,Proportion of population living below the national poverty line,,Females,Age 18 - 24,pct.,5.9
2014,Proportion of population living below the national poverty line,,Females,Age 18 - 24,pct.,5.9
2015,Proportion of population living below the national poverty line,,Females,Age 18 - 24,pct.,5.3
2016,Proportion of population living below the national poverty line,,Females,Age 18 - 24,pct.,4.8
2017,Proportion of population living below the national poverty line,,Females,Age 18 - 24,pct.,4.0
2018,Proportion of population living below the national poverty line,,Females,Age 18 - 24,pct.,4.2
2019,Proportion of population living below the national poverty line,,Females,Age 18 - 24,pct.,3.9
2020,Proportion of population living below the national poverty line,,Females,Age 18 - 24,pct.,3.7
2021,Proportion of population living below the national poverty line,,Females,Age 18 - 24,pct.,4.1
2022,Proportion of population living below the national poverty line,,Females,Age 18 - 24,pct.,4.7
2023,Proportion of population living below the national poverty line,,Females,Age 18 - 24,pct.,4.5
2024,Proportion of population living below the national poverty line,,Females,Age 18 - 24,pct.,4.1
2009,Proportion of population living below the national poverty line,,Females,Age 25 - 54,pct.,3.9
2010,Proportion of population living below the national poverty line,,Females,Age 25 - 54,pct.,4.0
2011,Proportion of population living below the national poverty line,,Females,Age 25 - 54,pct.,4.3
2012,Proportion of population living below the national poverty line,,Females,Age 25 - 54,pct.,4.8
2013,Proportion of population living below the national poverty line,,Females,Age 25 - 54,pct.,3.8
2014,Proportion of population living below the national poverty line,,Females,Age 25 - 54,pct.,3.6
2015,Proportion of population living below the national poverty line,,Females,Age 25 - 54,pct.,3.5
2016,Proportion of population living below the national poverty line,,Females,Age 25 - 54,pct.,3.4
2017,Proportion of population living below the national poverty line,,Females,Age 25 - 54,pct.,3.0
2018,Proportion of population living below the national poverty line,,Females,Age 25 - 54,pct.,3.0
2019,Proportion of population living below the national poverty line,,Females,Age 25 - 54,pct.,3.0
2020,Proportion of population living below the national poverty line,,Females,Age 25 - 54,pct.,2.6
2021,Proportion of population living below the national poverty line,,Females,Age 25 - 54,pct.,2.9
2022,Proportion of population living below the national poverty line,,Females,Age 25 - 54,pct.,2.8
2023,Proportion of population living below the national poverty line,,Females,Age 25 - 54,pct.,2.6
2024,Proportion of population living below the national poverty line,,Females,Age 25 - 54,pct.,3.1
2009,Proportion of population living below the national poverty line,,Females,Age 55 - 66,pct.,3.0
2010,Proportion of population living below the national poverty line,,Females,Age 55 - 66,pct.,2.8
2011,Proportion of population living below the national poverty line,,Females,Age 55 - 66,pct.,2.8
2012,Proportion of population living below the national poverty line,,Females,Age 55 - 66,pct.,3.1
2013,Proportion of population living below the national poverty line,,Females,Age 55 - 66,pct.,2.6
2014,Proportion of population living below the national poverty line,,Females,Age 55 - 66,pct.,2.7
2015,Proportion of population living below the national poverty line,,Females,Age 55 - 66,pct.,2.1
2016,Proportion of population living below the national poverty line,,Females,Age 55 - 66,pct.,2.4
2017,Proportion of population living below the national poverty line,,Females,Age 55 - 66,pct.,2.3
2018,Proportion of population living below the national poverty line,,Females,Age 55 - 66,pct.,2.1
2019,Proportion of population living below the national poverty line,,Females,Age 55 - 66,pct.,1.9
2020,Proportion of population living below the national poverty line,,Females,Age 55 - 66,pct.,1.7
2021,Proportion of population living below the national poverty line,,Females,Age 55 - 66,pct.,1.6
2022,Proportion of population living below the national poverty line,,Females,Age 55 - 66,pct.,1.5
2023,Proportion of population living below the national poverty line,,Females,Age 55 - 66,pct.,1.7
2024,Proportion of population living below the national poverty line,,Females,Age 55 - 66,pct.,1.7
2009,Proportion of population living below the national poverty line,,Females,Age 67 + ,pct.,3.0
2010,Proportion of population living below the national poverty line,,Females,Age 67 + ,pct.,2.6
2011,Proportion of population living below the national poverty line,,Females,Age 67 + ,pct.,3.0
2012,Proportion of population living below the national poverty line,,Females,Age 67 + ,pct.,2.2
2013,Proportion of population living below the national poverty line,,Females,Age 67 + ,pct.,1.9
2014,Proportion of population living below the national poverty line,,Females,Age 67 + ,pct.,2.0
2015,Proportion of population living below the national poverty line,,Females,Age 67 + ,pct.,1.9
2016,Proportion of population living below the national poverty line,,Females,Age 67 + ,pct.,1.9
2017,Proportion of population living below the national poverty line,,Females,Age 67 + ,pct.,2.9
2018,Proportion of population living below the national poverty line,,Females,Age 67 + ,pct.,2.6
2019,Proportion of population living below the national poverty line,,Females,Age 67 + ,pct.,1.7
2020,Proportion of population living below the national poverty line,,Females,Age 67 + ,pct.,1.6
2021,Proportion of population living below the national poverty line,,Females,Age 67 + ,pct.,1.1
2022,Proportion of population living below the national poverty line,,Females,Age 67 + ,pct.,1.2
2023,Proportion of population living below the national poverty line,,Females,Age 67 + ,pct.,1.5
2024,Proportion of population living below the national poverty line,,Females,Age 67 + ,pct.,1.6
2009,Proportion of population living below the national poverty line,,Males,,pct.,3.7
2010,Proportion of population living below the national poverty line,,Males,,pct.,3.8
2011,Proportion of population living below the national poverty line,,Males,,pct.,4.2
2012,Proportion of population living below the national poverty line,,Males,,pct.,4.5
2013,Proportion of population living below the national poverty line,,Males,,pct.,3.4
2014,Proportion of population living below the national poverty line,,Males,,pct.,3.3
2015,Proportion of population living below the national poverty line,,Males,,pct.,3.2
2016,Proportion of population living below the national poverty line,,Males,,pct.,3.1
2017,Proportion of population living below the national poverty line,,Males,,pct.,2.9
2018,Proportion of population living below the national poverty line,,Males,,pct.,2.8
2019,Proportion of population living below the national poverty line,,Males,,pct.,2.4
2020,Proportion of population living below the national poverty line,,Males,,pct.,2.1
2021,Proportion of population living below the national poverty line,,Males,,pct.,2.5
2022,Proportion of population living below the national poverty line,,Males,,pct.,2.4
2023,Proportion of population living below the national poverty line,,Males,,pct.,2.3
2024,Proportion of population living below the national poverty line,,Males,,pct.,2.8
2009,Proportion of population living below the national poverty line,,Males,Age 0 - 17,pct.,4.9
2010,Proportion of population living below the national poverty line,,Males,Age 0 - 17,pct.,4.8
2011,Proportion of population living below the national poverty line,,Males,Age 0 - 17,pct.,5.3
2012,Proportion of population living below the national poverty line,,Males,Age 0 - 17,pct.,6.4
2013,Proportion of population living below the national poverty line,,Males,Age 0 - 17,pct.,4.9
2014,Proportion of population living below the national poverty line,,Males,Age 0 - 17,pct.,4.7
2015,Proportion of population living below the national poverty line,,Males,Age 0 - 17,pct.,4.0
2016,Proportion of population living below the national poverty line,,Males,Age 0 - 17,pct.,4.1
2017,Proportion of population living below the national poverty line,,Males,Age 0 - 17,pct.,3.8
2018,Proportion of population living below the national poverty line,,Males,Age 0 - 17,pct.,3.6
2019,Proportion of population living below the national poverty line,,Males,Age 0 - 17,pct.,3.0
2020,Proportion of population living below the national poverty line,,Males,Age 0 - 17,pct.,3.0
2021,Proportion of population living below the national poverty line,,Males,Age 0 - 17,pct.,3.2
2022,Proportion of population living below the national poverty line,,Males,Age 0 - 17,pct.,3.4
2023,Proportion of population living below the national poverty line,,Males,Age 0 - 17,pct.,2.7
2024,Proportion of population living below the national poverty line,,Males,Age 0 - 17,pct.,3.3
2009,Proportion of population living below the national poverty line,,Males,Age 18 - 24,pct.,2.8
2010,Proportion of population living below the national poverty line,,Males,Age 18 - 24,pct.,3.1
2011,Proportion of population living below the national poverty line,,Males,Age 18 - 24,pct.,3.8
2012,Proportion of population living below the national poverty line,,Males,Age 18 - 24,pct.,4.3
2013,Proportion of population living below the national poverty line,,Males,Age 18 - 24,pct.,3.1
2014,Proportion of population living below the national poverty line,,Males,Age 18 - 24,pct.,3.4
2015,Proportion of population living below the national poverty line,,Males,Age 18 - 24,pct.,3.1
2016,Proportion of population living below the national poverty line,,Males,Age 18 - 24,pct.,2.7
2017,Proportion of population living below the national poverty line,,Males,Age 18 - 24,pct.,2.2
2018,Proportion of population living below the national poverty line,,Males,Age 18 - 24,pct.,2.7
2019,Proportion of population living below the national poverty line,,Males,Age 18 - 24,pct.,2.4
2020,Proportion of population living below the national poverty line,,Males,Age 18 - 24,pct.,1.7
2021,Proportion of population living below the national poverty line,,Males,Age 18 - 24,pct.,2.6
2022,Proportion of population living below the national poverty line,,Males,Age 18 - 24,pct.,1.8
2023,Proportion of population living below the national poverty line,,Males,Age 18 - 24,pct.,2.3
2024,Proportion of population living below the national poverty line,,Males,Age 18 - 24,pct.,3.0
2009,Proportion of population living below the national poverty line,,Males,Age 25 - 54,pct.,3.1
2010,Proportion of population living below the national poverty line,,Males,Age 25 - 54,pct.,3.6
2011,Proportion of population living below the national poverty line,,Males,Age 25 - 54,pct.,3.9
2012,Proportion of population living below the national poverty line,,Males,Age 25 - 54,pct.,4.0
2013,Proportion of population living below the national poverty line,,Males,Age 25 - 54,pct.,2.9
2014,Proportion of population living below the national poverty line,,Males,Age 25 - 54,pct.,2.7
2015,Proportion of population living below the national poverty line,,Males,Age 25 - 54,pct.,3.0
2016,Proportion of population living below the national poverty line,,Males,Age 25 - 54,pct.,2.8
2017,Proportion of population living below the national poverty line,,Males,Age 25 - 54,pct.,2.8
2018,Proportion of population living below the national poverty line,,Males,Age 25 - 54,pct.,2.6
2019,Proportion of population living below the national poverty line,,Males,Age 25 - 54,pct.,2.3
2020,Proportion of population living below the national poverty line,,Males,Age 25 - 54,pct.,2.0
2021,Proportion of population living below the national poverty line,,Males,Age 25 - 54,pct.,2.6
2022,Proportion of population living below the national poverty line,,Males,Age 25 - 54,pct.,2.6
2023,Proportion of population living below the national poverty line,,Males,Age 25 - 54,pct.,2.6
2024,Proportion of population living below the national poverty line,,Males,Age 25 - 54,pct.,3.1
2009,Proportion of population living below the national poverty line,,Males,Age 55 - 66,pct.,4.3
2010,Proportion of population living below the national poverty line,,Males,Age 55 - 66,pct.,4.1
2011,Proportion of population living below the national poverty line,,Males,Age 55 - 66,pct.,4.2
2012,Proportion of population living below the national poverty line,,Males,Age 55 - 66,pct.,4.4
2013,Proportion of population living below the national poverty line,,Males,Age 55 - 66,pct.,3.7
2014,Proportion of population living below the national poverty line,,Males,Age 55 - 66,pct.,3.6
2015,Proportion of population living below the national poverty line,,Males,Age 55 - 66,pct.,3.3
2016,Proportion of population living below the national poverty line,,Males,Age 55 - 66,pct.,3.3
2017,Proportion of population living below the national poverty line,,Males,Age 55 - 66,pct.,3.1
2018,Proportion of population living below the national poverty line,,Males,Age 55 - 66,pct.,2.6
2019,Proportion of population living below the national poverty line,,Males,Age 55 - 66,pct.,2.5
2020,Proportion of population living below the national poverty line,,Males,Age 55 - 66,pct.,2.3
2021,Proportion of population living below the national poverty line,,Males,Age 55 - 66,pct.,2.6
2022,Proportion of population living below the national poverty line,,Males,Age 55 - 66,pct.,2.4
2023,Proportion of population living below the national poverty line,,Males,Age 55 - 66,pct.,2.3
2024,Proportion of population living below the national poverty line,,Males,Age 55 - 66,pct.,2.6
2009,Proportion of population living below the national poverty line,,Males,Age 67 + ,pct.,3.0
2010,Proportion of population living below the national poverty line,,Males,Age 67 + ,pct.,2.6
2011,Proportion of population living below the national poverty line,,Males,Age 67 + ,pct.,2.6
2012,Proportion of population living below the national poverty line,,Males,Age 67 + ,pct.,2.6
2013,Proportion of population living below the national poverty line,,Males,Age 67 + ,pct.,1.7
2014,Proportion of population living below the national poverty line,,Males,Age 67 + ,pct.,1.9
2015,Proportion of population living below the national poverty line,,Males,Age 67 + ,pct.,2.0
2016,Proportion of population living below the national poverty line,,Males,Age 67 + ,pct.,1.9
2017,Proportion of population living below the national poverty line,,Males,Age 67 + ,pct.,2.2
2018,Proportion of population living below the national poverty line,,Males,Age 67 + ,pct.,2.1
2019,Proportion of population living below the national poverty line,,Males,Age 67 + ,pct.,1.2
2020,Proportion of population living below the national poverty line,,Males,Age 67 + ,pct.,1.1
2021,Proportion of population living below the national poverty line,,Males,Age 67 + ,pct.,0.8
2022,Proportion of population living below the national poverty line,,Males,Age 67 + ,pct.,0.7
2023,Proportion of population living below the national poverty line,,Males,Age 67 + ,pct.,1.2
2024,Proportion of population living below the national poverty line,,Males,Age 67 + ,pct.,1.3
2009,Proportion of population living below the national poverty line,Eysturoy region,,,pct.,3.3
2010,Proportion of population living below the national poverty line,Eysturoy region,,,pct.,3.7
2011,Proportion of population living below the national poverty line,Eysturoy region,,,pct.,3.1
2012,Proportion of population living below the national poverty line,Eysturoy region,,,pct.,3.7
2013,Proportion of population living below the national poverty line,Eysturoy region,,,pct.,3.1
2014,Proportion of population living below the national poverty line,Eysturoy region,,,pct.,2.6
2015,Proportion of population living below the national poverty line,Eysturoy region,,,pct.,2.7
2016,Proportion of population living below the national poverty line,Eysturoy region,,,pct.,2.5
2017,Proportion of population living below the national poverty line,Eysturoy region,,,pct.,2.7
2018,Proportion of population living below the national poverty line,Eysturoy region,,,pct.,2.6
2019,Proportion of population living below the national poverty line,Eysturoy region,,,pct.,2.1
2020,Proportion of population living below the national poverty line,Eysturoy region,,,pct.,2.0
2021,Proportion of population living below the national poverty line,Eysturoy region,,,pct.,2.1
2022,Proportion of population living below the national poverty line,Eysturoy region,,,pct.,1.7
2023,Proportion of population living below the national poverty line,Eysturoy region,,,pct.,1.9
2024,Proportion of population living below the national poverty line,Eysturoy region,,,pct.,2.4
2009,Proportion of population living below the national poverty line,Eysturoy region,,Age 0 - 17,pct.,3.6
2010,Proportion of population living below the national poverty line,Eysturoy region,,Age 0 - 17,pct.,4.6
2011,Proportion of population living below the national poverty line,Eysturoy region,,Age 0 - 17,pct.,3.7
2012,Proportion of population living below the national poverty line,Eysturoy region,,Age 0 - 17,pct.,5.0
2013,Proportion of population living below the national poverty line,Eysturoy region,,Age 0 - 17,pct.,4.6
2014,Proportion of population living below the national poverty line,Eysturoy region,,Age 0 - 17,pct.,3.7
2015,Proportion of population living below the national poverty line,Eysturoy region,,Age 0 - 17,pct.,3.8
2016,Proportion of population living below the national poverty line,Eysturoy region,,Age 0 - 17,pct.,3.8
2017,Proportion of population living below the national poverty line,Eysturoy region,,Age 0 - 17,pct.,4.2
2018,Proportion of population living below the national poverty line,Eysturoy region,,Age 0 - 17,pct.,3.5
2019,Proportion of population living below the national poverty line,Eysturoy region,,Age 0 - 17,pct.,3.1
2020,Proportion of population living below the national poverty line,Eysturoy region,,Age 0 - 17,pct.,3.0
2021,Proportion of population living below the national poverty line,Eysturoy region,,Age 0 - 17,pct.,2.5
2022,Proportion of population living below the national poverty line,Eysturoy region,,Age 0 - 17,pct.,2.4
2023,Proportion of population living below the national poverty line,Eysturoy region,,Age 0 - 17,pct.,2.8
2024,Proportion of population living below the national poverty line,Eysturoy region,,Age 0 - 17,pct.,3.3
2009,Proportion of population living below the national poverty line,Eysturoy region,,Age 18 - 24,pct.,3.2
2010,Proportion of population living below the national poverty line,Eysturoy region,,Age 18 - 24,pct.,4.2
2011,Proportion of population living below the national poverty line,Eysturoy region,,Age 18 - 24,pct.,3.3
2012,Proportion of population living below the national poverty line,Eysturoy region,,Age 18 - 24,pct.,3.4
2013,Proportion of population living below the national poverty line,Eysturoy region,,Age 18 - 24,pct.,3.1
2014,Proportion of population living below the national poverty line,Eysturoy region,,Age 18 - 24,pct.,2.3
2015,Proportion of population living below the national poverty line,Eysturoy region,,Age 18 - 24,pct.,3.6
2016,Proportion of population living below the national poverty line,Eysturoy region,,Age 18 - 24,pct.,2.8
2017,Proportion of population living below the national poverty line,Eysturoy region,,Age 18 - 24,pct.,1.9
2018,Proportion of population living below the national poverty line,Eysturoy region,,Age 18 - 24,pct.,3.1
2019,Proportion of population living below the national poverty line,Eysturoy region,,Age 18 - 24,pct.,2.5
2020,Proportion of population living below the national poverty line,Eysturoy region,,Age 18 - 24,pct.,1.4
2021,Proportion of population living below the national poverty line,Eysturoy region,,Age 18 - 24,pct.,2.5
2022,Proportion of population living below the national poverty line,Eysturoy region,,Age 18 - 24,pct.,0.8
2023,Proportion of population living below the national poverty line,Eysturoy region,,Age 18 - 24,pct.,1.2
2024,Proportion of population living below the national poverty line,Eysturoy region,,Age 18 - 24,pct.,2.1
2009,Proportion of population living below the national poverty line,Eysturoy region,,Age 25 - 54,pct.,2.8
2010,Proportion of population living below the national poverty line,Eysturoy region,,Age 25 - 54,pct.,3.4
2011,Proportion of population living below the national poverty line,Eysturoy region,,Age 25 - 54,pct.,2.9
2012,Proportion of population living below the national poverty line,Eysturoy region,,Age 25 - 54,pct.,3.7
2013,Proportion of population living below the national poverty line,Eysturoy region,,Age 25 - 54,pct.,3.0
2014,Proportion of population living below the national poverty line,Eysturoy region,,Age 25 - 54,pct.,2.2
2015,Proportion of population living below the national poverty line,Eysturoy region,,Age 25 - 54,pct.,2.4
2016,Proportion of population living below the national poverty line,Eysturoy region,,Age 25 - 54,pct.,2.3
2017,Proportion of population living below the national poverty line,Eysturoy region,,Age 25 - 54,pct.,2.6
2018,Proportion of population living below the national poverty line,Eysturoy region,,Age 25 - 54,pct.,2.4
2019,Proportion of population living below the national poverty line,Eysturoy region,,Age 25 - 54,pct.,1.8
2020,Proportion of population living below the national poverty line,Eysturoy region,,Age 25 - 54,pct.,1.9
2021,Proportion of population living below the national poverty line,Eysturoy region,,Age 25 - 54,pct.,2.3
2022,Proportion of population living below the national poverty line,Eysturoy region,,Age 25 - 54,pct.,2.1
2023,Proportion of population living below the national poverty line,Eysturoy region,,Age 25 - 54,pct.,2.0
2024,Proportion of population living below the national poverty line,Eysturoy region,,Age 25 - 54,pct.,2.7
2009,Proportion of population living below the national poverty line,Eysturoy region,,Age 55 - 66,pct.,3.6
2010,Proportion of population living below the national poverty line,Eysturoy region,,Age 55 - 66,pct.,3.2
2011,Proportion of population living below the national poverty line,Eysturoy region,,Age 55 - 66,pct.,3.2
2012,Proportion of population living below the national poverty line,Eysturoy region,,Age 55 - 66,pct.,3.1
2013,Proportion of population living below the national poverty line,Eysturoy region,,Age 55 - 66,pct.,2.5
2014,Proportion of population living below the national poverty line,Eysturoy region,,Age 55 - 66,pct.,2.1
2015,Proportion of population living below the national poverty line,Eysturoy region,,Age 55 - 66,pct.,1.7
2016,Proportion of population living below the national poverty line,Eysturoy region,,Age 55 - 66,pct.,1.9
2017,Proportion of population living below the national poverty line,Eysturoy region,,Age 55 - 66,pct.,1.6
2018,Proportion of population living below the national poverty line,Eysturoy region,,Age 55 - 66,pct.,1.7
2019,Proportion of population living below the national poverty line,Eysturoy region,,Age 55 - 66,pct.,1.3
2020,Proportion of population living below the national poverty line,Eysturoy region,,Age 55 - 66,pct.,1.6
2021,Proportion of population living below the national poverty line,Eysturoy region,,Age 55 - 66,pct.,1.7
2022,Proportion of population living below the national poverty line,Eysturoy region,,Age 55 - 66,pct.,1.3
2023,Proportion of population living below the national poverty line,Eysturoy region,,Age 55 - 66,pct.,1.4
2024,Proportion of population living below the national poverty line,Eysturoy region,,Age 55 - 66,pct.,1.6
2009,Proportion of population living below the national poverty line,Eysturoy region,,Age 67 + ,pct.,3.6
2010,Proportion of population living below the national poverty line,Eysturoy region,,Age 67 + ,pct.,2.7
2011,Proportion of population living below the national poverty line,Eysturoy region,,Age 67 + ,pct.,2.1
2012,Proportion of population living below the national poverty line,Eysturoy region,,Age 67 + ,pct.,1.8
2013,Proportion of population living below the national poverty line,Eysturoy region,,Age 67 + ,pct.,1.3
2014,Proportion of population living below the national poverty line,Eysturoy region,,Age 67 + ,pct.,2.2
2015,Proportion of population living below the national poverty line,Eysturoy region,,Age 67 + ,pct.,2.0
2016,Proportion of population living below the national poverty line,Eysturoy region,,Age 67 + ,pct.,1.0
2017,Proportion of population living below the national poverty line,Eysturoy region,,Age 67 + ,pct.,2.2
2018,Proportion of population living below the national poverty line,Eysturoy region,,Age 67 + ,pct.,2.4
2019,Proportion of population living below the national poverty line,Eysturoy region,,Age 67 + ,pct.,1.2
2020,Proportion of population living below the national poverty line,Eysturoy region,,Age 67 + ,pct.,1.1
2021,Proportion of population living below the national poverty line,Eysturoy region,,Age 67 + ,pct.,0.8
2022,Proportion of population living below the national poverty line,Eysturoy region,,Age 67 + ,pct.,0.6
2023,Proportion of population living below the national poverty line,Eysturoy region,,Age 67 + ,pct.,0.8
2024,Proportion of population living below the national poverty line,Eysturoy region,,Age 67 + ,pct.,1.4
2009,Proportion of population living below the national poverty line,Eysturoy region,Females,,pct.,3.4
2010,Proportion of population living below the national poverty line,Eysturoy region,Females,,pct.,3.8
2011,Proportion of population living below the national poverty line,Eysturoy region,Females,,pct.,3.3
2012,Proportion of population living below the national poverty line,Eysturoy region,Females,,pct.,3.6
2013,Proportion of population living below the national poverty line,Eysturoy region,Females,,pct.,3.3
2014,Proportion of population living below the national poverty line,Eysturoy region,Females,,pct.,2.9
2015,Proportion of population living below the national poverty line,Eysturoy region,Females,,pct.,3.2
2016,Proportion of population living below the national poverty line,Eysturoy region,Females,,pct.,2.8
2017,Proportion of population living below the national poverty line,Eysturoy region,Females,,pct.,3.1
2018,Proportion of population living below the national poverty line,Eysturoy region,Females,,pct.,3.0
2019,Proportion of population living below the national poverty line,Eysturoy region,Females,,pct.,2.4
2020,Proportion of population living below the national poverty line,Eysturoy region,Females,,pct.,2.1
2021,Proportion of population living below the national poverty line,Eysturoy region,Females,,pct.,2.1
2022,Proportion of population living below the national poverty line,Eysturoy region,Females,,pct.,1.7
2023,Proportion of population living below the national poverty line,Eysturoy region,Females,,pct.,2.0
2024,Proportion of population living below the national poverty line,Eysturoy region,Females,,pct.,2.2
2009,Proportion of population living below the national poverty line,Eysturoy region,Females,Age 0 - 17,pct.,3.5
2010,Proportion of population living below the national poverty line,Eysturoy region,Females,Age 0 - 17,pct.,4.9
2011,Proportion of population living below the national poverty line,Eysturoy region,Females,Age 0 - 17,pct.,4.3
2012,Proportion of population living below the national poverty line,Eysturoy region,Females,Age 0 - 17,pct.,4.7
2013,Proportion of population living below the national poverty line,Eysturoy region,Females,Age 0 - 17,pct.,4.4
2014,Proportion of population living below the national poverty line,Eysturoy region,Females,Age 0 - 17,pct.,4.7
2015,Proportion of population living below the national poverty line,Eysturoy region,Females,Age 0 - 17,pct.,4.4
2016,Proportion of population living below the national poverty line,Eysturoy region,Females,Age 0 - 17,pct.,4.2
2017,Proportion of population living below the national poverty line,Eysturoy region,Females,Age 0 - 17,pct.,4.8
2018,Proportion of population living below the national poverty line,Eysturoy region,Females,Age 0 - 17,pct.,4.1
2019,Proportion of population living below the national poverty line,Eysturoy region,Females,Age 0 - 17,pct.,3.6
2020,Proportion of population living below the national poverty line,Eysturoy region,Females,Age 0 - 17,pct.,3.0
2021,Proportion of population living below the national poverty line,Eysturoy region,Females,Age 0 - 17,pct.,2.7
2022,Proportion of population living below the national poverty line,Eysturoy region,Females,Age 0 - 17,pct.,2.2
2023,Proportion of population living below the national poverty line,Eysturoy region,Females,Age 0 - 17,pct.,3.1
2024,Proportion of population living below the national poverty line,Eysturoy region,Females,Age 0 - 17,pct.,3.2
2009,Proportion of population living below the national poverty line,Eysturoy region,Females,Age 18 - 24,pct.,3.9
2010,Proportion of population living below the national poverty line,Eysturoy region,Females,Age 18 - 24,pct.,5.8
2011,Proportion of population living below the national poverty line,Eysturoy region,Females,Age 18 - 24,pct.,4.2
2012,Proportion of population living below the national poverty line,Eysturoy region,Females,Age 18 - 24,pct.,4.5
2013,Proportion of population living below the national poverty line,Eysturoy region,Females,Age 18 - 24,pct.,4.5
2014,Proportion of population living below the national poverty line,Eysturoy region,Females,Age 18 - 24,pct.,2.4
2015,Proportion of population living below the national poverty line,Eysturoy region,Females,Age 18 - 24,pct.,5.0
2016,Proportion of population living below the national poverty line,Eysturoy region,Females,Age 18 - 24,pct.,4.1
2017,Proportion of population living below the national poverty line,Eysturoy region,Females,Age 18 - 24,pct.,3.1
2018,Proportion of population living below the national poverty line,Eysturoy region,Females,Age 18 - 24,pct.,4.9
2019,Proportion of population living below the national poverty line,Eysturoy region,Females,Age 18 - 24,pct.,4.3
2020,Proportion of population living below the national poverty line,Eysturoy region,Females,Age 18 - 24,pct.,2.2
2021,Proportion of population living below the national poverty line,Eysturoy region,Females,Age 18 - 24,pct.,3.9
2022,Proportion of population living below the national poverty line,Eysturoy region,Females,Age 18 - 24,pct.,1.4
2023,Proportion of population living below the national poverty line,Eysturoy region,Females,Age 18 - 24,pct.,1.6
2024,Proportion of population living below the national poverty line,Eysturoy region,Females,Age 18 - 24,pct.,2.2
2009,Proportion of population living below the national poverty line,Eysturoy region,Females,Age 25 - 54,pct.,3.1
2010,Proportion of population living below the national poverty line,Eysturoy region,Females,Age 25 - 54,pct.,3.5
2011,Proportion of population living below the national poverty line,Eysturoy region,Females,Age 25 - 54,pct.,3.0
2012,Proportion of population living below the national poverty line,Eysturoy region,Females,Age 25 - 54,pct.,4.0
2013,Proportion of population living below the national poverty line,Eysturoy region,Females,Age 25 - 54,pct.,3.3
2014,Proportion of population living below the national poverty line,Eysturoy region,Females,Age 25 - 54,pct.,2.4
2015,Proportion of population living below the national poverty line,Eysturoy region,Females,Age 25 - 54,pct.,2.7
2016,Proportion of population living below the national poverty line,Eysturoy region,Females,Age 25 - 54,pct.,2.7
2017,Proportion of population living below the national poverty line,Eysturoy region,Females,Age 25 - 54,pct.,2.7
2018,Proportion of population living below the national poverty line,Eysturoy region,Females,Age 25 - 54,pct.,2.6
2019,Proportion of population living below the national poverty line,Eysturoy region,Females,Age 25 - 54,pct.,2.2
2020,Proportion of population living below the national poverty line,Eysturoy region,Females,Age 25 - 54,pct.,2.1
2021,Proportion of population living below the national poverty line,Eysturoy region,Females,Age 25 - 54,pct.,2.2
2022,Proportion of population living below the national poverty line,Eysturoy region,Females,Age 25 - 54,pct.,2.2
2023,Proportion of population living below the national poverty line,Eysturoy region,Females,Age 25 - 54,pct.,2.1
2024,Proportion of population living below the national poverty line,Eysturoy region,Females,Age 25 - 54,pct.,2.3
2009,Proportion of population living below the national poverty line,Eysturoy region,Females,Age 55 - 66,pct.,3.3
2010,Proportion of population living below the national poverty line,Eysturoy region,Females,Age 55 - 66,pct.,2.5
2011,Proportion of population living below the national poverty line,Eysturoy region,Females,Age 55 - 66,pct.,2.4
2012,Proportion of population living below the national poverty line,Eysturoy region,Females,Age 55 - 66,pct.,1.9
2013,Proportion of population living below the national poverty line,Eysturoy region,Females,Age 55 - 66,pct.,2.1
2014,Proportion of population living below the national poverty line,Eysturoy region,Females,Age 55 - 66,pct.,2.1
2015,Proportion of population living below the national poverty line,Eysturoy region,Females,Age 55 - 66,pct.,1.9
2016,Proportion of population living below the national poverty line,Eysturoy region,Females,Age 55 - 66,pct.,1.9
2017,Proportion of population living below the national poverty line,Eysturoy region,Females,Age 55 - 66,pct.,1.9
2018,Proportion of population living below the national poverty line,Eysturoy region,Females,Age 55 - 66,pct.,1.6
2019,Proportion of population living below the national poverty line,Eysturoy region,Females,Age 55 - 66,pct.,0.8
2020,Proportion of population living below the national poverty line,Eysturoy region,Females,Age 55 - 66,pct.,1.3
2021,Proportion of population living below the national poverty line,Eysturoy region,Females,Age 55 - 66,pct.,0.9
2022,Proportion of population living below the national poverty line,Eysturoy region,Females,Age 55 - 66,pct.,0.9
2023,Proportion of population living below the national poverty line,Eysturoy region,Females,Age 55 - 66,pct.,1.2
2024,Proportion of population living below the national poverty line,Eysturoy region,Females,Age 55 - 66,pct.,1.0
2009,Proportion of population living below the national poverty line,Eysturoy region,Females,Age 67 + ,pct.,3.6
2010,Proportion of population living below the national poverty line,Eysturoy region,Females,Age 67 + ,pct.,2.4
2011,Proportion of population living below the national poverty line,Eysturoy region,Females,Age 67 + ,pct.,2.2
2012,Proportion of population living below the national poverty line,Eysturoy region,Females,Age 67 + ,pct.,1.5
2013,Proportion of population living below the national poverty line,Eysturoy region,Females,Age 67 + ,pct.,1.5
2014,Proportion of population living below the national poverty line,Eysturoy region,Females,Age 67 + ,pct.,2.1
2015,Proportion of population living below the national poverty line,Eysturoy region,Females,Age 67 + ,pct.,2.1
2016,Proportion of population living below the national poverty line,Eysturoy region,Females,Age 67 + ,pct.,0.9
2017,Proportion of population living below the national poverty line,Eysturoy region,Females,Age 67 + ,pct.,2.5
2018,Proportion of population living below the national poverty line,Eysturoy region,Females,Age 67 + ,pct.,2.6
2019,Proportion of population living below the national poverty line,Eysturoy region,Females,Age 67 + ,pct.,1.2
2020,Proportion of population living below the national poverty line,Eysturoy region,Females,Age 67 + ,pct.,1.3
2021,Proportion of population living below the national poverty line,Eysturoy region,Females,Age 67 + ,pct.,0.8
2022,Proportion of population living below the national poverty line,Eysturoy region,Females,Age 67 + ,pct.,0.7
2023,Proportion of population living below the national poverty line,Eysturoy region,Females,Age 67 + ,pct.,0.8
2024,Proportion of population living below the national poverty line,Eysturoy region,Females,Age 67 + ,pct.,1.1
2009,Proportion of population living below the national poverty line,Eysturoy region,Males,,pct.,3.2
2010,Proportion of population living below the national poverty line,Eysturoy region,Males,,pct.,3.5
2011,Proportion of population living below the national poverty line,Eysturoy region,Males,,pct.,2.9
2012,Proportion of population living below the national poverty line,Eysturoy region,Males,,pct.,3.8
2013,Proportion of population living below the national poverty line,Eysturoy region,Males,,pct.,3.0
2014,Proportion of population living below the national poverty line,Eysturoy region,Males,,pct.,2.3
2015,Proportion of population living below the national poverty line,Eysturoy region,Males,,pct.,2.3
2016,Proportion of population living below the national poverty line,Eysturoy region,Males,,pct.,2.3
2017,Proportion of population living below the national poverty line,Eysturoy region,Males,,pct.,2.4
2018,Proportion of population living below the national poverty line,Eysturoy region,Males,,pct.,2.3
2019,Proportion of population living below the national poverty line,Eysturoy region,Males,,pct.,1.8
2020,Proportion of population living below the national poverty line,Eysturoy region,Males,,pct.,1.9
2021,Proportion of population living below the national poverty line,Eysturoy region,Males,,pct.,2.1
2022,Proportion of population living below the national poverty line,Eysturoy region,Males,,pct.,1.8
2023,Proportion of population living below the national poverty line,Eysturoy region,Males,,pct.,1.8
2024,Proportion of population living below the national poverty line,Eysturoy region,Males,,pct.,2.7
2009,Proportion of population living below the national poverty line,Eysturoy region,Males,Age 0 - 17,pct.,3.8
2010,Proportion of population living below the national poverty line,Eysturoy region,Males,Age 0 - 17,pct.,4.3
2011,Proportion of population living below the national poverty line,Eysturoy region,Males,Age 0 - 17,pct.,3.1
2012,Proportion of population living below the national poverty line,Eysturoy region,Males,Age 0 - 17,pct.,5.4
2013,Proportion of population living below the national poverty line,Eysturoy region,Males,Age 0 - 17,pct.,4.8
2014,Proportion of population living below the national poverty line,Eysturoy region,Males,Age 0 - 17,pct.,2.9
2015,Proportion of population living below the national poverty line,Eysturoy region,Males,Age 0 - 17,pct.,3.2
2016,Proportion of population living below the national poverty line,Eysturoy region,Males,Age 0 - 17,pct.,3.5
2017,Proportion of population living below the national poverty line,Eysturoy region,Males,Age 0 - 17,pct.,3.6
2018,Proportion of population living below the national poverty line,Eysturoy region,Males,Age 0 - 17,pct.,3.0
2019,Proportion of population living below the national poverty line,Eysturoy region,Males,Age 0 - 17,pct.,2.7
2020,Proportion of population living below the national poverty line,Eysturoy region,Males,Age 0 - 17,pct.,3.1
2021,Proportion of population living below the national poverty line,Eysturoy region,Males,Age 0 - 17,pct.,2.3
2022,Proportion of population living below the national poverty line,Eysturoy region,Males,Age 0 - 17,pct.,2.5
2023,Proportion of population living below the national poverty line,Eysturoy region,Males,Age 0 - 17,pct.,2.5
2024,Proportion of population living below the national poverty line,Eysturoy region,Males,Age 0 - 17,pct.,3.4
2009,Proportion of population living below the national poverty line,Eysturoy region,Males,Age 18 - 24,pct.,2.7
2010,Proportion of population living below the national poverty line,Eysturoy region,Males,Age 18 - 24,pct.,3.0
2011,Proportion of population living below the national poverty line,Eysturoy region,Males,Age 18 - 24,pct.,2.7
2012,Proportion of population living below the national poverty line,Eysturoy region,Males,Age 18 - 24,pct.,2.5
2013,Proportion of population living below the national poverty line,Eysturoy region,Males,Age 18 - 24,pct.,1.9
2014,Proportion of population living below the national poverty line,Eysturoy region,Males,Age 18 - 24,pct.,2.1
2015,Proportion of population living below the national poverty line,Eysturoy region,Males,Age 18 - 24,pct.,2.3
2016,Proportion of population living below the national poverty line,Eysturoy region,Males,Age 18 - 24,pct.,1.7
2017,Proportion of population living below the national poverty line,Eysturoy region,Males,Age 18 - 24,pct.,0.9
2018,Proportion of population living below the national poverty line,Eysturoy region,Males,Age 18 - 24,pct.,1.7
2019,Proportion of population living below the national poverty line,Eysturoy region,Males,Age 18 - 24,pct.,1.2
2020,Proportion of population living below the national poverty line,Eysturoy region,Males,Age 18 - 24,pct.,0.7
2021,Proportion of population living below the national poverty line,Eysturoy region,Males,Age 18 - 24,pct.,1.6
2022,Proportion of population living below the national poverty line,Eysturoy region,Males,Age 18 - 24,pct.,0.3
2023,Proportion of population living below the national poverty line,Eysturoy region,Males,Age 18 - 24,pct.,1.0
2024,Proportion of population living below the national poverty line,Eysturoy region,Males,Age 18 - 24,pct.,2.0
2009,Proportion of population living below the national poverty line,Eysturoy region,Males,Age 25 - 54,pct.,2.6
2010,Proportion of population living below the national poverty line,Eysturoy region,Males,Age 25 - 54,pct.,3.2
2011,Proportion of population living below the national poverty line,Eysturoy region,Males,Age 25 - 54,pct.,2.8
2012,Proportion of population living below the national poverty line,Eysturoy region,Males,Age 25 - 54,pct.,3.4
2013,Proportion of population living below the national poverty line,Eysturoy region,Males,Age 25 - 54,pct.,2.7
2014,Proportion of population living below the national poverty line,Eysturoy region,Males,Age 25 - 54,pct.,2.0
2015,Proportion of population living below the national poverty line,Eysturoy region,Males,Age 25 - 54,pct.,2.1
2016,Proportion of population living below the national poverty line,Eysturoy region,Males,Age 25 - 54,pct.,2.0
2017,Proportion of population living below the national poverty line,Eysturoy region,Males,Age 25 - 54,pct.,2.4
2018,Proportion of population living below the national poverty line,Eysturoy region,Males,Age 25 - 54,pct.,2.2
2019,Proportion of population living below the national poverty line,Eysturoy region,Males,Age 25 - 54,pct.,1.5
2020,Proportion of population living below the national poverty line,Eysturoy region,Males,Age 25 - 54,pct.,1.6
2021,Proportion of population living below the national poverty line,Eysturoy region,Males,Age 25 - 54,pct.,2.4
2022,Proportion of population living below the national poverty line,Eysturoy region,Males,Age 25 - 54,pct.,2.0
2023,Proportion of population living below the national poverty line,Eysturoy region,Males,Age 25 - 54,pct.,2.0
2024,Proportion of population living below the national poverty line,Eysturoy region,Males,Age 25 - 54,pct.,3.0
2009,Proportion of population living below the national poverty line,Eysturoy region,Males,Age 55 - 66,pct.,3.9
2010,Proportion of population living below the national poverty line,Eysturoy region,Males,Age 55 - 66,pct.,3.7
2011,Proportion of population living below the national poverty line,Eysturoy region,Males,Age 55 - 66,pct.,3.9
2012,Proportion of population living below the national poverty line,Eysturoy region,Males,Age 55 - 66,pct.,4.1
2013,Proportion of population living below the national poverty line,Eysturoy region,Males,Age 55 - 66,pct.,2.8
2014,Proportion of population living below the national poverty line,Eysturoy region,Males,Age 55 - 66,pct.,2.2
2015,Proportion of population living below the national poverty line,Eysturoy region,Males,Age 55 - 66,pct.,1.6
2016,Proportion of population living below the national poverty line,Eysturoy region,Males,Age 55 - 66,pct.,2.0
2017,Proportion of population living below the national poverty line,Eysturoy region,Males,Age 55 - 66,pct.,1.4
2018,Proportion of population living below the national poverty line,Eysturoy region,Males,Age 55 - 66,pct.,1.7
2019,Proportion of population living below the national poverty line,Eysturoy region,Males,Age 55 - 66,pct.,1.7
2020,Proportion of population living below the national poverty line,Eysturoy region,Males,Age 55 - 66,pct.,1.8
2021,Proportion of population living below the national poverty line,Eysturoy region,Males,Age 55 - 66,pct.,2.4
2022,Proportion of population living below the national poverty line,Eysturoy region,Males,Age 55 - 66,pct.,1.7
2023,Proportion of population living below the national poverty line,Eysturoy region,Males,Age 55 - 66,pct.,1.6
2024,Proportion of population living below the national poverty line,Eysturoy region,Males,Age 55 - 66,pct.,2.1
2009,Proportion of population living below the national poverty line,Eysturoy region,Males,Age 67 + ,pct.,3.5
2010,Proportion of population living below the national poverty line,Eysturoy region,Males,Age 67 + ,pct.,3.1
2011,Proportion of population living below the national poverty line,Eysturoy region,Males,Age 67 + ,pct.,1.9
2012,Proportion of population living below the national poverty line,Eysturoy region,Males,Age 67 + ,pct.,2.0
2013,Proportion of population living below the national poverty line,Eysturoy region,Males,Age 67 + ,pct.,1.1
2014,Proportion of population living below the national poverty line,Eysturoy region,Males,Age 67 + ,pct.,2.3
2015,Proportion of population living below the national poverty line,Eysturoy region,Males,Age 67 + ,pct.,1.9
2016,Proportion of population living below the national poverty line,Eysturoy region,Males,Age 67 + ,pct.,1.1
2017,Proportion of population living below the national poverty line,Eysturoy region,Males,Age 67 + ,pct.,2.0
2018,Proportion of population living below the national poverty line,Eysturoy region,Males,Age 67 + ,pct.,2.1
2019,Proportion of population living below the national poverty line,Eysturoy region,Males,Age 67 + ,pct.,1.3
2020,Proportion of population living below the national poverty line,Eysturoy region,Males,Age 67 + ,pct.,1.0
2021,Proportion of population living below the national poverty line,Eysturoy region,Males,Age 67 + ,pct.,0.8
2022,Proportion of population living below the national poverty line,Eysturoy region,Males,Age 67 + ,pct.,0.5
2023,Proportion of population living below the national poverty line,Eysturoy region,Males,Age 67 + ,pct.,0.8
2024,Proportion of population living below the national poverty line,Eysturoy region,Males,Age 67 + ,pct.,1.6
2009,Proportion of population living below the national poverty line,Norðoyggjar region,,,pct.,5.3
2010,Proportion of population living below the national poverty line,Norðoyggjar region,,,pct.,5.0
2011,Proportion of population living below the national poverty line,Norðoyggjar region,,,pct.,4.8
2012,Proportion of population living below the national poverty line,Norðoyggjar region,,,pct.,5.6
2013,Proportion of population living below the national poverty line,Norðoyggjar region,,,pct.,4.0
2014,Proportion of population living below the national poverty line,Norðoyggjar region,,,pct.,3.7
2015,Proportion of population living below the national poverty line,Norðoyggjar region,,,pct.,3.2
2016,Proportion of population living below the national poverty line,Norðoyggjar region,,,pct.,2.8
2017,Proportion of population living below the national poverty line,Norðoyggjar region,,,pct.,2.5
2018,Proportion of population living below the national poverty line,Norðoyggjar region,,,pct.,2.7
2019,Proportion of population living below the national poverty line,Norðoyggjar region,,,pct.,2.4
2020,Proportion of population living below the national poverty line,Norðoyggjar region,,,pct.,2.3
2021,Proportion of population living below the national poverty line,Norðoyggjar region,,,pct.,2.3
2022,Proportion of population living below the national poverty line,Norðoyggjar region,,,pct.,2.4
2023,Proportion of population living below the national poverty line,Norðoyggjar region,,,pct.,2.5
2024,Proportion of population living below the national poverty line,Norðoyggjar region,,,pct.,2.6
2009,Proportion of population living below the national poverty line,Norðoyggjar region,,Age 0 - 17,pct.,8.7
2010,Proportion of population living below the national poverty line,Norðoyggjar region,,Age 0 - 17,pct.,7.7
2011,Proportion of population living below the national poverty line,Norðoyggjar region,,Age 0 - 17,pct.,7.0
2012,Proportion of population living below the national poverty line,Norðoyggjar region,,Age 0 - 17,pct.,8.1
2013,Proportion of population living below the national poverty line,Norðoyggjar region,,Age 0 - 17,pct.,6.1
2014,Proportion of population living below the national poverty line,Norðoyggjar region,,Age 0 - 17,pct.,6.0
2015,Proportion of population living below the national poverty line,Norðoyggjar region,,Age 0 - 17,pct.,4.5
2016,Proportion of population living below the national poverty line,Norðoyggjar region,,Age 0 - 17,pct.,4.1
2017,Proportion of population living below the national poverty line,Norðoyggjar region,,Age 0 - 17,pct.,3.2
2018,Proportion of population living below the national poverty line,Norðoyggjar region,,Age 0 - 17,pct.,4.0
2019,Proportion of population living below the national poverty line,Norðoyggjar region,,Age 0 - 17,pct.,3.2
2020,Proportion of population living below the national poverty line,Norðoyggjar region,,Age 0 - 17,pct.,3.5
2021,Proportion of population living below the national poverty line,Norðoyggjar region,,Age 0 - 17,pct.,3.9
2022,Proportion of population living below the national poverty line,Norðoyggjar region,,Age 0 - 17,pct.,3.2
2023,Proportion of population living below the national poverty line,Norðoyggjar region,,Age 0 - 17,pct.,3.3
2024,Proportion of population living below the national poverty line,Norðoyggjar region,,Age 0 - 17,pct.,3.2
2009,Proportion of population living below the national poverty line,Norðoyggjar region,,Age 18 - 24,pct.,5.1
2010,Proportion of population living below the national poverty line,Norðoyggjar region,,Age 18 - 24,pct.,4.4
2011,Proportion of population living below the national poverty line,Norðoyggjar region,,Age 18 - 24,pct.,3.9
2012,Proportion of population living below the national poverty line,Norðoyggjar region,,Age 18 - 24,pct.,4.9
2013,Proportion of population living below the national poverty line,Norðoyggjar region,,Age 18 - 24,pct.,3.4
2014,Proportion of population living below the national poverty line,Norðoyggjar region,,Age 18 - 24,pct.,4.2
2015,Proportion of population living below the national poverty line,Norðoyggjar region,,Age 18 - 24,pct.,2.3
2016,Proportion of population living below the national poverty line,Norðoyggjar region,,Age 18 - 24,pct.,2.8
2017,Proportion of population living below the national poverty line,Norðoyggjar region,,Age 18 - 24,pct.,1.8
2018,Proportion of population living below the national poverty line,Norðoyggjar region,,Age 18 - 24,pct.,2.8
2019,Proportion of population living below the national poverty line,Norðoyggjar region,,Age 18 - 24,pct.,2.1
2020,Proportion of population living below the national poverty line,Norðoyggjar region,,Age 18 - 24,pct.,2.4
2021,Proportion of population living below the national poverty line,Norðoyggjar region,,Age 18 - 24,pct.,1.5
2022,Proportion of population living below the national poverty line,Norðoyggjar region,,Age 18 - 24,pct.,2.5
2023,Proportion of population living below the national poverty line,Norðoyggjar region,,Age 18 - 24,pct.,2.7
2024,Proportion of population living below the national poverty line,Norðoyggjar region,,Age 18 - 24,pct.,3.1
2009,Proportion of population living below the national poverty line,Norðoyggjar region,,Age 25 - 54,pct.,4.8
2010,Proportion of population living below the national poverty line,Norðoyggjar region,,Age 25 - 54,pct.,4.8
2011,Proportion of population living below the national poverty line,Norðoyggjar region,,Age 25 - 54,pct.,5.2
2012,Proportion of population living below the national poverty line,Norðoyggjar region,,Age 25 - 54,pct.,6.0
2013,Proportion of population living below the national poverty line,Norðoyggjar region,,Age 25 - 54,pct.,3.8
2014,Proportion of population living below the national poverty line,Norðoyggjar region,,Age 25 - 54,pct.,3.7
2015,Proportion of population living below the national poverty line,Norðoyggjar region,,Age 25 - 54,pct.,3.4
2016,Proportion of population living below the national poverty line,Norðoyggjar region,,Age 25 - 54,pct.,2.8
2017,Proportion of population living below the national poverty line,Norðoyggjar region,,Age 25 - 54,pct.,2.4
2018,Proportion of population living below the national poverty line,Norðoyggjar region,,Age 25 - 54,pct.,2.7
2019,Proportion of population living below the national poverty line,Norðoyggjar region,,Age 25 - 54,pct.,2.7
2020,Proportion of population living below the national poverty line,Norðoyggjar region,,Age 25 - 54,pct.,2.2
2021,Proportion of population living below the national poverty line,Norðoyggjar region,,Age 25 - 54,pct.,2.6
2022,Proportion of population living below the national poverty line,Norðoyggjar region,,Age 25 - 54,pct.,2.4
2023,Proportion of population living below the national poverty line,Norðoyggjar region,,Age 25 - 54,pct.,2.5
2024,Proportion of population living below the national poverty line,Norðoyggjar region,,Age 25 - 54,pct.,2.8
2009,Proportion of population living below the national poverty line,Norðoyggjar region,,Age 55 - 66,pct.,3.4
2010,Proportion of population living below the national poverty line,Norðoyggjar region,,Age 55 - 66,pct.,2.9
2011,Proportion of population living below the national poverty line,Norðoyggjar region,,Age 55 - 66,pct.,2.9
2012,Proportion of population living below the national poverty line,Norðoyggjar region,,Age 55 - 66,pct.,2.9
2013,Proportion of population living below the national poverty line,Norðoyggjar region,,Age 55 - 66,pct.,2.4
2014,Proportion of population living below the national poverty line,Norðoyggjar region,,Age 55 - 66,pct.,1.6
2015,Proportion of population living below the national poverty line,Norðoyggjar region,,Age 55 - 66,pct.,1.8
2016,Proportion of population living below the national poverty line,Norðoyggjar region,,Age 55 - 66,pct.,1.3
2017,Proportion of population living below the national poverty line,Norðoyggjar region,,Age 55 - 66,pct.,2.0
2018,Proportion of population living below the national poverty line,Norðoyggjar region,,Age 55 - 66,pct.,0.8
2019,Proportion of population living below the national poverty line,Norðoyggjar region,,Age 55 - 66,pct.,1.0
2020,Proportion of population living below the national poverty line,Norðoyggjar region,,Age 55 - 66,pct.,1.1
2021,Proportion of population living below the national poverty line,Norðoyggjar region,,Age 55 - 66,pct.,0.9
2022,Proportion of population living below the national poverty line,Norðoyggjar region,,Age 55 - 66,pct.,1.8
2023,Proportion of population living below the national poverty line,Norðoyggjar region,,Age 55 - 66,pct.,1.9
2024,Proportion of population living below the national poverty line,Norðoyggjar region,,Age 55 - 66,pct.,2.2
2009,Proportion of population living below the national poverty line,Norðoyggjar region,,Age 67 + ,pct.,2.5
2010,Proportion of population living below the national poverty line,Norðoyggjar region,,Age 67 + ,pct.,3.0
2011,Proportion of population living below the national poverty line,Norðoyggjar region,,Age 67 + ,pct.,2.3
2012,Proportion of population living below the national poverty line,Norðoyggjar region,,Age 67 + ,pct.,3.1
2013,Proportion of population living below the national poverty line,Norðoyggjar region,,Age 67 + ,pct.,2.7
2014,Proportion of population living below the national poverty line,Norðoyggjar region,,Age 67 + ,pct.,1.9
2015,Proportion of population living below the national poverty line,Norðoyggjar region,,Age 67 + ,pct.,2.3
2016,Proportion of population living below the national poverty line,Norðoyggjar region,,Age 67 + ,pct.,2.2
2017,Proportion of population living below the national poverty line,Norðoyggjar region,,Age 67 + ,pct.,2.6
2018,Proportion of population living below the national poverty line,Norðoyggjar region,,Age 67 + ,pct.,2.1
2019,Proportion of population living below the national poverty line,Norðoyggjar region,,Age 67 + ,pct.,1.9
2020,Proportion of population living below the national poverty line,Norðoyggjar region,,Age 67 + ,pct.,1.6
2021,Proportion of population living below the national poverty line,Norðoyggjar region,,Age 67 + ,pct.,1.1
2022,Proportion of population living below the national poverty line,Norðoyggjar region,,Age 67 + ,pct.,1.5
2023,Proportion of population living below the national poverty line,Norðoyggjar region,,Age 67 + ,pct.,1.6
2024,Proportion of population living below the national poverty line,Norðoyggjar region,,Age 67 + ,pct.,1.5
2009,Proportion of population living below the national poverty line,Norðoyggjar region,Females,,pct.,5.5
2010,Proportion of population living below the national poverty line,Norðoyggjar region,Females,,pct.,5.3
2011,Proportion of population living below the national poverty line,Norðoyggjar region,Females,,pct.,4.7
2012,Proportion of population living below the national poverty line,Norðoyggjar region,Females,,pct.,6.0
2013,Proportion of population living below the national poverty line,Norðoyggjar region,Females,,pct.,4.3
2014,Proportion of population living below the national poverty line,Norðoyggjar region,Females,,pct.,4.2
2015,Proportion of population living below the national poverty line,Norðoyggjar region,Females,,pct.,3.4
2016,Proportion of population living below the national poverty line,Norðoyggjar region,Females,,pct.,2.9
2017,Proportion of population living below the national poverty line,Norðoyggjar region,Females,,pct.,2.8
2018,Proportion of population living below the national poverty line,Norðoyggjar region,Females,,pct.,3.0
2019,Proportion of population living below the national poverty line,Norðoyggjar region,Females,,pct.,2.7
2020,Proportion of population living below the national poverty line,Norðoyggjar region,Females,,pct.,2.6
2021,Proportion of population living below the national poverty line,Norðoyggjar region,Females,,pct.,2.4
2022,Proportion of population living below the national poverty line,Norðoyggjar region,Females,,pct.,2.6
2023,Proportion of population living below the national poverty line,Norðoyggjar region,Females,,pct.,2.4
2024,Proportion of population living below the national poverty line,Norðoyggjar region,Females,,pct.,2.7
2009,Proportion of population living below the national poverty line,Norðoyggjar region,Females,Age 0 - 17,pct.,8.3
2010,Proportion of population living below the national poverty line,Norðoyggjar region,Females,Age 0 - 17,pct.,8.1
2011,Proportion of population living below the national poverty line,Norðoyggjar region,Females,Age 0 - 17,pct.,6.0
2012,Proportion of population living below the national poverty line,Norðoyggjar region,Females,Age 0 - 17,pct.,7.7
2013,Proportion of population living below the national poverty line,Norðoyggjar region,Females,Age 0 - 17,pct.,6.5
2014,Proportion of population living below the national poverty line,Norðoyggjar region,Females,Age 0 - 17,pct.,6.1
2015,Proportion of population living below the national poverty line,Norðoyggjar region,Females,Age 0 - 17,pct.,4.6
2016,Proportion of population living below the national poverty line,Norðoyggjar region,Females,Age 0 - 17,pct.,4.0
2017,Proportion of population living below the national poverty line,Norðoyggjar region,Females,Age 0 - 17,pct.,2.9
2018,Proportion of population living below the national poverty line,Norðoyggjar region,Females,Age 0 - 17,pct.,3.5
2019,Proportion of population living below the national poverty line,Norðoyggjar region,Females,Age 0 - 17,pct.,3.1
2020,Proportion of population living below the national poverty line,Norðoyggjar region,Females,Age 0 - 17,pct.,3.2
2021,Proportion of population living below the national poverty line,Norðoyggjar region,Females,Age 0 - 17,pct.,3.4
2022,Proportion of population living below the national poverty line,Norðoyggjar region,Females,Age 0 - 17,pct.,2.8
2023,Proportion of population living below the national poverty line,Norðoyggjar region,Females,Age 0 - 17,pct.,2.5
2024,Proportion of population living below the national poverty line,Norðoyggjar region,Females,Age 0 - 17,pct.,2.9
2009,Proportion of population living below the national poverty line,Norðoyggjar region,Females,Age 18 - 24,pct.,6.4
2010,Proportion of population living below the national poverty line,Norðoyggjar region,Females,Age 18 - 24,pct.,5.6
2011,Proportion of population living below the national poverty line,Norðoyggjar region,Females,Age 18 - 24,pct.,5.1
2012,Proportion of population living below the national poverty line,Norðoyggjar region,Females,Age 18 - 24,pct.,7.5
2013,Proportion of population living below the national poverty line,Norðoyggjar region,Females,Age 18 - 24,pct.,4.8
2014,Proportion of population living below the national poverty line,Norðoyggjar region,Females,Age 18 - 24,pct.,5.8
2015,Proportion of population living below the national poverty line,Norðoyggjar region,Females,Age 18 - 24,pct.,3.2
2016,Proportion of population living below the national poverty line,Norðoyggjar region,Females,Age 18 - 24,pct.,3.6
2017,Proportion of population living below the national poverty line,Norðoyggjar region,Females,Age 18 - 24,pct.,3.0
2018,Proportion of population living below the national poverty line,Norðoyggjar region,Females,Age 18 - 24,pct.,3.7
2019,Proportion of population living below the national poverty line,Norðoyggjar region,Females,Age 18 - 24,pct.,2.5
2020,Proportion of population living below the national poverty line,Norðoyggjar region,Females,Age 18 - 24,pct.,3.7
2021,Proportion of population living below the national poverty line,Norðoyggjar region,Females,Age 18 - 24,pct.,1.5
2022,Proportion of population living below the national poverty line,Norðoyggjar region,Females,Age 18 - 24,pct.,3.8
2023,Proportion of population living below the national poverty line,Norðoyggjar region,Females,Age 18 - 24,pct.,3.0
2024,Proportion of population living below the national poverty line,Norðoyggjar region,Females,Age 18 - 24,pct.,2.4
2009,Proportion of population living below the national poverty line,Norðoyggjar region,Females,Age 25 - 54,pct.,5.7
2010,Proportion of population living below the national poverty line,Norðoyggjar region,Females,Age 25 - 54,pct.,5.3
2011,Proportion of population living below the national poverty line,Norðoyggjar region,Females,Age 25 - 54,pct.,5.6
2012,Proportion of population living below the national poverty line,Norðoyggjar region,Females,Age 25 - 54,pct.,6.8
2013,Proportion of population living below the national poverty line,Norðoyggjar region,Females,Age 25 - 54,pct.,4.2
2014,Proportion of population living below the national poverty line,Norðoyggjar region,Females,Age 25 - 54,pct.,4.8
2015,Proportion of population living below the national poverty line,Norðoyggjar region,Females,Age 25 - 54,pct.,3.9
2016,Proportion of population living below the national poverty line,Norðoyggjar region,Females,Age 25 - 54,pct.,2.8
2017,Proportion of population living below the national poverty line,Norðoyggjar region,Females,Age 25 - 54,pct.,2.6
2018,Proportion of population living below the national poverty line,Norðoyggjar region,Females,Age 25 - 54,pct.,3.7
2019,Proportion of population living below the national poverty line,Norðoyggjar region,Females,Age 25 - 54,pct.,3.3
2020,Proportion of population living below the national poverty line,Norðoyggjar region,Females,Age 25 - 54,pct.,2.9
2021,Proportion of population living below the national poverty line,Norðoyggjar region,Females,Age 25 - 54,pct.,3.0
2022,Proportion of population living below the national poverty line,Norðoyggjar region,Females,Age 25 - 54,pct.,2.8
2023,Proportion of population living below the national poverty line,Norðoyggjar region,Females,Age 25 - 54,pct.,2.6
2024,Proportion of population living below the national poverty line,Norðoyggjar region,Females,Age 25 - 54,pct.,3.1
2009,Proportion of population living below the national poverty line,Norðoyggjar region,Females,Age 55 - 66,pct.,2.2
2010,Proportion of population living below the national poverty line,Norðoyggjar region,Females,Age 55 - 66,pct.,2.5
2011,Proportion of population living below the national poverty line,Norðoyggjar region,Females,Age 55 - 66,pct.,2.1
2012,Proportion of population living below the national poverty line,Norðoyggjar region,Females,Age 55 - 66,pct.,2.8
2013,Proportion of population living below the national poverty line,Norðoyggjar region,Females,Age 55 - 66,pct.,2.3
2014,Proportion of population living below the national poverty line,Norðoyggjar region,Females,Age 55 - 66,pct.,1.3
2015,Proportion of population living below the national poverty line,Norðoyggjar region,Females,Age 55 - 66,pct.,1.5
2016,Proportion of population living below the national poverty line,Norðoyggjar region,Females,Age 55 - 66,pct.,1.3
2017,Proportion of population living below the national poverty line,Norðoyggjar region,Females,Age 55 - 66,pct.,2.3
2018,Proportion of population living below the national poverty line,Norðoyggjar region,Females,Age 55 - 66,pct.,1.0
2019,Proportion of population living below the national poverty line,Norðoyggjar region,Females,Age 55 - 66,pct.,1.4
2020,Proportion of population living below the national poverty line,Norðoyggjar region,Females,Age 55 - 66,pct.,1.2
2021,Proportion of population living below the national poverty line,Norðoyggjar region,Females,Age 55 - 66,pct.,0.9
2022,Proportion of population living below the national poverty line,Norðoyggjar region,Females,Age 55 - 66,pct.,1.6
2023,Proportion of population living below the national poverty line,Norðoyggjar region,Females,Age 55 - 66,pct.,1.9
2024,Proportion of population living below the national poverty line,Norðoyggjar region,Females,Age 55 - 66,pct.,2.0
2009,Proportion of population living below the national poverty line,Norðoyggjar region,Females,Age 67 + ,pct.,2.0
2010,Proportion of population living below the national poverty line,Norðoyggjar region,Females,Age 67 + ,pct.,2.6
2011,Proportion of population living below the national poverty line,Norðoyggjar region,Females,Age 67 + ,pct.,2.6
2012,Proportion of population living below the national poverty line,Norðoyggjar region,Females,Age 67 + ,pct.,3.3
2013,Proportion of population living below the national poverty line,Norðoyggjar region,Females,Age 67 + ,pct.,2.7
2014,Proportion of population living below the national poverty line,Norðoyggjar region,Females,Age 67 + ,pct.,2.0
2015,Proportion of population living below the national poverty line,Norðoyggjar region,Females,Age 67 + ,pct.,2.4
2016,Proportion of population living below the national poverty line,Norðoyggjar region,Females,Age 67 + ,pct.,2.4
2017,Proportion of population living below the national poverty line,Norðoyggjar region,Females,Age 67 + ,pct.,3.5
2018,Proportion of population living below the national poverty line,Norðoyggjar region,Females,Age 67 + ,pct.,2.2
2019,Proportion of population living below the national poverty line,Norðoyggjar region,Females,Age 67 + ,pct.,2.2
2020,Proportion of population living below the national poverty line,Norðoyggjar region,Females,Age 67 + ,pct.,1.9
2021,Proportion of population living below the national poverty line,Norðoyggjar region,Females,Age 67 + ,pct.,1.6
2022,Proportion of population living below the national poverty line,Norðoyggjar region,Females,Age 67 + ,pct.,2.0
2023,Proportion of population living below the national poverty line,Norðoyggjar region,Females,Age 67 + ,pct.,1.9
2024,Proportion of population living below the national poverty line,Norðoyggjar region,Females,Age 67 + ,pct.,2.0
2009,Proportion of population living below the national poverty line,Norðoyggjar region,Males,,pct.,5.2
2010,Proportion of population living below the national poverty line,Norðoyggjar region,Males,,pct.,4.7
2011,Proportion of population living below the national poverty line,Norðoyggjar region,Males,,pct.,4.9
2012,Proportion of population living below the national poverty line,Norðoyggjar region,Males,,pct.,5.2
2013,Proportion of population living below the national poverty line,Norðoyggjar region,Males,,pct.,3.7
2014,Proportion of population living below the national poverty line,Norðoyggjar region,Males,,pct.,3.3
2015,Proportion of population living below the national poverty line,Norðoyggjar region,Males,,pct.,2.9
2016,Proportion of population living below the national poverty line,Norðoyggjar region,Males,,pct.,2.8
2017,Proportion of population living below the national poverty line,Norðoyggjar region,Males,,pct.,2.2
2018,Proportion of population living below the national poverty line,Norðoyggjar region,Males,,pct.,2.3
2019,Proportion of population living below the national poverty line,Norðoyggjar region,Males,,pct.,2.0
2020,Proportion of population living below the national poverty line,Norðoyggjar region,Males,,pct.,1.9
2021,Proportion of population living below the national poverty line,Norðoyggjar region,Males,,pct.,2.3
2022,Proportion of population living below the national poverty line,Norðoyggjar region,Males,,pct.,2.2
2023,Proportion of population living below the national poverty line,Norðoyggjar region,Males,,pct.,2.6
2024,Proportion of population living below the national poverty line,Norðoyggjar region,Males,,pct.,2.5
2009,Proportion of population living below the national poverty line,Norðoyggjar region,Males,Age 0 - 17,pct.,9.0
2010,Proportion of population living below the national poverty line,Norðoyggjar region,Males,Age 0 - 17,pct.,7.2
2011,Proportion of population living below the national poverty line,Norðoyggjar region,Males,Age 0 - 17,pct.,8.0
2012,Proportion of population living below the national poverty line,Norðoyggjar region,Males,Age 0 - 17,pct.,8.5
2013,Proportion of population living below the national poverty line,Norðoyggjar region,Males,Age 0 - 17,pct.,5.7
2014,Proportion of population living below the national poverty line,Norðoyggjar region,Males,Age 0 - 17,pct.,6.0
2015,Proportion of population living below the national poverty line,Norðoyggjar region,Males,Age 0 - 17,pct.,4.5
2016,Proportion of population living below the national poverty line,Norðoyggjar region,Males,Age 0 - 17,pct.,4.2
2017,Proportion of population living below the national poverty line,Norðoyggjar region,Males,Age 0 - 17,pct.,3.5
2018,Proportion of population living below the national poverty line,Norðoyggjar region,Males,Age 0 - 17,pct.,4.4
2019,Proportion of population living below the national poverty line,Norðoyggjar region,Males,Age 0 - 17,pct.,3.4
2020,Proportion of population living below the national poverty line,Norðoyggjar region,Males,Age 0 - 17,pct.,3.7
2021,Proportion of population living below the national poverty line,Norðoyggjar region,Males,Age 0 - 17,pct.,4.4
2022,Proportion of population living below the national poverty line,Norðoyggjar region,Males,Age 0 - 17,pct.,3.7
2023,Proportion of population living below the national poverty line,Norðoyggjar region,Males,Age 0 - 17,pct.,4.1
2024,Proportion of population living below the national poverty line,Norðoyggjar region,Males,Age 0 - 17,pct.,3.4
2009,Proportion of population living below the national poverty line,Norðoyggjar region,Males,Age 18 - 24,pct.,4.0
2010,Proportion of population living below the national poverty line,Norðoyggjar region,Males,Age 18 - 24,pct.,3.3
2011,Proportion of population living below the national poverty line,Norðoyggjar region,Males,Age 18 - 24,pct.,2.8
2012,Proportion of population living below the national poverty line,Norðoyggjar region,Males,Age 18 - 24,pct.,2.7
2013,Proportion of population living below the national poverty line,Norðoyggjar region,Males,Age 18 - 24,pct.,2.3
2014,Proportion of population living below the national poverty line,Norðoyggjar region,Males,Age 18 - 24,pct.,2.8
2015,Proportion of population living below the national poverty line,Norðoyggjar region,Males,Age 18 - 24,pct.,1.4
2016,Proportion of population living below the national poverty line,Norðoyggjar region,Males,Age 18 - 24,pct.,2.1
2017,Proportion of population living below the national poverty line,Norðoyggjar region,Males,Age 18 - 24,pct.,0.7
2018,Proportion of population living below the national poverty line,Norðoyggjar region,Males,Age 18 - 24,pct.,2.0
2019,Proportion of population living below the national poverty line,Norðoyggjar region,Males,Age 18 - 24,pct.,1.6
2020,Proportion of population living below the national poverty line,Norðoyggjar region,Males,Age 18 - 24,pct.,1.2
2021,Proportion of population living below the national poverty line,Norðoyggjar region,Males,Age 18 - 24,pct.,1.5
2022,Proportion of population living below the national poverty line,Norðoyggjar region,Males,Age 18 - 24,pct.,1.5
2023,Proportion of population living below the national poverty line,Norðoyggjar region,Males,Age 18 - 24,pct.,2.4
2024,Proportion of population living below the national poverty line,Norðoyggjar region,Males,Age 18 - 24,pct.,3.7
2009,Proportion of population living below the national poverty line,Norðoyggjar region,Males,Age 25 - 54,pct.,4.1
2010,Proportion of population living below the national poverty line,Norðoyggjar region,Males,Age 25 - 54,pct.,4.3
2011,Proportion of population living below the national poverty line,Norðoyggjar region,Males,Age 25 - 54,pct.,4.9
2012,Proportion of population living below the national poverty line,Norðoyggjar region,Males,Age 25 - 54,pct.,5.3
2013,Proportion of population living below the national poverty line,Norðoyggjar region,Males,Age 25 - 54,pct.,3.5
2014,Proportion of population living below the national poverty line,Norðoyggjar region,Males,Age 25 - 54,pct.,2.7
2015,Proportion of population living below the national poverty line,Norðoyggjar region,Males,Age 25 - 54,pct.,2.9
2016,Proportion of population living below the national poverty line,Norðoyggjar region,Males,Age 25 - 54,pct.,2.8
2017,Proportion of population living below the national poverty line,Norðoyggjar region,Males,Age 25 - 54,pct.,2.1
2018,Proportion of population living below the national poverty line,Norðoyggjar region,Males,Age 25 - 54,pct.,1.9
2019,Proportion of population living below the national poverty line,Norðoyggjar region,Males,Age 25 - 54,pct.,2.1
2020,Proportion of population living below the national poverty line,Norðoyggjar region,Males,Age 25 - 54,pct.,1.6
2021,Proportion of population living below the national poverty line,Norðoyggjar region,Males,Age 25 - 54,pct.,2.3
2022,Proportion of population living below the national poverty line,Norðoyggjar region,Males,Age 25 - 54,pct.,2.0
2023,Proportion of population living below the national poverty line,Norðoyggjar region,Males,Age 25 - 54,pct.,2.5
2024,Proportion of population living below the national poverty line,Norðoyggjar region,Males,Age 25 - 54,pct.,2.4
2009,Proportion of population living below the national poverty line,Norðoyggjar region,Males,Age 55 - 66,pct.,4.4
2010,Proportion of population living below the national poverty line,Norðoyggjar region,Males,Age 55 - 66,pct.,3.3
2011,Proportion of population living below the national poverty line,Norðoyggjar region,Males,Age 55 - 66,pct.,3.5
2012,Proportion of population living below the national poverty line,Norðoyggjar region,Males,Age 55 - 66,pct.,3.0
2013,Proportion of population living below the national poverty line,Norðoyggjar region,Males,Age 55 - 66,pct.,2.5
2014,Proportion of population living below the national poverty line,Norðoyggjar region,Males,Age 55 - 66,pct.,2.0
2015,Proportion of population living below the national poverty line,Norðoyggjar region,Males,Age 55 - 66,pct.,2.0
2016,Proportion of population living below the national poverty line,Norðoyggjar region,Males,Age 55 - 66,pct.,1.3
2017,Proportion of population living below the national poverty line,Norðoyggjar region,Males,Age 55 - 66,pct.,1.8
2018,Proportion of population living below the national poverty line,Norðoyggjar region,Males,Age 55 - 66,pct.,0.7
2019,Proportion of population living below the national poverty line,Norðoyggjar region,Males,Age 55 - 66,pct.,0.6
2020,Proportion of population living below the national poverty line,Norðoyggjar region,Males,Age 55 - 66,pct.,1.1
2021,Proportion of population living below the national poverty line,Norðoyggjar region,Males,Age 55 - 66,pct.,0.8
2022,Proportion of population living below the national poverty line,Norðoyggjar region,Males,Age 55 - 66,pct.,1.9
2023,Proportion of population living below the national poverty line,Norðoyggjar region,Males,Age 55 - 66,pct.,1.8
2024,Proportion of population living below the national poverty line,Norðoyggjar region,Males,Age 55 - 66,pct.,2.5
2009,Proportion of population living below the national poverty line,Norðoyggjar region,Males,Age 67 + ,pct.,3.2
2010,Proportion of population living below the national poverty line,Norðoyggjar region,Males,Age 67 + ,pct.,3.4
2011,Proportion of population living below the national poverty line,Norðoyggjar region,Males,Age 67 + ,pct.,1.9
2012,Proportion of population living below the national poverty line,Norðoyggjar region,Males,Age 67 + ,pct.,2.9
2013,Proportion of population living below the national poverty line,Norðoyggjar region,Males,Age 67 + ,pct.,2.8
2014,Proportion of population living below the national poverty line,Norðoyggjar region,Males,Age 67 + ,pct.,1.7
2015,Proportion of population living below the national poverty line,Norðoyggjar region,Males,Age 67 + ,pct.,2.1
2016,Proportion of population living below the national poverty line,Norðoyggjar region,Males,Age 67 + ,pct.,2.1
2017,Proportion of population living below the national poverty line,Norðoyggjar region,Males,Age 67 + ,pct.,1.6
2018,Proportion of population living below the national poverty line,Norðoyggjar region,Males,Age 67 + ,pct.,2.0
2019,Proportion of population living below the national poverty line,Norðoyggjar region,Males,Age 67 + ,pct.,1.5
2020,Proportion of population living below the national poverty line,Norðoyggjar region,Males,Age 67 + ,pct.,1.2
2021,Proportion of population living below the national poverty line,Norðoyggjar region,Males,Age 67 + ,pct.,0.6
2022,Proportion of population living below the national poverty line,Norðoyggjar region,Males,Age 67 + ,pct.,1.0
2023,Proportion of population living below the national poverty line,Norðoyggjar region,Males,Age 67 + ,pct.,1.3
2024,Proportion of population living below the national poverty line,Norðoyggjar region,Males,Age 67 + ,pct.,0.9
2009,Proportion of population living below the national poverty line,Sandoy region,,,pct.,6.5
2010,Proportion of population living below the national poverty line,Sandoy region,,,pct.,4.4
2011,Proportion of population living below the national poverty line,Sandoy region,,,pct.,5.8
2012,Proportion of population living below the national poverty line,Sandoy region,,,pct.,5.8
2013,Proportion of population living below the national poverty line,Sandoy region,,,pct.,5.2
2014,Proportion of population living below the national poverty line,Sandoy region,,,pct.,4.6
2015,Proportion of population living below the national poverty line,Sandoy region,,,pct.,6.2
2016,Proportion of population living below the national poverty line,Sandoy region,,,pct.,3.8
2017,Proportion of population living below the national poverty line,Sandoy region,,,pct.,3.9
2018,Proportion of population living below the national poverty line,Sandoy region,,,pct.,4.3
2019,Proportion of population living below the national poverty line,Sandoy region,,,pct.,3.6
2020,Proportion of population living below the national poverty line,Sandoy region,,,pct.,3.4
2021,Proportion of population living below the national poverty line,Sandoy region,,,pct.,4.1
2022,Proportion of population living below the national poverty line,Sandoy region,,,pct.,3.7
2023,Proportion of population living below the national poverty line,Sandoy region,,,pct.,3.6
2024,Proportion of population living below the national poverty line,Sandoy region,,,pct.,3.6
2009,Proportion of population living below the national poverty line,Sandoy region,,Age 0 - 17,pct.,8.0
2010,Proportion of population living below the national poverty line,Sandoy region,,Age 0 - 17,pct.,7.0
2011,Proportion of population living below the national poverty line,Sandoy region,,Age 0 - 17,pct.,9.0
2012,Proportion of population living below the national poverty line,Sandoy region,,Age 0 - 17,pct.,7.6
2013,Proportion of population living below the national poverty line,Sandoy region,,Age 0 - 17,pct.,7.9
2014,Proportion of population living below the national poverty line,Sandoy region,,Age 0 - 17,pct.,5.5
2015,Proportion of population living below the national poverty line,Sandoy region,,Age 0 - 17,pct.,8.9
2016,Proportion of population living below the national poverty line,Sandoy region,,Age 0 - 17,pct.,4.5
2017,Proportion of population living below the national poverty line,Sandoy region,,Age 0 - 17,pct.,6.1
2018,Proportion of population living below the national poverty line,Sandoy region,,Age 0 - 17,pct.,6.8
2019,Proportion of population living below the national poverty line,Sandoy region,,Age 0 - 17,pct.,7.1
2020,Proportion of population living below the national poverty line,Sandoy region,,Age 0 - 17,pct.,6.3
2021,Proportion of population living below the national poverty line,Sandoy region,,Age 0 - 17,pct.,7.5
2022,Proportion of population living below the national poverty line,Sandoy region,,Age 0 - 17,pct.,5.0
2023,Proportion of population living below the national poverty line,Sandoy region,,Age 0 - 17,pct.,4.3
2024,Proportion of population living below the national poverty line,Sandoy region,,Age 0 - 17,pct.,7.1
2009,Proportion of population living below the national poverty line,Sandoy region,,Age 18 - 24,pct.,5.4
2010,Proportion of population living below the national poverty line,Sandoy region,,Age 18 - 24,pct.,0.0
2011,Proportion of population living below the national poverty line,Sandoy region,,Age 18 - 24,pct.,2.9
2012,Proportion of population living below the national poverty line,Sandoy region,,Age 18 - 24,pct.,9.8
2013,Proportion of population living below the national poverty line,Sandoy region,,Age 18 - 24,pct.,4.5
2014,Proportion of population living below the national poverty line,Sandoy region,,Age 18 - 24,pct.,8.2
2015,Proportion of population living below the national poverty line,Sandoy region,,Age 18 - 24,pct.,7.2
2016,Proportion of population living below the national poverty line,Sandoy region,,Age 18 - 24,pct.,6.0
2017,Proportion of population living below the national poverty line,Sandoy region,,Age 18 - 24,pct.,6.9
2018,Proportion of population living below the national poverty line,Sandoy region,,Age 18 - 24,pct.,6.7
2019,Proportion of population living below the national poverty line,Sandoy region,,Age 18 - 24,pct.,3.8
2020,Proportion of population living below the national poverty line,Sandoy region,,Age 18 - 24,pct.,4.0
2021,Proportion of population living below the national poverty line,Sandoy region,,Age 18 - 24,pct.,3.5
2022,Proportion of population living below the national poverty line,Sandoy region,,Age 18 - 24,pct.,4.3
2023,Proportion of population living below the national poverty line,Sandoy region,,Age 18 - 24,pct.,1.9
2024,Proportion of population living below the national poverty line,Sandoy region,,Age 18 - 24,pct.,1.7
2009,Proportion of population living below the national poverty line,Sandoy region,,Age 25 - 54,pct.,6.2
2010,Proportion of population living below the national poverty line,Sandoy region,,Age 25 - 54,pct.,4.5
2011,Proportion of population living below the national poverty line,Sandoy region,,Age 25 - 54,pct.,5.5
2012,Proportion of population living below the national poverty line,Sandoy region,,Age 25 - 54,pct.,5.3
2013,Proportion of population living below the national poverty line,Sandoy region,,Age 25 - 54,pct.,5.1
2014,Proportion of population living below the national poverty line,Sandoy region,,Age 25 - 54,pct.,2.8
2015,Proportion of population living below the national poverty line,Sandoy region,,Age 25 - 54,pct.,7.0
2016,Proportion of population living below the national poverty line,Sandoy region,,Age 25 - 54,pct.,4.0
2017,Proportion of population living below the national poverty line,Sandoy region,,Age 25 - 54,pct.,3.5
2018,Proportion of population living below the national poverty line,Sandoy region,,Age 25 - 54,pct.,4.3
2019,Proportion of population living below the national poverty line,Sandoy region,,Age 25 - 54,pct.,3.4
2020,Proportion of population living below the national poverty line,Sandoy region,,Age 25 - 54,pct.,2.8
2021,Proportion of population living below the national poverty line,Sandoy region,,Age 25 - 54,pct.,4.6
2022,Proportion of population living below the national poverty line,Sandoy region,,Age 25 - 54,pct.,4.4
2023,Proportion of population living below the national poverty line,Sandoy region,,Age 25 - 54,pct.,3.5
2024,Proportion of population living below the national poverty line,Sandoy region,,Age 25 - 54,pct.,3.6
2009,Proportion of population living below the national poverty line,Sandoy region,,Age 55 - 66,pct.,8.5
2010,Proportion of population living below the national poverty line,Sandoy region,,Age 55 - 66,pct.,4.7
2011,Proportion of population living below the national poverty line,Sandoy region,,Age 55 - 66,pct.,6.3
2012,Proportion of population living below the national poverty line,Sandoy region,,Age 55 - 66,pct.,7.0
2013,Proportion of population living below the national poverty line,Sandoy region,,Age 55 - 66,pct.,5.9
2014,Proportion of population living below the national poverty line,Sandoy region,,Age 55 - 66,pct.,7.6
2015,Proportion of population living below the national poverty line,Sandoy region,,Age 55 - 66,pct.,6.4
2016,Proportion of population living below the national poverty line,Sandoy region,,Age 55 - 66,pct.,5.1
2017,Proportion of population living below the national poverty line,Sandoy region,,Age 55 - 66,pct.,3.8
2018,Proportion of population living below the national poverty line,Sandoy region,,Age 55 - 66,pct.,2.2
2019,Proportion of population living below the national poverty line,Sandoy region,,Age 55 - 66,pct.,2.7
2020,Proportion of population living below the national poverty line,Sandoy region,,Age 55 - 66,pct.,2.2
2021,Proportion of population living below the national poverty line,Sandoy region,,Age 55 - 66,pct.,3.8
2022,Proportion of population living below the national poverty line,Sandoy region,,Age 55 - 66,pct.,4.7
2023,Proportion of population living below the national poverty line,Sandoy region,,Age 55 - 66,pct.,6.8
2024,Proportion of population living below the national poverty line,Sandoy region,,Age 55 - 66,pct.,3.6
2009,Proportion of population living below the national poverty line,Sandoy region,,Age 67 + ,pct.,3.5
2010,Proportion of population living below the national poverty line,Sandoy region,,Age 67 + ,pct.,2.7
2011,Proportion of population living below the national poverty line,Sandoy region,,Age 67 + ,pct.,2.7
2012,Proportion of population living below the national poverty line,Sandoy region,,Age 67 + ,pct.,0.9
2013,Proportion of population living below the national poverty line,Sandoy region,,Age 67 + ,pct.,1.8
2014,Proportion of population living below the national poverty line,Sandoy region,,Age 67 + ,pct.,2.1
2015,Proportion of population living below the national poverty line,Sandoy region,,Age 67 + ,pct.,1.6
2016,Proportion of population living below the national poverty line,Sandoy region,,Age 67 + ,pct.,0.8
2017,Proportion of population living below the national poverty line,Sandoy region,,Age 67 + ,pct.,0.8
2018,Proportion of population living below the national poverty line,Sandoy region,,Age 67 + ,pct.,2.5
2019,Proportion of population living below the national poverty line,Sandoy region,,Age 67 + ,pct.,0.8
2020,Proportion of population living below the national poverty line,Sandoy region,,Age 67 + ,pct.,1.8
2021,Proportion of population living below the national poverty line,Sandoy region,,Age 67 + ,pct.,0.7
2022,Proportion of population living below the national poverty line,Sandoy region,,Age 67 + ,pct.,0.4
2023,Proportion of population living below the national poverty line,Sandoy region,,Age 67 + ,pct.,1.5
2024,Proportion of population living below the national poverty line,Sandoy region,,Age 67 + ,pct.,1.4
2009,Proportion of population living below the national poverty line,Sandoy region,Females,,pct.,6.5
2010,Proportion of population living below the national poverty line,Sandoy region,Females,,pct.,4.0
2011,Proportion of population living below the national poverty line,Sandoy region,Females,,pct.,4.9
2012,Proportion of population living below the national poverty line,Sandoy region,Females,,pct.,5.2
2013,Proportion of population living below the national poverty line,Sandoy region,Females,,pct.,5.5
2014,Proportion of population living below the national poverty line,Sandoy region,Females,,pct.,4.5
2015,Proportion of population living below the national poverty line,Sandoy region,Females,,pct.,6.3
2016,Proportion of population living below the national poverty line,Sandoy region,Females,,pct.,3.5
2017,Proportion of population living below the national poverty line,Sandoy region,Females,,pct.,4.0
2018,Proportion of population living below the national poverty line,Sandoy region,Females,,pct.,4.2
2019,Proportion of population living below the national poverty line,Sandoy region,Females,,pct.,4.2
2020,Proportion of population living below the national poverty line,Sandoy region,Females,,pct.,4.5
2021,Proportion of population living below the national poverty line,Sandoy region,Females,,pct.,5.1
2022,Proportion of population living below the national poverty line,Sandoy region,Females,,pct.,3.6
2023,Proportion of population living below the national poverty line,Sandoy region,Females,,pct.,3.9
2024,Proportion of population living below the national poverty line,Sandoy region,Females,,pct.,3.7
2009,Proportion of population living below the national poverty line,Sandoy region,Females,Age 0 - 17,pct.,8.9
2010,Proportion of population living below the national poverty line,Sandoy region,Females,Age 0 - 17,pct.,7.0
2011,Proportion of population living below the national poverty line,Sandoy region,Females,Age 0 - 17,pct.,9.5
2012,Proportion of population living below the national poverty line,Sandoy region,Females,Age 0 - 17,pct.,6.9
2013,Proportion of population living below the national poverty line,Sandoy region,Females,Age 0 - 17,pct.,9.4
2014,Proportion of population living below the national poverty line,Sandoy region,Females,Age 0 - 17,pct.,7.0
2015,Proportion of population living below the national poverty line,Sandoy region,Females,Age 0 - 17,pct.,10.1
2016,Proportion of population living below the national poverty line,Sandoy region,Females,Age 0 - 17,pct.,6.3
2017,Proportion of population living below the national poverty line,Sandoy region,Females,Age 0 - 17,pct.,6.8
2018,Proportion of population living below the national poverty line,Sandoy region,Females,Age 0 - 17,pct.,6.7
2019,Proportion of population living below the national poverty line,Sandoy region,Females,Age 0 - 17,pct.,8.1
2020,Proportion of population living below the national poverty line,Sandoy region,Females,Age 0 - 17,pct.,8.8
2021,Proportion of population living below the national poverty line,Sandoy region,Females,Age 0 - 17,pct.,9.9
2022,Proportion of population living below the national poverty line,Sandoy region,Females,Age 0 - 17,pct.,4.9
2023,Proportion of population living below the national poverty line,Sandoy region,Females,Age 0 - 17,pct.,4.9
2024,Proportion of population living below the national poverty line,Sandoy region,Females,Age 0 - 17,pct.,6.6
2009,Proportion of population living below the national poverty line,Sandoy region,Females,Age 18 - 24,pct.,8.3
2010,Proportion of population living below the national poverty line,Sandoy region,Females,Age 18 - 24,pct.,0.0
2011,Proportion of population living below the national poverty line,Sandoy region,Females,Age 18 - 24,pct.,3.0
2012,Proportion of population living below the national poverty line,Sandoy region,Females,Age 18 - 24,pct.,13.2
2013,Proportion of population living below the national poverty line,Sandoy region,Females,Age 18 - 24,pct.,6.7
2014,Proportion of population living below the national poverty line,Sandoy region,Females,Age 18 - 24,pct.,12.5
2015,Proportion of population living below the national poverty line,Sandoy region,Females,Age 18 - 24,pct.,8.1
2016,Proportion of population living below the national poverty line,Sandoy region,Females,Age 18 - 24,pct.,5.3
2017,Proportion of population living below the national poverty line,Sandoy region,Females,Age 18 - 24,pct.,8.9
2018,Proportion of population living below the national poverty line,Sandoy region,Females,Age 18 - 24,pct.,3.9
2019,Proportion of population living below the national poverty line,Sandoy region,Females,Age 18 - 24,pct.,3.9
2020,Proportion of population living below the national poverty line,Sandoy region,Females,Age 18 - 24,pct.,4.3
2021,Proportion of population living below the national poverty line,Sandoy region,Females,Age 18 - 24,pct.,5.1
2022,Proportion of population living below the national poverty line,Sandoy region,Females,Age 18 - 24,pct.,4.7
2023,Proportion of population living below the national poverty line,Sandoy region,Females,Age 18 - 24,pct.,2.1
2024,Proportion of population living below the national poverty line,Sandoy region,Females,Age 18 - 24,pct.,1.9
2009,Proportion of population living below the national poverty line,Sandoy region,Females,Age 25 - 54,pct.,5.8
2010,Proportion of population living below the national poverty line,Sandoy region,Females,Age 25 - 54,pct.,3.5
2011,Proportion of population living below the national poverty line,Sandoy region,Females,Age 25 - 54,pct.,5.6
2012,Proportion of population living below the national poverty line,Sandoy region,Females,Age 25 - 54,pct.,5.3
2013,Proportion of population living below the national poverty line,Sandoy region,Females,Age 25 - 54,pct.,5.5
2014,Proportion of population living below the national poverty line,Sandoy region,Females,Age 25 - 54,pct.,3.8
2015,Proportion of population living below the national poverty line,Sandoy region,Females,Age 25 - 54,pct.,7.8
2016,Proportion of population living below the national poverty line,Sandoy region,Females,Age 25 - 54,pct.,3.4
2017,Proportion of population living below the national poverty line,Sandoy region,Females,Age 25 - 54,pct.,3.6
2018,Proportion of population living below the national poverty line,Sandoy region,Females,Age 25 - 54,pct.,4.8
2019,Proportion of population living below the national poverty line,Sandoy region,Females,Age 25 - 54,pct.,4.6
2020,Proportion of population living below the national poverty line,Sandoy region,Females,Age 25 - 54,pct.,4.6
2021,Proportion of population living below the national poverty line,Sandoy region,Females,Age 25 - 54,pct.,5.7
2022,Proportion of population living below the national poverty line,Sandoy region,Females,Age 25 - 54,pct.,5.1
2023,Proportion of population living below the national poverty line,Sandoy region,Females,Age 25 - 54,pct.,4.3
2024,Proportion of population living below the national poverty line,Sandoy region,Females,Age 25 - 54,pct.,3.6
2009,Proportion of population living below the national poverty line,Sandoy region,Females,Age 55 - 66,pct.,5.0
2010,Proportion of population living below the national poverty line,Sandoy region,Females,Age 55 - 66,pct.,4.2
2011,Proportion of population living below the national poverty line,Sandoy region,Females,Age 55 - 66,pct.,1.0
2012,Proportion of population living below the national poverty line,Sandoy region,Females,Age 55 - 66,pct.,3.9
2013,Proportion of population living below the national poverty line,Sandoy region,Females,Age 55 - 66,pct.,1.9
2014,Proportion of population living below the national poverty line,Sandoy region,Females,Age 55 - 66,pct.,3.0
2015,Proportion of population living below the national poverty line,Sandoy region,Females,Age 55 - 66,pct.,4.0
2016,Proportion of population living below the national poverty line,Sandoy region,Females,Age 55 - 66,pct.,2.1
2017,Proportion of population living below the national poverty line,Sandoy region,Females,Age 55 - 66,pct.,2.0
2018,Proportion of population living below the national poverty line,Sandoy region,Females,Age 55 - 66,pct.,2.0
2019,Proportion of population living below the national poverty line,Sandoy region,Females,Age 55 - 66,pct.,3.0
2020,Proportion of population living below the national poverty line,Sandoy region,Females,Age 55 - 66,pct.,2.1
2021,Proportion of population living below the national poverty line,Sandoy region,Females,Age 55 - 66,pct.,4.3
2022,Proportion of population living below the national poverty line,Sandoy region,Females,Age 55 - 66,pct.,4.0
2023,Proportion of population living below the national poverty line,Sandoy region,Females,Age 55 - 66,pct.,6.5
2024,Proportion of population living below the national poverty line,Sandoy region,Females,Age 55 - 66,pct.,3.2
2009,Proportion of population living below the national poverty line,Sandoy region,Females,Age 67 + ,pct.,5.6
2010,Proportion of population living below the national poverty line,Sandoy region,Females,Age 67 + ,pct.,2.4
2011,Proportion of population living below the national poverty line,Sandoy region,Females,Age 67 + ,pct.,2.5
2012,Proportion of population living below the national poverty line,Sandoy region,Females,Age 67 + ,pct.,1.7
2013,Proportion of population living below the national poverty line,Sandoy region,Females,Age 67 + ,pct.,3.3
2014,Proportion of population living below the national poverty line,Sandoy region,Females,Age 67 + ,pct.,1.6
2015,Proportion of population living below the national poverty line,Sandoy region,Females,Age 67 + ,pct.,1.5
2016,Proportion of population living below the national poverty line,Sandoy region,Females,Age 67 + ,pct.,1.4
2017,Proportion of population living below the national poverty line,Sandoy region,Females,Age 67 + ,pct.,1.4
2018,Proportion of population living below the national poverty line,Sandoy region,Females,Age 67 + ,pct.,2.7
2019,Proportion of population living below the national poverty line,Sandoy region,Females,Age 67 + ,pct.,0.7
2020,Proportion of population living below the national poverty line,Sandoy region,Females,Age 67 + ,pct.,2.1
2021,Proportion of population living below the national poverty line,Sandoy region,Females,Age 67 + ,pct.,0.7
2022,Proportion of population living below the national poverty line,Sandoy region,Females,Age 67 + ,pct.,0.0
2023,Proportion of population living below the national poverty line,Sandoy region,Females,Age 67 + ,pct.,1.5
2024,Proportion of population living below the national poverty line,Sandoy region,Females,Age 67 + ,pct.,2.2
2009,Proportion of population living below the national poverty line,Sandoy region,Males,,pct.,6.5
2010,Proportion of population living below the national poverty line,Sandoy region,Males,,pct.,4.8
2011,Proportion of population living below the national poverty line,Sandoy region,Males,,pct.,6.5
2012,Proportion of population living below the national poverty line,Sandoy region,Males,,pct.,6.2
2013,Proportion of population living below the national poverty line,Sandoy region,Males,,pct.,5.1
2014,Proportion of population living below the national poverty line,Sandoy region,Males,,pct.,4.7
2015,Proportion of population living below the national poverty line,Sandoy region,Males,,pct.,6.2
2016,Proportion of population living below the national poverty line,Sandoy region,Males,,pct.,4.1
2017,Proportion of population living below the national poverty line,Sandoy region,Males,,pct.,3.8
2018,Proportion of population living below the national poverty line,Sandoy region,Males,,pct.,4.4
2019,Proportion of population living below the national poverty line,Sandoy region,Males,,pct.,3.0
2020,Proportion of population living below the national poverty line,Sandoy region,Males,,pct.,2.4
2021,Proportion of population living below the national poverty line,Sandoy region,Males,,pct.,3.2
2022,Proportion of population living below the national poverty line,Sandoy region,Males,,pct.,3.7
2023,Proportion of population living below the national poverty line,Sandoy region,Males,,pct.,3.3
2024,Proportion of population living below the national poverty line,Sandoy region,Males,,pct.,3.6
2009,Proportion of population living below the national poverty line,Sandoy region,Males,Age 0 - 17,pct.,7.2
2010,Proportion of population living below the national poverty line,Sandoy region,Males,Age 0 - 17,pct.,7.0
2011,Proportion of population living below the national poverty line,Sandoy region,Males,Age 0 - 17,pct.,8.6
2012,Proportion of population living below the national poverty line,Sandoy region,Males,Age 0 - 17,pct.,8.2
2013,Proportion of population living below the national poverty line,Sandoy region,Males,Age 0 - 17,pct.,6.5
2014,Proportion of population living below the national poverty line,Sandoy region,Males,Age 0 - 17,pct.,4.0
2015,Proportion of population living below the national poverty line,Sandoy region,Males,Age 0 - 17,pct.,7.7
2016,Proportion of population living below the national poverty line,Sandoy region,Males,Age 0 - 17,pct.,2.8
2017,Proportion of population living below the national poverty line,Sandoy region,Males,Age 0 - 17,pct.,5.4
2018,Proportion of population living below the national poverty line,Sandoy region,Males,Age 0 - 17,pct.,7.0
2019,Proportion of population living below the national poverty line,Sandoy region,Males,Age 0 - 17,pct.,6.2
2020,Proportion of population living below the national poverty line,Sandoy region,Males,Age 0 - 17,pct.,4.0
2021,Proportion of population living below the national poverty line,Sandoy region,Males,Age 0 - 17,pct.,5.2
2022,Proportion of population living below the national poverty line,Sandoy region,Males,Age 0 - 17,pct.,5.2
2023,Proportion of population living below the national poverty line,Sandoy region,Males,Age 0 - 17,pct.,3.8
2024,Proportion of population living below the national poverty line,Sandoy region,Males,Age 0 - 17,pct.,7.5
2009,Proportion of population living below the national poverty line,Sandoy region,Males,Age 18 - 24,pct.,4.0
2010,Proportion of population living below the national poverty line,Sandoy region,Males,Age 18 - 24,pct.,0.0
2011,Proportion of population living below the national poverty line,Sandoy region,Males,Age 18 - 24,pct.,2.9
2012,Proportion of population living below the national poverty line,Sandoy region,Males,Age 18 - 24,pct.,7.8
2013,Proportion of population living below the national poverty line,Sandoy region,Males,Age 18 - 24,pct.,3.1
2014,Proportion of population living below the national poverty line,Sandoy region,Males,Age 18 - 24,pct.,5.3
2015,Proportion of population living below the national poverty line,Sandoy region,Males,Age 18 - 24,pct.,6.7
2016,Proportion of population living below the national poverty line,Sandoy region,Males,Age 18 - 24,pct.,6.5
2017,Proportion of population living below the national poverty line,Sandoy region,Males,Age 18 - 24,pct.,5.3
2018,Proportion of population living below the national poverty line,Sandoy region,Males,Age 18 - 24,pct.,9.4
2019,Proportion of population living below the national poverty line,Sandoy region,Males,Age 18 - 24,pct.,3.7
2020,Proportion of population living below the national poverty line,Sandoy region,Males,Age 18 - 24,pct.,3.9
2021,Proportion of population living below the national poverty line,Sandoy region,Males,Age 18 - 24,pct.,2.2
2022,Proportion of population living below the national poverty line,Sandoy region,Males,Age 18 - 24,pct.,4.1
2023,Proportion of population living below the national poverty line,Sandoy region,Males,Age 18 - 24,pct.,1.8
2024,Proportion of population living below the national poverty line,Sandoy region,Males,Age 18 - 24,pct.,1.6
2009,Proportion of population living below the national poverty line,Sandoy region,Males,Age 25 - 54,pct.,6.6
2010,Proportion of population living below the national poverty line,Sandoy region,Males,Age 25 - 54,pct.,5.3
2011,Proportion of population living below the national poverty line,Sandoy region,Males,Age 25 - 54,pct.,5.5
2012,Proportion of population living below the national poverty line,Sandoy region,Males,Age 25 - 54,pct.,5.4
2013,Proportion of population living below the national poverty line,Sandoy region,Males,Age 25 - 54,pct.,4.8
2014,Proportion of population living below the national poverty line,Sandoy region,Males,Age 25 - 54,pct.,1.9
2015,Proportion of population living below the national poverty line,Sandoy region,Males,Age 25 - 54,pct.,6.2
2016,Proportion of population living below the national poverty line,Sandoy region,Males,Age 25 - 54,pct.,4.6
2017,Proportion of population living below the national poverty line,Sandoy region,Males,Age 25 - 54,pct.,3.4
2018,Proportion of population living below the national poverty line,Sandoy region,Males,Age 25 - 54,pct.,3.9
2019,Proportion of population living below the national poverty line,Sandoy region,Males,Age 25 - 54,pct.,2.4
2020,Proportion of population living below the national poverty line,Sandoy region,Males,Age 25 - 54,pct.,1.4
2021,Proportion of population living below the national poverty line,Sandoy region,Males,Age 25 - 54,pct.,3.7
2022,Proportion of population living below the national poverty line,Sandoy region,Males,Age 25 - 54,pct.,3.9
2023,Proportion of population living below the national poverty line,Sandoy region,Males,Age 25 - 54,pct.,2.8
2024,Proportion of population living below the national poverty line,Sandoy region,Males,Age 25 - 54,pct.,3.6
2009,Proportion of population living below the national poverty line,Sandoy region,Males,Age 55 - 66,pct.,11.2
2010,Proportion of population living below the national poverty line,Sandoy region,Males,Age 55 - 66,pct.,5.1
2011,Proportion of population living below the national poverty line,Sandoy region,Males,Age 55 - 66,pct.,10.1
2012,Proportion of population living below the national poverty line,Sandoy region,Males,Age 55 - 66,pct.,9.3
2013,Proportion of population living below the national poverty line,Sandoy region,Males,Age 55 - 66,pct.,8.9
2014,Proportion of population living below the national poverty line,Sandoy region,Males,Age 55 - 66,pct.,11.1
2015,Proportion of population living below the national poverty line,Sandoy region,Males,Age 55 - 66,pct.,8.3
2016,Proportion of population living below the national poverty line,Sandoy region,Males,Age 55 - 66,pct.,7.3
2017,Proportion of population living below the national poverty line,Sandoy region,Males,Age 55 - 66,pct.,5.2
2018,Proportion of population living below the national poverty line,Sandoy region,Males,Age 55 - 66,pct.,2.4
2019,Proportion of population living below the national poverty line,Sandoy region,Males,Age 55 - 66,pct.,2.4
2020,Proportion of population living below the national poverty line,Sandoy region,Males,Age 55 - 66,pct.,2.4
2021,Proportion of population living below the national poverty line,Sandoy region,Males,Age 55 - 66,pct.,3.4
2022,Proportion of population living below the national poverty line,Sandoy region,Males,Age 55 - 66,pct.,5.3
2023,Proportion of population living below the national poverty line,Sandoy region,Males,Age 55 - 66,pct.,7.0
2024,Proportion of population living below the national poverty line,Sandoy region,Males,Age 55 - 66,pct.,3.9
2009,Proportion of population living below the national poverty line,Sandoy region,Males,Age 67 + ,pct.,1.0
2010,Proportion of population living below the national poverty line,Sandoy region,Males,Age 67 + ,pct.,3.0
2011,Proportion of population living below the national poverty line,Sandoy region,Males,Age 67 + ,pct.,2.9
2012,Proportion of population living below the national poverty line,Sandoy region,Males,Age 67 + ,pct.,0.0
2013,Proportion of population living below the national poverty line,Sandoy region,Males,Age 67 + ,pct.,0.0
2014,Proportion of population living below the national poverty line,Sandoy region,Males,Age 67 + ,pct.,2.8
2015,Proportion of population living below the national poverty line,Sandoy region,Males,Age 67 + ,pct.,1.8
2016,Proportion of population living below the national poverty line,Sandoy region,Males,Age 67 + ,pct.,0.0
2017,Proportion of population living below the national poverty line,Sandoy region,Males,Age 67 + ,pct.,0.0
2018,Proportion of population living below the national poverty line,Sandoy region,Males,Age 67 + ,pct.,2.3
2019,Proportion of population living below the national poverty line,Sandoy region,Males,Age 67 + ,pct.,0.8
2020,Proportion of population living below the national poverty line,Sandoy region,Males,Age 67 + ,pct.,1.6
2021,Proportion of population living below the national poverty line,Sandoy region,Males,Age 67 + ,pct.,0.7
2022,Proportion of population living below the national poverty line,Sandoy region,Males,Age 67 + ,pct.,0.7
2023,Proportion of population living below the national poverty line,Sandoy region,Males,Age 67 + ,pct.,1.4
2024,Proportion of population living below the national poverty line,Sandoy region,Males,Age 67 + ,pct.,0.7
2009,Proportion of population living below the national poverty line,"Streymoy region, north",,,pct.,4.2
2010,Proportion of population living below the national poverty line,"Streymoy region, north",,,pct.,3.3
2011,Proportion of population living below the national poverty line,"Streymoy region, north",,,pct.,4.4
2012,Proportion of population living below the national poverty line,"Streymoy region, north",,,pct.,5.1
2013,Proportion of population living below the national poverty line,"Streymoy region, north",,,pct.,4.3
2014,Proportion of population living below the national poverty line,"Streymoy region, north",,,pct.,3.8
2015,Proportion of population living below the national poverty line,"Streymoy region, north",,,pct.,3.0
2016,Proportion of population living below the national poverty line,"Streymoy region, north",,,pct.,3.2
2017,Proportion of population living below the national poverty line,"Streymoy region, north",,,pct.,3.4
2018,Proportion of population living below the national poverty line,"Streymoy region, north",,,pct.,2.4
2019,Proportion of population living below the national poverty line,"Streymoy region, north",,,pct.,2.1
2020,Proportion of population living below the national poverty line,"Streymoy region, north",,,pct.,1.8
2021,Proportion of population living below the national poverty line,"Streymoy region, north",,,pct.,2.3
2022,Proportion of population living below the national poverty line,"Streymoy region, north",,,pct.,2.4
2023,Proportion of population living below the national poverty line,"Streymoy region, north",,,pct.,1.8
2024,Proportion of population living below the national poverty line,"Streymoy region, north",,,pct.,2.5
2009,Proportion of population living below the national poverty line,"Streymoy region, north",,Age 0 - 17,pct.,6.6
2010,Proportion of population living below the national poverty line,"Streymoy region, north",,Age 0 - 17,pct.,3.8
2011,Proportion of population living below the national poverty line,"Streymoy region, north",,Age 0 - 17,pct.,6.6
2012,Proportion of population living below the national poverty line,"Streymoy region, north",,Age 0 - 17,pct.,8.2
2013,Proportion of population living below the national poverty line,"Streymoy region, north",,Age 0 - 17,pct.,7.0
2014,Proportion of population living below the national poverty line,"Streymoy region, north",,Age 0 - 17,pct.,6.3
2015,Proportion of population living below the national poverty line,"Streymoy region, north",,Age 0 - 17,pct.,4.3
2016,Proportion of population living below the national poverty line,"Streymoy region, north",,Age 0 - 17,pct.,4.2
2017,Proportion of population living below the national poverty line,"Streymoy region, north",,Age 0 - 17,pct.,4.9
2018,Proportion of population living below the national poverty line,"Streymoy region, north",,Age 0 - 17,pct.,3.0
2019,Proportion of population living below the national poverty line,"Streymoy region, north",,Age 0 - 17,pct.,2.7
2020,Proportion of population living below the national poverty line,"Streymoy region, north",,Age 0 - 17,pct.,2.3
2021,Proportion of population living below the national poverty line,"Streymoy region, north",,Age 0 - 17,pct.,3.6
2022,Proportion of population living below the national poverty line,"Streymoy region, north",,Age 0 - 17,pct.,4.0
2023,Proportion of population living below the national poverty line,"Streymoy region, north",,Age 0 - 17,pct.,2.5
2024,Proportion of population living below the national poverty line,"Streymoy region, north",,Age 0 - 17,pct.,3.2
2009,Proportion of population living below the national poverty line,"Streymoy region, north",,Age 18 - 24,pct.,3.4
2010,Proportion of population living below the national poverty line,"Streymoy region, north",,Age 18 - 24,pct.,2.7
2011,Proportion of population living below the national poverty line,"Streymoy region, north",,Age 18 - 24,pct.,6.1
2012,Proportion of population living below the national poverty line,"Streymoy region, north",,Age 18 - 24,pct.,6.2
2013,Proportion of population living below the national poverty line,"Streymoy region, north",,Age 18 - 24,pct.,4.8
2014,Proportion of population living below the national poverty line,"Streymoy region, north",,Age 18 - 24,pct.,3.0
2015,Proportion of population living below the national poverty line,"Streymoy region, north",,Age 18 - 24,pct.,1.8
2016,Proportion of population living below the national poverty line,"Streymoy region, north",,Age 18 - 24,pct.,3.5
2017,Proportion of population living below the national poverty line,"Streymoy region, north",,Age 18 - 24,pct.,3.5
2018,Proportion of population living below the national poverty line,"Streymoy region, north",,Age 18 - 24,pct.,1.0
2019,Proportion of population living below the national poverty line,"Streymoy region, north",,Age 18 - 24,pct.,0.3
2020,Proportion of population living below the national poverty line,"Streymoy region, north",,Age 18 - 24,pct.,2.3
2021,Proportion of population living below the national poverty line,"Streymoy region, north",,Age 18 - 24,pct.,1.0
2022,Proportion of population living below the national poverty line,"Streymoy region, north",,Age 18 - 24,pct.,1.3
2023,Proportion of population living below the national poverty line,"Streymoy region, north",,Age 18 - 24,pct.,1.6
2024,Proportion of population living below the national poverty line,"Streymoy region, north",,Age 18 - 24,pct.,1.3
2009,Proportion of population living below the national poverty line,"Streymoy region, north",,Age 25 - 54,pct.,2.8
2010,Proportion of population living below the national poverty line,"Streymoy region, north",,Age 25 - 54,pct.,2.6
2011,Proportion of population living below the national poverty line,"Streymoy region, north",,Age 25 - 54,pct.,3.8
2012,Proportion of population living below the national poverty line,"Streymoy region, north",,Age 25 - 54,pct.,4.5
2013,Proportion of population living below the national poverty line,"Streymoy region, north",,Age 25 - 54,pct.,3.8
2014,Proportion of population living below the national poverty line,"Streymoy region, north",,Age 25 - 54,pct.,3.3
2015,Proportion of population living below the national poverty line,"Streymoy region, north",,Age 25 - 54,pct.,3.2
2016,Proportion of population living below the national poverty line,"Streymoy region, north",,Age 25 - 54,pct.,3.1
2017,Proportion of population living below the national poverty line,"Streymoy region, north",,Age 25 - 54,pct.,2.6
2018,Proportion of population living below the national poverty line,"Streymoy region, north",,Age 25 - 54,pct.,2.1
2019,Proportion of population living below the national poverty line,"Streymoy region, north",,Age 25 - 54,pct.,2.4
2020,Proportion of population living below the national poverty line,"Streymoy region, north",,Age 25 - 54,pct.,1.5
2021,Proportion of population living below the national poverty line,"Streymoy region, north",,Age 25 - 54,pct.,2.5
2022,Proportion of population living below the national poverty line,"Streymoy region, north",,Age 25 - 54,pct.,2.5
2023,Proportion of population living below the national poverty line,"Streymoy region, north",,Age 25 - 54,pct.,1.8
2024,Proportion of population living below the national poverty line,"Streymoy region, north",,Age 25 - 54,pct.,2.8
2009,Proportion of population living below the national poverty line,"Streymoy region, north",,Age 55 - 66,pct.,3.8
2010,Proportion of population living below the national poverty line,"Streymoy region, north",,Age 55 - 66,pct.,4.2
2011,Proportion of population living below the national poverty line,"Streymoy region, north",,Age 55 - 66,pct.,2.0
2012,Proportion of population living below the national poverty line,"Streymoy region, north",,Age 55 - 66,pct.,2.9
2013,Proportion of population living below the national poverty line,"Streymoy region, north",,Age 55 - 66,pct.,3.2
2014,Proportion of population living below the national poverty line,"Streymoy region, north",,Age 55 - 66,pct.,3.1
2015,Proportion of population living below the national poverty line,"Streymoy region, north",,Age 55 - 66,pct.,2.3
2016,Proportion of population living below the national poverty line,"Streymoy region, north",,Age 55 - 66,pct.,3.7
2017,Proportion of population living below the national poverty line,"Streymoy region, north",,Age 55 - 66,pct.,3.2
2018,Proportion of population living below the national poverty line,"Streymoy region, north",,Age 55 - 66,pct.,2.9
2019,Proportion of population living below the national poverty line,"Streymoy region, north",,Age 55 - 66,pct.,2.4
2020,Proportion of population living below the national poverty line,"Streymoy region, north",,Age 55 - 66,pct.,2.4
2021,Proportion of population living below the national poverty line,"Streymoy region, north",,Age 55 - 66,pct.,2.3
2022,Proportion of population living below the national poverty line,"Streymoy region, north",,Age 55 - 66,pct.,2.0
2023,Proportion of population living below the national poverty line,"Streymoy region, north",,Age 55 - 66,pct.,1.8
2024,Proportion of population living below the national poverty line,"Streymoy region, north",,Age 55 - 66,pct.,1.9
2009,Proportion of population living below the national poverty line,"Streymoy region, north",,Age 67 + ,pct.,4.4
2010,Proportion of population living below the national poverty line,"Streymoy region, north",,Age 67 + ,pct.,4.2
2011,Proportion of population living below the national poverty line,"Streymoy region, north",,Age 67 + ,pct.,3.2
2012,Proportion of population living below the national poverty line,"Streymoy region, north",,Age 67 + ,pct.,2.7
2013,Proportion of population living below the national poverty line,"Streymoy region, north",,Age 67 + ,pct.,1.6
2014,Proportion of population living below the national poverty line,"Streymoy region, north",,Age 67 + ,pct.,1.9
2015,Proportion of population living below the national poverty line,"Streymoy region, north",,Age 67 + ,pct.,1.9
2016,Proportion of population living below the national poverty line,"Streymoy region, north",,Age 67 + ,pct.,1.4
2017,Proportion of population living below the national poverty line,"Streymoy region, north",,Age 67 + ,pct.,2.7
2018,Proportion of population living below the national poverty line,"Streymoy region, north",,Age 67 + ,pct.,2.2
2019,Proportion of population living below the national poverty line,"Streymoy region, north",,Age 67 + ,pct.,0.9
2020,Proportion of population living below the national poverty line,"Streymoy region, north",,Age 67 + ,pct.,1.1
2021,Proportion of population living below the national poverty line,"Streymoy region, north",,Age 67 + ,pct.,0.6
2022,Proportion of population living below the national poverty line,"Streymoy region, north",,Age 67 + ,pct.,0.9
2023,Proportion of population living below the national poverty line,"Streymoy region, north",,Age 67 + ,pct.,0.7
2024,Proportion of population living below the national poverty line,"Streymoy region, north",,Age 67 + ,pct.,1.7
2009,Proportion of population living below the national poverty line,"Streymoy region, north",Females,,pct.,4.8
2010,Proportion of population living below the national poverty line,"Streymoy region, north",Females,,pct.,3.4
2011,Proportion of population living below the national poverty line,"Streymoy region, north",Females,,pct.,4.7
2012,Proportion of population living below the national poverty line,"Streymoy region, north",Females,,pct.,5.2
2013,Proportion of population living below the national poverty line,"Streymoy region, north",Females,,pct.,4.7
2014,Proportion of population living below the national poverty line,"Streymoy region, north",Females,,pct.,4.2
2015,Proportion of population living below the national poverty line,"Streymoy region, north",Females,,pct.,3.1
2016,Proportion of population living below the national poverty line,"Streymoy region, north",Females,,pct.,3.4
2017,Proportion of population living below the national poverty line,"Streymoy region, north",Females,,pct.,3.5
2018,Proportion of population living below the national poverty line,"Streymoy region, north",Females,,pct.,2.6
2019,Proportion of population living below the national poverty line,"Streymoy region, north",Females,,pct.,2.1
2020,Proportion of population living below the national poverty line,"Streymoy region, north",Females,,pct.,2.1
2021,Proportion of population living below the national poverty line,"Streymoy region, north",Females,,pct.,2.5
2022,Proportion of population living below the national poverty line,"Streymoy region, north",Females,,pct.,2.4
2023,Proportion of population living below the national poverty line,"Streymoy region, north",Females,,pct.,2.2
2024,Proportion of population living below the national poverty line,"Streymoy region, north",Females,,pct.,2.5
2009,Proportion of population living below the national poverty line,"Streymoy region, north",Females,Age 0 - 17,pct.,7.9
2010,Proportion of population living below the national poverty line,"Streymoy region, north",Females,Age 0 - 17,pct.,3.8
2011,Proportion of population living below the national poverty line,"Streymoy region, north",Females,Age 0 - 17,pct.,6.0
2012,Proportion of population living below the national poverty line,"Streymoy region, north",Females,Age 0 - 17,pct.,7.7
2013,Proportion of population living below the national poverty line,"Streymoy region, north",Females,Age 0 - 17,pct.,7.5
2014,Proportion of population living below the national poverty line,"Streymoy region, north",Females,Age 0 - 17,pct.,6.8
2015,Proportion of population living below the national poverty line,"Streymoy region, north",Females,Age 0 - 17,pct.,5.1
2016,Proportion of population living below the national poverty line,"Streymoy region, north",Females,Age 0 - 17,pct.,4.7
2017,Proportion of population living below the national poverty line,"Streymoy region, north",Females,Age 0 - 17,pct.,4.8
2018,Proportion of population living below the national poverty line,"Streymoy region, north",Females,Age 0 - 17,pct.,3.0
2019,Proportion of population living below the national poverty line,"Streymoy region, north",Females,Age 0 - 17,pct.,2.2
2020,Proportion of population living below the national poverty line,"Streymoy region, north",Females,Age 0 - 17,pct.,3.2
2021,Proportion of population living below the national poverty line,"Streymoy region, north",Females,Age 0 - 17,pct.,3.8
2022,Proportion of population living below the national poverty line,"Streymoy region, north",Females,Age 0 - 17,pct.,3.5
2023,Proportion of population living below the national poverty line,"Streymoy region, north",Females,Age 0 - 17,pct.,3.7
2024,Proportion of population living below the national poverty line,"Streymoy region, north",Females,Age 0 - 17,pct.,3.1
2009,Proportion of population living below the national poverty line,"Streymoy region, north",Females,Age 18 - 24,pct.,6.1
2010,Proportion of population living below the national poverty line,"Streymoy region, north",Females,Age 18 - 24,pct.,4.7
2011,Proportion of population living below the national poverty line,"Streymoy region, north",Females,Age 18 - 24,pct.,9.2
2012,Proportion of population living below the national poverty line,"Streymoy region, north",Females,Age 18 - 24,pct.,7.0
2013,Proportion of population living below the national poverty line,"Streymoy region, north",Females,Age 18 - 24,pct.,6.0
2014,Proportion of population living below the national poverty line,"Streymoy region, north",Females,Age 18 - 24,pct.,5.0
2015,Proportion of population living below the national poverty line,"Streymoy region, north",Females,Age 18 - 24,pct.,2.8
2016,Proportion of population living below the national poverty line,"Streymoy region, north",Females,Age 18 - 24,pct.,3.6
2017,Proportion of population living below the national poverty line,"Streymoy region, north",Females,Age 18 - 24,pct.,4.3
2018,Proportion of population living below the national poverty line,"Streymoy region, north",Females,Age 18 - 24,pct.,0.7
2019,Proportion of population living below the national poverty line,"Streymoy region, north",Females,Age 18 - 24,pct.,0.7
2020,Proportion of population living below the national poverty line,"Streymoy region, north",Females,Age 18 - 24,pct.,3.5
2021,Proportion of population living below the national poverty line,"Streymoy region, north",Females,Age 18 - 24,pct.,1.4
2022,Proportion of population living below the national poverty line,"Streymoy region, north",Females,Age 18 - 24,pct.,1.3
2023,Proportion of population living below the national poverty line,"Streymoy region, north",Females,Age 18 - 24,pct.,2.0
2024,Proportion of population living below the national poverty line,"Streymoy region, north",Females,Age 18 - 24,pct.,2.0
2009,Proportion of population living below the national poverty line,"Streymoy region, north",Females,Age 25 - 54,pct.,3.3
2010,Proportion of population living below the national poverty line,"Streymoy region, north",Females,Age 25 - 54,pct.,2.8
2011,Proportion of population living below the national poverty line,"Streymoy region, north",Females,Age 25 - 54,pct.,4.6
2012,Proportion of population living below the national poverty line,"Streymoy region, north",Females,Age 25 - 54,pct.,5.7
2013,Proportion of population living below the national poverty line,"Streymoy region, north",Females,Age 25 - 54,pct.,5.1
2014,Proportion of population living below the national poverty line,"Streymoy region, north",Females,Age 25 - 54,pct.,4.5
2015,Proportion of population living below the national poverty line,"Streymoy region, north",Females,Age 25 - 54,pct.,3.8
2016,Proportion of population living below the national poverty line,"Streymoy region, north",Females,Age 25 - 54,pct.,4.1
2017,Proportion of population living below the national poverty line,"Streymoy region, north",Females,Age 25 - 54,pct.,3.3
2018,Proportion of population living below the national poverty line,"Streymoy region, north",Females,Age 25 - 54,pct.,2.8
2019,Proportion of population living below the national poverty line,"Streymoy region, north",Females,Age 25 - 54,pct.,2.7
2020,Proportion of population living below the national poverty line,"Streymoy region, north",Females,Age 25 - 54,pct.,1.5
2021,Proportion of population living below the national poverty line,"Streymoy region, north",Females,Age 25 - 54,pct.,2.5
2022,Proportion of population living below the national poverty line,"Streymoy region, north",Females,Age 25 - 54,pct.,2.8
2023,Proportion of population living below the national poverty line,"Streymoy region, north",Females,Age 25 - 54,pct.,2.0
2024,Proportion of population living below the national poverty line,"Streymoy region, north",Females,Age 25 - 54,pct.,3.0
2009,Proportion of population living below the national poverty line,"Streymoy region, north",Females,Age 55 - 66,pct.,2.5
2010,Proportion of population living below the national poverty line,"Streymoy region, north",Females,Age 55 - 66,pct.,2.6
2011,Proportion of population living below the national poverty line,"Streymoy region, north",Females,Age 55 - 66,pct.,0.8
2012,Proportion of population living below the national poverty line,"Streymoy region, north",Females,Age 55 - 66,pct.,1.2
2013,Proportion of population living below the national poverty line,"Streymoy region, north",Females,Age 55 - 66,pct.,1.2
2014,Proportion of population living below the national poverty line,"Streymoy region, north",Females,Age 55 - 66,pct.,1.6
2015,Proportion of population living below the national poverty line,"Streymoy region, north",Females,Age 55 - 66,pct.,0.8
2016,Proportion of population living below the national poverty line,"Streymoy region, north",Females,Age 55 - 66,pct.,1.6
2017,Proportion of population living below the national poverty line,"Streymoy region, north",Females,Age 55 - 66,pct.,1.9
2018,Proportion of population living below the national poverty line,"Streymoy region, north",Females,Age 55 - 66,pct.,2.3
2019,Proportion of population living below the national poverty line,"Streymoy region, north",Females,Age 55 - 66,pct.,1.9
2020,Proportion of population living below the national poverty line,"Streymoy region, north",Females,Age 55 - 66,pct.,1.8
2021,Proportion of population living below the national poverty line,"Streymoy region, north",Females,Age 55 - 66,pct.,2.2
2022,Proportion of population living below the national poverty line,"Streymoy region, north",Females,Age 55 - 66,pct.,1.9
2023,Proportion of population living below the national poverty line,"Streymoy region, north",Females,Age 55 - 66,pct.,1.8
2024,Proportion of population living below the national poverty line,"Streymoy region, north",Females,Age 55 - 66,pct.,1.9
2009,Proportion of population living below the national poverty line,"Streymoy region, north",Females,Age 67 + ,pct.,4.1
2010,Proportion of population living below the national poverty line,"Streymoy region, north",Females,Age 67 + ,pct.,4.0
2011,Proportion of population living below the national poverty line,"Streymoy region, north",Females,Age 67 + ,pct.,3.5
2012,Proportion of population living below the national poverty line,"Streymoy region, north",Females,Age 67 + ,pct.,2.5
2013,Proportion of population living below the national poverty line,"Streymoy region, north",Females,Age 67 + ,pct.,1.7
2014,Proportion of population living below the national poverty line,"Streymoy region, north",Females,Age 67 + ,pct.,1.7
2015,Proportion of population living below the national poverty line,"Streymoy region, north",Females,Age 67 + ,pct.,1.0
2016,Proportion of population living below the national poverty line,"Streymoy region, north",Females,Age 67 + ,pct.,1.3
2017,Proportion of population living below the national poverty line,"Streymoy region, north",Females,Age 67 + ,pct.,3.0
2018,Proportion of population living below the national poverty line,"Streymoy region, north",Females,Age 67 + ,pct.,2.5
2019,Proportion of population living below the national poverty line,"Streymoy region, north",Females,Age 67 + ,pct.,1.6
2020,Proportion of population living below the national poverty line,"Streymoy region, north",Females,Age 67 + ,pct.,1.2
2021,Proportion of population living below the national poverty line,"Streymoy region, north",Females,Age 67 + ,pct.,0.9
2022,Proportion of population living below the national poverty line,"Streymoy region, north",Females,Age 67 + ,pct.,0.9
2023,Proportion of population living below the national poverty line,"Streymoy region, north",Females,Age 67 + ,pct.,0.9
2024,Proportion of population living below the national poverty line,"Streymoy region, north",Females,Age 67 + ,pct.,1.4
2009,Proportion of population living below the national poverty line,"Streymoy region, north",Males,,pct.,3.7
2010,Proportion of population living below the national poverty line,"Streymoy region, north",Males,,pct.,3.3
2011,Proportion of population living below the national poverty line,"Streymoy region, north",Males,,pct.,4.2
2012,Proportion of population living below the national poverty line,"Streymoy region, north",Males,,pct.,5.0
2013,Proportion of population living below the national poverty line,"Streymoy region, north",Males,,pct.,3.8
2014,Proportion of population living below the national poverty line,"Streymoy region, north",Males,,pct.,3.4
2015,Proportion of population living below the national poverty line,"Streymoy region, north",Males,,pct.,2.9
2016,Proportion of population living below the national poverty line,"Streymoy region, north",Males,,pct.,3.0
2017,Proportion of population living below the national poverty line,"Streymoy region, north",Males,,pct.,3.2
2018,Proportion of population living below the national poverty line,"Streymoy region, north",Males,,pct.,2.2
2019,Proportion of population living below the national poverty line,"Streymoy region, north",Males,,pct.,2.0
2020,Proportion of population living below the national poverty line,"Streymoy region, north",Males,,pct.,1.6
2021,Proportion of population living below the national poverty line,"Streymoy region, north",Males,,pct.,2.2
2022,Proportion of population living below the national poverty line,"Streymoy region, north",Males,,pct.,2.5
2023,Proportion of population living below the national poverty line,"Streymoy region, north",Males,,pct.,1.4
2024,Proportion of population living below the national poverty line,"Streymoy region, north",Males,,pct.,2.4
2009,Proportion of population living below the national poverty line,"Streymoy region, north",Males,Age 0 - 17,pct.,5.5
2010,Proportion of population living below the national poverty line,"Streymoy region, north",Males,Age 0 - 17,pct.,3.8
2011,Proportion of population living below the national poverty line,"Streymoy region, north",Males,Age 0 - 17,pct.,7.2
2012,Proportion of population living below the national poverty line,"Streymoy region, north",Males,Age 0 - 17,pct.,8.7
2013,Proportion of population living below the national poverty line,"Streymoy region, north",Males,Age 0 - 17,pct.,6.5
2014,Proportion of population living below the national poverty line,"Streymoy region, north",Males,Age 0 - 17,pct.,5.8
2015,Proportion of population living below the national poverty line,"Streymoy region, north",Males,Age 0 - 17,pct.,3.5
2016,Proportion of population living below the national poverty line,"Streymoy region, north",Males,Age 0 - 17,pct.,3.7
2017,Proportion of population living below the national poverty line,"Streymoy region, north",Males,Age 0 - 17,pct.,5.0
2018,Proportion of population living below the national poverty line,"Streymoy region, north",Males,Age 0 - 17,pct.,3.0
2019,Proportion of population living below the national poverty line,"Streymoy region, north",Males,Age 0 - 17,pct.,3.2
2020,Proportion of population living below the national poverty line,"Streymoy region, north",Males,Age 0 - 17,pct.,1.4
2021,Proportion of population living below the national poverty line,"Streymoy region, north",Males,Age 0 - 17,pct.,3.5
2022,Proportion of population living below the national poverty line,"Streymoy region, north",Males,Age 0 - 17,pct.,4.4
2023,Proportion of population living below the national poverty line,"Streymoy region, north",Males,Age 0 - 17,pct.,1.4
2024,Proportion of population living below the national poverty line,"Streymoy region, north",Males,Age 0 - 17,pct.,3.2
2009,Proportion of population living below the national poverty line,"Streymoy region, north",Males,Age 18 - 24,pct.,1.1
2010,Proportion of population living below the national poverty line,"Streymoy region, north",Males,Age 18 - 24,pct.,1.1
2011,Proportion of population living below the national poverty line,"Streymoy region, north",Males,Age 18 - 24,pct.,3.7
2012,Proportion of population living below the national poverty line,"Streymoy region, north",Males,Age 18 - 24,pct.,5.6
2013,Proportion of population living below the national poverty line,"Streymoy region, north",Males,Age 18 - 24,pct.,3.9
2014,Proportion of population living below the national poverty line,"Streymoy region, north",Males,Age 18 - 24,pct.,1.6
2015,Proportion of population living below the national poverty line,"Streymoy region, north",Males,Age 18 - 24,pct.,1.0
2016,Proportion of population living below the national poverty line,"Streymoy region, north",Males,Age 18 - 24,pct.,3.5
2017,Proportion of population living below the national poverty line,"Streymoy region, north",Males,Age 18 - 24,pct.,2.8
2018,Proportion of population living below the national poverty line,"Streymoy region, north",Males,Age 18 - 24,pct.,1.1
2019,Proportion of population living below the national poverty line,"Streymoy region, north",Males,Age 18 - 24,pct.,0.0
2020,Proportion of population living below the national poverty line,"Streymoy region, north",Males,Age 18 - 24,pct.,1.2
2021,Proportion of population living below the national poverty line,"Streymoy region, north",Males,Age 18 - 24,pct.,0.6
2022,Proportion of population living below the national poverty line,"Streymoy region, north",Males,Age 18 - 24,pct.,1.2
2023,Proportion of population living below the national poverty line,"Streymoy region, north",Males,Age 18 - 24,pct.,1.2
2024,Proportion of population living below the national poverty line,"Streymoy region, north",Males,Age 18 - 24,pct.,0.7
2009,Proportion of population living below the national poverty line,"Streymoy region, north",Males,Age 25 - 54,pct.,2.3
2010,Proportion of population living below the national poverty line,"Streymoy region, north",Males,Age 25 - 54,pct.,2.4
2011,Proportion of population living below the national poverty line,"Streymoy region, north",Males,Age 25 - 54,pct.,3.0
2012,Proportion of population living below the national poverty line,"Streymoy region, north",Males,Age 25 - 54,pct.,3.5
2013,Proportion of population living below the national poverty line,"Streymoy region, north",Males,Age 25 - 54,pct.,2.5
2014,Proportion of population living below the national poverty line,"Streymoy region, north",Males,Age 25 - 54,pct.,2.3
2015,Proportion of population living below the national poverty line,"Streymoy region, north",Males,Age 25 - 54,pct.,2.8
2016,Proportion of population living below the national poverty line,"Streymoy region, north",Males,Age 25 - 54,pct.,2.2
2017,Proportion of population living below the national poverty line,"Streymoy region, north",Males,Age 25 - 54,pct.,2.1
2018,Proportion of population living below the national poverty line,"Streymoy region, north",Males,Age 25 - 54,pct.,1.6
2019,Proportion of population living below the national poverty line,"Streymoy region, north",Males,Age 25 - 54,pct.,2.1
2020,Proportion of population living below the national poverty line,"Streymoy region, north",Males,Age 25 - 54,pct.,1.6
2021,Proportion of population living below the national poverty line,"Streymoy region, north",Males,Age 25 - 54,pct.,2.5
2022,Proportion of population living below the national poverty line,"Streymoy region, north",Males,Age 25 - 54,pct.,2.3
2023,Proportion of population living below the national poverty line,"Streymoy region, north",Males,Age 25 - 54,pct.,1.7
2024,Proportion of population living below the national poverty line,"Streymoy region, north",Males,Age 25 - 54,pct.,2.6
2009,Proportion of population living below the national poverty line,"Streymoy region, north",Males,Age 55 - 66,pct.,5.0
2010,Proportion of population living below the national poverty line,"Streymoy region, north",Males,Age 55 - 66,pct.,5.5
2011,Proportion of population living below the national poverty line,"Streymoy region, north",Males,Age 55 - 66,pct.,3.0
2012,Proportion of population living below the national poverty line,"Streymoy region, north",Males,Age 55 - 66,pct.,4.4
2013,Proportion of population living below the national poverty line,"Streymoy region, north",Males,Age 55 - 66,pct.,4.9
2014,Proportion of population living below the national poverty line,"Streymoy region, north",Males,Age 55 - 66,pct.,4.5
2015,Proportion of population living below the national poverty line,"Streymoy region, north",Males,Age 55 - 66,pct.,3.5
2016,Proportion of population living below the national poverty line,"Streymoy region, north",Males,Age 55 - 66,pct.,5.5
2017,Proportion of population living below the national poverty line,"Streymoy region, north",Males,Age 55 - 66,pct.,4.3
2018,Proportion of population living below the national poverty line,"Streymoy region, north",Males,Age 55 - 66,pct.,3.5
2019,Proportion of population living below the national poverty line,"Streymoy region, north",Males,Age 55 - 66,pct.,2.8
2020,Proportion of population living below the national poverty line,"Streymoy region, north",Males,Age 55 - 66,pct.,2.9
2021,Proportion of population living below the national poverty line,"Streymoy region, north",Males,Age 55 - 66,pct.,2.4
2022,Proportion of population living below the national poverty line,"Streymoy region, north",Males,Age 55 - 66,pct.,2.1
2023,Proportion of population living below the national poverty line,"Streymoy region, north",Males,Age 55 - 66,pct.,1.8
2024,Proportion of population living below the national poverty line,"Streymoy region, north",Males,Age 55 - 66,pct.,1.8
2009,Proportion of population living below the national poverty line,"Streymoy region, north",Males,Age 67 + ,pct.,4.8
2010,Proportion of population living below the national poverty line,"Streymoy region, north",Males,Age 67 + ,pct.,4.3
2011,Proportion of population living below the national poverty line,"Streymoy region, north",Males,Age 67 + ,pct.,2.9
2012,Proportion of population living below the national poverty line,"Streymoy region, north",Males,Age 67 + ,pct.,2.9
2013,Proportion of population living below the national poverty line,"Streymoy region, north",Males,Age 67 + ,pct.,1.4
2014,Proportion of population living below the national poverty line,"Streymoy region, north",Males,Age 67 + ,pct.,2.1
2015,Proportion of population living below the national poverty line,"Streymoy region, north",Males,Age 67 + ,pct.,2.8
2016,Proportion of population living below the national poverty line,"Streymoy region, north",Males,Age 67 + ,pct.,1.4
2017,Proportion of population living below the national poverty line,"Streymoy region, north",Males,Age 67 + ,pct.,2.4
2018,Proportion of population living below the national poverty line,"Streymoy region, north",Males,Age 67 + ,pct.,2.0
2019,Proportion of population living below the national poverty line,"Streymoy region, north",Males,Age 67 + ,pct.,0.3
2020,Proportion of population living below the national poverty line,"Streymoy region, north",Males,Age 67 + ,pct.,0.9
2021,Proportion of population living below the national poverty line,"Streymoy region, north",Males,Age 67 + ,pct.,0.3
2022,Proportion of population living below the national poverty line,"Streymoy region, north",Males,Age 67 + ,pct.,0.9
2023,Proportion of population living below the national poverty line,"Streymoy region, north",Males,Age 67 + ,pct.,0.6
2024,Proportion of population living below the national poverty line,"Streymoy region, north",Males,Age 67 + ,pct.,1.9
2009,Proportion of population living below the national poverty line,"Streymoy region, south",,,pct.,2.7
2010,Proportion of population living below the national poverty line,"Streymoy region, south",,,pct.,3.7
2011,Proportion of population living below the national poverty line,"Streymoy region, south",,,pct.,4.4
2012,Proportion of population living below the national poverty line,"Streymoy region, south",,,pct.,4.5
2013,Proportion of population living below the national poverty line,"Streymoy region, south",,,pct.,3.3
2014,Proportion of population living below the national poverty line,"Streymoy region, south",,,pct.,3.5
2015,Proportion of population living below the national poverty line,"Streymoy region, south",,,pct.,3.3
2016,Proportion of population living below the national poverty line,"Streymoy region, south",,,pct.,3.2
2017,Proportion of population living below the national poverty line,"Streymoy region, south",,,pct.,3.0
2018,Proportion of population living below the national poverty line,"Streymoy region, south",,,pct.,2.8
2019,Proportion of population living below the national poverty line,"Streymoy region, south",,,pct.,2.6
2020,Proportion of population living below the national poverty line,"Streymoy region, south",,,pct.,2.2
2021,Proportion of population living below the national poverty line,"Streymoy region, south",,,pct.,2.6
2022,Proportion of population living below the national poverty line,"Streymoy region, south",,,pct.,2.8
2023,Proportion of population living below the national poverty line,"Streymoy region, south",,,pct.,2.6
2024,Proportion of population living below the national poverty line,"Streymoy region, south",,,pct.,3.1
2009,Proportion of population living below the national poverty line,"Streymoy region, south",,Age 0 - 17,pct.,2.9
2010,Proportion of population living below the national poverty line,"Streymoy region, south",,Age 0 - 17,pct.,4.2
2011,Proportion of population living below the national poverty line,"Streymoy region, south",,Age 0 - 17,pct.,5.3
2012,Proportion of population living below the national poverty line,"Streymoy region, south",,Age 0 - 17,pct.,5.2
2013,Proportion of population living below the national poverty line,"Streymoy region, south",,Age 0 - 17,pct.,4.0
2014,Proportion of population living below the national poverty line,"Streymoy region, south",,Age 0 - 17,pct.,4.1
2015,Proportion of population living below the national poverty line,"Streymoy region, south",,Age 0 - 17,pct.,3.8
2016,Proportion of population living below the national poverty line,"Streymoy region, south",,Age 0 - 17,pct.,3.6
2017,Proportion of population living below the national poverty line,"Streymoy region, south",,Age 0 - 17,pct.,3.4
2018,Proportion of population living below the national poverty line,"Streymoy region, south",,Age 0 - 17,pct.,3.0
2019,Proportion of population living below the national poverty line,"Streymoy region, south",,Age 0 - 17,pct.,3.0
2020,Proportion of population living below the national poverty line,"Streymoy region, south",,Age 0 - 17,pct.,2.6
2021,Proportion of population living below the national poverty line,"Streymoy region, south",,Age 0 - 17,pct.,2.9
2022,Proportion of population living below the national poverty line,"Streymoy region, south",,Age 0 - 17,pct.,3.3
2023,Proportion of population living below the national poverty line,"Streymoy region, south",,Age 0 - 17,pct.,2.5
2024,Proportion of population living below the national poverty line,"Streymoy region, south",,Age 0 - 17,pct.,3.3
2009,Proportion of population living below the national poverty line,"Streymoy region, south",,Age 18 - 24,pct.,3.0
2010,Proportion of population living below the national poverty line,"Streymoy region, south",,Age 18 - 24,pct.,4.9
2011,Proportion of population living below the national poverty line,"Streymoy region, south",,Age 18 - 24,pct.,7.3
2012,Proportion of population living below the national poverty line,"Streymoy region, south",,Age 18 - 24,pct.,7.7
2013,Proportion of population living below the national poverty line,"Streymoy region, south",,Age 18 - 24,pct.,4.9
2014,Proportion of population living below the national poverty line,"Streymoy region, south",,Age 18 - 24,pct.,5.8
2015,Proportion of population living below the national poverty line,"Streymoy region, south",,Age 18 - 24,pct.,5.4
2016,Proportion of population living below the national poverty line,"Streymoy region, south",,Age 18 - 24,pct.,4.3
2017,Proportion of population living below the national poverty line,"Streymoy region, south",,Age 18 - 24,pct.,3.8
2018,Proportion of population living below the national poverty line,"Streymoy region, south",,Age 18 - 24,pct.,3.8
2019,Proportion of population living below the national poverty line,"Streymoy region, south",,Age 18 - 24,pct.,3.7
2020,Proportion of population living below the national poverty line,"Streymoy region, south",,Age 18 - 24,pct.,3.1
2021,Proportion of population living below the national poverty line,"Streymoy region, south",,Age 18 - 24,pct.,4.5
2022,Proportion of population living below the national poverty line,"Streymoy region, south",,Age 18 - 24,pct.,4.8
2023,Proportion of population living below the national poverty line,"Streymoy region, south",,Age 18 - 24,pct.,5.0
2024,Proportion of population living below the national poverty line,"Streymoy region, south",,Age 18 - 24,pct.,5.5
2009,Proportion of population living below the national poverty line,"Streymoy region, south",,Age 25 - 54,pct.,2.6
2010,Proportion of population living below the national poverty line,"Streymoy region, south",,Age 25 - 54,pct.,3.6
2011,Proportion of population living below the national poverty line,"Streymoy region, south",,Age 25 - 54,pct.,3.8
2012,Proportion of population living below the national poverty line,"Streymoy region, south",,Age 25 - 54,pct.,4.0
2013,Proportion of population living below the national poverty line,"Streymoy region, south",,Age 25 - 54,pct.,2.8
2014,Proportion of population living below the national poverty line,"Streymoy region, south",,Age 25 - 54,pct.,2.9
2015,Proportion of population living below the national poverty line,"Streymoy region, south",,Age 25 - 54,pct.,3.0
2016,Proportion of population living below the national poverty line,"Streymoy region, south",,Age 25 - 54,pct.,3.1
2017,Proportion of population living below the national poverty line,"Streymoy region, south",,Age 25 - 54,pct.,2.8
2018,Proportion of population living below the national poverty line,"Streymoy region, south",,Age 25 - 54,pct.,2.8
2019,Proportion of population living below the national poverty line,"Streymoy region, south",,Age 25 - 54,pct.,2.5
2020,Proportion of population living below the national poverty line,"Streymoy region, south",,Age 25 - 54,pct.,2.1
2021,Proportion of population living below the national poverty line,"Streymoy region, south",,Age 25 - 54,pct.,2.6
2022,Proportion of population living below the national poverty line,"Streymoy region, south",,Age 25 - 54,pct.,3.1
2023,Proportion of population living below the national poverty line,"Streymoy region, south",,Age 25 - 54,pct.,2.8
2024,Proportion of population living below the national poverty line,"Streymoy region, south",,Age 25 - 54,pct.,3.3
2009,Proportion of population living below the national poverty line,"Streymoy region, south",,Age 55 - 66,pct.,2.9
2010,Proportion of population living below the national poverty line,"Streymoy region, south",,Age 55 - 66,pct.,3.5
2011,Proportion of population living below the national poverty line,"Streymoy region, south",,Age 55 - 66,pct.,3.6
2012,Proportion of population living below the national poverty line,"Streymoy region, south",,Age 55 - 66,pct.,4.1
2013,Proportion of population living below the national poverty line,"Streymoy region, south",,Age 55 - 66,pct.,3.3
2014,Proportion of population living below the national poverty line,"Streymoy region, south",,Age 55 - 66,pct.,3.8
2015,Proportion of population living below the national poverty line,"Streymoy region, south",,Age 55 - 66,pct.,3.4
2016,Proportion of population living below the national poverty line,"Streymoy region, south",,Age 55 - 66,pct.,3.3
2017,Proportion of population living below the national poverty line,"Streymoy region, south",,Age 55 - 66,pct.,3.1
2018,Proportion of population living below the national poverty line,"Streymoy region, south",,Age 55 - 66,pct.,2.7
2019,Proportion of population living below the national poverty line,"Streymoy region, south",,Age 55 - 66,pct.,2.6
2020,Proportion of population living below the national poverty line,"Streymoy region, south",,Age 55 - 66,pct.,1.9
2021,Proportion of population living below the national poverty line,"Streymoy region, south",,Age 55 - 66,pct.,2.2
2022,Proportion of population living below the national poverty line,"Streymoy region, south",,Age 55 - 66,pct.,1.9
2023,Proportion of population living below the national poverty line,"Streymoy region, south",,Age 55 - 66,pct.,2.1
2024,Proportion of population living below the national poverty line,"Streymoy region, south",,Age 55 - 66,pct.,2.4
2009,Proportion of population living below the national poverty line,"Streymoy region, south",,Age 67 + ,pct.,2.2
2010,Proportion of population living below the national poverty line,"Streymoy region, south",,Age 67 + ,pct.,1.8
2011,Proportion of population living below the national poverty line,"Streymoy region, south",,Age 67 + ,pct.,2.7
2012,Proportion of population living below the national poverty line,"Streymoy region, south",,Age 67 + ,pct.,2.5
2013,Proportion of population living below the national poverty line,"Streymoy region, south",,Age 67 + ,pct.,1.9
2014,Proportion of population living below the national poverty line,"Streymoy region, south",,Age 67 + ,pct.,1.9
2015,Proportion of population living below the national poverty line,"Streymoy region, south",,Age 67 + ,pct.,1.6
2016,Proportion of population living below the national poverty line,"Streymoy region, south",,Age 67 + ,pct.,2.0
2017,Proportion of population living below the national poverty line,"Streymoy region, south",,Age 67 + ,pct.,2.3
2018,Proportion of population living below the national poverty line,"Streymoy region, south",,Age 67 + ,pct.,1.9
2019,Proportion of population living below the national poverty line,"Streymoy region, south",,Age 67 + ,pct.,1.5
2020,Proportion of population living below the national poverty line,"Streymoy region, south",,Age 67 + ,pct.,1.3
2021,Proportion of population living below the national poverty line,"Streymoy region, south",,Age 67 + ,pct.,1.0
2022,Proportion of population living below the national poverty line,"Streymoy region, south",,Age 67 + ,pct.,0.7
2023,Proportion of population living below the national poverty line,"Streymoy region, south",,Age 67 + ,pct.,1.6
2024,Proportion of population living below the national poverty line,"Streymoy region, south",,Age 67 + ,pct.,1.4
2009,Proportion of population living below the national poverty line,"Streymoy region, south",Females,,pct.,2.8
2010,Proportion of population living below the national poverty line,"Streymoy region, south",Females,,pct.,3.8
2011,Proportion of population living below the national poverty line,"Streymoy region, south",Females,,pct.,4.7
2012,Proportion of population living below the national poverty line,"Streymoy region, south",Females,,pct.,4.7
2013,Proportion of population living below the national poverty line,"Streymoy region, south",Females,,pct.,3.5
2014,Proportion of population living below the national poverty line,"Streymoy region, south",Females,,pct.,3.6
2015,Proportion of population living below the national poverty line,"Streymoy region, south",Females,,pct.,3.3
2016,Proportion of population living below the national poverty line,"Streymoy region, south",Females,,pct.,3.4
2017,Proportion of population living below the national poverty line,"Streymoy region, south",Females,,pct.,3.0
2018,Proportion of population living below the national poverty line,"Streymoy region, south",Females,,pct.,2.7
2019,Proportion of population living below the national poverty line,"Streymoy region, south",Females,,pct.,2.9
2020,Proportion of population living below the national poverty line,"Streymoy region, south",Females,,pct.,2.3
2021,Proportion of population living below the national poverty line,"Streymoy region, south",Females,,pct.,2.7
2022,Proportion of population living below the national poverty line,"Streymoy region, south",Females,,pct.,2.9
2023,Proportion of population living below the national poverty line,"Streymoy region, south",Females,,pct.,2.8
2024,Proportion of population living below the national poverty line,"Streymoy region, south",Females,,pct.,3.4
2009,Proportion of population living below the national poverty line,"Streymoy region, south",Females,Age 0 - 17,pct.,3.0
2010,Proportion of population living below the national poverty line,"Streymoy region, south",Females,Age 0 - 17,pct.,4.3
2011,Proportion of population living below the national poverty line,"Streymoy region, south",Females,Age 0 - 17,pct.,5.6
2012,Proportion of population living below the national poverty line,"Streymoy region, south",Females,Age 0 - 17,pct.,5.2
2013,Proportion of population living below the national poverty line,"Streymoy region, south",Females,Age 0 - 17,pct.,4.0
2014,Proportion of population living below the national poverty line,"Streymoy region, south",Females,Age 0 - 17,pct.,3.8
2015,Proportion of population living below the national poverty line,"Streymoy region, south",Females,Age 0 - 17,pct.,4.0
2016,Proportion of population living below the national poverty line,"Streymoy region, south",Females,Age 0 - 17,pct.,3.7
2017,Proportion of population living below the national poverty line,"Streymoy region, south",Females,Age 0 - 17,pct.,3.0
2018,Proportion of population living below the national poverty line,"Streymoy region, south",Females,Age 0 - 17,pct.,2.7
2019,Proportion of population living below the national poverty line,"Streymoy region, south",Females,Age 0 - 17,pct.,3.7
2020,Proportion of population living below the national poverty line,"Streymoy region, south",Females,Age 0 - 17,pct.,2.7
2021,Proportion of population living below the national poverty line,"Streymoy region, south",Females,Age 0 - 17,pct.,3.2
2022,Proportion of population living below the national poverty line,"Streymoy region, south",Females,Age 0 - 17,pct.,3.3
2023,Proportion of population living below the national poverty line,"Streymoy region, south",Females,Age 0 - 17,pct.,2.9
2024,Proportion of population living below the national poverty line,"Streymoy region, south",Females,Age 0 - 17,pct.,4.2
2009,Proportion of population living below the national poverty line,"Streymoy region, south",Females,Age 18 - 24,pct.,3.6
2010,Proportion of population living below the national poverty line,"Streymoy region, south",Females,Age 18 - 24,pct.,6.6
2011,Proportion of population living below the national poverty line,"Streymoy region, south",Females,Age 18 - 24,pct.,10.0
2012,Proportion of population living below the national poverty line,"Streymoy region, south",Females,Age 18 - 24,pct.,10.5
2013,Proportion of population living below the national poverty line,"Streymoy region, south",Females,Age 18 - 24,pct.,6.6
2014,Proportion of population living below the national poverty line,"Streymoy region, south",Females,Age 18 - 24,pct.,8.1
2015,Proportion of population living below the national poverty line,"Streymoy region, south",Females,Age 18 - 24,pct.,6.9
2016,Proportion of population living below the national poverty line,"Streymoy region, south",Females,Age 18 - 24,pct.,5.9
2017,Proportion of population living below the national poverty line,"Streymoy region, south",Females,Age 18 - 24,pct.,5.1
2018,Proportion of population living below the national poverty line,"Streymoy region, south",Females,Age 18 - 24,pct.,4.2
2019,Proportion of population living below the national poverty line,"Streymoy region, south",Females,Age 18 - 24,pct.,4.8
2020,Proportion of population living below the national poverty line,"Streymoy region, south",Females,Age 18 - 24,pct.,4.5
2021,Proportion of population living below the national poverty line,"Streymoy region, south",Females,Age 18 - 24,pct.,5.9
2022,Proportion of population living below the national poverty line,"Streymoy region, south",Females,Age 18 - 24,pct.,7.3
2023,Proportion of population living below the national poverty line,"Streymoy region, south",Females,Age 18 - 24,pct.,7.2
2024,Proportion of population living below the national poverty line,"Streymoy region, south",Females,Age 18 - 24,pct.,7.0
2009,Proportion of population living below the national poverty line,"Streymoy region, south",Females,Age 25 - 54,pct.,2.9
2010,Proportion of population living below the national poverty line,"Streymoy region, south",Females,Age 25 - 54,pct.,3.8
2011,Proportion of population living below the national poverty line,"Streymoy region, south",Females,Age 25 - 54,pct.,4.1
2012,Proportion of population living below the national poverty line,"Streymoy region, south",Females,Age 25 - 54,pct.,4.1
2013,Proportion of population living below the national poverty line,"Streymoy region, south",Females,Age 25 - 54,pct.,3.0
2014,Proportion of population living below the national poverty line,"Streymoy region, south",Females,Age 25 - 54,pct.,2.9
2015,Proportion of population living below the national poverty line,"Streymoy region, south",Females,Age 25 - 54,pct.,2.9
2016,Proportion of population living below the national poverty line,"Streymoy region, south",Females,Age 25 - 54,pct.,3.2
2017,Proportion of population living below the national poverty line,"Streymoy region, south",Females,Age 25 - 54,pct.,2.8
2018,Proportion of population living below the national poverty line,"Streymoy region, south",Females,Age 25 - 54,pct.,2.6
2019,Proportion of population living below the national poverty line,"Streymoy region, south",Females,Age 25 - 54,pct.,2.6
2020,Proportion of population living below the national poverty line,"Streymoy region, south",Females,Age 25 - 54,pct.,2.2
2021,Proportion of population living below the national poverty line,"Streymoy region, south",Females,Age 25 - 54,pct.,2.7
2022,Proportion of population living below the national poverty line,"Streymoy region, south",Females,Age 25 - 54,pct.,3.1
2023,Proportion of population living below the national poverty line,"Streymoy region, south",Females,Age 25 - 54,pct.,2.5
2024,Proportion of population living below the national poverty line,"Streymoy region, south",Females,Age 25 - 54,pct.,3.3
2009,Proportion of population living below the national poverty line,"Streymoy region, south",Females,Age 55 - 66,pct.,2.4
2010,Proportion of population living below the national poverty line,"Streymoy region, south",Females,Age 55 - 66,pct.,2.9
2011,Proportion of population living below the national poverty line,"Streymoy region, south",Females,Age 55 - 66,pct.,3.3
2012,Proportion of population living below the national poverty line,"Streymoy region, south",Females,Age 55 - 66,pct.,3.9
2013,Proportion of population living below the national poverty line,"Streymoy region, south",Females,Age 55 - 66,pct.,3.2
2014,Proportion of population living below the national poverty line,"Streymoy region, south",Females,Age 55 - 66,pct.,3.9
2015,Proportion of population living below the national poverty line,"Streymoy region, south",Females,Age 55 - 66,pct.,2.8
2016,Proportion of population living below the national poverty line,"Streymoy region, south",Females,Age 55 - 66,pct.,3.0
2017,Proportion of population living below the national poverty line,"Streymoy region, south",Females,Age 55 - 66,pct.,2.5
2018,Proportion of population living below the national poverty line,"Streymoy region, south",Females,Age 55 - 66,pct.,2.3
2019,Proportion of population living below the national poverty line,"Streymoy region, south",Females,Age 55 - 66,pct.,2.4
2020,Proportion of population living below the national poverty line,"Streymoy region, south",Females,Age 55 - 66,pct.,1.5
2021,Proportion of population living below the national poverty line,"Streymoy region, south",Females,Age 55 - 66,pct.,1.5
2022,Proportion of population living below the national poverty line,"Streymoy region, south",Females,Age 55 - 66,pct.,1.4
2023,Proportion of population living below the national poverty line,"Streymoy region, south",Females,Age 55 - 66,pct.,1.6
2024,Proportion of population living below the national poverty line,"Streymoy region, south",Females,Age 55 - 66,pct.,1.8
2009,Proportion of population living below the national poverty line,"Streymoy region, south",Females,Age 67 + ,pct.,2.2
2010,Proportion of population living below the national poverty line,"Streymoy region, south",Females,Age 67 + ,pct.,1.7
2011,Proportion of population living below the national poverty line,"Streymoy region, south",Females,Age 67 + ,pct.,2.3
2012,Proportion of population living below the national poverty line,"Streymoy region, south",Females,Age 67 + ,pct.,2.2
2013,Proportion of population living below the national poverty line,"Streymoy region, south",Females,Age 67 + ,pct.,1.8
2014,Proportion of population living below the national poverty line,"Streymoy region, south",Females,Age 67 + ,pct.,1.8
2015,Proportion of population living below the national poverty line,"Streymoy region, south",Females,Age 67 + ,pct.,1.4
2016,Proportion of population living below the national poverty line,"Streymoy region, south",Females,Age 67 + ,pct.,1.9
2017,Proportion of population living below the national poverty line,"Streymoy region, south",Females,Age 67 + ,pct.,2.9
2018,Proportion of population living below the national poverty line,"Streymoy region, south",Females,Age 67 + ,pct.,2.5
2019,Proportion of population living below the national poverty line,"Streymoy region, south",Females,Age 67 + ,pct.,1.8
2020,Proportion of population living below the national poverty line,"Streymoy region, south",Females,Age 67 + ,pct.,1.5
2021,Proportion of population living below the national poverty line,"Streymoy region, south",Females,Age 67 + ,pct.,1.2
2022,Proportion of population living below the national poverty line,"Streymoy region, south",Females,Age 67 + ,pct.,1.1
2023,Proportion of population living below the national poverty line,"Streymoy region, south",Females,Age 67 + ,pct.,2.0
2024,Proportion of population living below the national poverty line,"Streymoy region, south",Females,Age 67 + ,pct.,1.8
2009,Proportion of population living below the national poverty line,"Streymoy region, south",Males,,pct.,2.6
2010,Proportion of population living below the national poverty line,"Streymoy region, south",Males,,pct.,3.6
2011,Proportion of population living below the national poverty line,"Streymoy region, south",Males,,pct.,4.1
2012,Proportion of population living below the national poverty line,"Streymoy region, south",Males,,pct.,4.3
2013,Proportion of population living below the national poverty line,"Streymoy region, south",Males,,pct.,3.1
2014,Proportion of population living below the national poverty line,"Streymoy region, south",Males,,pct.,3.4
2015,Proportion of population living below the national poverty line,"Streymoy region, south",Males,,pct.,3.2
2016,Proportion of population living below the national poverty line,"Streymoy region, south",Males,,pct.,3.1
2017,Proportion of population living below the national poverty line,"Streymoy region, south",Males,,pct.,3.0
2018,Proportion of population living below the national poverty line,"Streymoy region, south",Males,,pct.,2.9
2019,Proportion of population living below the national poverty line,"Streymoy region, south",Males,,pct.,2.3
2020,Proportion of population living below the national poverty line,"Streymoy region, south",Males,,pct.,2.0
2021,Proportion of population living below the national poverty line,"Streymoy region, south",Males,,pct.,2.4
2022,Proportion of population living below the national poverty line,"Streymoy region, south",Males,,pct.,2.6
2023,Proportion of population living below the national poverty line,"Streymoy region, south",Males,,pct.,2.5
2024,Proportion of population living below the national poverty line,"Streymoy region, south",Males,,pct.,2.8
2009,Proportion of population living below the national poverty line,"Streymoy region, south",Males,Age 0 - 17,pct.,2.9
2010,Proportion of population living below the national poverty line,"Streymoy region, south",Males,Age 0 - 17,pct.,4.2
2011,Proportion of population living below the national poverty line,"Streymoy region, south",Males,Age 0 - 17,pct.,4.9
2012,Proportion of population living below the national poverty line,"Streymoy region, south",Males,Age 0 - 17,pct.,5.1
2013,Proportion of population living below the national poverty line,"Streymoy region, south",Males,Age 0 - 17,pct.,4.0
2014,Proportion of population living below the national poverty line,"Streymoy region, south",Males,Age 0 - 17,pct.,4.4
2015,Proportion of population living below the national poverty line,"Streymoy region, south",Males,Age 0 - 17,pct.,3.6
2016,Proportion of population living below the national poverty line,"Streymoy region, south",Males,Age 0 - 17,pct.,3.5
2017,Proportion of population living below the national poverty line,"Streymoy region, south",Males,Age 0 - 17,pct.,3.8
2018,Proportion of population living below the national poverty line,"Streymoy region, south",Males,Age 0 - 17,pct.,3.3
2019,Proportion of population living below the national poverty line,"Streymoy region, south",Males,Age 0 - 17,pct.,2.2
2020,Proportion of population living below the national poverty line,"Streymoy region, south",Males,Age 0 - 17,pct.,2.5
2021,Proportion of population living below the national poverty line,"Streymoy region, south",Males,Age 0 - 17,pct.,2.6
2022,Proportion of population living below the national poverty line,"Streymoy region, south",Males,Age 0 - 17,pct.,3.3
2023,Proportion of population living below the national poverty line,"Streymoy region, south",Males,Age 0 - 17,pct.,2.1
2024,Proportion of population living below the national poverty line,"Streymoy region, south",Males,Age 0 - 17,pct.,2.5
2009,Proportion of population living below the national poverty line,"Streymoy region, south",Males,Age 18 - 24,pct.,2.4
2010,Proportion of population living below the national poverty line,"Streymoy region, south",Males,Age 18 - 24,pct.,3.4
2011,Proportion of population living below the national poverty line,"Streymoy region, south",Males,Age 18 - 24,pct.,5.0
2012,Proportion of population living below the national poverty line,"Streymoy region, south",Males,Age 18 - 24,pct.,5.3
2013,Proportion of population living below the national poverty line,"Streymoy region, south",Males,Age 18 - 24,pct.,3.5
2014,Proportion of population living below the national poverty line,"Streymoy region, south",Males,Age 18 - 24,pct.,3.8
2015,Proportion of population living below the national poverty line,"Streymoy region, south",Males,Age 18 - 24,pct.,4.0
2016,Proportion of population living below the national poverty line,"Streymoy region, south",Males,Age 18 - 24,pct.,2.9
2017,Proportion of population living below the national poverty line,"Streymoy region, south",Males,Age 18 - 24,pct.,2.6
2018,Proportion of population living below the national poverty line,"Streymoy region, south",Males,Age 18 - 24,pct.,3.4
2019,Proportion of population living below the national poverty line,"Streymoy region, south",Males,Age 18 - 24,pct.,2.7
2020,Proportion of population living below the national poverty line,"Streymoy region, south",Males,Age 18 - 24,pct.,1.8
2021,Proportion of population living below the national poverty line,"Streymoy region, south",Males,Age 18 - 24,pct.,3.1
2022,Proportion of population living below the national poverty line,"Streymoy region, south",Males,Age 18 - 24,pct.,2.5
2023,Proportion of population living below the national poverty line,"Streymoy region, south",Males,Age 18 - 24,pct.,3.1
2024,Proportion of population living below the national poverty line,"Streymoy region, south",Males,Age 18 - 24,pct.,4.2
2009,Proportion of population living below the national poverty line,"Streymoy region, south",Males,Age 25 - 54,pct.,2.3
2010,Proportion of population living below the national poverty line,"Streymoy region, south",Males,Age 25 - 54,pct.,3.4
2011,Proportion of population living below the national poverty line,"Streymoy region, south",Males,Age 25 - 54,pct.,3.6
2012,Proportion of population living below the national poverty line,"Streymoy region, south",Males,Age 25 - 54,pct.,3.9
2013,Proportion of population living below the national poverty line,"Streymoy region, south",Males,Age 25 - 54,pct.,2.5
2014,Proportion of population living below the national poverty line,"Streymoy region, south",Males,Age 25 - 54,pct.,2.9
2015,Proportion of population living below the national poverty line,"Streymoy region, south",Males,Age 25 - 54,pct.,3.1
2016,Proportion of population living below the national poverty line,"Streymoy region, south",Males,Age 25 - 54,pct.,3.0
2017,Proportion of population living below the national poverty line,"Streymoy region, south",Males,Age 25 - 54,pct.,2.8
2018,Proportion of population living below the national poverty line,"Streymoy region, south",Males,Age 25 - 54,pct.,2.9
2019,Proportion of population living below the national poverty line,"Streymoy region, south",Males,Age 25 - 54,pct.,2.4
2020,Proportion of population living below the national poverty line,"Streymoy region, south",Males,Age 25 - 54,pct.,1.9
2021,Proportion of population living below the national poverty line,"Streymoy region, south",Males,Age 25 - 54,pct.,2.5
2022,Proportion of population living below the national poverty line,"Streymoy region, south",Males,Age 25 - 54,pct.,3.1
2023,Proportion of population living below the national poverty line,"Streymoy region, south",Males,Age 25 - 54,pct.,3.1
2024,Proportion of population living below the national poverty line,"Streymoy region, south",Males,Age 25 - 54,pct.,3.3
2009,Proportion of population living below the national poverty line,"Streymoy region, south",Males,Age 55 - 66,pct.,3.4
2010,Proportion of population living below the national poverty line,"Streymoy region, south",Males,Age 55 - 66,pct.,4.1
2011,Proportion of population living below the national poverty line,"Streymoy region, south",Males,Age 55 - 66,pct.,4.0
2012,Proportion of population living below the national poverty line,"Streymoy region, south",Males,Age 55 - 66,pct.,4.2
2013,Proportion of population living below the national poverty line,"Streymoy region, south",Males,Age 55 - 66,pct.,3.4
2014,Proportion of population living below the national poverty line,"Streymoy region, south",Males,Age 55 - 66,pct.,3.6
2015,Proportion of population living below the national poverty line,"Streymoy region, south",Males,Age 55 - 66,pct.,3.9
2016,Proportion of population living below the national poverty line,"Streymoy region, south",Males,Age 55 - 66,pct.,3.5
2017,Proportion of population living below the national poverty line,"Streymoy region, south",Males,Age 55 - 66,pct.,3.8
2018,Proportion of population living below the national poverty line,"Streymoy region, south",Males,Age 55 - 66,pct.,3.1
2019,Proportion of population living below the national poverty line,"Streymoy region, south",Males,Age 55 - 66,pct.,2.8
2020,Proportion of population living below the national poverty line,"Streymoy region, south",Males,Age 55 - 66,pct.,2.3
2021,Proportion of population living below the national poverty line,"Streymoy region, south",Males,Age 55 - 66,pct.,2.8
2022,Proportion of population living below the national poverty line,"Streymoy region, south",Males,Age 55 - 66,pct.,2.3
2023,Proportion of population living below the national poverty line,"Streymoy region, south",Males,Age 55 - 66,pct.,2.6
2024,Proportion of population living below the national poverty line,"Streymoy region, south",Males,Age 55 - 66,pct.,3.0
2009,Proportion of population living below the national poverty line,"Streymoy region, south",Males,Age 67 + ,pct.,2.2
2010,Proportion of population living below the national poverty line,"Streymoy region, south",Males,Age 67 + ,pct.,2.0
2011,Proportion of population living below the national poverty line,"Streymoy region, south",Males,Age 67 + ,pct.,3.2
2012,Proportion of population living below the national poverty line,"Streymoy region, south",Males,Age 67 + ,pct.,2.9
2013,Proportion of population living below the national poverty line,"Streymoy region, south",Males,Age 67 + ,pct.,2.0
2014,Proportion of population living below the national poverty line,"Streymoy region, south",Males,Age 67 + ,pct.,2.0
2015,Proportion of population living below the national poverty line,"Streymoy region, south",Males,Age 67 + ,pct.,1.7
2016,Proportion of population living below the national poverty line,"Streymoy region, south",Males,Age 67 + ,pct.,2.2
2017,Proportion of population living below the national poverty line,"Streymoy region, south",Males,Age 67 + ,pct.,1.7
2018,Proportion of population living below the national poverty line,"Streymoy region, south",Males,Age 67 + ,pct.,1.3
2019,Proportion of population living below the national poverty line,"Streymoy region, south",Males,Age 67 + ,pct.,1.2
2020,Proportion of population living below the national poverty line,"Streymoy region, south",Males,Age 67 + ,pct.,1.1
2021,Proportion of population living below the national poverty line,"Streymoy region, south",Males,Age 67 + ,pct.,0.8
2022,Proportion of population living below the national poverty line,"Streymoy region, south",Males,Age 67 + ,pct.,0.4
2023,Proportion of population living below the national poverty line,"Streymoy region, south",Males,Age 67 + ,pct.,1.1
2024,Proportion of population living below the national poverty line,"Streymoy region, south",Males,Age 67 + ,pct.,0.9
2009,Proportion of population living below the national poverty line,Suðuroy region,,,pct.,6.9
2010,Proportion of population living below the national poverty line,Suðuroy region,,,pct.,6.0
2011,Proportion of population living below the national poverty line,Suðuroy region,,,pct.,6.8
2012,Proportion of population living below the national poverty line,Suðuroy region,,,pct.,5.2
2013,Proportion of population living below the national poverty line,Suðuroy region,,,pct.,5.5
2014,Proportion of population living below the national poverty line,Suðuroy region,,,pct.,5.1
2015,Proportion of population living below the national poverty line,Suðuroy region,,,pct.,4.4
2016,Proportion of population living below the national poverty line,Suðuroy region,,,pct.,5.0
2017,Proportion of population living below the national poverty line,Suðuroy region,,,pct.,4.4
2018,Proportion of population living below the national poverty line,Suðuroy region,,,pct.,4.1
2019,Proportion of population living below the national poverty line,Suðuroy region,,,pct.,4.3
2020,Proportion of population living below the national poverty line,Suðuroy region,,,pct.,4.3
2021,Proportion of population living below the national poverty line,Suðuroy region,,,pct.,3.8
2022,Proportion of population living below the national poverty line,Suðuroy region,,,pct.,3.2
2023,Proportion of population living below the national poverty line,Suðuroy region,,,pct.,3.3
2024,Proportion of population living below the national poverty line,Suðuroy region,,,pct.,3.1
2009,Proportion of population living below the national poverty line,Suðuroy region,,Age 0 - 17,pct.,11.2
2010,Proportion of population living below the national poverty line,Suðuroy region,,Age 0 - 17,pct.,9.1
2011,Proportion of population living below the national poverty line,Suðuroy region,,Age 0 - 17,pct.,9.9
2012,Proportion of population living below the national poverty line,Suðuroy region,,Age 0 - 17,pct.,7.4
2013,Proportion of population living below the national poverty line,Suðuroy region,,Age 0 - 17,pct.,8.4
2014,Proportion of population living below the national poverty line,Suðuroy region,,Age 0 - 17,pct.,7.8
2015,Proportion of population living below the national poverty line,Suðuroy region,,Age 0 - 17,pct.,6.7
2016,Proportion of population living below the national poverty line,Suðuroy region,,Age 0 - 17,pct.,8.8
2017,Proportion of population living below the national poverty line,Suðuroy region,,Age 0 - 17,pct.,5.1
2018,Proportion of population living below the national poverty line,Suðuroy region,,Age 0 - 17,pct.,5.2
2019,Proportion of population living below the national poverty line,Suðuroy region,,Age 0 - 17,pct.,6.6
2020,Proportion of population living below the national poverty line,Suðuroy region,,Age 0 - 17,pct.,7.0
2021,Proportion of population living below the national poverty line,Suðuroy region,,Age 0 - 17,pct.,5.9
2022,Proportion of population living below the national poverty line,Suðuroy region,,Age 0 - 17,pct.,4.5
2023,Proportion of population living below the national poverty line,Suðuroy region,,Age 0 - 17,pct.,5.3
2024,Proportion of population living below the national poverty line,Suðuroy region,,Age 0 - 17,pct.,4.8
2009,Proportion of population living below the national poverty line,Suðuroy region,,Age 18 - 24,pct.,5.5
2010,Proportion of population living below the national poverty line,Suðuroy region,,Age 18 - 24,pct.,5.1
2011,Proportion of population living below the national poverty line,Suðuroy region,,Age 18 - 24,pct.,6.2
2012,Proportion of population living below the national poverty line,Suðuroy region,,Age 18 - 24,pct.,7.0
2013,Proportion of population living below the national poverty line,Suðuroy region,,Age 18 - 24,pct.,6.8
2014,Proportion of population living below the national poverty line,Suðuroy region,,Age 18 - 24,pct.,5.7
2015,Proportion of population living below the national poverty line,Suðuroy region,,Age 18 - 24,pct.,3.3
2016,Proportion of population living below the national poverty line,Suðuroy region,,Age 18 - 24,pct.,4.6
2017,Proportion of population living below the national poverty line,Suðuroy region,,Age 18 - 24,pct.,3.4
2018,Proportion of population living below the national poverty line,Suðuroy region,,Age 18 - 24,pct.,4.9
2019,Proportion of population living below the national poverty line,Suðuroy region,,Age 18 - 24,pct.,4.3
2020,Proportion of population living below the national poverty line,Suðuroy region,,Age 18 - 24,pct.,4.7
2021,Proportion of population living below the national poverty line,Suðuroy region,,Age 18 - 24,pct.,4.1
2022,Proportion of population living below the national poverty line,Suðuroy region,,Age 18 - 24,pct.,3.6
2023,Proportion of population living below the national poverty line,Suðuroy region,,Age 18 - 24,pct.,3.2
2024,Proportion of population living below the national poverty line,Suðuroy region,,Age 18 - 24,pct.,1.7
2009,Proportion of population living below the national poverty line,Suðuroy region,,Age 25 - 54,pct.,6.9
2010,Proportion of population living below the national poverty line,Suðuroy region,,Age 25 - 54,pct.,6.2
2011,Proportion of population living below the national poverty line,Suðuroy region,,Age 25 - 54,pct.,7.1
2012,Proportion of population living below the national poverty line,Suðuroy region,,Age 25 - 54,pct.,5.1
2013,Proportion of population living below the national poverty line,Suðuroy region,,Age 25 - 54,pct.,6.0
2014,Proportion of population living below the national poverty line,Suðuroy region,,Age 25 - 54,pct.,5.6
2015,Proportion of population living below the national poverty line,Suðuroy region,,Age 25 - 54,pct.,4.9
2016,Proportion of population living below the national poverty line,Suðuroy region,,Age 25 - 54,pct.,4.7
2017,Proportion of population living below the national poverty line,Suðuroy region,,Age 25 - 54,pct.,4.8
2018,Proportion of population living below the national poverty line,Suðuroy region,,Age 25 - 54,pct.,4.3
2019,Proportion of population living below the national poverty line,Suðuroy region,,Age 25 - 54,pct.,4.9
2020,Proportion of population living below the national poverty line,Suðuroy region,,Age 25 - 54,pct.,4.8
2021,Proportion of population living below the national poverty line,Suðuroy region,,Age 25 - 54,pct.,4.3
2022,Proportion of population living below the national poverty line,Suðuroy region,,Age 25 - 54,pct.,3.3
2023,Proportion of population living below the national poverty line,Suðuroy region,,Age 25 - 54,pct.,3.7
2024,Proportion of population living below the national poverty line,Suðuroy region,,Age 25 - 54,pct.,4.2
2009,Proportion of population living below the national poverty line,Suðuroy region,,Age 55 - 66,pct.,4.7
2010,Proportion of population living below the national poverty line,Suðuroy region,,Age 55 - 66,pct.,4.1
2011,Proportion of population living below the national poverty line,Suðuroy region,,Age 55 - 66,pct.,5.0
2012,Proportion of population living below the national poverty line,Suðuroy region,,Age 55 - 66,pct.,4.2
2013,Proportion of population living below the national poverty line,Suðuroy region,,Age 55 - 66,pct.,3.6
2014,Proportion of population living below the national poverty line,Suðuroy region,,Age 55 - 66,pct.,3.5
2015,Proportion of population living below the national poverty line,Suðuroy region,,Age 55 - 66,pct.,2.6
2016,Proportion of population living below the national poverty line,Suðuroy region,,Age 55 - 66,pct.,3.6
2017,Proportion of population living below the national poverty line,Suðuroy region,,Age 55 - 66,pct.,3.7
2018,Proportion of population living below the national poverty line,Suðuroy region,,Age 55 - 66,pct.,2.9
2019,Proportion of population living below the national poverty line,Suðuroy region,,Age 55 - 66,pct.,3.5
2020,Proportion of population living below the national poverty line,Suðuroy region,,Age 55 - 66,pct.,3.4
2021,Proportion of population living below the national poverty line,Suðuroy region,,Age 55 - 66,pct.,3.3
2022,Proportion of population living below the national poverty line,Suðuroy region,,Age 55 - 66,pct.,3.5
2023,Proportion of population living below the national poverty line,Suðuroy region,,Age 55 - 66,pct.,2.1
2024,Proportion of population living below the national poverty line,Suðuroy region,,Age 55 - 66,pct.,2.2
2009,Proportion of population living below the national poverty line,Suðuroy region,,Age 67 + ,pct.,3.4
2010,Proportion of population living below the national poverty line,Suðuroy region,,Age 67 + ,pct.,3.4
2011,Proportion of population living below the national poverty line,Suðuroy region,,Age 67 + ,pct.,4.2
2012,Proportion of population living below the national poverty line,Suðuroy region,,Age 67 + ,pct.,2.5
2013,Proportion of population living below the national poverty line,Suðuroy region,,Age 67 + ,pct.,1.9
2014,Proportion of population living below the national poverty line,Suðuroy region,,Age 67 + ,pct.,1.9
2015,Proportion of population living below the national poverty line,Suðuroy region,,Age 67 + ,pct.,2.7
2016,Proportion of population living below the national poverty line,Suðuroy region,,Age 67 + ,pct.,2.2
2017,Proportion of population living below the national poverty line,Suðuroy region,,Age 67 + ,pct.,3.6
2018,Proportion of population living below the national poverty line,Suðuroy region,,Age 67 + ,pct.,3.2
2019,Proportion of population living below the national poverty line,Suðuroy region,,Age 67 + ,pct.,1.4
2020,Proportion of population living below the national poverty line,Suðuroy region,,Age 67 + ,pct.,1.1
2021,Proportion of population living below the national poverty line,Suðuroy region,,Age 67 + ,pct.,0.9
2022,Proportion of population living below the national poverty line,Suðuroy region,,Age 67 + ,pct.,1.4
2023,Proportion of population living below the national poverty line,Suðuroy region,,Age 67 + ,pct.,1.5
2024,Proportion of population living below the national poverty line,Suðuroy region,,Age 67 + ,pct.,1.1
2009,Proportion of population living below the national poverty line,Suðuroy region,Females,,pct.,8.0
2010,Proportion of population living below the national poverty line,Suðuroy region,Females,,pct.,6.8
2011,Proportion of population living below the national poverty line,Suðuroy region,Females,,pct.,7.6
2012,Proportion of population living below the national poverty line,Suðuroy region,Females,,pct.,5.7
2013,Proportion of population living below the national poverty line,Suðuroy region,Females,,pct.,6.3
2014,Proportion of population living below the national poverty line,Suðuroy region,Females,,pct.,5.7
2015,Proportion of population living below the national poverty line,Suðuroy region,Females,,pct.,4.8
2016,Proportion of population living below the national poverty line,Suðuroy region,Females,,pct.,5.5
2017,Proportion of population living below the national poverty line,Suðuroy region,Females,,pct.,4.3
2018,Proportion of population living below the national poverty line,Suðuroy region,Females,,pct.,4.2
2019,Proportion of population living below the national poverty line,Suðuroy region,Females,,pct.,4.5
2020,Proportion of population living below the national poverty line,Suðuroy region,Females,,pct.,4.7
2021,Proportion of population living below the national poverty line,Suðuroy region,Females,,pct.,3.5
2022,Proportion of population living below the national poverty line,Suðuroy region,Females,,pct.,3.2
2023,Proportion of population living below the national poverty line,Suðuroy region,Females,,pct.,3.5
2024,Proportion of population living below the national poverty line,Suðuroy region,Females,,pct.,3.6
2009,Proportion of population living below the national poverty line,Suðuroy region,Females,Age 0 - 17,pct.,12.7
2010,Proportion of population living below the national poverty line,Suðuroy region,Females,Age 0 - 17,pct.,10.3
2011,Proportion of population living below the national poverty line,Suðuroy region,Females,Age 0 - 17,pct.,11.4
2012,Proportion of population living below the national poverty line,Suðuroy region,Females,Age 0 - 17,pct.,7.5
2013,Proportion of population living below the national poverty line,Suðuroy region,Females,Age 0 - 17,pct.,10.0
2014,Proportion of population living below the national poverty line,Suðuroy region,Females,Age 0 - 17,pct.,8.1
2015,Proportion of population living below the national poverty line,Suðuroy region,Females,Age 0 - 17,pct.,7.1
2016,Proportion of population living below the national poverty line,Suðuroy region,Females,Age 0 - 17,pct.,9.1
2017,Proportion of population living below the national poverty line,Suðuroy region,Females,Age 0 - 17,pct.,5.3
2018,Proportion of population living below the national poverty line,Suðuroy region,Females,Age 0 - 17,pct.,5.1
2019,Proportion of population living below the national poverty line,Suðuroy region,Females,Age 0 - 17,pct.,6.8
2020,Proportion of population living below the national poverty line,Suðuroy region,Females,Age 0 - 17,pct.,7.9
2021,Proportion of population living below the national poverty line,Suðuroy region,Females,Age 0 - 17,pct.,5.1
2022,Proportion of population living below the national poverty line,Suðuroy region,Females,Age 0 - 17,pct.,4.7
2023,Proportion of population living below the national poverty line,Suðuroy region,Females,Age 0 - 17,pct.,5.5
2024,Proportion of population living below the national poverty line,Suðuroy region,Females,Age 0 - 17,pct.,6.6
2009,Proportion of population living below the national poverty line,Suðuroy region,Females,Age 18 - 24,pct.,7.5
2010,Proportion of population living below the national poverty line,Suðuroy region,Females,Age 18 - 24,pct.,7.4
2011,Proportion of population living below the national poverty line,Suðuroy region,Females,Age 18 - 24,pct.,7.7
2012,Proportion of population living below the national poverty line,Suðuroy region,Females,Age 18 - 24,pct.,9.5
2013,Proportion of population living below the national poverty line,Suðuroy region,Females,Age 18 - 24,pct.,9.0
2014,Proportion of population living below the national poverty line,Suðuroy region,Females,Age 18 - 24,pct.,7.2
2015,Proportion of population living below the national poverty line,Suðuroy region,Females,Age 18 - 24,pct.,2.5
2016,Proportion of population living below the national poverty line,Suðuroy region,Females,Age 18 - 24,pct.,5.6
2017,Proportion of population living below the national poverty line,Suðuroy region,Females,Age 18 - 24,pct.,3.8
2018,Proportion of population living below the national poverty line,Suðuroy region,Females,Age 18 - 24,pct.,6.7
2019,Proportion of population living below the national poverty line,Suðuroy region,Females,Age 18 - 24,pct.,3.3
2020,Proportion of population living below the national poverty line,Suðuroy region,Females,Age 18 - 24,pct.,4.4
2021,Proportion of population living below the national poverty line,Suðuroy region,Females,Age 18 - 24,pct.,2.8
2022,Proportion of population living below the national poverty line,Suðuroy region,Females,Age 18 - 24,pct.,4.3
2023,Proportion of population living below the national poverty line,Suðuroy region,Females,Age 18 - 24,pct.,3.2
2024,Proportion of population living below the national poverty line,Suðuroy region,Females,Age 18 - 24,pct.,1.5
2009,Proportion of population living below the national poverty line,Suðuroy region,Females,Age 25 - 54,pct.,7.7
2010,Proportion of population living below the national poverty line,Suðuroy region,Females,Age 25 - 54,pct.,6.7
2011,Proportion of population living below the national poverty line,Suðuroy region,Females,Age 25 - 54,pct.,7.3
2012,Proportion of population living below the national poverty line,Suðuroy region,Females,Age 25 - 54,pct.,6.0
2013,Proportion of population living below the national poverty line,Suðuroy region,Females,Age 25 - 54,pct.,7.4
2014,Proportion of population living below the national poverty line,Suðuroy region,Females,Age 25 - 54,pct.,7.2
2015,Proportion of population living below the national poverty line,Suðuroy region,Females,Age 25 - 54,pct.,6.7
2016,Proportion of population living below the national poverty line,Suðuroy region,Females,Age 25 - 54,pct.,6.1
2017,Proportion of population living below the national poverty line,Suðuroy region,Females,Age 25 - 54,pct.,5.0
2018,Proportion of population living below the national poverty line,Suðuroy region,Females,Age 25 - 54,pct.,4.7
2019,Proportion of population living below the national poverty line,Suðuroy region,Females,Age 25 - 54,pct.,6.0
2020,Proportion of population living below the national poverty line,Suðuroy region,Females,Age 25 - 54,pct.,5.8
2021,Proportion of population living below the national poverty line,Suðuroy region,Females,Age 25 - 54,pct.,4.9
2022,Proportion of population living below the national poverty line,Suðuroy region,Females,Age 25 - 54,pct.,3.4
2023,Proportion of population living below the national poverty line,Suðuroy region,Females,Age 25 - 54,pct.,4.3
2024,Proportion of population living below the national poverty line,Suðuroy region,Females,Age 25 - 54,pct.,4.5
2009,Proportion of population living below the national poverty line,Suðuroy region,Females,Age 55 - 66,pct.,5.4
2010,Proportion of population living below the national poverty line,Suðuroy region,Females,Age 55 - 66,pct.,3.9
2011,Proportion of population living below the national poverty line,Suðuroy region,Females,Age 55 - 66,pct.,4.9
2012,Proportion of population living below the national poverty line,Suðuroy region,Females,Age 55 - 66,pct.,4.2
2013,Proportion of population living below the national poverty line,Suðuroy region,Females,Age 55 - 66,pct.,2.4
2014,Proportion of population living below the national poverty line,Suðuroy region,Females,Age 55 - 66,pct.,2.1
2015,Proportion of population living below the national poverty line,Suðuroy region,Females,Age 55 - 66,pct.,1.6
2016,Proportion of population living below the national poverty line,Suðuroy region,Females,Age 55 - 66,pct.,2.9
2017,Proportion of population living below the national poverty line,Suðuroy region,Females,Age 55 - 66,pct.,3.0
2018,Proportion of population living below the national poverty line,Suðuroy region,Females,Age 55 - 66,pct.,2.6
2019,Proportion of population living below the national poverty line,Suðuroy region,Females,Age 55 - 66,pct.,2.6
2020,Proportion of population living below the national poverty line,Suðuroy region,Females,Age 55 - 66,pct.,2.4
2021,Proportion of population living below the national poverty line,Suðuroy region,Females,Age 55 - 66,pct.,2.0
2022,Proportion of population living below the national poverty line,Suðuroy region,Females,Age 55 - 66,pct.,2.0
2023,Proportion of population living below the national poverty line,Suðuroy region,Females,Age 55 - 66,pct.,1.7
2024,Proportion of population living below the national poverty line,Suðuroy region,Females,Age 55 - 66,pct.,1.5
2009,Proportion of population living below the national poverty line,Suðuroy region,Females,Age 67 + ,pct.,4.4
2010,Proportion of population living below the national poverty line,Suðuroy region,Females,Age 67 + ,pct.,4.9
2011,Proportion of population living below the national poverty line,Suðuroy region,Females,Age 67 + ,pct.,5.5
2012,Proportion of population living below the national poverty line,Suðuroy region,Females,Age 67 + ,pct.,2.3
2013,Proportion of population living below the national poverty line,Suðuroy region,Females,Age 67 + ,pct.,2.1
2014,Proportion of population living below the national poverty line,Suðuroy region,Females,Age 67 + ,pct.,2.3
2015,Proportion of population living below the national poverty line,Suðuroy region,Females,Age 67 + ,pct.,2.9
2016,Proportion of population living below the national poverty line,Suðuroy region,Females,Age 67 + ,pct.,2.4
2017,Proportion of population living below the national poverty line,Suðuroy region,Females,Age 67 + ,pct.,3.1
2018,Proportion of population living below the national poverty line,Suðuroy region,Females,Age 67 + ,pct.,2.7
2019,Proportion of population living below the national poverty line,Suðuroy region,Females,Age 67 + ,pct.,1.6
2020,Proportion of population living below the national poverty line,Suðuroy region,Females,Age 67 + ,pct.,1.4
2021,Proportion of population living below the national poverty line,Suðuroy region,Females,Age 67 + ,pct.,0.9
2022,Proportion of population living below the national poverty line,Suðuroy region,Females,Age 67 + ,pct.,2.0
2023,Proportion of population living below the national poverty line,Suðuroy region,Females,Age 67 + ,pct.,1.5
2024,Proportion of population living below the national poverty line,Suðuroy region,Females,Age 67 + ,pct.,1.5
2009,Proportion of population living below the national poverty line,Suðuroy region,Males,,pct.,5.9
2010,Proportion of population living below the national poverty line,Suðuroy region,Males,,pct.,5.2
2011,Proportion of population living below the national poverty line,Suðuroy region,Males,,pct.,6.1
2012,Proportion of population living below the national poverty line,Suðuroy region,Males,,pct.,4.8
2013,Proportion of population living below the national poverty line,Suðuroy region,Males,,pct.,4.8
2014,Proportion of population living below the national poverty line,Suðuroy region,Males,,pct.,4.6
2015,Proportion of population living below the national poverty line,Suðuroy region,Males,,pct.,4.0
2016,Proportion of population living below the national poverty line,Suðuroy region,Males,,pct.,4.5
2017,Proportion of population living below the national poverty line,Suðuroy region,Males,,pct.,4.5
2018,Proportion of population living below the national poverty line,Suðuroy region,Males,,pct.,4.1
2019,Proportion of population living below the national poverty line,Suðuroy region,Males,,pct.,4.2
2020,Proportion of population living below the national poverty line,Suðuroy region,Males,,pct.,4.0
2021,Proportion of population living below the national poverty line,Suðuroy region,Males,,pct.,4.0
2022,Proportion of population living below the national poverty line,Suðuroy region,Males,,pct.,3.3
2023,Proportion of population living below the national poverty line,Suðuroy region,Males,,pct.,3.1
2024,Proportion of population living below the national poverty line,Suðuroy region,Males,,pct.,2.7
2009,Proportion of population living below the national poverty line,Suðuroy region,Males,Age 0 - 17,pct.,9.9
2010,Proportion of population living below the national poverty line,Suðuroy region,Males,Age 0 - 17,pct.,7.9
2011,Proportion of population living below the national poverty line,Suðuroy region,Males,Age 0 - 17,pct.,8.4
2012,Proportion of population living below the national poverty line,Suðuroy region,Males,Age 0 - 17,pct.,7.3
2013,Proportion of population living below the national poverty line,Suðuroy region,Males,Age 0 - 17,pct.,6.9
2014,Proportion of population living below the national poverty line,Suðuroy region,Males,Age 0 - 17,pct.,7.5
2015,Proportion of population living below the national poverty line,Suðuroy region,Males,Age 0 - 17,pct.,6.3
2016,Proportion of population living below the national poverty line,Suðuroy region,Males,Age 0 - 17,pct.,8.6
2017,Proportion of population living below the national poverty line,Suðuroy region,Males,Age 0 - 17,pct.,5.0
2018,Proportion of population living below the national poverty line,Suðuroy region,Males,Age 0 - 17,pct.,5.3
2019,Proportion of population living below the national poverty line,Suðuroy region,Males,Age 0 - 17,pct.,6.5
2020,Proportion of population living below the national poverty line,Suðuroy region,Males,Age 0 - 17,pct.,6.2
2021,Proportion of population living below the national poverty line,Suðuroy region,Males,Age 0 - 17,pct.,6.6
2022,Proportion of population living below the national poverty line,Suðuroy region,Males,Age 0 - 17,pct.,4.4
2023,Proportion of population living below the national poverty line,Suðuroy region,Males,Age 0 - 17,pct.,5.1
2024,Proportion of population living below the national poverty line,Suðuroy region,Males,Age 0 - 17,pct.,3.2
2009,Proportion of population living below the national poverty line,Suðuroy region,Males,Age 18 - 24,pct.,3.9
2010,Proportion of population living below the national poverty line,Suðuroy region,Males,Age 18 - 24,pct.,3.1
2011,Proportion of population living below the national poverty line,Suðuroy region,Males,Age 18 - 24,pct.,5.0
2012,Proportion of population living below the national poverty line,Suðuroy region,Males,Age 18 - 24,pct.,5.2
2013,Proportion of population living below the national poverty line,Suðuroy region,Males,Age 18 - 24,pct.,5.0
2014,Proportion of population living below the national poverty line,Suðuroy region,Males,Age 18 - 24,pct.,4.4
2015,Proportion of population living below the national poverty line,Suðuroy region,Males,Age 18 - 24,pct.,4.0
2016,Proportion of population living below the national poverty line,Suðuroy region,Males,Age 18 - 24,pct.,3.9
2017,Proportion of population living below the national poverty line,Suðuroy region,Males,Age 18 - 24,pct.,3.0
2018,Proportion of population living below the national poverty line,Suðuroy region,Males,Age 18 - 24,pct.,3.6
2019,Proportion of population living below the national poverty line,Suðuroy region,Males,Age 18 - 24,pct.,5.2
2020,Proportion of population living below the national poverty line,Suðuroy region,Males,Age 18 - 24,pct.,5.0
2021,Proportion of population living below the national poverty line,Suðuroy region,Males,Age 18 - 24,pct.,5.1
2022,Proportion of population living below the national poverty line,Suðuroy region,Males,Age 18 - 24,pct.,3.1
2023,Proportion of population living below the national poverty line,Suðuroy region,Males,Age 18 - 24,pct.,3.1
2024,Proportion of population living below the national poverty line,Suðuroy region,Males,Age 18 - 24,pct.,1.9
2009,Proportion of population living below the national poverty line,Suðuroy region,Males,Age 25 - 54,pct.,6.1
2010,Proportion of population living below the national poverty line,Suðuroy region,Males,Age 25 - 54,pct.,5.8
2011,Proportion of population living below the national poverty line,Suðuroy region,Males,Age 25 - 54,pct.,6.8
2012,Proportion of population living below the national poverty line,Suðuroy region,Males,Age 25 - 54,pct.,4.3
2013,Proportion of population living below the national poverty line,Suðuroy region,Males,Age 25 - 54,pct.,4.8
2014,Proportion of population living below the national poverty line,Suðuroy region,Males,Age 25 - 54,pct.,4.3
2015,Proportion of population living below the national poverty line,Suðuroy region,Males,Age 25 - 54,pct.,3.5
2016,Proportion of population living below the national poverty line,Suðuroy region,Males,Age 25 - 54,pct.,3.5
2017,Proportion of population living below the national poverty line,Suðuroy region,Males,Age 25 - 54,pct.,4.6
2018,Proportion of population living below the national poverty line,Suðuroy region,Males,Age 25 - 54,pct.,4.1
2019,Proportion of population living below the national poverty line,Suðuroy region,Males,Age 25 - 54,pct.,4.0
2020,Proportion of population living below the national poverty line,Suðuroy region,Males,Age 25 - 54,pct.,3.9
2021,Proportion of population living below the national poverty line,Suðuroy region,Males,Age 25 - 54,pct.,3.8
2022,Proportion of population living below the national poverty line,Suðuroy region,Males,Age 25 - 54,pct.,3.2
2023,Proportion of population living below the national poverty line,Suðuroy region,Males,Age 25 - 54,pct.,3.1
2024,Proportion of population living below the national poverty line,Suðuroy region,Males,Age 25 - 54,pct.,3.8
2009,Proportion of population living below the national poverty line,Suðuroy region,Males,Age 55 - 66,pct.,4.0
2010,Proportion of population living below the national poverty line,Suðuroy region,Males,Age 55 - 66,pct.,4.2
2011,Proportion of population living below the national poverty line,Suðuroy region,Males,Age 55 - 66,pct.,5.1
2012,Proportion of population living below the national poverty line,Suðuroy region,Males,Age 55 - 66,pct.,4.2
2013,Proportion of population living below the national poverty line,Suðuroy region,Males,Age 55 - 66,pct.,4.8
2014,Proportion of population living below the national poverty line,Suðuroy region,Males,Age 55 - 66,pct.,4.7
2015,Proportion of population living below the national poverty line,Suðuroy region,Males,Age 55 - 66,pct.,3.5
2016,Proportion of population living below the national poverty line,Suðuroy region,Males,Age 55 - 66,pct.,4.2
2017,Proportion of population living below the national poverty line,Suðuroy region,Males,Age 55 - 66,pct.,4.4
2018,Proportion of population living below the national poverty line,Suðuroy region,Males,Age 55 - 66,pct.,3.2
2019,Proportion of population living below the national poverty line,Suðuroy region,Males,Age 55 - 66,pct.,4.4
2020,Proportion of population living below the national poverty line,Suðuroy region,Males,Age 55 - 66,pct.,4.3
2021,Proportion of population living below the national poverty line,Suðuroy region,Males,Age 55 - 66,pct.,4.5
2022,Proportion of population living below the national poverty line,Suðuroy region,Males,Age 55 - 66,pct.,5.0
2023,Proportion of population living below the national poverty line,Suðuroy region,Males,Age 55 - 66,pct.,2.5
2024,Proportion of population living below the national poverty line,Suðuroy region,Males,Age 55 - 66,pct.,2.8
2009,Proportion of population living below the national poverty line,Suðuroy region,Males,Age 67 + ,pct.,2.2
2010,Proportion of population living below the national poverty line,Suðuroy region,Males,Age 67 + ,pct.,1.8
2011,Proportion of population living below the national poverty line,Suðuroy region,Males,Age 67 + ,pct.,2.9
2012,Proportion of population living below the national poverty line,Suðuroy region,Males,Age 67 + ,pct.,2.7
2013,Proportion of population living below the national poverty line,Suðuroy region,Males,Age 67 + ,pct.,1.8
2014,Proportion of population living below the national poverty line,Suðuroy region,Males,Age 67 + ,pct.,1.5
2015,Proportion of population living below the national poverty line,Suðuroy region,Males,Age 67 + ,pct.,2.6
2016,Proportion of population living below the national poverty line,Suðuroy region,Males,Age 67 + ,pct.,2.1
2017,Proportion of population living below the national poverty line,Suðuroy region,Males,Age 67 + ,pct.,4.1
2018,Proportion of population living below the national poverty line,Suðuroy region,Males,Age 67 + ,pct.,3.8
2019,Proportion of population living below the national poverty line,Suðuroy region,Males,Age 67 + ,pct.,1.3
2020,Proportion of population living below the national poverty line,Suðuroy region,Males,Age 67 + ,pct.,0.8
2021,Proportion of population living below the national poverty line,Suðuroy region,Males,Age 67 + ,pct.,0.8
2022,Proportion of population living below the national poverty line,Suðuroy region,Males,Age 67 + ,pct.,0.8
2023,Proportion of population living below the national poverty line,Suðuroy region,Males,Age 67 + ,pct.,1.4
2024,Proportion of population living below the national poverty line,Suðuroy region,Males,Age 67 + ,pct.,0.8
2009,Proportion of population living below the national poverty line,Vágar region,,,pct.,4.3
2010,Proportion of population living below the national poverty line,Vágar region,,,pct.,3.0
2011,Proportion of population living below the national poverty line,Vágar region,,,pct.,3.9
2012,Proportion of population living below the national poverty line,Vágar region,,,pct.,5.3
2013,Proportion of population living below the national poverty line,Vágar region,,,pct.,3.1
2014,Proportion of population living below the national poverty line,Vágar region,,,pct.,3.8
2015,Proportion of population living below the national poverty line,Vágar region,,,pct.,4.2
2016,Proportion of population living below the national poverty line,Vágar region,,,pct.,3.3
2017,Proportion of population living below the national poverty line,Vágar region,,,pct.,2.6
2018,Proportion of population living below the national poverty line,Vágar region,,,pct.,3.1
2019,Proportion of population living below the national poverty line,Vágar region,,,pct.,2.9
2020,Proportion of population living below the national poverty line,Vágar region,,,pct.,2.6
2021,Proportion of population living below the national poverty line,Vágar region,,,pct.,3.2
2022,Proportion of population living below the national poverty line,Vágar region,,,pct.,2.1
2023,Proportion of population living below the national poverty line,Vágar region,,,pct.,2.6
2024,Proportion of population living below the national poverty line,Vágar region,,,pct.,3.3
2009,Proportion of population living below the national poverty line,Vágar region,,Age 0 - 17,pct.,5.7
2010,Proportion of population living below the national poverty line,Vágar region,,Age 0 - 17,pct.,3.8
2011,Proportion of population living below the national poverty line,Vágar region,,Age 0 - 17,pct.,5.2
2012,Proportion of population living below the national poverty line,Vágar region,,Age 0 - 17,pct.,8.0
2013,Proportion of population living below the national poverty line,Vágar region,,Age 0 - 17,pct.,4.1
2014,Proportion of population living below the national poverty line,Vágar region,,Age 0 - 17,pct.,5.1
2015,Proportion of population living below the national poverty line,Vágar region,,Age 0 - 17,pct.,6.4
2016,Proportion of population living below the national poverty line,Vágar region,,Age 0 - 17,pct.,4.2
2017,Proportion of population living below the national poverty line,Vágar region,,Age 0 - 17,pct.,2.3
2018,Proportion of population living below the national poverty line,Vágar region,,Age 0 - 17,pct.,2.9
2019,Proportion of population living below the national poverty line,Vágar region,,Age 0 - 17,pct.,2.6
2020,Proportion of population living below the national poverty line,Vágar region,,Age 0 - 17,pct.,3.2
2021,Proportion of population living below the national poverty line,Vágar region,,Age 0 - 17,pct.,3.6
2022,Proportion of population living below the national poverty line,Vágar region,,Age 0 - 17,pct.,2.7
2023,Proportion of population living below the national poverty line,Vágar region,,Age 0 - 17,pct.,3.7
2024,Proportion of population living below the national poverty line,Vágar region,,Age 0 - 17,pct.,5.5
2009,Proportion of population living below the national poverty line,Vágar region,,Age 18 - 24,pct.,4.9
2010,Proportion of population living below the national poverty line,Vágar region,,Age 18 - 24,pct.,3.2
2011,Proportion of population living below the national poverty line,Vágar region,,Age 18 - 24,pct.,3.1
2012,Proportion of population living below the national poverty line,Vágar region,,Age 18 - 24,pct.,5.4
2013,Proportion of population living below the national poverty line,Vágar region,,Age 18 - 24,pct.,2.8
2014,Proportion of population living below the national poverty line,Vágar region,,Age 18 - 24,pct.,4.8
2015,Proportion of population living below the national poverty line,Vágar region,,Age 18 - 24,pct.,4.3
2016,Proportion of population living below the national poverty line,Vágar region,,Age 18 - 24,pct.,1.7
2017,Proportion of population living below the national poverty line,Vágar region,,Age 18 - 24,pct.,2.9
2018,Proportion of population living below the national poverty line,Vágar region,,Age 18 - 24,pct.,3.2
2019,Proportion of population living below the national poverty line,Vágar region,,Age 18 - 24,pct.,4.3
2020,Proportion of population living below the national poverty line,Vágar region,,Age 18 - 24,pct.,2.1
2021,Proportion of population living below the national poverty line,Vágar region,,Age 18 - 24,pct.,3.5
2022,Proportion of population living below the national poverty line,Vágar region,,Age 18 - 24,pct.,2.8
2023,Proportion of population living below the national poverty line,Vágar region,,Age 18 - 24,pct.,2.7
2024,Proportion of population living below the national poverty line,Vágar region,,Age 18 - 24,pct.,1.3
2009,Proportion of population living below the national poverty line,Vágar region,,Age 25 - 54,pct.,3.6
2010,Proportion of population living below the national poverty line,Vágar region,,Age 25 - 54,pct.,2.5
2011,Proportion of population living below the national poverty line,Vágar region,,Age 25 - 54,pct.,3.5
2012,Proportion of population living below the national poverty line,Vágar region,,Age 25 - 54,pct.,4.7
2013,Proportion of population living below the national poverty line,Vágar region,,Age 25 - 54,pct.,2.8
2014,Proportion of population living below the national poverty line,Vágar region,,Age 25 - 54,pct.,3.5
2015,Proportion of population living below the national poverty line,Vágar region,,Age 25 - 54,pct.,4.0
2016,Proportion of population living below the national poverty line,Vágar region,,Age 25 - 54,pct.,3.3
2017,Proportion of population living below the national poverty line,Vágar region,,Age 25 - 54,pct.,2.5
2018,Proportion of population living below the national poverty line,Vágar region,,Age 25 - 54,pct.,3.0
2019,Proportion of population living below the national poverty line,Vágar region,,Age 25 - 54,pct.,3.1
2020,Proportion of population living below the national poverty line,Vágar region,,Age 25 - 54,pct.,2.4
2021,Proportion of population living below the national poverty line,Vágar region,,Age 25 - 54,pct.,3.3
2022,Proportion of population living below the national poverty line,Vágar region,,Age 25 - 54,pct.,1.8
2023,Proportion of population living below the national poverty line,Vágar region,,Age 25 - 54,pct.,2.2
2024,Proportion of population living below the national poverty line,Vágar region,,Age 25 - 54,pct.,3.2
2009,Proportion of population living below the national poverty line,Vágar region,,Age 55 - 66,pct.,4.2
2010,Proportion of population living below the national poverty line,Vágar region,,Age 55 - 66,pct.,3.0
2011,Proportion of population living below the national poverty line,Vágar region,,Age 55 - 66,pct.,3.2
2012,Proportion of population living below the national poverty line,Vágar region,,Age 55 - 66,pct.,4.2
2013,Proportion of population living below the national poverty line,Vágar region,,Age 55 - 66,pct.,3.8
2014,Proportion of population living below the national poverty line,Vágar region,,Age 55 - 66,pct.,3.2
2015,Proportion of population living below the national poverty line,Vágar region,,Age 55 - 66,pct.,2.5
2016,Proportion of population living below the national poverty line,Vágar region,,Age 55 - 66,pct.,2.6
2017,Proportion of population living below the national poverty line,Vágar region,,Age 55 - 66,pct.,2.1
2018,Proportion of population living below the national poverty line,Vágar region,,Age 55 - 66,pct.,3.5
2019,Proportion of population living below the national poverty line,Vágar region,,Age 55 - 66,pct.,2.5
2020,Proportion of population living below the national poverty line,Vágar region,,Age 55 - 66,pct.,3.3
2021,Proportion of population living below the national poverty line,Vágar region,,Age 55 - 66,pct.,3.3
2022,Proportion of population living below the national poverty line,Vágar region,,Age 55 - 66,pct.,1.6
2023,Proportion of population living below the national poverty line,Vágar region,,Age 55 - 66,pct.,1.9
2024,Proportion of population living below the national poverty line,Vágar region,,Age 55 - 66,pct.,2.2
2009,Proportion of population living below the national poverty line,Vágar region,,Age 67 + ,pct.,3.3
2010,Proportion of population living below the national poverty line,Vágar region,,Age 67 + ,pct.,2.3
2011,Proportion of population living below the national poverty line,Vágar region,,Age 67 + ,pct.,3.8
2012,Proportion of population living below the national poverty line,Vágar region,,Age 67 + ,pct.,2.9
2013,Proportion of population living below the national poverty line,Vágar region,,Age 67 + ,pct.,1.8
2014,Proportion of population living below the national poverty line,Vágar region,,Age 67 + ,pct.,2.0
2015,Proportion of population living below the national poverty line,Vágar region,,Age 67 + ,pct.,2.2
2016,Proportion of population living below the national poverty line,Vágar region,,Age 67 + ,pct.,3.3
2017,Proportion of population living below the national poverty line,Vágar region,,Age 67 + ,pct.,3.4
2018,Proportion of population living below the national poverty line,Vágar region,,Age 67 + ,pct.,3.4
2019,Proportion of population living below the national poverty line,Vágar region,,Age 67 + ,pct.,2.5
2020,Proportion of population living below the national poverty line,Vágar region,,Age 67 + ,pct.,2.0
2021,Proportion of population living below the national poverty line,Vágar region,,Age 67 + ,pct.,2.0
2022,Proportion of population living below the national poverty line,Vágar region,,Age 67 + ,pct.,1.8
2023,Proportion of population living below the national poverty line,Vágar region,,Age 67 + ,pct.,2.1
2024,Proportion of population living below the national poverty line,Vágar region,,Age 67 + ,pct.,2.3
2009,Proportion of population living below the national poverty line,Vágar region,Females,,pct.,4.0
2010,Proportion of population living below the national poverty line,Vágar region,Females,,pct.,3.0
2011,Proportion of population living below the national poverty line,Vágar region,Females,,pct.,4.6
2012,Proportion of population living below the national poverty line,Vágar region,Females,,pct.,5.1
2013,Proportion of population living below the national poverty line,Vágar region,Females,,pct.,3.2
2014,Proportion of population living below the national poverty line,Vágar region,Females,,pct.,3.8
2015,Proportion of population living below the national poverty line,Vágar region,Females,,pct.,4.3
2016,Proportion of population living below the national poverty line,Vágar region,Females,,pct.,3.0
2017,Proportion of population living below the national poverty line,Vágar region,Females,,pct.,2.4
2018,Proportion of population living below the national poverty line,Vágar region,Females,,pct.,2.8
2019,Proportion of population living below the national poverty line,Vágar region,Females,,pct.,2.9
2020,Proportion of population living below the national poverty line,Vágar region,Females,,pct.,3.1
2021,Proportion of population living below the national poverty line,Vágar region,Females,,pct.,3.2
2022,Proportion of population living below the national poverty line,Vágar region,Females,,pct.,2.1
2023,Proportion of population living below the national poverty line,Vágar region,Females,,pct.,2.8
2024,Proportion of population living below the national poverty line,Vágar region,Females,,pct.,2.9
2009,Proportion of population living below the national poverty line,Vágar region,Females,Age 0 - 17,pct.,5.5
2010,Proportion of population living below the national poverty line,Vágar region,Females,Age 0 - 17,pct.,5.1
2011,Proportion of population living below the national poverty line,Vágar region,Females,Age 0 - 17,pct.,7.2
2012,Proportion of population living below the national poverty line,Vágar region,Females,Age 0 - 17,pct.,7.4
2013,Proportion of population living below the national poverty line,Vágar region,Females,Age 0 - 17,pct.,4.1
2014,Proportion of population living below the national poverty line,Vágar region,Females,Age 0 - 17,pct.,5.0
2015,Proportion of population living below the national poverty line,Vágar region,Females,Age 0 - 17,pct.,7.6
2016,Proportion of population living below the national poverty line,Vágar region,Females,Age 0 - 17,pct.,3.8
2017,Proportion of population living below the national poverty line,Vágar region,Females,Age 0 - 17,pct.,2.6
2018,Proportion of population living below the national poverty line,Vágar region,Females,Age 0 - 17,pct.,2.3
2019,Proportion of population living below the national poverty line,Vágar region,Females,Age 0 - 17,pct.,2.8
2020,Proportion of population living below the national poverty line,Vágar region,Females,Age 0 - 17,pct.,3.8
2021,Proportion of population living below the national poverty line,Vágar region,Females,Age 0 - 17,pct.,4.0
2022,Proportion of population living below the national poverty line,Vágar region,Females,Age 0 - 17,pct.,2.3
2023,Proportion of population living below the national poverty line,Vágar region,Females,Age 0 - 17,pct.,3.9
2024,Proportion of population living below the national poverty line,Vágar region,Females,Age 0 - 17,pct.,4.2
2009,Proportion of population living below the national poverty line,Vágar region,Females,Age 18 - 24,pct.,5.9
2010,Proportion of population living below the national poverty line,Vágar region,Females,Age 18 - 24,pct.,1.5
2011,Proportion of population living below the national poverty line,Vágar region,Females,Age 18 - 24,pct.,5.6
2012,Proportion of population living below the national poverty line,Vágar region,Females,Age 18 - 24,pct.,7.2
2013,Proportion of population living below the national poverty line,Vágar region,Females,Age 18 - 24,pct.,3.4
2014,Proportion of population living below the national poverty line,Vágar region,Females,Age 18 - 24,pct.,2.1
2015,Proportion of population living below the national poverty line,Vágar region,Females,Age 18 - 24,pct.,5.3
2016,Proportion of population living below the national poverty line,Vágar region,Females,Age 18 - 24,pct.,1.9
2017,Proportion of population living below the national poverty line,Vágar region,Females,Age 18 - 24,pct.,1.0
2018,Proportion of population living below the national poverty line,Vágar region,Females,Age 18 - 24,pct.,3.8
2019,Proportion of population living below the national poverty line,Vágar region,Females,Age 18 - 24,pct.,4.0
2020,Proportion of population living below the national poverty line,Vágar region,Females,Age 18 - 24,pct.,3.1
2021,Proportion of population living below the national poverty line,Vágar region,Females,Age 18 - 24,pct.,2.4
2022,Proportion of population living below the national poverty line,Vágar region,Females,Age 18 - 24,pct.,4.3
2023,Proportion of population living below the national poverty line,Vágar region,Females,Age 18 - 24,pct.,3.7
2024,Proportion of population living below the national poverty line,Vágar region,Females,Age 18 - 24,pct.,0.7
2009,Proportion of population living below the national poverty line,Vágar region,Females,Age 25 - 54,pct.,4.1
2010,Proportion of population living below the national poverty line,Vágar region,Females,Age 25 - 54,pct.,2.6
2011,Proportion of population living below the national poverty line,Vágar region,Females,Age 25 - 54,pct.,3.0
2012,Proportion of population living below the national poverty line,Vágar region,Females,Age 25 - 54,pct.,5.1
2013,Proportion of population living below the national poverty line,Vágar region,Females,Age 25 - 54,pct.,3.0
2014,Proportion of population living below the national poverty line,Vágar region,Females,Age 25 - 54,pct.,4.4
2015,Proportion of population living below the national poverty line,Vágar region,Females,Age 25 - 54,pct.,3.7
2016,Proportion of population living below the national poverty line,Vágar region,Females,Age 25 - 54,pct.,2.9
2017,Proportion of population living below the national poverty line,Vágar region,Females,Age 25 - 54,pct.,2.1
2018,Proportion of population living below the national poverty line,Vágar region,Females,Age 25 - 54,pct.,2.8
2019,Proportion of population living below the national poverty line,Vágar region,Females,Age 25 - 54,pct.,3.1
2020,Proportion of population living below the national poverty line,Vágar region,Females,Age 25 - 54,pct.,2.5
2021,Proportion of population living below the national poverty line,Vágar region,Females,Age 25 - 54,pct.,3.2
2022,Proportion of population living below the national poverty line,Vágar region,Females,Age 25 - 54,pct.,1.8
2023,Proportion of population living below the national poverty line,Vágar region,Females,Age 25 - 54,pct.,3.0
2024,Proportion of population living below the national poverty line,Vágar region,Females,Age 25 - 54,pct.,3.7
2009,Proportion of population living below the national poverty line,Vágar region,Females,Age 55 - 66,pct.,1.9
2010,Proportion of population living below the national poverty line,Vágar region,Females,Age 55 - 66,pct.,1.5
2011,Proportion of population living below the national poverty line,Vágar region,Females,Age 55 - 66,pct.,2.5
2012,Proportion of population living below the national poverty line,Vágar region,Females,Age 55 - 66,pct.,2.5
2013,Proportion of population living below the national poverty line,Vágar region,Females,Age 55 - 66,pct.,3.4
2014,Proportion of population living below the national poverty line,Vágar region,Females,Age 55 - 66,pct.,2.2
2015,Proportion of population living below the national poverty line,Vágar region,Females,Age 55 - 66,pct.,0.9
2016,Proportion of population living below the national poverty line,Vágar region,Females,Age 55 - 66,pct.,1.4
2017,Proportion of population living below the national poverty line,Vágar region,Females,Age 55 - 66,pct.,1.9
2018,Proportion of population living below the national poverty line,Vágar region,Females,Age 55 - 66,pct.,2.9
2019,Proportion of population living below the national poverty line,Vágar region,Females,Age 55 - 66,pct.,1.4
2020,Proportion of population living below the national poverty line,Vágar region,Females,Age 55 - 66,pct.,3.9
2021,Proportion of population living below the national poverty line,Vágar region,Females,Age 55 - 66,pct.,3.4
2022,Proportion of population living below the national poverty line,Vágar region,Females,Age 55 - 66,pct.,2.5
2023,Proportion of population living below the national poverty line,Vágar region,Females,Age 55 - 66,pct.,2.0
2024,Proportion of population living below the national poverty line,Vágar region,Females,Age 55 - 66,pct.,2.4
2009,Proportion of population living below the national poverty line,Vágar region,Females,Age 67 + ,pct.,1.9
2010,Proportion of population living below the national poverty line,Vágar region,Females,Age 67 + ,pct.,2.7
2011,Proportion of population living below the national poverty line,Vágar region,Females,Age 67 + ,pct.,4.7
2012,Proportion of population living below the national poverty line,Vágar region,Females,Age 67 + ,pct.,2.6
2013,Proportion of population living below the national poverty line,Vágar region,Females,Age 67 + ,pct.,1.7
2014,Proportion of population living below the national poverty line,Vágar region,Females,Age 67 + ,pct.,2.6
2015,Proportion of population living below the national poverty line,Vágar region,Females,Age 67 + ,pct.,2.6
2016,Proportion of population living below the national poverty line,Vágar region,Females,Age 67 + ,pct.,3.7
2017,Proportion of population living below the national poverty line,Vágar region,Females,Age 67 + ,pct.,3.5
2018,Proportion of population living below the national poverty line,Vágar region,Females,Age 67 + ,pct.,3.5
2019,Proportion of population living below the national poverty line,Vágar region,Females,Age 67 + ,pct.,3.4
2020,Proportion of population living below the national poverty line,Vágar region,Females,Age 67 + ,pct.,2.6
2021,Proportion of population living below the national poverty line,Vágar region,Females,Age 67 + ,pct.,1.8
2022,Proportion of population living below the national poverty line,Vágar region,Females,Age 67 + ,pct.,1.5
2023,Proportion of population living below the national poverty line,Vágar region,Females,Age 67 + ,pct.,1.1
2024,Proportion of population living below the national poverty line,Vágar region,Females,Age 67 + ,pct.,1.1
2009,Proportion of population living below the national poverty line,Vágar region,Males,,pct.,4.6
2010,Proportion of population living below the national poverty line,Vágar region,Males,,pct.,2.9
2011,Proportion of population living below the national poverty line,Vágar region,Males,,pct.,3.3
2012,Proportion of population living below the national poverty line,Vágar region,Males,,pct.,5.4
2013,Proportion of population living below the national poverty line,Vágar region,Males,,pct.,3.1
2014,Proportion of population living below the national poverty line,Vágar region,Males,,pct.,3.7
2015,Proportion of population living below the national poverty line,Vágar region,Males,,pct.,4.0
2016,Proportion of population living below the national poverty line,Vágar region,Males,,pct.,3.6
2017,Proportion of population living below the national poverty line,Vágar region,Males,,pct.,2.7
2018,Proportion of population living below the national poverty line,Vágar region,Males,,pct.,3.4
2019,Proportion of population living below the national poverty line,Vágar region,Males,,pct.,2.8
2020,Proportion of population living below the national poverty line,Vágar region,Males,,pct.,2.1
2021,Proportion of population living below the national poverty line,Vágar region,Males,,pct.,3.2
2022,Proportion of population living below the national poverty line,Vágar region,Males,,pct.,2.1
2023,Proportion of population living below the national poverty line,Vágar region,Males,,pct.,2.4
2024,Proportion of population living below the national poverty line,Vágar region,Males,,pct.,3.7
2009,Proportion of population living below the national poverty line,Vágar region,Males,Age 0 - 17,pct.,5.8
2010,Proportion of population living below the national poverty line,Vágar region,Males,Age 0 - 17,pct.,2.6
2011,Proportion of population living below the national poverty line,Vágar region,Males,Age 0 - 17,pct.,3.2
2012,Proportion of population living below the national poverty line,Vágar region,Males,Age 0 - 17,pct.,8.5
2013,Proportion of population living below the national poverty line,Vágar region,Males,Age 0 - 17,pct.,4.2
2014,Proportion of population living below the national poverty line,Vágar region,Males,Age 0 - 17,pct.,5.2
2015,Proportion of population living below the national poverty line,Vágar region,Males,Age 0 - 17,pct.,5.2
2016,Proportion of population living below the national poverty line,Vágar region,Males,Age 0 - 17,pct.,4.6
2017,Proportion of population living below the national poverty line,Vágar region,Males,Age 0 - 17,pct.,1.9
2018,Proportion of population living below the national poverty line,Vágar region,Males,Age 0 - 17,pct.,3.5
2019,Proportion of population living below the national poverty line,Vágar region,Males,Age 0 - 17,pct.,2.3
2020,Proportion of population living below the national poverty line,Vágar region,Males,Age 0 - 17,pct.,2.5
2021,Proportion of population living below the national poverty line,Vágar region,Males,Age 0 - 17,pct.,3.2
2022,Proportion of population living below the national poverty line,Vágar region,Males,Age 0 - 17,pct.,3.2
2023,Proportion of population living below the national poverty line,Vágar region,Males,Age 0 - 17,pct.,3.5
2024,Proportion of population living below the national poverty line,Vágar region,Males,Age 0 - 17,pct.,6.8
2009,Proportion of population living below the national poverty line,Vágar region,Males,Age 18 - 24,pct.,3.9
2010,Proportion of population living below the national poverty line,Vágar region,Males,Age 18 - 24,pct.,4.7
2011,Proportion of population living below the national poverty line,Vágar region,Males,Age 18 - 24,pct.,1.4
2012,Proportion of population living below the national poverty line,Vágar region,Males,Age 18 - 24,pct.,4.2
2013,Proportion of population living below the national poverty line,Vágar region,Males,Age 18 - 24,pct.,2.3
2014,Proportion of population living below the national poverty line,Vágar region,Males,Age 18 - 24,pct.,6.8
2015,Proportion of population living below the national poverty line,Vágar region,Males,Age 18 - 24,pct.,3.6
2016,Proportion of population living below the national poverty line,Vágar region,Males,Age 18 - 24,pct.,1.6
2017,Proportion of population living below the national poverty line,Vágar region,Males,Age 18 - 24,pct.,4.4
2018,Proportion of population living below the national poverty line,Vágar region,Males,Age 18 - 24,pct.,2.8
2019,Proportion of population living below the national poverty line,Vágar region,Males,Age 18 - 24,pct.,4.5
2020,Proportion of population living below the national poverty line,Vágar region,Males,Age 18 - 24,pct.,1.3
2021,Proportion of population living below the national poverty line,Vágar region,Males,Age 18 - 24,pct.,4.4
2022,Proportion of population living below the national poverty line,Vágar region,Males,Age 18 - 24,pct.,1.3
2023,Proportion of population living below the national poverty line,Vágar region,Males,Age 18 - 24,pct.,1.8
2024,Proportion of population living below the national poverty line,Vágar region,Males,Age 18 - 24,pct.,2.0
2009,Proportion of population living below the national poverty line,Vágar region,Males,Age 25 - 54,pct.,3.2
2010,Proportion of population living below the national poverty line,Vágar region,Males,Age 25 - 54,pct.,2.3
2011,Proportion of population living below the national poverty line,Vágar region,Males,Age 25 - 54,pct.,3.9
2012,Proportion of population living below the national poverty line,Vágar region,Males,Age 25 - 54,pct.,4.3
2013,Proportion of population living below the national poverty line,Vágar region,Males,Age 25 - 54,pct.,2.6
2014,Proportion of population living below the national poverty line,Vágar region,Males,Age 25 - 54,pct.,2.7
2015,Proportion of population living below the national poverty line,Vágar region,Males,Age 25 - 54,pct.,4.2
2016,Proportion of population living below the national poverty line,Vágar region,Males,Age 25 - 54,pct.,3.6
2017,Proportion of population living below the national poverty line,Vágar region,Males,Age 25 - 54,pct.,2.9
2018,Proportion of population living below the national poverty line,Vágar region,Males,Age 25 - 54,pct.,3.1
2019,Proportion of population living below the national poverty line,Vágar region,Males,Age 25 - 54,pct.,3.0
2020,Proportion of population living below the national poverty line,Vágar region,Males,Age 25 - 54,pct.,2.2
2021,Proportion of population living below the national poverty line,Vágar region,Males,Age 25 - 54,pct.,3.4
2022,Proportion of population living below the national poverty line,Vágar region,Males,Age 25 - 54,pct.,1.9
2023,Proportion of population living below the national poverty line,Vágar region,Males,Age 25 - 54,pct.,1.6
2024,Proportion of population living below the national poverty line,Vágar region,Males,Age 25 - 54,pct.,2.7
2009,Proportion of population living below the national poverty line,Vágar region,Males,Age 55 - 66,pct.,6.4
2010,Proportion of population living below the national poverty line,Vágar region,Males,Age 55 - 66,pct.,4.5
2011,Proportion of population living below the national poverty line,Vágar region,Males,Age 55 - 66,pct.,4.0
2012,Proportion of population living below the national poverty line,Vágar region,Males,Age 55 - 66,pct.,5.9
2013,Proportion of population living below the national poverty line,Vágar region,Males,Age 55 - 66,pct.,4.0
2014,Proportion of population living below the national poverty line,Vágar region,Males,Age 55 - 66,pct.,4.1
2015,Proportion of population living below the national poverty line,Vágar region,Males,Age 55 - 66,pct.,4.0
2016,Proportion of population living below the national poverty line,Vágar region,Males,Age 55 - 66,pct.,3.6
2017,Proportion of population living below the national poverty line,Vágar region,Males,Age 55 - 66,pct.,2.3
2018,Proportion of population living below the national poverty line,Vágar region,Males,Age 55 - 66,pct.,4.1
2019,Proportion of population living below the national poverty line,Vágar region,Males,Age 55 - 66,pct.,3.4
2020,Proportion of population living below the national poverty line,Vágar region,Males,Age 55 - 66,pct.,2.7
2021,Proportion of population living below the national poverty line,Vágar region,Males,Age 55 - 66,pct.,3.2
2022,Proportion of population living below the national poverty line,Vágar region,Males,Age 55 - 66,pct.,0.9
2023,Proportion of population living below the national poverty line,Vágar region,Males,Age 55 - 66,pct.,1.8
2024,Proportion of population living below the national poverty line,Vágar region,Males,Age 55 - 66,pct.,2.1
2009,Proportion of population living below the national poverty line,Vágar region,Males,Age 67 + ,pct.,4.7
2010,Proportion of population living below the national poverty line,Vágar region,Males,Age 67 + ,pct.,1.9
2011,Proportion of population living below the national poverty line,Vágar region,Males,Age 67 + ,pct.,2.8
2012,Proportion of population living below the national poverty line,Vágar region,Males,Age 67 + ,pct.,3.1
2013,Proportion of population living below the national poverty line,Vágar region,Males,Age 67 + ,pct.,1.8
2014,Proportion of population living below the national poverty line,Vágar region,Males,Age 67 + ,pct.,1.3
2015,Proportion of population living below the national poverty line,Vágar region,Males,Age 67 + ,pct.,1.8
2016,Proportion of population living below the national poverty line,Vágar region,Males,Age 67 + ,pct.,3.0
2017,Proportion of population living below the national poverty line,Vágar region,Males,Age 67 + ,pct.,3.2
2018,Proportion of population living below the national poverty line,Vágar region,Males,Age 67 + ,pct.,3.2
2019,Proportion of population living below the national poverty line,Vágar region,Males,Age 67 + ,pct.,1.6
2020,Proportion of population living below the national poverty line,Vágar region,Males,Age 67 + ,pct.,1.4
2021,Proportion of population living below the national poverty line,Vágar region,Males,Age 67 + ,pct.,2.1
2022,Proportion of population living below the national poverty line,Vágar region,Males,Age 67 + ,pct.,2.1
2023,Proportion of population living below the national poverty line,Vágar region,Males,Age 67 + ,pct.,3.0
2024,Proportion of population living below the national poverty line,Vágar region,Males,Age 67 + ,pct.,3.4
